[{"path":"src/main/java/Duke.java","fileType":"java","lines":[{"lineNumber":1,"author":{"gitId":"JonathanKhooTY"},"content":"import commands.*;"},{"lineNumber":2,"author":{"gitId":"JonathanKhooTY"},"content":"import myexceptions.*;"},{"lineNumber":3,"author":{"gitId":"JonathanKhooTY"},"content":"import parser.Parser;"},{"lineNumber":4,"author":{"gitId":"JonathanKhooTY"},"content":"import storage.FileManager;"},{"lineNumber":5,"author":{"gitId":"JonathanKhooTY"},"content":"import tasklist.*;"},{"lineNumber":6,"author":{"gitId":"JonathanKhooTY"},"content":"import ui.TextUI;"},{"lineNumber":7,"author":{"gitId":"JonathanKhooTY"},"content":""},{"lineNumber":8,"author":{"gitId":"JonathanKhooTY"},"content":"import java.io.IOException;"},{"lineNumber":9,"author":{"gitId":"JonathanKhooTY"},"content":""},{"lineNumber":10,"author":{"gitId":"JonathanKhooTY"},"content":"import static common.Messages.*;"},{"lineNumber":11,"author":{"gitId":"JonathanKhooTY"},"content":""},{"lineNumber":12,"author":{"gitId":"-"},"content":"public class Duke {"},{"lineNumber":13,"author":{"gitId":"JonathanKhooTY"},"content":""},{"lineNumber":14,"author":{"gitId":"JonathanKhooTY"},"content":""},{"lineNumber":15,"author":{"gitId":"JonathanKhooTY"},"content":"    //--------------------------------------------------------------------------------"},{"lineNumber":16,"author":{"gitId":"JonathanKhooTY"},"content":"    private TextUI ui;"},{"lineNumber":17,"author":{"gitId":"JonathanKhooTY"},"content":""},{"lineNumber":18,"author":{"gitId":"JonathanKhooTY"},"content":"    private static void runCommandLoopUntilExitCommand()"},{"lineNumber":19,"author":{"gitId":"JonathanKhooTY"},"content":"            throws BlankDescriptionException, EmptyListException,"},{"lineNumber":20,"author":{"gitId":"JonathanKhooTY"},"content":"            MissingDateException, IOException, InvalidSpaceException, NoMatchesFoundException {"},{"lineNumber":21,"author":{"gitId":"JonathanKhooTY"},"content":"        boolean isExit \u003d false;"},{"lineNumber":22,"author":{"gitId":"JonathanKhooTY"},"content":"        FileManager.restoreFileContents(\"Duke.txt\");"},{"lineNumber":23,"author":{"gitId":"JonathanKhooTY"},"content":"        do {"},{"lineNumber":24,"author":{"gitId":"JonathanKhooTY"},"content":"            TextUI ui \u003d new TextUI();"},{"lineNumber":25,"author":{"gitId":"JonathanKhooTY"},"content":""},{"lineNumber":26,"author":{"gitId":"JonathanKhooTY"},"content":"            String fullInputCommand \u003d ui.getUserCommand();"},{"lineNumber":27,"author":{"gitId":"JonathanKhooTY"},"content":""},{"lineNumber":28,"author":{"gitId":"JonathanKhooTY"},"content":"            String[] command \u003d Parser.splitTextIntoTwoFields(fullInputCommand);"},{"lineNumber":29,"author":{"gitId":"JonathanKhooTY"},"content":"            switch (command[0]) {"},{"lineNumber":30,"author":{"gitId":"JonathanKhooTY"},"content":"            case \"todo\":"},{"lineNumber":31,"author":{"gitId":"JonathanKhooTY"},"content":"                AddTodo.execute(fullInputCommand);"},{"lineNumber":32,"author":{"gitId":"JonathanKhooTY"},"content":"                break;"},{"lineNumber":33,"author":{"gitId":"JonathanKhooTY"},"content":"            case \"deadline\":"},{"lineNumber":34,"author":{"gitId":"JonathanKhooTY"},"content":"                AddDeadline.execute(fullInputCommand);"},{"lineNumber":35,"author":{"gitId":"JonathanKhooTY"},"content":"                break;"},{"lineNumber":36,"author":{"gitId":"JonathanKhooTY"},"content":"            case \"event\":"},{"lineNumber":37,"author":{"gitId":"JonathanKhooTY"},"content":"                AddEvent.execute(fullInputCommand);"},{"lineNumber":38,"author":{"gitId":"JonathanKhooTY"},"content":"                break;"},{"lineNumber":39,"author":{"gitId":"JonathanKhooTY"},"content":"            case \"list\":"},{"lineNumber":40,"author":{"gitId":"JonathanKhooTY"},"content":"                try{"},{"lineNumber":41,"author":{"gitId":"JonathanKhooTY"},"content":"                    ListTasks.execute();"},{"lineNumber":42,"author":{"gitId":"JonathanKhooTY"},"content":"                    break;"},{"lineNumber":43,"author":{"gitId":"JonathanKhooTY"},"content":"                } catch (EmptyListException e) {"},{"lineNumber":44,"author":{"gitId":"JonathanKhooTY"},"content":"                    System.out.println(EMPTY_LIST_EXCEPTION_MESSAGE);"},{"lineNumber":45,"author":{"gitId":"JonathanKhooTY"},"content":"                    break;"},{"lineNumber":46,"author":{"gitId":"JonathanKhooTY"},"content":"                }"},{"lineNumber":47,"author":{"gitId":"JonathanKhooTY"},"content":""},{"lineNumber":48,"author":{"gitId":"JonathanKhooTY"},"content":"            case \"bye\":"},{"lineNumber":49,"author":{"gitId":"JonathanKhooTY"},"content":"                FileManager.writeToFile(\"Duke.txt\", Tasklist.getTaskList());"},{"lineNumber":50,"author":{"gitId":"JonathanKhooTY"},"content":"                SystemExit.execute();"},{"lineNumber":51,"author":{"gitId":"JonathanKhooTY"},"content":"                isExit \u003d true;"},{"lineNumber":52,"author":{"gitId":"JonathanKhooTY"},"content":"                break;"},{"lineNumber":53,"author":{"gitId":"JonathanKhooTY"},"content":"            case \"delete\":"},{"lineNumber":54,"author":{"gitId":"JonathanKhooTY"},"content":"                try {"},{"lineNumber":55,"author":{"gitId":"JonathanKhooTY"},"content":"                    DeleteTask.execute(fullInputCommand);"},{"lineNumber":56,"author":{"gitId":"JonathanKhooTY"},"content":"                } catch (BlankDescriptionException e) {"},{"lineNumber":57,"author":{"gitId":"JonathanKhooTY"},"content":"                    System.out.println(BLANK_EXCEPTION_MESSAGE);"},{"lineNumber":58,"author":{"gitId":"JonathanKhooTY"},"content":"                } catch (NumberFormatException e){"},{"lineNumber":59,"author":{"gitId":"JonathanKhooTY"},"content":"                    System.out.println(INVALID_NUMBER_MESSAGE);"},{"lineNumber":60,"author":{"gitId":"JonathanKhooTY"},"content":"                } catch (OutOfRangeException e) {"},{"lineNumber":61,"author":{"gitId":"JonathanKhooTY"},"content":"                    System.out.println(OUT_OF_RANGE_MESSAGE);"},{"lineNumber":62,"author":{"gitId":"JonathanKhooTY"},"content":"                } catch (EmptyListException e) {"},{"lineNumber":63,"author":{"gitId":"JonathanKhooTY"},"content":"                    System.out.println(\"There\u0027s nothing to delete!\");"},{"lineNumber":64,"author":{"gitId":"JonathanKhooTY"},"content":"                    System.out.println(EMPTY_LIST_EXCEPTION_MESSAGE);"},{"lineNumber":65,"author":{"gitId":"JonathanKhooTY"},"content":"                }"},{"lineNumber":66,"author":{"gitId":"JonathanKhooTY"},"content":"                break;"},{"lineNumber":67,"author":{"gitId":"JonathanKhooTY"},"content":"            case \"find\":"},{"lineNumber":68,"author":{"gitId":"JonathanKhooTY"},"content":"                try{"},{"lineNumber":69,"author":{"gitId":"JonathanKhooTY"},"content":"                    Find.execute(fullInputCommand);"},{"lineNumber":70,"author":{"gitId":"JonathanKhooTY"},"content":"                    break;"},{"lineNumber":71,"author":{"gitId":"JonathanKhooTY"},"content":"                } catch (BlankDescriptionException e){"},{"lineNumber":72,"author":{"gitId":"JonathanKhooTY"},"content":"                    System.out.println(BLANK_EXCEPTION_MESSAGE);"},{"lineNumber":73,"author":{"gitId":"JonathanKhooTY"},"content":"                } catch (NoMatchesFoundException e) {"},{"lineNumber":74,"author":{"gitId":"JonathanKhooTY"},"content":"                    System.out.println(NO_MATCHES_FOUND_MESSAGE);"},{"lineNumber":75,"author":{"gitId":"JonathanKhooTY"},"content":"                }"},{"lineNumber":76,"author":{"gitId":"JonathanKhooTY"},"content":"                break;"},{"lineNumber":77,"author":{"gitId":"JonathanKhooTY"},"content":""},{"lineNumber":78,"author":{"gitId":"JonathanKhooTY"},"content":"            case \"done\":"},{"lineNumber":79,"author":{"gitId":"JonathanKhooTY"},"content":"                try{"},{"lineNumber":80,"author":{"gitId":"JonathanKhooTY"},"content":"                    MarkAsDone.execute(fullInputCommand);"},{"lineNumber":81,"author":{"gitId":"JonathanKhooTY"},"content":"                } catch (OutOfRangeException e) {"},{"lineNumber":82,"author":{"gitId":"JonathanKhooTY"},"content":"                    System.out.println(OUT_OF_RANGE_MESSAGE);"},{"lineNumber":83,"author":{"gitId":"JonathanKhooTY"},"content":"                } catch (BlankDescriptionException e) {"},{"lineNumber":84,"author":{"gitId":"JonathanKhooTY"},"content":"                    System.out.println(BLANK_EXCEPTION_MESSAGE);"},{"lineNumber":85,"author":{"gitId":"JonathanKhooTY"},"content":"                }"},{"lineNumber":86,"author":{"gitId":"JonathanKhooTY"},"content":"                break;"},{"lineNumber":87,"author":{"gitId":"JonathanKhooTY"},"content":""},{"lineNumber":88,"author":{"gitId":"JonathanKhooTY"},"content":"            default:"},{"lineNumber":89,"author":{"gitId":"JonathanKhooTY"},"content":"                System.out.println(\"No valid command detected! Try again!\");"},{"lineNumber":90,"author":{"gitId":"JonathanKhooTY"},"content":"            }"},{"lineNumber":91,"author":{"gitId":"JonathanKhooTY"},"content":""},{"lineNumber":92,"author":{"gitId":"JonathanKhooTY"},"content":"        } while (!isExit);"},{"lineNumber":93,"author":{"gitId":"JonathanKhooTY"},"content":"    }"},{"lineNumber":94,"author":{"gitId":"JonathanKhooTY"},"content":""},{"lineNumber":95,"author":{"gitId":"JonathanKhooTY"},"content":""},{"lineNumber":96,"author":{"gitId":"JonathanKhooTY"},"content":"    public static void main(String[] args)"},{"lineNumber":97,"author":{"gitId":"JonathanKhooTY"},"content":"            throws InvalidCommandException, InvalidDateException,"},{"lineNumber":98,"author":{"gitId":"JonathanKhooTY"},"content":"            IOException, BlankDescriptionException, EmptyListException,"},{"lineNumber":99,"author":{"gitId":"JonathanKhooTY"},"content":"            MissingDateException, InvalidSpaceException, NoMatchesFoundException {"},{"lineNumber":100,"author":{"gitId":"JonathanKhooTY"},"content":""},{"lineNumber":101,"author":{"gitId":"JonathanKhooTY"},"content":""},{"lineNumber":102,"author":{"gitId":"JonathanKhooTY"},"content":"        runCommandLoopUntilExitCommand();"},{"lineNumber":103,"author":{"gitId":"JonathanKhooTY"},"content":""},{"lineNumber":104,"author":{"gitId":"JonathanKhooTY"},"content":""},{"lineNumber":105,"author":{"gitId":"JonathanKhooTY"},"content":""},{"lineNumber":106,"author":{"gitId":"JonathanKhooTY"},"content":"        /*"},{"lineNumber":107,"author":{"gitId":"JonathanKhooTY"},"content":"        String text \u003d \"hi\";"},{"lineNumber":108,"author":{"gitId":"JonathanKhooTY"},"content":""},{"lineNumber":109,"author":{"gitId":"JonathanKhooTY"},"content":"        try{"},{"lineNumber":110,"author":{"gitId":"JonathanKhooTY"},"content":"            restoreFileContents(\"Duke.txt\");"},{"lineNumber":111,"author":{"gitId":"JonathanKhooTY"},"content":"        } catch (FileNotFoundException e) {"},{"lineNumber":112,"author":{"gitId":"JonathanKhooTY"},"content":"            System.out.println(\"File not found!\");"},{"lineNumber":113,"author":{"gitId":"JonathanKhooTY"},"content":"        }"},{"lineNumber":114,"author":{"gitId":"JonathanKhooTY"},"content":""},{"lineNumber":115,"author":{"gitId":"JonathanKhooTY"},"content":"        while(!text.equalsIgnoreCase(\"Bye\")){"},{"lineNumber":116,"author":{"gitId":"JonathanKhooTY"},"content":"            Scanner in \u003d new Scanner(System.in);"},{"lineNumber":117,"author":{"gitId":"JonathanKhooTY"},"content":"            text \u003d in.nextLine();"},{"lineNumber":118,"author":{"gitId":"JonathanKhooTY"},"content":""},{"lineNumber":119,"author":{"gitId":"JonathanKhooTY"},"content":"            //tasklist.Task t \u003d new tasklist.Task(text);"},{"lineNumber":120,"author":{"gitId":"JonathanKhooTY"},"content":"            try {"},{"lineNumber":121,"author":{"gitId":"JonathanKhooTY"},"content":"                String[] arr \u003d text.split(\" \"); //split command input into words"},{"lineNumber":122,"author":{"gitId":"JonathanKhooTY"},"content":"                String command \u003d arr[0];"},{"lineNumber":123,"author":{"gitId":"JonathanKhooTY"},"content":""},{"lineNumber":124,"author":{"gitId":"JonathanKhooTY"},"content":""},{"lineNumber":125,"author":{"gitId":"JonathanKhooTY"},"content":"                switch (command) {"},{"lineNumber":126,"author":{"gitId":"JonathanKhooTY"},"content":"                case \"deadline\":"},{"lineNumber":127,"author":{"gitId":"JonathanKhooTY"},"content":"                case \"tasklist.Deadline\":"},{"lineNumber":128,"author":{"gitId":"JonathanKhooTY"},"content":"                case \"DEADLINE\":"},{"lineNumber":129,"author":{"gitId":"JonathanKhooTY"},"content":"                    try {"},{"lineNumber":130,"author":{"gitId":"JonathanKhooTY"},"content":"                        if(!text.contains(\"/\") \u0026\u0026 !text.substring(9).isBlank()){"},{"lineNumber":131,"author":{"gitId":"JonathanKhooTY"},"content":"                            throw new MissingDateException();"},{"lineNumber":132,"author":{"gitId":"JonathanKhooTY"},"content":"                        }"},{"lineNumber":133,"author":{"gitId":"JonathanKhooTY"},"content":"                        int indexOfBy \u003d text.indexOf(\u0027/\u0027);"},{"lineNumber":134,"author":{"gitId":"JonathanKhooTY"},"content":"                        description \u003d text.substring(9, indexOfBy - 1);"},{"lineNumber":135,"author":{"gitId":"JonathanKhooTY"},"content":"                        by \u003d text.substring(indexOfBy + 1);"},{"lineNumber":136,"author":{"gitId":"JonathanKhooTY"},"content":"                        Deadline deadlineTask \u003d new Deadline(description, by);"},{"lineNumber":137,"author":{"gitId":"JonathanKhooTY"},"content":""},{"lineNumber":138,"author":{"gitId":"JonathanKhooTY"},"content":"                        storeTask(deadlineTask);"},{"lineNumber":139,"author":{"gitId":"JonathanKhooTY"},"content":"                    } catch (StringIndexOutOfBoundsException | BlankDescriptionException e) {"},{"lineNumber":140,"author":{"gitId":"JonathanKhooTY"},"content":"                        System.out.println(\"Description cannot be blank!\");"},{"lineNumber":141,"author":{"gitId":"JonathanKhooTY"},"content":"                    } catch (MissingDateException e){"},{"lineNumber":142,"author":{"gitId":"JonathanKhooTY"},"content":"                        System.out.println(\"Missing date! Utilise \u0027/\u0027 to key in your date!\");"},{"lineNumber":143,"author":{"gitId":"JonathanKhooTY"},"content":"                    }"},{"lineNumber":144,"author":{"gitId":"JonathanKhooTY"},"content":"                    break;"},{"lineNumber":145,"author":{"gitId":"JonathanKhooTY"},"content":"                case \"todo\":"},{"lineNumber":146,"author":{"gitId":"JonathanKhooTY"},"content":"                case \"tasklist.Todo\":"},{"lineNumber":147,"author":{"gitId":"JonathanKhooTY"},"content":"                case \"TODO\":"},{"lineNumber":148,"author":{"gitId":"JonathanKhooTY"},"content":""},{"lineNumber":149,"author":{"gitId":"JonathanKhooTY"},"content":"                    try {"},{"lineNumber":150,"author":{"gitId":"JonathanKhooTY"},"content":"                        if(text.substring(4).isBlank()){"},{"lineNumber":151,"author":{"gitId":"JonathanKhooTY"},"content":"                            throw new BlankDescriptionException();"},{"lineNumber":152,"author":{"gitId":"JonathanKhooTY"},"content":"                        }"},{"lineNumber":153,"author":{"gitId":"JonathanKhooTY"},"content":"                        description \u003d text.substring(5);"},{"lineNumber":154,"author":{"gitId":"JonathanKhooTY"},"content":"                        Todo todoTask \u003d new Todo(description);"},{"lineNumber":155,"author":{"gitId":"JonathanKhooTY"},"content":"                        storeTask(todoTask);"},{"lineNumber":156,"author":{"gitId":"JonathanKhooTY"},"content":"                        break;"},{"lineNumber":157,"author":{"gitId":"JonathanKhooTY"},"content":"                    } catch (BlankDescriptionException e) {"},{"lineNumber":158,"author":{"gitId":"JonathanKhooTY"},"content":"                        System.out.println(\"tasklist.Todo cannot be empty\");"},{"lineNumber":159,"author":{"gitId":"JonathanKhooTY"},"content":"                        break;"},{"lineNumber":160,"author":{"gitId":"JonathanKhooTY"},"content":"                    }"},{"lineNumber":161,"author":{"gitId":"JonathanKhooTY"},"content":""},{"lineNumber":162,"author":{"gitId":"JonathanKhooTY"},"content":""},{"lineNumber":163,"author":{"gitId":"JonathanKhooTY"},"content":"                case \"event\":"},{"lineNumber":164,"author":{"gitId":"JonathanKhooTY"},"content":"                case \"tasklist.Event\":"},{"lineNumber":165,"author":{"gitId":"JonathanKhooTY"},"content":"                case \"EVENT\":"},{"lineNumber":166,"author":{"gitId":"JonathanKhooTY"},"content":""},{"lineNumber":167,"author":{"gitId":"JonathanKhooTY"},"content":"                    try {"},{"lineNumber":168,"author":{"gitId":"JonathanKhooTY"},"content":"                        if(!text.contains(\"/\") \u0026\u0026 !text.substring(6).isBlank()){"},{"lineNumber":169,"author":{"gitId":"JonathanKhooTY"},"content":"                            throw new MissingDateException();"},{"lineNumber":170,"author":{"gitId":"JonathanKhooTY"},"content":"                        }"},{"lineNumber":171,"author":{"gitId":"JonathanKhooTY"},"content":"                        indexOfBy \u003d text.indexOf(\u0027/\u0027);"},{"lineNumber":172,"author":{"gitId":"JonathanKhooTY"},"content":""},{"lineNumber":173,"author":{"gitId":"JonathanKhooTY"},"content":"                        String description \u003d text.substring(6, indexOfBy - 1);"},{"lineNumber":174,"author":{"gitId":"JonathanKhooTY"},"content":"                        String by \u003d text.substring(indexOfBy + 1);"},{"lineNumber":175,"author":{"gitId":"JonathanKhooTY"},"content":"                        Event eventTask \u003d new Event(description, by);"},{"lineNumber":176,"author":{"gitId":"JonathanKhooTY"},"content":"                        storeTask(eventTask);"},{"lineNumber":177,"author":{"gitId":"JonathanKhooTY"},"content":"                    } catch (IndexOutOfBoundsException | BlankDescriptionException e) {"},{"lineNumber":178,"author":{"gitId":"JonathanKhooTY"},"content":"                        System.out.println(\"tasklist.Event description cannot be empty! Try again!\");"},{"lineNumber":179,"author":{"gitId":"JonathanKhooTY"},"content":"                    } catch (MissingDateException e){"},{"lineNumber":180,"author":{"gitId":"JonathanKhooTY"},"content":"                        System.out.println(\"tasklist.Event must have a date! Try again!\");"},{"lineNumber":181,"author":{"gitId":"JonathanKhooTY"},"content":"                    }"},{"lineNumber":182,"author":{"gitId":"JonathanKhooTY"},"content":"                    break;"},{"lineNumber":183,"author":{"gitId":"JonathanKhooTY"},"content":"                case \"List\":"},{"lineNumber":184,"author":{"gitId":"JonathanKhooTY"},"content":"                case \"list\":"},{"lineNumber":185,"author":{"gitId":"JonathanKhooTY"},"content":"                case \"LIST\":"},{"lineNumber":186,"author":{"gitId":"JonathanKhooTY"},"content":"                    listArray(tasks);"},{"lineNumber":187,"author":{"gitId":"JonathanKhooTY"},"content":"                    break;"},{"lineNumber":188,"author":{"gitId":"JonathanKhooTY"},"content":"                case \"Done\":"},{"lineNumber":189,"author":{"gitId":"JonathanKhooTY"},"content":"                case \"done\":"},{"lineNumber":190,"author":{"gitId":"JonathanKhooTY"},"content":"                case \"DONE\":"},{"lineNumber":191,"author":{"gitId":"JonathanKhooTY"},"content":"                    try {"},{"lineNumber":192,"author":{"gitId":"JonathanKhooTY"},"content":"                        Integer taskIndex \u003d Integer.parseInt(arr[1]);"},{"lineNumber":193,"author":{"gitId":"JonathanKhooTY"},"content":"                        markAsDone(taskIndex);"},{"lineNumber":194,"author":{"gitId":"JonathanKhooTY"},"content":"                        break;"},{"lineNumber":195,"author":{"gitId":"JonathanKhooTY"},"content":"                    } catch (ArrayIndexOutOfBoundsException e) {"},{"lineNumber":196,"author":{"gitId":"JonathanKhooTY"},"content":"                        System.out.println(\"What do you want to mark as done?\");"},{"lineNumber":197,"author":{"gitId":"JonathanKhooTY"},"content":"                        break;"},{"lineNumber":198,"author":{"gitId":"JonathanKhooTY"},"content":"                    } catch (IndexOutOfBoundsException e) {"},{"lineNumber":199,"author":{"gitId":"JonathanKhooTY"},"content":"                        System.out.println(\"That\u0027s not in the list! Try again!\");"},{"lineNumber":200,"author":{"gitId":"JonathanKhooTY"},"content":"                        break;"},{"lineNumber":201,"author":{"gitId":"JonathanKhooTY"},"content":"                    }"},{"lineNumber":202,"author":{"gitId":"JonathanKhooTY"},"content":"                case \"Delete\":"},{"lineNumber":203,"author":{"gitId":"JonathanKhooTY"},"content":"                case \"delete\":"},{"lineNumber":204,"author":{"gitId":"JonathanKhooTY"},"content":"                case \"DELETE\":"},{"lineNumber":205,"author":{"gitId":"JonathanKhooTY"},"content":"                    //try {"},{"lineNumber":206,"author":{"gitId":"JonathanKhooTY"},"content":"                        Integer taskIndex \u003d Integer.parseInt(arr[1]);"},{"lineNumber":207,"author":{"gitId":"JonathanKhooTY"},"content":"                        markAsDeleted(taskIndex);"},{"lineNumber":208,"author":{"gitId":"JonathanKhooTY"},"content":"                        break;"},{"lineNumber":209,"author":{"gitId":"JonathanKhooTY"},"content":"                    //} catch (ArrayIndexOutOfBoundsException e) {"},{"lineNumber":210,"author":{"gitId":"JonathanKhooTY"},"content":"                      //  System.out.println(\"What do you want to mark as done?\");"},{"lineNumber":211,"author":{"gitId":"JonathanKhooTY"},"content":"                        //break;"},{"lineNumber":212,"author":{"gitId":"JonathanKhooTY"},"content":"                    //}"},{"lineNumber":213,"author":{"gitId":"JonathanKhooTY"},"content":"                case \"Bye\":"},{"lineNumber":214,"author":{"gitId":"JonathanKhooTY"},"content":"                case \"bye\":"},{"lineNumber":215,"author":{"gitId":"JonathanKhooTY"},"content":"                case\"BYE\":"},{"lineNumber":216,"author":{"gitId":"JonathanKhooTY"},"content":"                    break;"},{"lineNumber":217,"author":{"gitId":"JonathanKhooTY"},"content":""},{"lineNumber":218,"author":{"gitId":"JonathanKhooTY"},"content":""},{"lineNumber":219,"author":{"gitId":"JonathanKhooTY"},"content":"                default:"},{"lineNumber":220,"author":{"gitId":"JonathanKhooTY"},"content":""},{"lineNumber":221,"author":{"gitId":"JonathanKhooTY"},"content":"                    throw new InvalidCommandException();"},{"lineNumber":222,"author":{"gitId":"JonathanKhooTY"},"content":"                }"},{"lineNumber":223,"author":{"gitId":"JonathanKhooTY"},"content":"            } catch (ArrayIndexOutOfBoundsException e){"},{"lineNumber":224,"author":{"gitId":"JonathanKhooTY"},"content":"                System.out.println(\"No input detected. What did you want to do?\");"},{"lineNumber":225,"author":{"gitId":"JonathanKhooTY"},"content":"            } catch (InvalidCommandException e){"},{"lineNumber":226,"author":{"gitId":"JonathanKhooTY"},"content":"                System.out.println(\"Invalid command detected! What do you want to do?\");"},{"lineNumber":227,"author":{"gitId":"JonathanKhooTY"},"content":"            } catch (IndexOutOfBoundsException e){"},{"lineNumber":228,"author":{"gitId":"JonathanKhooTY"},"content":"                System.out.println(\"There are only \" + tasks.size() + \" number of tasks in the list! Try again!\");"},{"lineNumber":229,"author":{"gitId":"JonathanKhooTY"},"content":"            }"},{"lineNumber":230,"author":{"gitId":"JonathanKhooTY"},"content":"            String file2 \u003d \"Duke.txt\";"},{"lineNumber":231,"author":{"gitId":"JonathanKhooTY"},"content":"            try {"},{"lineNumber":232,"author":{"gitId":"JonathanKhooTY"},"content":"                writeToFile(file2, tasks);"},{"lineNumber":233,"author":{"gitId":"JonathanKhooTY"},"content":"            } catch (IOException e) {"},{"lineNumber":234,"author":{"gitId":"JonathanKhooTY"},"content":"                System.out.println(\"Something went wrong: \" + e.getMessage());"},{"lineNumber":235,"author":{"gitId":"JonathanKhooTY"},"content":"            }"},{"lineNumber":236,"author":{"gitId":"JonathanKhooTY"},"content":"        }"},{"lineNumber":237,"author":{"gitId":"JonathanKhooTY"},"content":"        System.out.println(\"Bye! Hope to see you again soon!\");"},{"lineNumber":238,"author":{"gitId":"-"},"content":"    }"},{"lineNumber":239,"author":{"gitId":"JonathanKhooTY"},"content":""},{"lineNumber":240,"author":{"gitId":"JonathanKhooTY"},"content":"    private static void markAsDeleted(Integer taskIndex) {"},{"lineNumber":241,"author":{"gitId":"JonathanKhooTY"},"content":"        if (taskIndex \u003e tasks.size() || taskIndex \u003c 0) {"},{"lineNumber":242,"author":{"gitId":"JonathanKhooTY"},"content":"            throw new IndexOutOfBoundsException();"},{"lineNumber":243,"author":{"gitId":"JonathanKhooTY"},"content":"        }"},{"lineNumber":244,"author":{"gitId":"JonathanKhooTY"},"content":"        Task t \u003d tasks.get(taskIndex - 1);"},{"lineNumber":245,"author":{"gitId":"JonathanKhooTY"},"content":"        System.out.println(\"Noted! I have deleted this task for you: \");"},{"lineNumber":246,"author":{"gitId":"JonathanKhooTY"},"content":"        System.out.println(taskIndex + \".\" + t.getStatusIcon() + \" \" + t.getDescription());"},{"lineNumber":247,"author":{"gitId":"JonathanKhooTY"},"content":"        tasks.remove(taskIndex - 1);"},{"lineNumber":248,"author":{"gitId":"JonathanKhooTY"},"content":"        System.out.println(\"Now you have \" + tasks.size() + \" tasks in the list!\");"},{"lineNumber":249,"author":{"gitId":"JonathanKhooTY"},"content":"    }"},{"lineNumber":250,"author":{"gitId":"JonathanKhooTY"},"content":"    */"},{"lineNumber":251,"author":{"gitId":"JonathanKhooTY"},"content":""},{"lineNumber":252,"author":{"gitId":"-"},"content":"    }"},{"lineNumber":253,"author":{"gitId":"-"},"content":"}"}],"authorContributionMap":{"JonathanKhooTY":249,"-":4}},{"path":"src/main/java/Duke.txt","fileType":"txt","lines":[{"lineNumber":1,"author":{"gitId":"JonathanKhooTY"},"content":"[T][0] milk"}],"authorContributionMap":{"JonathanKhooTY":1}},{"path":"src/main/java/commands/AddDeadline.java","fileType":"java","lines":[{"lineNumber":1,"author":{"gitId":"JonathanKhooTY"},"content":"package commands;"},{"lineNumber":2,"author":{"gitId":"JonathanKhooTY"},"content":""},{"lineNumber":3,"author":{"gitId":"JonathanKhooTY"},"content":"import myexceptions.BlankDescriptionException;"},{"lineNumber":4,"author":{"gitId":"JonathanKhooTY"},"content":"import myexceptions.MissingDateException;"},{"lineNumber":5,"author":{"gitId":"JonathanKhooTY"},"content":"import tasklist.Task;"},{"lineNumber":6,"author":{"gitId":"JonathanKhooTY"},"content":"import parser.Parser;"},{"lineNumber":7,"author":{"gitId":"JonathanKhooTY"},"content":"import tasklist.Tasklist;"},{"lineNumber":8,"author":{"gitId":"JonathanKhooTY"},"content":"import static common.Messages.BLANK_EXCEPTION_MESSAGE;"},{"lineNumber":9,"author":{"gitId":"JonathanKhooTY"},"content":"import static common.Messages.MISSING_DATE_EXCEPTION_MESSAGE;"},{"lineNumber":10,"author":{"gitId":"JonathanKhooTY"},"content":"public class AddDeadline {"},{"lineNumber":11,"author":{"gitId":"JonathanKhooTY"},"content":""},{"lineNumber":12,"author":{"gitId":"JonathanKhooTY"},"content":"    public static void execute(String userInput) throws BlankDescriptionException, MissingDateException {"},{"lineNumber":13,"author":{"gitId":"JonathanKhooTY"},"content":"        try{"},{"lineNumber":14,"author":{"gitId":"JonathanKhooTY"},"content":"            Task deadline \u003d Parser.parsingDeadline(userInput);"},{"lineNumber":15,"author":{"gitId":"JonathanKhooTY"},"content":"            Tasklist.addTask(deadline);"},{"lineNumber":16,"author":{"gitId":"JonathanKhooTY"},"content":"        } catch (BlankDescriptionException e) {"},{"lineNumber":17,"author":{"gitId":"JonathanKhooTY"},"content":"            System.out.println(BLANK_EXCEPTION_MESSAGE);"},{"lineNumber":18,"author":{"gitId":"JonathanKhooTY"},"content":"        }"},{"lineNumber":19,"author":{"gitId":"JonathanKhooTY"},"content":"        catch (MissingDateException e) {"},{"lineNumber":20,"author":{"gitId":"JonathanKhooTY"},"content":"            System.out.println(MISSING_DATE_EXCEPTION_MESSAGE);"},{"lineNumber":21,"author":{"gitId":"JonathanKhooTY"},"content":"        }"},{"lineNumber":22,"author":{"gitId":"JonathanKhooTY"},"content":""},{"lineNumber":23,"author":{"gitId":"JonathanKhooTY"},"content":"    }"},{"lineNumber":24,"author":{"gitId":"JonathanKhooTY"},"content":"}"}],"authorContributionMap":{"JonathanKhooTY":24}},{"path":"src/main/java/commands/AddEvent.java","fileType":"java","lines":[{"lineNumber":1,"author":{"gitId":"JonathanKhooTY"},"content":"package commands;"},{"lineNumber":2,"author":{"gitId":"JonathanKhooTY"},"content":""},{"lineNumber":3,"author":{"gitId":"JonathanKhooTY"},"content":"import myexceptions.BlankDescriptionException;"},{"lineNumber":4,"author":{"gitId":"JonathanKhooTY"},"content":"import myexceptions.MissingDateException;"},{"lineNumber":5,"author":{"gitId":"JonathanKhooTY"},"content":"import parser.Parser;"},{"lineNumber":6,"author":{"gitId":"JonathanKhooTY"},"content":"import tasklist.Task;"},{"lineNumber":7,"author":{"gitId":"JonathanKhooTY"},"content":"import tasklist.Tasklist;"},{"lineNumber":8,"author":{"gitId":"JonathanKhooTY"},"content":"import static common.Messages.BLANK_EXCEPTION_MESSAGE;"},{"lineNumber":9,"author":{"gitId":"JonathanKhooTY"},"content":"import static common.Messages.MISSING_DATE_EXCEPTION_MESSAGE;"},{"lineNumber":10,"author":{"gitId":"JonathanKhooTY"},"content":"public class AddEvent {"},{"lineNumber":11,"author":{"gitId":"JonathanKhooTY"},"content":""},{"lineNumber":12,"author":{"gitId":"JonathanKhooTY"},"content":"    public static void execute(String userInput) throws BlankDescriptionException, MissingDateException {"},{"lineNumber":13,"author":{"gitId":"JonathanKhooTY"},"content":"        try {"},{"lineNumber":14,"author":{"gitId":"JonathanKhooTY"},"content":"            Task event \u003d Parser.parsingEvent(userInput);"},{"lineNumber":15,"author":{"gitId":"JonathanKhooTY"},"content":"            Tasklist.addTask(event);"},{"lineNumber":16,"author":{"gitId":"JonathanKhooTY"},"content":"        } catch (BlankDescriptionException e) {"},{"lineNumber":17,"author":{"gitId":"JonathanKhooTY"},"content":"            System.out.println(BLANK_EXCEPTION_MESSAGE);"},{"lineNumber":18,"author":{"gitId":"JonathanKhooTY"},"content":"        } catch (MissingDateException e) {"},{"lineNumber":19,"author":{"gitId":"JonathanKhooTY"},"content":"            System.out.println(MISSING_DATE_EXCEPTION_MESSAGE);"},{"lineNumber":20,"author":{"gitId":"JonathanKhooTY"},"content":"        }"},{"lineNumber":21,"author":{"gitId":"JonathanKhooTY"},"content":""},{"lineNumber":22,"author":{"gitId":"JonathanKhooTY"},"content":"    }"},{"lineNumber":23,"author":{"gitId":"JonathanKhooTY"},"content":"}"}],"authorContributionMap":{"JonathanKhooTY":23}},{"path":"src/main/java/commands/AddTodo.java","fileType":"java","lines":[{"lineNumber":1,"author":{"gitId":"JonathanKhooTY"},"content":"package commands;"},{"lineNumber":2,"author":{"gitId":"JonathanKhooTY"},"content":"import myexceptions.BlankDescriptionException;"},{"lineNumber":3,"author":{"gitId":"JonathanKhooTY"},"content":"import parser.Parser;"},{"lineNumber":4,"author":{"gitId":"JonathanKhooTY"},"content":"import tasklist.Task;"},{"lineNumber":5,"author":{"gitId":"JonathanKhooTY"},"content":"import tasklist.Tasklist;"},{"lineNumber":6,"author":{"gitId":"JonathanKhooTY"},"content":"import static common.Messages.BLANK_EXCEPTION_MESSAGE;"},{"lineNumber":7,"author":{"gitId":"JonathanKhooTY"},"content":"public class AddTodo {"},{"lineNumber":8,"author":{"gitId":"JonathanKhooTY"},"content":"    public static void execute(String userInput) throws BlankDescriptionException {"},{"lineNumber":9,"author":{"gitId":"JonathanKhooTY"},"content":"        try{"},{"lineNumber":10,"author":{"gitId":"JonathanKhooTY"},"content":"            Task todo \u003d Parser.parsingTodo(userInput);"},{"lineNumber":11,"author":{"gitId":"JonathanKhooTY"},"content":"            Tasklist.addTask(todo);"},{"lineNumber":12,"author":{"gitId":"JonathanKhooTY"},"content":"        } catch (BlankDescriptionException e) {"},{"lineNumber":13,"author":{"gitId":"JonathanKhooTY"},"content":"            System.out.println(BLANK_EXCEPTION_MESSAGE);"},{"lineNumber":14,"author":{"gitId":"JonathanKhooTY"},"content":"        }"},{"lineNumber":15,"author":{"gitId":"JonathanKhooTY"},"content":""},{"lineNumber":16,"author":{"gitId":"JonathanKhooTY"},"content":"    }"},{"lineNumber":17,"author":{"gitId":"JonathanKhooTY"},"content":"}"},{"lineNumber":18,"author":{"gitId":"JonathanKhooTY"},"content":""}],"authorContributionMap":{"JonathanKhooTY":18}},{"path":"src/main/java/commands/DeleteTask.java","fileType":"java","lines":[{"lineNumber":1,"author":{"gitId":"JonathanKhooTY"},"content":"package commands;"},{"lineNumber":2,"author":{"gitId":"JonathanKhooTY"},"content":""},{"lineNumber":3,"author":{"gitId":"JonathanKhooTY"},"content":"import myexceptions.BlankDescriptionException;"},{"lineNumber":4,"author":{"gitId":"JonathanKhooTY"},"content":"import myexceptions.EmptyListException;"},{"lineNumber":5,"author":{"gitId":"JonathanKhooTY"},"content":"import myexceptions.OutOfRangeException;"},{"lineNumber":6,"author":{"gitId":"JonathanKhooTY"},"content":"import parser.Parser;"},{"lineNumber":7,"author":{"gitId":"JonathanKhooTY"},"content":"import tasklist.Task;"},{"lineNumber":8,"author":{"gitId":"JonathanKhooTY"},"content":"import tasklist.Tasklist;"},{"lineNumber":9,"author":{"gitId":"JonathanKhooTY"},"content":"import static common.Messages.DELETE_TASK_MESSAGE;"},{"lineNumber":10,"author":{"gitId":"JonathanKhooTY"},"content":"public class DeleteTask {"},{"lineNumber":11,"author":{"gitId":"JonathanKhooTY"},"content":""},{"lineNumber":12,"author":{"gitId":"JonathanKhooTY"},"content":"    public static void execute(String userInput) throws BlankDescriptionException, OutOfRangeException, EmptyListException {"},{"lineNumber":13,"author":{"gitId":"JonathanKhooTY"},"content":"        int number \u003d Parser.parsingDeleteCommand(userInput);"},{"lineNumber":14,"author":{"gitId":"JonathanKhooTY"},"content":"        Task task \u003d Tasklist.getIndex(number);"},{"lineNumber":15,"author":{"gitId":"JonathanKhooTY"},"content":"        Tasklist.removeTask(task);"},{"lineNumber":16,"author":{"gitId":"JonathanKhooTY"},"content":"        System.out.println(DELETE_TASK_MESSAGE);"},{"lineNumber":17,"author":{"gitId":"JonathanKhooTY"},"content":"    }"},{"lineNumber":18,"author":{"gitId":"JonathanKhooTY"},"content":"}"}],"authorContributionMap":{"JonathanKhooTY":18}},{"path":"src/main/java/commands/Find.java","fileType":"java","lines":[{"lineNumber":1,"author":{"gitId":"JonathanKhooTY"},"content":"package commands;"},{"lineNumber":2,"author":{"gitId":"JonathanKhooTY"},"content":""},{"lineNumber":3,"author":{"gitId":"JonathanKhooTY"},"content":"import myexceptions.BlankDescriptionException;"},{"lineNumber":4,"author":{"gitId":"JonathanKhooTY"},"content":"import myexceptions.InvalidSpaceException;"},{"lineNumber":5,"author":{"gitId":"JonathanKhooTY"},"content":"import myexceptions.NoMatchesFoundException;"},{"lineNumber":6,"author":{"gitId":"JonathanKhooTY"},"content":"import myexceptions.SearchLimitExceededException;"},{"lineNumber":7,"author":{"gitId":"JonathanKhooTY"},"content":"import parser.Parser;"},{"lineNumber":8,"author":{"gitId":"JonathanKhooTY"},"content":"import tasklist.Task;"},{"lineNumber":9,"author":{"gitId":"JonathanKhooTY"},"content":"import tasklist.Tasklist;"},{"lineNumber":10,"author":{"gitId":"JonathanKhooTY"},"content":"import tasklist.searchResultsList;"},{"lineNumber":11,"author":{"gitId":"JonathanKhooTY"},"content":""},{"lineNumber":12,"author":{"gitId":"JonathanKhooTY"},"content":"import javax.naming.LimitExceededException;"},{"lineNumber":13,"author":{"gitId":"JonathanKhooTY"},"content":"import javax.naming.directory.SearchResult;"},{"lineNumber":14,"author":{"gitId":"JonathanKhooTY"},"content":"import java.util.ArrayList;"},{"lineNumber":15,"author":{"gitId":"JonathanKhooTY"},"content":""},{"lineNumber":16,"author":{"gitId":"JonathanKhooTY"},"content":"public class Find {"},{"lineNumber":17,"author":{"gitId":"JonathanKhooTY"},"content":""},{"lineNumber":18,"author":{"gitId":"JonathanKhooTY"},"content":"    public static void execute(String userInput)"},{"lineNumber":19,"author":{"gitId":"JonathanKhooTY"},"content":"            throws InvalidSpaceException, BlankDescriptionException, NoMatchesFoundException {"},{"lineNumber":20,"author":{"gitId":"JonathanKhooTY"},"content":""},{"lineNumber":21,"author":{"gitId":"JonathanKhooTY"},"content":"        searchResultsList searchResults \u003d new searchResultsList();"},{"lineNumber":22,"author":{"gitId":"JonathanKhooTY"},"content":"        String keyword \u003d Parser.parsingFindCommand(userInput);"},{"lineNumber":23,"author":{"gitId":"JonathanKhooTY"},"content":"        for (Task task : Tasklist.viewTasks()){"},{"lineNumber":24,"author":{"gitId":"JonathanKhooTY"},"content":"            if(task.description.contains(keyword)){"},{"lineNumber":25,"author":{"gitId":"JonathanKhooTY"},"content":"                searchResultsList.addTask(task);"},{"lineNumber":26,"author":{"gitId":"JonathanKhooTY"},"content":"            }"},{"lineNumber":27,"author":{"gitId":"JonathanKhooTY"},"content":"        }"},{"lineNumber":28,"author":{"gitId":"JonathanKhooTY"},"content":""},{"lineNumber":29,"author":{"gitId":"JonathanKhooTY"},"content":"        if(searchResultsList.isEmpty()){"},{"lineNumber":30,"author":{"gitId":"JonathanKhooTY"},"content":"            throw new NoMatchesFoundException();"},{"lineNumber":31,"author":{"gitId":"JonathanKhooTY"},"content":"        }"},{"lineNumber":32,"author":{"gitId":"JonathanKhooTY"},"content":""},{"lineNumber":33,"author":{"gitId":"JonathanKhooTY"},"content":"        for (int i \u003d 0; i \u003c searchResults.getSize(); ++i) {"},{"lineNumber":34,"author":{"gitId":"JonathanKhooTY"},"content":"            Task task \u003d searchResults.getIndex(i);"},{"lineNumber":35,"author":{"gitId":"JonathanKhooTY"},"content":"            System.out.println(i + 1 + \".\" + task.getStatusIcon() + \" \""},{"lineNumber":36,"author":{"gitId":"JonathanKhooTY"},"content":"                    + task.getDescription());"},{"lineNumber":37,"author":{"gitId":"JonathanKhooTY"},"content":"        }"},{"lineNumber":38,"author":{"gitId":"JonathanKhooTY"},"content":""},{"lineNumber":39,"author":{"gitId":"JonathanKhooTY"},"content":"        searchResultsList.clearList();"},{"lineNumber":40,"author":{"gitId":"JonathanKhooTY"},"content":"    }"},{"lineNumber":41,"author":{"gitId":"JonathanKhooTY"},"content":"}"}],"authorContributionMap":{"JonathanKhooTY":41}},{"path":"src/main/java/commands/ListTasks.java","fileType":"java","lines":[{"lineNumber":1,"author":{"gitId":"JonathanKhooTY"},"content":"package commands;"},{"lineNumber":2,"author":{"gitId":"JonathanKhooTY"},"content":""},{"lineNumber":3,"author":{"gitId":"JonathanKhooTY"},"content":"import myexceptions.EmptyListException;"},{"lineNumber":4,"author":{"gitId":"JonathanKhooTY"},"content":"import tasklist.Task;"},{"lineNumber":5,"author":{"gitId":"JonathanKhooTY"},"content":"import tasklist.Tasklist;"},{"lineNumber":6,"author":{"gitId":"JonathanKhooTY"},"content":""},{"lineNumber":7,"author":{"gitId":"JonathanKhooTY"},"content":"public class ListTasks {"},{"lineNumber":8,"author":{"gitId":"JonathanKhooTY"},"content":""},{"lineNumber":9,"author":{"gitId":"JonathanKhooTY"},"content":"    public static void execute() throws EmptyListException {"},{"lineNumber":10,"author":{"gitId":"JonathanKhooTY"},"content":"        if (Tasklist.getSize() \u003d\u003d 0) {"},{"lineNumber":11,"author":{"gitId":"JonathanKhooTY"},"content":"            throw new EmptyListException();"},{"lineNumber":12,"author":{"gitId":"JonathanKhooTY"},"content":"        }"},{"lineNumber":13,"author":{"gitId":"JonathanKhooTY"},"content":"        System.out.println(\"As of now, you have \" + Tasklist.getSize() + \" tasks!\");"},{"lineNumber":14,"author":{"gitId":"JonathanKhooTY"},"content":"        for (int i \u003d 0; i \u003c Tasklist.getSize(); ++i) {"},{"lineNumber":15,"author":{"gitId":"JonathanKhooTY"},"content":"            Task task \u003d Tasklist.getIndex(i);"},{"lineNumber":16,"author":{"gitId":"JonathanKhooTY"},"content":"            System.out.println(i + 1 + \".\" + task.getStatusIcon() + \" \""},{"lineNumber":17,"author":{"gitId":"JonathanKhooTY"},"content":"                    + task.getDescription());"},{"lineNumber":18,"author":{"gitId":"JonathanKhooTY"},"content":"        }"},{"lineNumber":19,"author":{"gitId":"JonathanKhooTY"},"content":"    }"},{"lineNumber":20,"author":{"gitId":"JonathanKhooTY"},"content":"}"}],"authorContributionMap":{"JonathanKhooTY":20}},{"path":"src/main/java/commands/MarkAsDone.java","fileType":"java","lines":[{"lineNumber":1,"author":{"gitId":"JonathanKhooTY"},"content":"package commands;"},{"lineNumber":2,"author":{"gitId":"JonathanKhooTY"},"content":""},{"lineNumber":3,"author":{"gitId":"JonathanKhooTY"},"content":"import myexceptions.BlankDescriptionException;"},{"lineNumber":4,"author":{"gitId":"JonathanKhooTY"},"content":"import myexceptions.OutOfRangeException;"},{"lineNumber":5,"author":{"gitId":"JonathanKhooTY"},"content":"import parser.Parser;"},{"lineNumber":6,"author":{"gitId":"JonathanKhooTY"},"content":"import tasklist.Task;"},{"lineNumber":7,"author":{"gitId":"JonathanKhooTY"},"content":"import tasklist.Tasklist;"},{"lineNumber":8,"author":{"gitId":"JonathanKhooTY"},"content":""},{"lineNumber":9,"author":{"gitId":"JonathanKhooTY"},"content":"import static common.Messages.MARKED_AS_DONE_MESSAGE;"},{"lineNumber":10,"author":{"gitId":"JonathanKhooTY"},"content":""},{"lineNumber":11,"author":{"gitId":"JonathanKhooTY"},"content":"public class MarkAsDone {"},{"lineNumber":12,"author":{"gitId":"JonathanKhooTY"},"content":"    public static void execute(String userInput) throws BlankDescriptionException, OutOfRangeException {"},{"lineNumber":13,"author":{"gitId":"JonathanKhooTY"},"content":"        int index \u003d Parser.parsingMarkAsDone(userInput);"},{"lineNumber":14,"author":{"gitId":"JonathanKhooTY"},"content":"        Tasklist.markTaskAsDone(index);"},{"lineNumber":15,"author":{"gitId":"JonathanKhooTY"},"content":"        System.out.println(MARKED_AS_DONE_MESSAGE);"},{"lineNumber":16,"author":{"gitId":"JonathanKhooTY"},"content":"    }"},{"lineNumber":17,"author":{"gitId":"JonathanKhooTY"},"content":"}"}],"authorContributionMap":{"JonathanKhooTY":17}},{"path":"src/main/java/commands/SystemExit.java","fileType":"java","lines":[{"lineNumber":1,"author":{"gitId":"JonathanKhooTY"},"content":"package commands;"},{"lineNumber":2,"author":{"gitId":"JonathanKhooTY"},"content":""},{"lineNumber":3,"author":{"gitId":"JonathanKhooTY"},"content":"public class SystemExit {"},{"lineNumber":4,"author":{"gitId":"JonathanKhooTY"},"content":""},{"lineNumber":5,"author":{"gitId":"JonathanKhooTY"},"content":""},{"lineNumber":6,"author":{"gitId":"JonathanKhooTY"},"content":""},{"lineNumber":7,"author":{"gitId":"JonathanKhooTY"},"content":""},{"lineNumber":8,"author":{"gitId":"JonathanKhooTY"},"content":"    public static void execute() {"},{"lineNumber":9,"author":{"gitId":"JonathanKhooTY"},"content":"        System.out.println(\"Bye! See you again!\");"},{"lineNumber":10,"author":{"gitId":"JonathanKhooTY"},"content":"        System.exit(0);"},{"lineNumber":11,"author":{"gitId":"JonathanKhooTY"},"content":"    }"},{"lineNumber":12,"author":{"gitId":"JonathanKhooTY"},"content":"}"}],"authorContributionMap":{"JonathanKhooTY":12}},{"path":"src/main/java/common/Messages.java","fileType":"java","lines":[{"lineNumber":1,"author":{"gitId":"JonathanKhooTY"},"content":"package common;"},{"lineNumber":2,"author":{"gitId":"JonathanKhooTY"},"content":""},{"lineNumber":3,"author":{"gitId":"JonathanKhooTY"},"content":"public class Messages {"},{"lineNumber":4,"author":{"gitId":"JonathanKhooTY"},"content":""},{"lineNumber":5,"author":{"gitId":"JonathanKhooTY"},"content":"    public static final String WELCOME_MESSAGE \u003d \"Hellow! I\u0027m GuiltySpark. How may I help you?\";"},{"lineNumber":6,"author":{"gitId":"JonathanKhooTY"},"content":"    public static final String RECEIVE_MESSAGE \u003d \"Got it! Added that task to list!\";"},{"lineNumber":7,"author":{"gitId":"JonathanKhooTY"},"content":"    public static final String GETSIZE_MESSAGE \u003d \"Now you have 2 tasks\";"},{"lineNumber":8,"author":{"gitId":"JonathanKhooTY"},"content":"    public static final String BLANK_EXCEPTION_MESSAGE \u003d \"Looks like you\u0027re missing something! Try again!\";"},{"lineNumber":9,"author":{"gitId":"JonathanKhooTY"},"content":"    public static final String MISSING_DATE_EXCEPTION_MESSAGE"},{"lineNumber":10,"author":{"gitId":"JonathanKhooTY"},"content":"            \u003d \"Looks like there isn\u0027t a date/time set! Use a \u0027/\u0027 as a prefix!!\";"},{"lineNumber":11,"author":{"gitId":"JonathanKhooTY"},"content":"    public static final String EMPTY_LIST_EXCEPTION_MESSAGE \u003d \"Looks like your list is currently empty!\" +"},{"lineNumber":12,"author":{"gitId":"JonathanKhooTY"},"content":"            \" Populate it!\";"},{"lineNumber":13,"author":{"gitId":"JonathanKhooTY"},"content":"    public static final String DELETE_TASK_MESSAGE \u003d \"Task has been deleted from list!\";"},{"lineNumber":14,"author":{"gitId":"JonathanKhooTY"},"content":"    public static final String INVALID_NUMBER_MESSAGE \u003d \"Invalid value detected. Please input a number!\";"},{"lineNumber":15,"author":{"gitId":"JonathanKhooTY"},"content":"    public static final String OUT_OF_RANGE_MESSAGE \u003d \"Your number is out of the range of the list! Try again!\";"},{"lineNumber":16,"author":{"gitId":"JonathanKhooTY"},"content":"    public static final String SEARCH_LIMIT_EXCEEDED_MESSAGE \u003d \"I can only search for 1 keyword at a time! Try again!\";"},{"lineNumber":17,"author":{"gitId":"JonathanKhooTY"},"content":"    public static final String NO_MATCHES_FOUND_MESSAGE \u003d \"No tasks with that keyword exists!\";"},{"lineNumber":18,"author":{"gitId":"JonathanKhooTY"},"content":"    public static final String MARKED_AS_DONE_MESSAGE \u003d \"Your task has been marked as done!\";"},{"lineNumber":19,"author":{"gitId":"JonathanKhooTY"},"content":"}"}],"authorContributionMap":{"JonathanKhooTY":19}},{"path":"src/main/java/myexceptions/BlankDescriptionException.java","fileType":"java","lines":[{"lineNumber":1,"author":{"gitId":"JonathanKhooTY"},"content":"package myexceptions;"},{"lineNumber":2,"author":{"gitId":"JonathanKhooTY"},"content":""},{"lineNumber":3,"author":{"gitId":"JonathanKhooTY"},"content":"public class BlankDescriptionException extends Exception {"},{"lineNumber":4,"author":{"gitId":"JonathanKhooTY"},"content":"}"}],"authorContributionMap":{"JonathanKhooTY":4}},{"path":"src/main/java/myexceptions/EmptyListException.java","fileType":"java","lines":[{"lineNumber":1,"author":{"gitId":"JonathanKhooTY"},"content":"package myexceptions;"},{"lineNumber":2,"author":{"gitId":"JonathanKhooTY"},"content":""},{"lineNumber":3,"author":{"gitId":"JonathanKhooTY"},"content":"public class EmptyListException extends Exception{"},{"lineNumber":4,"author":{"gitId":"JonathanKhooTY"},"content":"}"}],"authorContributionMap":{"JonathanKhooTY":4}},{"path":"src/main/java/myexceptions/InvalidCommandException.java","fileType":"java","lines":[{"lineNumber":1,"author":{"gitId":"JonathanKhooTY"},"content":"package myexceptions;"},{"lineNumber":2,"author":{"gitId":"JonathanKhooTY"},"content":""},{"lineNumber":3,"author":{"gitId":"JonathanKhooTY"},"content":"public class InvalidCommandException extends Exception{"},{"lineNumber":4,"author":{"gitId":"JonathanKhooTY"},"content":"}"}],"authorContributionMap":{"JonathanKhooTY":4}},{"path":"src/main/java/myexceptions/InvalidDateException.java","fileType":"java","lines":[{"lineNumber":1,"author":{"gitId":"JonathanKhooTY"},"content":"package myexceptions;"},{"lineNumber":2,"author":{"gitId":"JonathanKhooTY"},"content":""},{"lineNumber":3,"author":{"gitId":"JonathanKhooTY"},"content":"public class InvalidDateException extends Exception {"},{"lineNumber":4,"author":{"gitId":"JonathanKhooTY"},"content":"}"}],"authorContributionMap":{"JonathanKhooTY":4}},{"path":"src/main/java/myexceptions/InvalidSpaceException.java","fileType":"java","lines":[{"lineNumber":1,"author":{"gitId":"JonathanKhooTY"},"content":"package myexceptions;"},{"lineNumber":2,"author":{"gitId":"JonathanKhooTY"},"content":""},{"lineNumber":3,"author":{"gitId":"JonathanKhooTY"},"content":"public class InvalidSpaceException extends Exception{"},{"lineNumber":4,"author":{"gitId":"JonathanKhooTY"},"content":"}"}],"authorContributionMap":{"JonathanKhooTY":4}},{"path":"src/main/java/myexceptions/MissingDateException.java","fileType":"java","lines":[{"lineNumber":1,"author":{"gitId":"JonathanKhooTY"},"content":"package myexceptions;"},{"lineNumber":2,"author":{"gitId":"JonathanKhooTY"},"content":""},{"lineNumber":3,"author":{"gitId":"JonathanKhooTY"},"content":"public class MissingDateException extends Exception {"},{"lineNumber":4,"author":{"gitId":"JonathanKhooTY"},"content":"}"}],"authorContributionMap":{"JonathanKhooTY":4}},{"path":"src/main/java/myexceptions/NoMatchesFoundException.java","fileType":"java","lines":[{"lineNumber":1,"author":{"gitId":"JonathanKhooTY"},"content":"package myexceptions;"},{"lineNumber":2,"author":{"gitId":"JonathanKhooTY"},"content":""},{"lineNumber":3,"author":{"gitId":"JonathanKhooTY"},"content":"public class NoMatchesFoundException extends Exception{"},{"lineNumber":4,"author":{"gitId":"JonathanKhooTY"},"content":"}"}],"authorContributionMap":{"JonathanKhooTY":4}},{"path":"src/main/java/myexceptions/OutOfRangeException.java","fileType":"java","lines":[{"lineNumber":1,"author":{"gitId":"JonathanKhooTY"},"content":"package myexceptions;"},{"lineNumber":2,"author":{"gitId":"JonathanKhooTY"},"content":""},{"lineNumber":3,"author":{"gitId":"JonathanKhooTY"},"content":"public class OutOfRangeException extends Exception{"},{"lineNumber":4,"author":{"gitId":"JonathanKhooTY"},"content":"}"}],"authorContributionMap":{"JonathanKhooTY":4}},{"path":"src/main/java/myexceptions/SearchLimitExceededException.java","fileType":"java","lines":[{"lineNumber":1,"author":{"gitId":"JonathanKhooTY"},"content":"package myexceptions;"},{"lineNumber":2,"author":{"gitId":"JonathanKhooTY"},"content":""},{"lineNumber":3,"author":{"gitId":"JonathanKhooTY"},"content":"public class SearchLimitExceededException extends Exception{"},{"lineNumber":4,"author":{"gitId":"JonathanKhooTY"},"content":"}"}],"authorContributionMap":{"JonathanKhooTY":4}},{"path":"src/main/java/myexceptions/TodoException.java","fileType":"java","lines":[{"lineNumber":1,"author":{"gitId":"JonathanKhooTY"},"content":"package myexceptions;"},{"lineNumber":2,"author":{"gitId":"JonathanKhooTY"},"content":""},{"lineNumber":3,"author":{"gitId":"JonathanKhooTY"},"content":"public class TodoException extends Exception {"},{"lineNumber":4,"author":{"gitId":"JonathanKhooTY"},"content":"}"}],"authorContributionMap":{"JonathanKhooTY":4}},{"path":"src/main/java/parser/Parser.java","fileType":"java","lines":[{"lineNumber":1,"author":{"gitId":"JonathanKhooTY"},"content":"package parser;"},{"lineNumber":2,"author":{"gitId":"JonathanKhooTY"},"content":""},{"lineNumber":3,"author":{"gitId":"JonathanKhooTY"},"content":"import myexceptions.*;"},{"lineNumber":4,"author":{"gitId":"JonathanKhooTY"},"content":"import tasklist.*;"},{"lineNumber":5,"author":{"gitId":"JonathanKhooTY"},"content":""},{"lineNumber":6,"author":{"gitId":"JonathanKhooTY"},"content":"import java.util.Locale;"},{"lineNumber":7,"author":{"gitId":"JonathanKhooTY"},"content":""},{"lineNumber":8,"author":{"gitId":"JonathanKhooTY"},"content":"public class Parser {"},{"lineNumber":9,"author":{"gitId":"JonathanKhooTY"},"content":""},{"lineNumber":10,"author":{"gitId":"JonathanKhooTY"},"content":"    public static String[] splitTextIntoTwoFields(String text) {"},{"lineNumber":11,"author":{"gitId":"JonathanKhooTY"},"content":"        String[] textArray \u003d text.split(\" \",2);"},{"lineNumber":12,"author":{"gitId":"JonathanKhooTY"},"content":"        return textArray;"},{"lineNumber":13,"author":{"gitId":"JonathanKhooTY"},"content":"    }"},{"lineNumber":14,"author":{"gitId":"JonathanKhooTY"},"content":""},{"lineNumber":15,"author":{"gitId":"JonathanKhooTY"},"content":"    public static Todo parsingTodo(String userInput) throws BlankDescriptionException {"},{"lineNumber":16,"author":{"gitId":"JonathanKhooTY"},"content":"        String[] textArray \u003d splitTextIntoTwoFields(userInput);"},{"lineNumber":17,"author":{"gitId":"JonathanKhooTY"},"content":"        if (textArray.length \u003c\u003d 1 || textArray[1].isBlank() ) {"},{"lineNumber":18,"author":{"gitId":"JonathanKhooTY"},"content":"            throw new BlankDescriptionException();"},{"lineNumber":19,"author":{"gitId":"JonathanKhooTY"},"content":"        }"},{"lineNumber":20,"author":{"gitId":"JonathanKhooTY"},"content":"        String description \u003d textArray[1].trim();"},{"lineNumber":21,"author":{"gitId":"JonathanKhooTY"},"content":"        return new Todo(description);"},{"lineNumber":22,"author":{"gitId":"JonathanKhooTY"},"content":"    }"},{"lineNumber":23,"author":{"gitId":"JonathanKhooTY"},"content":""},{"lineNumber":24,"author":{"gitId":"JonathanKhooTY"},"content":"    public static Deadline parsingDeadline(String userInput) throws BlankDescriptionException, MissingDateException {"},{"lineNumber":25,"author":{"gitId":"JonathanKhooTY"},"content":"        String[] textArray \u003d splitTextIntoTwoFields(userInput);"},{"lineNumber":26,"author":{"gitId":"JonathanKhooTY"},"content":""},{"lineNumber":27,"author":{"gitId":"JonathanKhooTY"},"content":"        if (textArray.length \u003c\u003d 1) {"},{"lineNumber":28,"author":{"gitId":"JonathanKhooTY"},"content":"            throw new BlankDescriptionException();"},{"lineNumber":29,"author":{"gitId":"JonathanKhooTY"},"content":"        }"},{"lineNumber":30,"author":{"gitId":"JonathanKhooTY"},"content":"        String description \u003d textArray[1].trim();  //Prevents data overload, just in case"},{"lineNumber":31,"author":{"gitId":"JonathanKhooTY"},"content":"        String[] descriptionArray \u003d description.split(\"/\",2);"},{"lineNumber":32,"author":{"gitId":"JonathanKhooTY"},"content":"        if (descriptionArray[0].isBlank()) {"},{"lineNumber":33,"author":{"gitId":"JonathanKhooTY"},"content":"            throw new BlankDescriptionException();"},{"lineNumber":34,"author":{"gitId":"JonathanKhooTY"},"content":"        } else if (descriptionArray.length \u003c\u003d 1 || descriptionArray[1].isBlank()) {"},{"lineNumber":35,"author":{"gitId":"JonathanKhooTY"},"content":"            throw new MissingDateException();"},{"lineNumber":36,"author":{"gitId":"JonathanKhooTY"},"content":"        }"},{"lineNumber":37,"author":{"gitId":"JonathanKhooTY"},"content":"        description \u003d descriptionArray[0].trim();"},{"lineNumber":38,"author":{"gitId":"JonathanKhooTY"},"content":"        String by \u003d descriptionArray[1].trim();"},{"lineNumber":39,"author":{"gitId":"JonathanKhooTY"},"content":""},{"lineNumber":40,"author":{"gitId":"JonathanKhooTY"},"content":"        return new Deadline(description,by);"},{"lineNumber":41,"author":{"gitId":"JonathanKhooTY"},"content":"    }"},{"lineNumber":42,"author":{"gitId":"JonathanKhooTY"},"content":""},{"lineNumber":43,"author":{"gitId":"JonathanKhooTY"},"content":"    public static Event parsingEvent(String userInput) throws BlankDescriptionException, MissingDateException {"},{"lineNumber":44,"author":{"gitId":"JonathanKhooTY"},"content":"        String[] textArray \u003d splitTextIntoTwoFields(userInput);"},{"lineNumber":45,"author":{"gitId":"JonathanKhooTY"},"content":"        if (textArray.length \u003c\u003d 1) {"},{"lineNumber":46,"author":{"gitId":"JonathanKhooTY"},"content":"            throw new BlankDescriptionException();"},{"lineNumber":47,"author":{"gitId":"JonathanKhooTY"},"content":"        }"},{"lineNumber":48,"author":{"gitId":"JonathanKhooTY"},"content":"        String description \u003d textArray[1].trim();"},{"lineNumber":49,"author":{"gitId":"JonathanKhooTY"},"content":"        if (description.isBlank()) {"},{"lineNumber":50,"author":{"gitId":"JonathanKhooTY"},"content":"            throw new BlankDescriptionException();"},{"lineNumber":51,"author":{"gitId":"JonathanKhooTY"},"content":"        }"},{"lineNumber":52,"author":{"gitId":"JonathanKhooTY"},"content":"        String[] descriptionArray \u003d description.split(\"/\",2);"},{"lineNumber":53,"author":{"gitId":"JonathanKhooTY"},"content":"        if (descriptionArray[0].isBlank()){"},{"lineNumber":54,"author":{"gitId":"JonathanKhooTY"},"content":"            throw new BlankDescriptionException();"},{"lineNumber":55,"author":{"gitId":"JonathanKhooTY"},"content":"        } else if (descriptionArray.length \u003c\u003d 1 || descriptionArray[1].isBlank()) {"},{"lineNumber":56,"author":{"gitId":"JonathanKhooTY"},"content":"            throw new MissingDateException();"},{"lineNumber":57,"author":{"gitId":"JonathanKhooTY"},"content":"        }"},{"lineNumber":58,"author":{"gitId":"JonathanKhooTY"},"content":"        description \u003d descriptionArray[0].trim();"},{"lineNumber":59,"author":{"gitId":"JonathanKhooTY"},"content":"        String by \u003d descriptionArray[1].trim();"},{"lineNumber":60,"author":{"gitId":"JonathanKhooTY"},"content":""},{"lineNumber":61,"author":{"gitId":"JonathanKhooTY"},"content":"        return new Event(description,by);"},{"lineNumber":62,"author":{"gitId":"JonathanKhooTY"},"content":"    }"},{"lineNumber":63,"author":{"gitId":"JonathanKhooTY"},"content":""},{"lineNumber":64,"author":{"gitId":"JonathanKhooTY"},"content":"    public static int parsingDeleteCommand(String userInput) throws BlankDescriptionException, OutOfRangeException, EmptyListException {"},{"lineNumber":65,"author":{"gitId":"JonathanKhooTY"},"content":"        int taskNumber;"},{"lineNumber":66,"author":{"gitId":"JonathanKhooTY"},"content":"        String[] textArray \u003d splitTextIntoTwoFields(userInput);"},{"lineNumber":67,"author":{"gitId":"JonathanKhooTY"},"content":"        if (textArray.length \u003c\u003d 1) {"},{"lineNumber":68,"author":{"gitId":"JonathanKhooTY"},"content":"            throw new BlankDescriptionException();"},{"lineNumber":69,"author":{"gitId":"JonathanKhooTY"},"content":"        }"},{"lineNumber":70,"author":{"gitId":"JonathanKhooTY"},"content":"        taskNumber \u003d Integer.parseInt(textArray[1].strip());"},{"lineNumber":71,"author":{"gitId":"JonathanKhooTY"},"content":"        if (Tasklist.isEmpty()) {"},{"lineNumber":72,"author":{"gitId":"JonathanKhooTY"},"content":"            throw new EmptyListException();"},{"lineNumber":73,"author":{"gitId":"JonathanKhooTY"},"content":"        } else if (taskNumber \u003e Tasklist.getSize() || taskNumber \u003c\u003d 0) {"},{"lineNumber":74,"author":{"gitId":"JonathanKhooTY"},"content":"            throw new OutOfRangeException();"},{"lineNumber":75,"author":{"gitId":"JonathanKhooTY"},"content":"        }"},{"lineNumber":76,"author":{"gitId":"JonathanKhooTY"},"content":""},{"lineNumber":77,"author":{"gitId":"JonathanKhooTY"},"content":"        return taskNumber - 1;"},{"lineNumber":78,"author":{"gitId":"JonathanKhooTY"},"content":""},{"lineNumber":79,"author":{"gitId":"JonathanKhooTY"},"content":"    }"},{"lineNumber":80,"author":{"gitId":"JonathanKhooTY"},"content":""},{"lineNumber":81,"author":{"gitId":"JonathanKhooTY"},"content":"    public static String parsingFindCommand(String userInput)"},{"lineNumber":82,"author":{"gitId":"JonathanKhooTY"},"content":"            throws InvalidSpaceException, BlankDescriptionException {"},{"lineNumber":83,"author":{"gitId":"JonathanKhooTY"},"content":"        String[] textArray \u003d splitTextIntoTwoFields(userInput);"},{"lineNumber":84,"author":{"gitId":"JonathanKhooTY"},"content":""},{"lineNumber":85,"author":{"gitId":"JonathanKhooTY"},"content":"        if(textArray.length \u003c\u003d 1 || textArray[1].isBlank()) {"},{"lineNumber":86,"author":{"gitId":"JonathanKhooTY"},"content":"            throw new BlankDescriptionException();"},{"lineNumber":87,"author":{"gitId":"JonathanKhooTY"},"content":"        }"},{"lineNumber":88,"author":{"gitId":"JonathanKhooTY"},"content":"        String keyword \u003d textArray[1].trim();"},{"lineNumber":89,"author":{"gitId":"JonathanKhooTY"},"content":"        return keyword;"},{"lineNumber":90,"author":{"gitId":"JonathanKhooTY"},"content":"    }"},{"lineNumber":91,"author":{"gitId":"JonathanKhooTY"},"content":""},{"lineNumber":92,"author":{"gitId":"JonathanKhooTY"},"content":"    public static int parsingMarkAsDone(String userInput) throws BlankDescriptionException, OutOfRangeException {"},{"lineNumber":93,"author":{"gitId":"JonathanKhooTY"},"content":"        String[] textArray \u003d splitTextIntoTwoFields(userInput);"},{"lineNumber":94,"author":{"gitId":"JonathanKhooTY"},"content":"        if(textArray.length \u003c\u003d 1 || textArray[1].isBlank()) {"},{"lineNumber":95,"author":{"gitId":"JonathanKhooTY"},"content":"            throw new BlankDescriptionException();"},{"lineNumber":96,"author":{"gitId":"JonathanKhooTY"},"content":"        }"},{"lineNumber":97,"author":{"gitId":"JonathanKhooTY"},"content":""},{"lineNumber":98,"author":{"gitId":"JonathanKhooTY"},"content":"        int index \u003d Integer.parseInt(textArray[1].strip()) - 1;"},{"lineNumber":99,"author":{"gitId":"JonathanKhooTY"},"content":"        if (index \u003c 0 || index \u003e Tasklist.getSize() - 1) {"},{"lineNumber":100,"author":{"gitId":"JonathanKhooTY"},"content":"            throw new OutOfRangeException();"},{"lineNumber":101,"author":{"gitId":"JonathanKhooTY"},"content":"        }"},{"lineNumber":102,"author":{"gitId":"JonathanKhooTY"},"content":"        return index;"},{"lineNumber":103,"author":{"gitId":"JonathanKhooTY"},"content":"    }"},{"lineNumber":104,"author":{"gitId":"JonathanKhooTY"},"content":"}"}],"authorContributionMap":{"JonathanKhooTY":104}},{"path":"src/main/java/storage/FileManager.java","fileType":"java","lines":[{"lineNumber":1,"author":{"gitId":"JonathanKhooTY"},"content":"package storage;"},{"lineNumber":2,"author":{"gitId":"JonathanKhooTY"},"content":""},{"lineNumber":3,"author":{"gitId":"JonathanKhooTY"},"content":"import myexceptions.BlankDescriptionException;"},{"lineNumber":4,"author":{"gitId":"JonathanKhooTY"},"content":"import tasklist.Task;"},{"lineNumber":5,"author":{"gitId":"JonathanKhooTY"},"content":"import tasklist.Tasklist;"},{"lineNumber":6,"author":{"gitId":"JonathanKhooTY"},"content":""},{"lineNumber":7,"author":{"gitId":"JonathanKhooTY"},"content":"import java.io.File;"},{"lineNumber":8,"author":{"gitId":"JonathanKhooTY"},"content":"import java.io.FileNotFoundException;"},{"lineNumber":9,"author":{"gitId":"JonathanKhooTY"},"content":"import java.io.FileWriter;"},{"lineNumber":10,"author":{"gitId":"JonathanKhooTY"},"content":"import java.io.IOException;"},{"lineNumber":11,"author":{"gitId":"JonathanKhooTY"},"content":"import java.util.ArrayList;"},{"lineNumber":12,"author":{"gitId":"JonathanKhooTY"},"content":"import java.util.Scanner;"},{"lineNumber":13,"author":{"gitId":"JonathanKhooTY"},"content":""},{"lineNumber":14,"author":{"gitId":"JonathanKhooTY"},"content":"public class FileManager {"},{"lineNumber":15,"author":{"gitId":"JonathanKhooTY"},"content":"    public static void writeToFile(String filePath, ArrayList\u003cTask\u003e tasks) throws IOException {"},{"lineNumber":16,"author":{"gitId":"JonathanKhooTY"},"content":"        FileWriter fw \u003d new FileWriter(filePath);"},{"lineNumber":17,"author":{"gitId":"JonathanKhooTY"},"content":""},{"lineNumber":18,"author":{"gitId":"JonathanKhooTY"},"content":"        for (Task t : tasks) {"},{"lineNumber":19,"author":{"gitId":"JonathanKhooTY"},"content":"            fw.write(t.getStatusIcon() + \" \" + t.getDescription() + \"\\n\");"},{"lineNumber":20,"author":{"gitId":"JonathanKhooTY"},"content":"        }"},{"lineNumber":21,"author":{"gitId":"JonathanKhooTY"},"content":"        fw.close();"},{"lineNumber":22,"author":{"gitId":"JonathanKhooTY"},"content":"    }"},{"lineNumber":23,"author":{"gitId":"JonathanKhooTY"},"content":""},{"lineNumber":24,"author":{"gitId":"JonathanKhooTY"},"content":"    public static void restoreFileContents(String filePath) throws FileNotFoundException, BlankDescriptionException {"},{"lineNumber":25,"author":{"gitId":"JonathanKhooTY"},"content":"        File f \u003d new File(filePath);"},{"lineNumber":26,"author":{"gitId":"JonathanKhooTY"},"content":"        Scanner s \u003d new Scanner(f);"},{"lineNumber":27,"author":{"gitId":"JonathanKhooTY"},"content":"        if (s.hasNext()) {"},{"lineNumber":28,"author":{"gitId":"JonathanKhooTY"},"content":"            System.out.println(\"Importing your saved list!\");"},{"lineNumber":29,"author":{"gitId":"JonathanKhooTY"},"content":"        } else {"},{"lineNumber":30,"author":{"gitId":"JonathanKhooTY"},"content":"            System.out.println(\"You do not have any saved list!\");"},{"lineNumber":31,"author":{"gitId":"JonathanKhooTY"},"content":"        }"},{"lineNumber":32,"author":{"gitId":"JonathanKhooTY"},"content":""},{"lineNumber":33,"author":{"gitId":"JonathanKhooTY"},"content":"        while (s.hasNext()) {"},{"lineNumber":34,"author":{"gitId":"JonathanKhooTY"},"content":"            String nextTask \u003d s.nextLine();"},{"lineNumber":35,"author":{"gitId":"JonathanKhooTY"},"content":"            Tasklist.addTask(taskDecoder.taskDecoder(nextTask));"},{"lineNumber":36,"author":{"gitId":"JonathanKhooTY"},"content":"        }"},{"lineNumber":37,"author":{"gitId":"JonathanKhooTY"},"content":""},{"lineNumber":38,"author":{"gitId":"JonathanKhooTY"},"content":"    }"},{"lineNumber":39,"author":{"gitId":"JonathanKhooTY"},"content":"}"}],"authorContributionMap":{"JonathanKhooTY":39}},{"path":"src/main/java/storage/taskDecoder.java","fileType":"java","lines":[{"lineNumber":1,"author":{"gitId":"JonathanKhooTY"},"content":"package storage;"},{"lineNumber":2,"author":{"gitId":"JonathanKhooTY"},"content":""},{"lineNumber":3,"author":{"gitId":"JonathanKhooTY"},"content":"import commands.AddTodo;"},{"lineNumber":4,"author":{"gitId":"JonathanKhooTY"},"content":"import myexceptions.BlankDescriptionException;"},{"lineNumber":5,"author":{"gitId":"JonathanKhooTY"},"content":"import tasklist.Event;"},{"lineNumber":6,"author":{"gitId":"JonathanKhooTY"},"content":"import tasklist.Task;"},{"lineNumber":7,"author":{"gitId":"JonathanKhooTY"},"content":"import tasklist.Todo;"},{"lineNumber":8,"author":{"gitId":"JonathanKhooTY"},"content":""},{"lineNumber":9,"author":{"gitId":"JonathanKhooTY"},"content":"public class taskDecoder {"},{"lineNumber":10,"author":{"gitId":"JonathanKhooTY"},"content":""},{"lineNumber":11,"author":{"gitId":"JonathanKhooTY"},"content":"    public static Task taskDecoder(String nextLine) throws BlankDescriptionException {"},{"lineNumber":12,"author":{"gitId":"JonathanKhooTY"},"content":""},{"lineNumber":13,"author":{"gitId":"JonathanKhooTY"},"content":"        char taskType \u003d nextLine.charAt(1);"},{"lineNumber":14,"author":{"gitId":"JonathanKhooTY"},"content":"        String taskStatus \u003d nextLine.substring(4,5);"},{"lineNumber":15,"author":{"gitId":"JonathanKhooTY"},"content":"        String taskDescription \u003d nextLine.substring(7);"},{"lineNumber":16,"author":{"gitId":"JonathanKhooTY"},"content":"        Task task \u003d new Task(taskDescription);"},{"lineNumber":17,"author":{"gitId":"JonathanKhooTY"},"content":"        switch (taskType) {"},{"lineNumber":18,"author":{"gitId":"JonathanKhooTY"},"content":"        case \u0027T\u0027:"},{"lineNumber":19,"author":{"gitId":"JonathanKhooTY"},"content":"            task \u003d new Todo(taskDescription);"},{"lineNumber":20,"author":{"gitId":"JonathanKhooTY"},"content":"            if (taskStatus.equalsIgnoreCase(\"1\")) {"},{"lineNumber":21,"author":{"gitId":"JonathanKhooTY"},"content":"                task.isDone \u003d true;"},{"lineNumber":22,"author":{"gitId":"JonathanKhooTY"},"content":"            }"},{"lineNumber":23,"author":{"gitId":"JonathanKhooTY"},"content":"            //AddTodo.execute(taskDescription);"},{"lineNumber":24,"author":{"gitId":"JonathanKhooTY"},"content":"            break;"},{"lineNumber":25,"author":{"gitId":"JonathanKhooTY"},"content":"        case \u0027E\u0027:"},{"lineNumber":26,"author":{"gitId":"JonathanKhooTY"},"content":"            int indexOfBy \u003d taskDescription.indexOf(\"--\");"},{"lineNumber":27,"author":{"gitId":"JonathanKhooTY"},"content":"            String description \u003d taskDescription.substring(0,indexOfBy - 1);"},{"lineNumber":28,"author":{"gitId":"JonathanKhooTY"},"content":"            String by \u003d taskDescription.substring(indexOfBy + 1, taskDescription.lastIndexOf(\"--\"));"},{"lineNumber":29,"author":{"gitId":"JonathanKhooTY"},"content":"            task \u003d new Event(description,by);"},{"lineNumber":30,"author":{"gitId":"JonathanKhooTY"},"content":"            if (taskStatus.equalsIgnoreCase(\"1\")) {"},{"lineNumber":31,"author":{"gitId":"JonathanKhooTY"},"content":"                task.isDone \u003d true;"},{"lineNumber":32,"author":{"gitId":"JonathanKhooTY"},"content":"            }"},{"lineNumber":33,"author":{"gitId":"JonathanKhooTY"},"content":"            break;"},{"lineNumber":34,"author":{"gitId":"JonathanKhooTY"},"content":"        }"},{"lineNumber":35,"author":{"gitId":"JonathanKhooTY"},"content":"        return task;"},{"lineNumber":36,"author":{"gitId":"JonathanKhooTY"},"content":"    }"},{"lineNumber":37,"author":{"gitId":"JonathanKhooTY"},"content":"}"}],"authorContributionMap":{"JonathanKhooTY":37}},{"path":"src/main/java/tasklist/Deadline.java","fileType":"java","lines":[{"lineNumber":1,"author":{"gitId":"JonathanKhooTY"},"content":"package tasklist;"},{"lineNumber":2,"author":{"gitId":"JonathanKhooTY"},"content":""},{"lineNumber":3,"author":{"gitId":"JonathanKhooTY"},"content":"import tasklist.Task;"},{"lineNumber":4,"author":{"gitId":"JonathanKhooTY"},"content":""},{"lineNumber":5,"author":{"gitId":"JonathanKhooTY"},"content":"public class Deadline extends Task {"},{"lineNumber":6,"author":{"gitId":"JonathanKhooTY"},"content":""},{"lineNumber":7,"author":{"gitId":"JonathanKhooTY"},"content":"    public String by;"},{"lineNumber":8,"author":{"gitId":"JonathanKhooTY"},"content":""},{"lineNumber":9,"author":{"gitId":"JonathanKhooTY"},"content":"    public Deadline(String description, String by){"},{"lineNumber":10,"author":{"gitId":"JonathanKhooTY"},"content":"        super(description);"},{"lineNumber":11,"author":{"gitId":"JonathanKhooTY"},"content":"        this.by \u003d by;"},{"lineNumber":12,"author":{"gitId":"JonathanKhooTY"},"content":"    }"},{"lineNumber":13,"author":{"gitId":"JonathanKhooTY"},"content":""},{"lineNumber":14,"author":{"gitId":"JonathanKhooTY"},"content":""},{"lineNumber":15,"author":{"gitId":"JonathanKhooTY"},"content":"    public String getStatusIcon() {"},{"lineNumber":16,"author":{"gitId":"JonathanKhooTY"},"content":"        return \"[D]\" + \"[\" + super.getStatusIcon() +\"]\";"},{"lineNumber":17,"author":{"gitId":"JonathanKhooTY"},"content":"    }"},{"lineNumber":18,"author":{"gitId":"JonathanKhooTY"},"content":""},{"lineNumber":19,"author":{"gitId":"JonathanKhooTY"},"content":""},{"lineNumber":20,"author":{"gitId":"JonathanKhooTY"},"content":"    @Override"},{"lineNumber":21,"author":{"gitId":"JonathanKhooTY"},"content":"    public String getDescription() {"},{"lineNumber":22,"author":{"gitId":"JonathanKhooTY"},"content":"        return super.getDescription() + \" \" + \"--\" + by + \"--\";"},{"lineNumber":23,"author":{"gitId":"JonathanKhooTY"},"content":"    }"},{"lineNumber":24,"author":{"gitId":"JonathanKhooTY"},"content":""},{"lineNumber":25,"author":{"gitId":"JonathanKhooTY"},"content":""},{"lineNumber":26,"author":{"gitId":"JonathanKhooTY"},"content":""},{"lineNumber":27,"author":{"gitId":"JonathanKhooTY"},"content":""},{"lineNumber":28,"author":{"gitId":"JonathanKhooTY"},"content":"}"}],"authorContributionMap":{"JonathanKhooTY":28}},{"path":"src/main/java/tasklist/Event.java","fileType":"java","lines":[{"lineNumber":1,"author":{"gitId":"JonathanKhooTY"},"content":"package tasklist;"},{"lineNumber":2,"author":{"gitId":"JonathanKhooTY"},"content":""},{"lineNumber":3,"author":{"gitId":"JonathanKhooTY"},"content":"import tasklist.Task;"},{"lineNumber":4,"author":{"gitId":"JonathanKhooTY"},"content":""},{"lineNumber":5,"author":{"gitId":"JonathanKhooTY"},"content":"public class Event extends Task {"},{"lineNumber":6,"author":{"gitId":"JonathanKhooTY"},"content":""},{"lineNumber":7,"author":{"gitId":"JonathanKhooTY"},"content":"    public String by;"},{"lineNumber":8,"author":{"gitId":"JonathanKhooTY"},"content":"    public Event(String description, String by) {"},{"lineNumber":9,"author":{"gitId":"JonathanKhooTY"},"content":"        super(description);"},{"lineNumber":10,"author":{"gitId":"JonathanKhooTY"},"content":"        this.by \u003d by;"},{"lineNumber":11,"author":{"gitId":"JonathanKhooTY"},"content":"    }"},{"lineNumber":12,"author":{"gitId":"JonathanKhooTY"},"content":""},{"lineNumber":13,"author":{"gitId":"JonathanKhooTY"},"content":""},{"lineNumber":14,"author":{"gitId":"JonathanKhooTY"},"content":"    public String getStatusIcon() {"},{"lineNumber":15,"author":{"gitId":"JonathanKhooTY"},"content":"        return \"[E]\" + \"[\" + super.getStatusIcon() +\"]\";"},{"lineNumber":16,"author":{"gitId":"JonathanKhooTY"},"content":"    }"},{"lineNumber":17,"author":{"gitId":"JonathanKhooTY"},"content":""},{"lineNumber":18,"author":{"gitId":"JonathanKhooTY"},"content":""},{"lineNumber":19,"author":{"gitId":"JonathanKhooTY"},"content":"    @Override"},{"lineNumber":20,"author":{"gitId":"JonathanKhooTY"},"content":"    public String getDescription() {"},{"lineNumber":21,"author":{"gitId":"JonathanKhooTY"},"content":"        return super.getDescription() + \" \" + \"--\" + by + \"--\";"},{"lineNumber":22,"author":{"gitId":"JonathanKhooTY"},"content":"    }"},{"lineNumber":23,"author":{"gitId":"JonathanKhooTY"},"content":"}"}],"authorContributionMap":{"JonathanKhooTY":23}},{"path":"src/main/java/tasklist/Task.java","fileType":"java","lines":[{"lineNumber":1,"author":{"gitId":"JonathanKhooTY"},"content":"package tasklist;"},{"lineNumber":2,"author":{"gitId":"JonathanKhooTY"},"content":""},{"lineNumber":3,"author":{"gitId":"JonathanKhooTY"},"content":"public class Task {"},{"lineNumber":4,"author":{"gitId":"JonathanKhooTY"},"content":""},{"lineNumber":5,"author":{"gitId":"JonathanKhooTY"},"content":"    public boolean isDone;"},{"lineNumber":6,"author":{"gitId":"JonathanKhooTY"},"content":"    public String description;"},{"lineNumber":7,"author":{"gitId":"JonathanKhooTY"},"content":""},{"lineNumber":8,"author":{"gitId":"JonathanKhooTY"},"content":""},{"lineNumber":9,"author":{"gitId":"JonathanKhooTY"},"content":"    public Task(String description) {"},{"lineNumber":10,"author":{"gitId":"JonathanKhooTY"},"content":"        this.description \u003d description;"},{"lineNumber":11,"author":{"gitId":"JonathanKhooTY"},"content":"        this.isDone \u003d false;"},{"lineNumber":12,"author":{"gitId":"JonathanKhooTY"},"content":"    }"},{"lineNumber":13,"author":{"gitId":"JonathanKhooTY"},"content":""},{"lineNumber":14,"author":{"gitId":"JonathanKhooTY"},"content":"    public String getDescription(){"},{"lineNumber":15,"author":{"gitId":"JonathanKhooTY"},"content":"        return description;"},{"lineNumber":16,"author":{"gitId":"JonathanKhooTY"},"content":"    }"},{"lineNumber":17,"author":{"gitId":"JonathanKhooTY"},"content":"    public String getStatusIcon() {"},{"lineNumber":18,"author":{"gitId":"JonathanKhooTY"},"content":"        return (isDone ? \"1\" : \"0\");"},{"lineNumber":19,"author":{"gitId":"JonathanKhooTY"},"content":"    }"},{"lineNumber":20,"author":{"gitId":"JonathanKhooTY"},"content":""},{"lineNumber":21,"author":{"gitId":"JonathanKhooTY"},"content":"    public String printStatus(){"},{"lineNumber":22,"author":{"gitId":"JonathanKhooTY"},"content":"        return(\"[ \" + getStatusIcon() + \"] \" + description);"},{"lineNumber":23,"author":{"gitId":"JonathanKhooTY"},"content":"    }"},{"lineNumber":24,"author":{"gitId":"JonathanKhooTY"},"content":""},{"lineNumber":25,"author":{"gitId":"JonathanKhooTY"},"content":""},{"lineNumber":26,"author":{"gitId":"JonathanKhooTY"},"content":"}"}],"authorContributionMap":{"JonathanKhooTY":26}},{"path":"src/main/java/tasklist/Tasklist.java","fileType":"java","lines":[{"lineNumber":1,"author":{"gitId":"JonathanKhooTY"},"content":"package tasklist;"},{"lineNumber":2,"author":{"gitId":"JonathanKhooTY"},"content":""},{"lineNumber":3,"author":{"gitId":"JonathanKhooTY"},"content":"import java.util.ArrayList;"},{"lineNumber":4,"author":{"gitId":"JonathanKhooTY"},"content":"import static common.Messages.RECEIVE_MESSAGE;"},{"lineNumber":5,"author":{"gitId":"JonathanKhooTY"},"content":"import static common.Messages.GETSIZE_MESSAGE;"},{"lineNumber":6,"author":{"gitId":"JonathanKhooTY"},"content":"public class Tasklist {"},{"lineNumber":7,"author":{"gitId":"JonathanKhooTY"},"content":""},{"lineNumber":8,"author":{"gitId":"JonathanKhooTY"},"content":"    private static final ArrayList\u003cTask\u003e tasks \u003d new ArrayList\u003c\u003e();"},{"lineNumber":9,"author":{"gitId":"JonathanKhooTY"},"content":""},{"lineNumber":10,"author":{"gitId":"JonathanKhooTY"},"content":"    public static void addTask(Task task) {"},{"lineNumber":11,"author":{"gitId":"JonathanKhooTY"},"content":"        tasks.add(task);"},{"lineNumber":12,"author":{"gitId":"JonathanKhooTY"},"content":"        System.out.println((RECEIVE_MESSAGE));"},{"lineNumber":13,"author":{"gitId":"JonathanKhooTY"},"content":"    }"},{"lineNumber":14,"author":{"gitId":"JonathanKhooTY"},"content":""},{"lineNumber":15,"author":{"gitId":"JonathanKhooTY"},"content":"    public static void removeTask(Task task) {"},{"lineNumber":16,"author":{"gitId":"JonathanKhooTY"},"content":"        tasks.remove(task);"},{"lineNumber":17,"author":{"gitId":"JonathanKhooTY"},"content":"    }"},{"lineNumber":18,"author":{"gitId":"JonathanKhooTY"},"content":""},{"lineNumber":19,"author":{"gitId":"JonathanKhooTY"},"content":"    public static ArrayList\u003cTask\u003e viewTasks() {"},{"lineNumber":20,"author":{"gitId":"JonathanKhooTY"},"content":"        return tasks;"},{"lineNumber":21,"author":{"gitId":"JonathanKhooTY"},"content":"    }"},{"lineNumber":22,"author":{"gitId":"JonathanKhooTY"},"content":""},{"lineNumber":23,"author":{"gitId":"JonathanKhooTY"},"content":"    public static Task getIndex(int index) {"},{"lineNumber":24,"author":{"gitId":"JonathanKhooTY"},"content":"        return tasks.get(index);"},{"lineNumber":25,"author":{"gitId":"JonathanKhooTY"},"content":"    }"},{"lineNumber":26,"author":{"gitId":"JonathanKhooTY"},"content":""},{"lineNumber":27,"author":{"gitId":"JonathanKhooTY"},"content":"    public static int getSize() {"},{"lineNumber":28,"author":{"gitId":"JonathanKhooTY"},"content":"        //System.out.println(GETSIZE_MESSAGE);"},{"lineNumber":29,"author":{"gitId":"JonathanKhooTY"},"content":"        return tasks.size();"},{"lineNumber":30,"author":{"gitId":"JonathanKhooTY"},"content":"    }"},{"lineNumber":31,"author":{"gitId":"JonathanKhooTY"},"content":""},{"lineNumber":32,"author":{"gitId":"JonathanKhooTY"},"content":"    public static boolean isEmpty() {"},{"lineNumber":33,"author":{"gitId":"JonathanKhooTY"},"content":"        if (Tasklist.getSize() \u003d\u003d 0) {"},{"lineNumber":34,"author":{"gitId":"JonathanKhooTY"},"content":"            return true;"},{"lineNumber":35,"author":{"gitId":"JonathanKhooTY"},"content":"        } else {"},{"lineNumber":36,"author":{"gitId":"JonathanKhooTY"},"content":"            return false;"},{"lineNumber":37,"author":{"gitId":"JonathanKhooTY"},"content":"        }"},{"lineNumber":38,"author":{"gitId":"JonathanKhooTY"},"content":"    }"},{"lineNumber":39,"author":{"gitId":"JonathanKhooTY"},"content":""},{"lineNumber":40,"author":{"gitId":"JonathanKhooTY"},"content":"    public static ArrayList\u003cTask\u003e getTaskList() {"},{"lineNumber":41,"author":{"gitId":"JonathanKhooTY"},"content":"        return tasks;"},{"lineNumber":42,"author":{"gitId":"JonathanKhooTY"},"content":"    }"},{"lineNumber":43,"author":{"gitId":"JonathanKhooTY"},"content":""},{"lineNumber":44,"author":{"gitId":"JonathanKhooTY"},"content":"    public static void markTaskAsDone(int index) {"},{"lineNumber":45,"author":{"gitId":"JonathanKhooTY"},"content":"        Task task \u003d Tasklist.getIndex(index);"},{"lineNumber":46,"author":{"gitId":"JonathanKhooTY"},"content":"        task.isDone \u003d true;"},{"lineNumber":47,"author":{"gitId":"JonathanKhooTY"},"content":"    }"},{"lineNumber":48,"author":{"gitId":"JonathanKhooTY"},"content":"}"}],"authorContributionMap":{"JonathanKhooTY":48}},{"path":"src/main/java/tasklist/Todo.java","fileType":"java","lines":[{"lineNumber":1,"author":{"gitId":"JonathanKhooTY"},"content":"package tasklist;"},{"lineNumber":2,"author":{"gitId":"JonathanKhooTY"},"content":""},{"lineNumber":3,"author":{"gitId":"JonathanKhooTY"},"content":"import tasklist.Task;"},{"lineNumber":4,"author":{"gitId":"JonathanKhooTY"},"content":""},{"lineNumber":5,"author":{"gitId":"JonathanKhooTY"},"content":"public class Todo extends Task {"},{"lineNumber":6,"author":{"gitId":"JonathanKhooTY"},"content":""},{"lineNumber":7,"author":{"gitId":"JonathanKhooTY"},"content":""},{"lineNumber":8,"author":{"gitId":"JonathanKhooTY"},"content":"    public Todo(String description) {"},{"lineNumber":9,"author":{"gitId":"JonathanKhooTY"},"content":"        super(description);"},{"lineNumber":10,"author":{"gitId":"JonathanKhooTY"},"content":"    }"},{"lineNumber":11,"author":{"gitId":"JonathanKhooTY"},"content":""},{"lineNumber":12,"author":{"gitId":"JonathanKhooTY"},"content":"    public String getStatusIcon() {"},{"lineNumber":13,"author":{"gitId":"JonathanKhooTY"},"content":"        return \"[T]\" + \"[\" + super.getStatusIcon() +\"]\";"},{"lineNumber":14,"author":{"gitId":"JonathanKhooTY"},"content":"    }"},{"lineNumber":15,"author":{"gitId":"JonathanKhooTY"},"content":""},{"lineNumber":16,"author":{"gitId":"JonathanKhooTY"},"content":""},{"lineNumber":17,"author":{"gitId":"JonathanKhooTY"},"content":"    @Override"},{"lineNumber":18,"author":{"gitId":"JonathanKhooTY"},"content":"    public String getDescription() {"},{"lineNumber":19,"author":{"gitId":"JonathanKhooTY"},"content":"        return super.getDescription();"},{"lineNumber":20,"author":{"gitId":"JonathanKhooTY"},"content":"    }"},{"lineNumber":21,"author":{"gitId":"JonathanKhooTY"},"content":"}"}],"authorContributionMap":{"JonathanKhooTY":21}},{"path":"src/main/java/tasklist/searchResultsList.java","fileType":"java","lines":[{"lineNumber":1,"author":{"gitId":"JonathanKhooTY"},"content":"package tasklist;"},{"lineNumber":2,"author":{"gitId":"JonathanKhooTY"},"content":""},{"lineNumber":3,"author":{"gitId":"JonathanKhooTY"},"content":"import java.util.ArrayList;"},{"lineNumber":4,"author":{"gitId":"JonathanKhooTY"},"content":""},{"lineNumber":5,"author":{"gitId":"JonathanKhooTY"},"content":"import static common.Messages.RECEIVE_MESSAGE;"},{"lineNumber":6,"author":{"gitId":"JonathanKhooTY"},"content":""},{"lineNumber":7,"author":{"gitId":"JonathanKhooTY"},"content":"public class searchResultsList {"},{"lineNumber":8,"author":{"gitId":"JonathanKhooTY"},"content":"    private static final ArrayList\u003cTask\u003e searchResults \u003d new ArrayList\u003c\u003e();"},{"lineNumber":9,"author":{"gitId":"JonathanKhooTY"},"content":""},{"lineNumber":10,"author":{"gitId":"JonathanKhooTY"},"content":"    public static void addTask(Task task) {"},{"lineNumber":11,"author":{"gitId":"JonathanKhooTY"},"content":"        searchResults.add(task);"},{"lineNumber":12,"author":{"gitId":"JonathanKhooTY"},"content":"    }"},{"lineNumber":13,"author":{"gitId":"JonathanKhooTY"},"content":""},{"lineNumber":14,"author":{"gitId":"JonathanKhooTY"},"content":"    public static void removeTask(Task task) {"},{"lineNumber":15,"author":{"gitId":"JonathanKhooTY"},"content":"        searchResults.remove(task);"},{"lineNumber":16,"author":{"gitId":"JonathanKhooTY"},"content":"    }"},{"lineNumber":17,"author":{"gitId":"JonathanKhooTY"},"content":""},{"lineNumber":18,"author":{"gitId":"JonathanKhooTY"},"content":"    public static ArrayList\u003cTask\u003e viewTasks() {"},{"lineNumber":19,"author":{"gitId":"JonathanKhooTY"},"content":"        return searchResults;"},{"lineNumber":20,"author":{"gitId":"JonathanKhooTY"},"content":"    }"},{"lineNumber":21,"author":{"gitId":"JonathanKhooTY"},"content":""},{"lineNumber":22,"author":{"gitId":"JonathanKhooTY"},"content":"    public static Task getIndex(int index) {"},{"lineNumber":23,"author":{"gitId":"JonathanKhooTY"},"content":"        return searchResults.get(index);"},{"lineNumber":24,"author":{"gitId":"JonathanKhooTY"},"content":"    }"},{"lineNumber":25,"author":{"gitId":"JonathanKhooTY"},"content":""},{"lineNumber":26,"author":{"gitId":"JonathanKhooTY"},"content":"    public static int getSize() {"},{"lineNumber":27,"author":{"gitId":"JonathanKhooTY"},"content":"        //System.out.println(GETSIZE_MESSAGE);"},{"lineNumber":28,"author":{"gitId":"JonathanKhooTY"},"content":"        return searchResults.size();"},{"lineNumber":29,"author":{"gitId":"JonathanKhooTY"},"content":"    }"},{"lineNumber":30,"author":{"gitId":"JonathanKhooTY"},"content":""},{"lineNumber":31,"author":{"gitId":"JonathanKhooTY"},"content":"    public static boolean isEmpty() {"},{"lineNumber":32,"author":{"gitId":"JonathanKhooTY"},"content":"        if (searchResultsList.getSize() \u003d\u003d 0) {"},{"lineNumber":33,"author":{"gitId":"JonathanKhooTY"},"content":"            return true;"},{"lineNumber":34,"author":{"gitId":"JonathanKhooTY"},"content":"        } else {"},{"lineNumber":35,"author":{"gitId":"JonathanKhooTY"},"content":"            return false;"},{"lineNumber":36,"author":{"gitId":"JonathanKhooTY"},"content":"        }"},{"lineNumber":37,"author":{"gitId":"JonathanKhooTY"},"content":"    }"},{"lineNumber":38,"author":{"gitId":"JonathanKhooTY"},"content":""},{"lineNumber":39,"author":{"gitId":"JonathanKhooTY"},"content":"    public static ArrayList\u003cTask\u003e getTaskList() {"},{"lineNumber":40,"author":{"gitId":"JonathanKhooTY"},"content":"        return searchResults;"},{"lineNumber":41,"author":{"gitId":"JonathanKhooTY"},"content":"    }"},{"lineNumber":42,"author":{"gitId":"JonathanKhooTY"},"content":""},{"lineNumber":43,"author":{"gitId":"JonathanKhooTY"},"content":"    public static void clearList() {"},{"lineNumber":44,"author":{"gitId":"JonathanKhooTY"},"content":"        searchResults.clear();"},{"lineNumber":45,"author":{"gitId":"JonathanKhooTY"},"content":"    }"},{"lineNumber":46,"author":{"gitId":"JonathanKhooTY"},"content":"}"},{"lineNumber":47,"author":{"gitId":"JonathanKhooTY"},"content":""}],"authorContributionMap":{"JonathanKhooTY":47}},{"path":"src/main/java/ui/TextUI.java","fileType":"java","lines":[{"lineNumber":1,"author":{"gitId":"JonathanKhooTY"},"content":"package ui;"},{"lineNumber":2,"author":{"gitId":"JonathanKhooTY"},"content":""},{"lineNumber":3,"author":{"gitId":"JonathanKhooTY"},"content":"import java.util.Locale;"},{"lineNumber":4,"author":{"gitId":"JonathanKhooTY"},"content":"import java.util.Scanner;"},{"lineNumber":5,"author":{"gitId":"JonathanKhooTY"},"content":"import static common.Messages.WELCOME_MESSAGE;"},{"lineNumber":6,"author":{"gitId":"JonathanKhooTY"},"content":""},{"lineNumber":7,"author":{"gitId":"JonathanKhooTY"},"content":"public class TextUI {"},{"lineNumber":8,"author":{"gitId":"JonathanKhooTY"},"content":""},{"lineNumber":9,"author":{"gitId":"JonathanKhooTY"},"content":"    private final Scanner in \u003d new Scanner(System.in);"},{"lineNumber":10,"author":{"gitId":"JonathanKhooTY"},"content":""},{"lineNumber":11,"author":{"gitId":"JonathanKhooTY"},"content":"    public TextUI(){};"},{"lineNumber":12,"author":{"gitId":"JonathanKhooTY"},"content":""},{"lineNumber":13,"author":{"gitId":"JonathanKhooTY"},"content":"    public void printWelcomeMessage() {"},{"lineNumber":14,"author":{"gitId":"JonathanKhooTY"},"content":"        System.out.println(WELCOME_MESSAGE);"},{"lineNumber":15,"author":{"gitId":"JonathanKhooTY"},"content":"    }"},{"lineNumber":16,"author":{"gitId":"JonathanKhooTY"},"content":""},{"lineNumber":17,"author":{"gitId":"JonathanKhooTY"},"content":"    public String getUserCommand() {"},{"lineNumber":18,"author":{"gitId":"JonathanKhooTY"},"content":"        System.out.print(\"What would you like to do? Enter command: \");"},{"lineNumber":19,"author":{"gitId":"JonathanKhooTY"},"content":"        String fullInputLine \u003d in.nextLine();"},{"lineNumber":20,"author":{"gitId":"JonathanKhooTY"},"content":""},{"lineNumber":21,"author":{"gitId":"JonathanKhooTY"},"content":"        return fullInputLine.toLowerCase();"},{"lineNumber":22,"author":{"gitId":"JonathanKhooTY"},"content":"    }"},{"lineNumber":23,"author":{"gitId":"JonathanKhooTY"},"content":""},{"lineNumber":24,"author":{"gitId":"JonathanKhooTY"},"content":"    public void showToUser(String message) {"},{"lineNumber":25,"author":{"gitId":"JonathanKhooTY"},"content":"        System.out.println(message);"},{"lineNumber":26,"author":{"gitId":"JonathanKhooTY"},"content":"    }"},{"lineNumber":27,"author":{"gitId":"JonathanKhooTY"},"content":""},{"lineNumber":28,"author":{"gitId":"JonathanKhooTY"},"content":""},{"lineNumber":29,"author":{"gitId":"JonathanKhooTY"},"content":"}"}],"authorContributionMap":{"JonathanKhooTY":29}},{"path":"text-ui-test/input.txt","fileType":"txt","lines":[{"lineNumber":1,"author":{"gitId":"JonathanKhooTY"},"content":"add Buy Milk"},{"lineNumber":2,"author":{"gitId":"JonathanKhooTY"},"content":"list"},{"lineNumber":3,"author":{"gitId":"JonathanKhooTY"},"content":"add return book"},{"lineNumber":4,"author":{"gitId":"JonathanKhooTY"},"content":"list"}],"authorContributionMap":{"JonathanKhooTY":4}}]
