{"authorDailyContributionsMap":{"JonathanKhooTY":[{"date":"2021-01-20","commitResults":[{"hash":"b0365119575c15f200c940af13189c4cce6fb044","messageTitle":"Update ip with level-0 tasking","messageBody":"","tags":["Level-1"],"fileTypesAndContributionMap":{"java":{"insertions":7,"deletions":0}}}]},{"date":"2021-01-26","commitResults":[{"hash":"f921e31f21fefc1008fc4564e586c52c99b729d0","messageTitle":"Update code to satisfy Level 1 requirements","messageBody":"","tags":["Level-2"],"fileTypesAndContributionMap":{"java":{"insertions":15,"deletions":3}}},{"hash":"bbc9e51c375837bad6a36b872ac92e74dbba351e","messageTitle":"Update Duke.java with level-2 requirements","messageBody":"","tags":["Level-3"],"fileTypesAndContributionMap":{"java":{"insertions":28,"deletions":16}}}]},{"date":"2021-01-27","commitResults":[{"hash":"370afcea815a03861006721e2f1a48091cadd4bf","messageTitle":"Add new class and update Duke","messageBody":"","fileTypesAndContributionMap":{"java":{"insertions":43,"deletions":13}}},{"hash":"23ded8369c9b4e1ce089a1d86c1419c9d23c388c","messageTitle":"Update Duke.java with proper coding standard","messageBody":"","tags":["A-CodingStandard"],"fileTypesAndContributionMap":{"java":{"insertions":0,"deletions":2}}}]},{"date":"2021-02-04","commitResults":[{"hash":"1d3fe4fd6b54eac2a8f0f2e31e7dff125c404592","messageTitle":"Modify runtest files","messageBody":"","tags":["Level-4"],"fileTypesAndContributionMap":{"txt":{"insertions":4,"deletions":0},"java":{"insertions":25,"deletions":0}}},{"hash":"f079fa22fc5fa41cbec94019dcec2d2ac64a7ed6","messageTitle":"Update with level-4 requirements","messageBody":"","fileTypesAndContributionMap":{"java":{"insertions":116,"deletions":25}}}]},{"date":"2021-02-12","commitResults":[{"hash":"73f88ab2548c97626a0d32a351d907cc000e0927","messageTitle":"Update with error handling","messageBody":"","fileTypesAndContributionMap":{"java":{"insertions":62,"deletions":17}}}]},{"date":"2021-02-17","commitResults":[{"hash":"f3e36c3796a1b041d0742706f28b497877bb4225","messageTitle":"Update code with delete function","messageBody":"","tags":["Level-6"],"fileTypesAndContributionMap":{"java":{"insertions":37,"deletions":19}}}]},{"date":"2021-02-18","commitResults":[{"hash":"10980940d6741a7301ccfcaa9d73b3e7d2585625","messageTitle":"Added Duke.txt file","messageBody":"","fileTypesAndContributionMap":{"txt":{"insertions":1,"deletions":0}}},{"hash":"d291abd32f0f01d6c4dad37be4ef8aa6750e3bfa","messageTitle":"Update with filewriter and partial file reader","messageBody":"","tags":["Level-7"],"fileTypesAndContributionMap":{"java":{"insertions":56,"deletions":12}}},{"hash":"f6c1ccc89e6e4f6d1b30316432ebca9e718332be","messageTitle":"Update Duke with better exception handling and file reading","messageBody":"","fileTypesAndContributionMap":{"txt":{"insertions":0,"deletions":0},"java":{"insertions":147,"deletions":91}}},{"hash":"68a8e272e0676517a3ccc171142cffcb7ba9cbc4","messageTitle":"Update Duke with improved exception handling V2.0","messageBody":"","tags":["A-Jar"],"fileTypesAndContributionMap":{"java":{"insertions":68,"deletions":56}}},{"hash":"6413b93b602ee18fbe9cdb78e3b0c16004d6a878","messageTitle":"Update Duke with proper log out text","messageBody":"","fileTypesAndContributionMap":{"java":{"insertions":5,"deletions":0}}}]},{"date":"2021-02-24","commitResults":[{"hash":"9cc5cf7aa5ab9b7ae5c06e6c2cfbd67f8a919cd8","messageTitle":"Update Duke with major changes to make it more OOP","messageBody":"","tags":["A-MoreOOP"],"fileTypesAndContributionMap":{"java":{"insertions":339,"deletions":34}}}]},{"date":"2021-02-26","commitResults":[{"hash":"561f3af68907f730a1cb73fb321706330d3bfb83","messageTitle":"Update Duke to be more OOP V2.0","messageBody":"","fileTypesAndContributionMap":{"java":{"insertions":90,"deletions":11}}}]},{"date":"2021-02-27","commitResults":[{"hash":"2229a300b6b80826bc36736813493f2adb3e1e8a","messageTitle":"Update Duke with OOP version of deletion","messageBody":"","fileTypesAndContributionMap":{"java":{"insertions":76,"deletions":103}}}]},{"date":"2021-03-01","commitResults":[{"hash":"8aa341bf3b39be7cdce946bc7cd4bee40925891c","messageTitle":"Update Duke with Find command and other improvements","messageBody":"","fileTypesAndContributionMap":{"java":{"insertions":197,"deletions":32}}}]},{"date":"2021-03-02","commitResults":[{"hash":"d7338886a46ba34bf37ec14d9131f03fff9574fd","messageTitle":"Add javadoc into code","messageBody":"","fileTypesAndContributionMap":{"java":{"insertions":146,"deletions":155}}},{"hash":"33f7623072e3de8e753fb47dab35fcf6b60d9584","messageTitle":"Update file manager with ability to create new file","messageBody":"","tags":["A-JavaDoc"],"fileTypesAndContributionMap":{"txt":{"insertions":0,"deletions":1},"java":{"insertions":20,"deletions":12}}},{"hash":"ac22a754d3136be3b8bb85a2a01e3340c5429507","messageTitle":"Change name from Duke to Spark","messageBody":"","fileTypesAndContributionMap":{"java":{"insertions":4,"deletions":4}}},{"hash":"20567a5143bfe7b496affeaae91bcb1352eacdbe","messageTitle":"Add partial user guide","messageBody":"","fileTypesAndContributionMap":{"md":{"insertions":47,"deletions":9}}},{"hash":"d3976b5a14deb6323c9837ca39fa4f0075a28b2d","messageTitle":"Changes to userguide","messageBody":"","fileTypesAndContributionMap":{"md":{"insertions":14,"deletions":12}}},{"hash":"d1749b0f55c05d79f635ad05ebab7585b0df7043","messageTitle":"Update userguide","messageBody":"","fileTypesAndContributionMap":{"md":{"insertions":9,"deletions":9}}},{"hash":"da42812e48e44ad730129cd2160d32c9377aa255","messageTitle":"Update userguide","messageBody":"","fileTypesAndContributionMap":{"md":{"insertions":5,"deletions":1}}},{"hash":"d2d8d63e6fb5d22088474fdc6cec9460afacc59f","messageTitle":"Update userguide","messageBody":"","fileTypesAndContributionMap":{"md":{"insertions":118,"deletions":0}}},{"hash":"49348d5b2ff443b45af87239992a4fe3103c6601","messageTitle":"Update userguide","messageBody":"","fileTypesAndContributionMap":{"md":{"insertions":26,"deletions":44}}},{"hash":"d9b2b8bdde95eb3c2d0440ad19b4a00018320a6c","messageTitle":"Improved userguide V1.0","messageBody":"","fileTypesAndContributionMap":{"md":{"insertions":28,"deletions":17}}},{"hash":"dcc886870800dca65d2964ee146bd4a3aa4df0eb","messageTitle":"Update userguide V1.1","messageBody":"","fileTypesAndContributionMap":{"md":{"insertions":7,"deletions":6}}},{"hash":"6312651981e4006ba782093cd5adf4a7fdc917fe","messageTitle":"Improved Spark with better exception handling","messageBody":"","fileTypesAndContributionMap":{"java":{"insertions":90,"deletions":11}}},{"hash":"f08f912d26616f1254f86461aaf978d41419c0a6","messageTitle":"Update userguide","messageBody":"","fileTypesAndContributionMap":{"md":{"insertions":10,"deletions":5}}},{"hash":"21fcda3d24cf0cdb8827187ffe270e716d20a198","messageTitle":"Update Spark","messageBody":"","fileTypesAndContributionMap":{"java":{"insertions":1,"deletions":1}}}]},{"date":"2021-03-04","commitResults":[{"hash":"3c3c934196736529e0afa45c53aaf9ea122f9a00","messageTitle":"Update README with pictures","messageBody":"","fileTypesAndContributionMap":{"md":{"insertions":17,"deletions":7}}},{"hash":"27093e9a91942f893d1c774c5daceab91c777fb1","messageTitle":"Update README file and Userguide","messageBody":"","tags":["A-UserGuide"],"fileTypesAndContributionMap":{"md":{"insertions":12,"deletions":32}}},{"hash":"be40ec9aee739f4406c7296171091406feda8f36","messageTitle":"Fix bug","messageBody":"","fileTypesAndContributionMap":{"java":{"insertions":2,"deletions":0}}},{"hash":"b34d82aefb74a94fa28dcbe3cbeff4eb9915b80e","messageTitle":"Remove unnecessary code","messageBody":"","fileTypesAndContributionMap":{"java":{"insertions":100,"deletions":96}}},{"hash":"f8808d2de1f3127ca3d739ca58e672fa3db0117e","messageTitle":"Fix bug","messageBody":"","fileTypesAndContributionMap":{"java":{"insertions":3,"deletions":3}}},{"hash":"ba4996ec42f366ee4cda5104c6180229d840e87a","messageTitle":"Fix more bugs","messageBody":"","tags":["A-Release","A-Packages"],"fileTypesAndContributionMap":{"java":{"insertions":1,"deletions":1}}}]}]},"authorFileTypeContributionMap":{"JonathanKhooTY":{"java":971,"md":184,"fxml":0,"sh":0,"bat":0,"gradle":0,"txt":4}},"authorContributionVariance":{"JonathanKhooTY":19851.115},"authorDisplayNameMap":{"JonathanKhooTY":"CS2113T-T09-1 JONA..YANG"}}
