[{"path":"src/main/java/Deadline.java","fileType":"java","lines":[{"lineNumber":1,"author":{"gitId":"lamzf1998"},"content":"public class Deadline extends Task {"},{"lineNumber":2,"author":{"gitId":"lamzf1998"},"content":"    protected String byDate;"},{"lineNumber":3,"author":{"gitId":"lamzf1998"},"content":""},{"lineNumber":4,"author":{"gitId":"lamzf1998"},"content":"    public Deadline() {};"},{"lineNumber":5,"author":{"gitId":"lamzf1998"},"content":""},{"lineNumber":6,"author":{"gitId":"lamzf1998"},"content":"    public Deadline(String description, String by) {"},{"lineNumber":7,"author":{"gitId":"lamzf1998"},"content":"        super(description);"},{"lineNumber":8,"author":{"gitId":"lamzf1998"},"content":"        this.byDate \u003d by;"},{"lineNumber":9,"author":{"gitId":"lamzf1998"},"content":"    }"},{"lineNumber":10,"author":{"gitId":"lamzf1998"},"content":""},{"lineNumber":11,"author":{"gitId":"lamzf1998"},"content":"    public String printDescription() {"},{"lineNumber":12,"author":{"gitId":"lamzf1998"},"content":"        return \"[D]\" + super.printDescription() + \" (by: \" + byDate + \")\";"},{"lineNumber":13,"author":{"gitId":"lamzf1998"},"content":"    }"},{"lineNumber":14,"author":{"gitId":"lamzf1998"},"content":"}"}],"authorContributionMap":{"lamzf1998":14}},{"path":"src/main/java/Duke.java","fileType":"java","lines":[{"lineNumber":1,"author":{"gitId":"lamzf1998"},"content":"import java.util.Scanner;"},{"lineNumber":2,"author":{"gitId":"lamzf1998"},"content":""},{"lineNumber":3,"author":{"gitId":"-"},"content":"public class Duke {"},{"lineNumber":4,"author":{"gitId":"lamzf1998"},"content":""},{"lineNumber":5,"author":{"gitId":"-"},"content":"    public static void main(String[] args) {"},{"lineNumber":6,"author":{"gitId":"-"},"content":"        String logo \u003d \" ____        _        \\n\""},{"lineNumber":7,"author":{"gitId":"-"},"content":"                + \"|  _ \\\\ _   _| | _____ \\n\""},{"lineNumber":8,"author":{"gitId":"-"},"content":"                + \"| | | | | | | |/ / _ \\\\\\n\""},{"lineNumber":9,"author":{"gitId":"-"},"content":"                + \"| |_| | |_| |   \u003c  __/\\n\""},{"lineNumber":10,"author":{"gitId":"-"},"content":"                + \"|____/ \\\\__,_|_|\\\\_\\\\___|\\n\";"},{"lineNumber":11,"author":{"gitId":"lamzf1998"},"content":"        System.out.println(logo);"},{"lineNumber":12,"author":{"gitId":"lamzf1998"},"content":"        System.out.println(\"Hello there! I\u0027m Duke.\\nWhat can I do for you?\\n\");"},{"lineNumber":13,"author":{"gitId":"lamzf1998"},"content":""},{"lineNumber":14,"author":{"gitId":"lamzf1998"},"content":"        Task[] taskList \u003d new Task[100];"},{"lineNumber":15,"author":{"gitId":"lamzf1998"},"content":"        int count \u003d 0;"},{"lineNumber":16,"author":{"gitId":"lamzf1998"},"content":"        Scanner sc \u003d new Scanner(System.in);"},{"lineNumber":17,"author":{"gitId":"lamzf1998"},"content":"        Boolean isSame \u003d true;"},{"lineNumber":18,"author":{"gitId":"lamzf1998"},"content":""},{"lineNumber":19,"author":{"gitId":"lamzf1998"},"content":"        while (isSame) {"},{"lineNumber":20,"author":{"gitId":"lamzf1998"},"content":"            String input \u003d sc.nextLine();"},{"lineNumber":21,"author":{"gitId":"lamzf1998"},"content":"            String stringTask;"},{"lineNumber":22,"author":{"gitId":"lamzf1998"},"content":"            String stringDate \u003d null;"},{"lineNumber":23,"author":{"gitId":"lamzf1998"},"content":""},{"lineNumber":24,"author":{"gitId":"lamzf1998"},"content":"            /*Processes the input of the user."},{"lineNumber":25,"author":{"gitId":"lamzf1998"},"content":"            The type of task is indicated by the first substring and the task description is found after the first blank space."},{"lineNumber":26,"author":{"gitId":"lamzf1998"},"content":"            If a forward slash present,  ths substring is split into the task and the end date which is indicated by the slash."},{"lineNumber":27,"author":{"gitId":"lamzf1998"},"content":"             */"},{"lineNumber":28,"author":{"gitId":"lamzf1998"},"content":"            int indexOfSpace \u003d input.indexOf(\" \");"},{"lineNumber":29,"author":{"gitId":"lamzf1998"},"content":"            String subString \u003d input.substring(indexOfSpace+1);"},{"lineNumber":30,"author":{"gitId":"lamzf1998"},"content":""},{"lineNumber":31,"author":{"gitId":"lamzf1998"},"content":"            if (subString.contains(\"/\")) {"},{"lineNumber":32,"author":{"gitId":"lamzf1998"},"content":"                int indexOfSlash \u003d subString.indexOf(\"/\");"},{"lineNumber":33,"author":{"gitId":"lamzf1998"},"content":"                stringTask \u003d subString.substring(0, indexOfSlash-1);"},{"lineNumber":34,"author":{"gitId":"lamzf1998"},"content":"                String subStringDate \u003d subString.substring(indexOfSlash);"},{"lineNumber":35,"author":{"gitId":"lamzf1998"},"content":"                int indexNext \u003d subStringDate.indexOf(\" \");"},{"lineNumber":36,"author":{"gitId":"lamzf1998"},"content":"                String subStringEnd \u003d subStringDate.substring(indexNext+1);"},{"lineNumber":37,"author":{"gitId":"lamzf1998"},"content":"                stringDate \u003d subStringEnd;"},{"lineNumber":38,"author":{"gitId":"lamzf1998"},"content":"            }"},{"lineNumber":39,"author":{"gitId":"lamzf1998"},"content":"            else {"},{"lineNumber":40,"author":{"gitId":"lamzf1998"},"content":"                stringTask \u003d subString;"},{"lineNumber":41,"author":{"gitId":"lamzf1998"},"content":"            }"},{"lineNumber":42,"author":{"gitId":"lamzf1998"},"content":"            int taskNumber \u003d 0;"},{"lineNumber":43,"author":{"gitId":"lamzf1998"},"content":""},{"lineNumber":44,"author":{"gitId":"lamzf1998"},"content":"            // If input is \"bye\", system exits with message."},{"lineNumber":45,"author":{"gitId":"lamzf1998"},"content":"            if (input.equalsIgnoreCase(\"bye\")) {"},{"lineNumber":46,"author":{"gitId":"lamzf1998"},"content":"                System.out.println(\"Bye. Hope to see you again soon!\");"},{"lineNumber":47,"author":{"gitId":"lamzf1998"},"content":"                isSame \u003d false;"},{"lineNumber":48,"author":{"gitId":"lamzf1998"},"content":"                System.exit(0);"},{"lineNumber":49,"author":{"gitId":"-"},"content":"            }"},{"lineNumber":50,"author":{"gitId":"lamzf1998"},"content":""},{"lineNumber":51,"author":{"gitId":"lamzf1998"},"content":"            // If input is \"list\", list of tasks will be displayed."},{"lineNumber":52,"author":{"gitId":"lamzf1998"},"content":"            else if (input.equalsIgnoreCase(\"list\")) {"},{"lineNumber":53,"author":{"gitId":"lamzf1998"},"content":"                System.out.println(\"Here are the tasks in your list: \");"},{"lineNumber":54,"author":{"gitId":"lamzf1998"},"content":"                for (int i\u003d0; i\u003c taskList.length; i++){"},{"lineNumber":55,"author":{"gitId":"lamzf1998"},"content":"                    if (taskList[i] !\u003d null){"},{"lineNumber":56,"author":{"gitId":"lamzf1998"},"content":"                        System.out.println(i+1 + \". \" + taskList[i].printDescription());"},{"lineNumber":57,"author":{"gitId":"lamzf1998"},"content":"                    }"},{"lineNumber":58,"author":{"gitId":"lamzf1998"},"content":"                }"},{"lineNumber":59,"author":{"gitId":"lamzf1998"},"content":"            }"},{"lineNumber":60,"author":{"gitId":"lamzf1998"},"content":""},{"lineNumber":61,"author":{"gitId":"lamzf1998"},"content":"            // Identifies the task number to be marked as done."},{"lineNumber":62,"author":{"gitId":"lamzf1998"},"content":"            else if (input.contains(\"done\")) {"},{"lineNumber":63,"author":{"gitId":"lamzf1998"},"content":"                for (int i \u003d 0; i \u003cinput.length(); i++) {"},{"lineNumber":64,"author":{"gitId":"lamzf1998"},"content":"                    char character \u003d input.charAt(i);"},{"lineNumber":65,"author":{"gitId":"lamzf1998"},"content":"                    int index \u003d i;"},{"lineNumber":66,"author":{"gitId":"lamzf1998"},"content":"                    if (++index \u003d\u003d input.length()) {"},{"lineNumber":67,"author":{"gitId":"lamzf1998"},"content":"                        if(Character.isDigit(character)) {"},{"lineNumber":68,"author":{"gitId":"lamzf1998"},"content":"                            taskNumber \u003d Character.getNumericValue(character);"},{"lineNumber":69,"author":{"gitId":"lamzf1998"},"content":"                            break;"},{"lineNumber":70,"author":{"gitId":"lamzf1998"},"content":"                        }"},{"lineNumber":71,"author":{"gitId":"lamzf1998"},"content":"                    }"},{"lineNumber":72,"author":{"gitId":"lamzf1998"},"content":"                    char characterTwo \u003d input.charAt(index);"},{"lineNumber":73,"author":{"gitId":"lamzf1998"},"content":"                    if(Character.isDigit(character) \u0026\u0026 Character.isDigit(characterTwo)) {"},{"lineNumber":74,"author":{"gitId":"lamzf1998"},"content":"                        taskNumber \u003d Character.getNumericValue(character)*10 + Character.getNumericValue(characterTwo);"},{"lineNumber":75,"author":{"gitId":"lamzf1998"},"content":"                        break;"},{"lineNumber":76,"author":{"gitId":"lamzf1998"},"content":"                    }"},{"lineNumber":77,"author":{"gitId":"lamzf1998"},"content":"                }"},{"lineNumber":78,"author":{"gitId":"lamzf1998"},"content":"                System.out.println(\"Nice! I\u0027ve marked this task as done: \");"},{"lineNumber":79,"author":{"gitId":"lamzf1998"},"content":"                taskList[taskNumber-1].markAsDone();"},{"lineNumber":80,"author":{"gitId":"lamzf1998"},"content":"                System.out.println(taskList[taskNumber-1].printDescription());"},{"lineNumber":81,"author":{"gitId":"lamzf1998"},"content":"            }"},{"lineNumber":82,"author":{"gitId":"lamzf1998"},"content":""},{"lineNumber":83,"author":{"gitId":"lamzf1998"},"content":"            // Classify task as ToDo."},{"lineNumber":84,"author":{"gitId":"lamzf1998"},"content":"            else if (input.contains(\"todo\")) {"},{"lineNumber":85,"author":{"gitId":"lamzf1998"},"content":"                taskList[count] \u003d new toDo(stringTask);"},{"lineNumber":86,"author":{"gitId":"lamzf1998"},"content":"                System.out.println(\"Got it. I\u0027ve added this task: \");"},{"lineNumber":87,"author":{"gitId":"lamzf1998"},"content":"                System.out.println(taskList[count].printDescription());"},{"lineNumber":88,"author":{"gitId":"lamzf1998"},"content":"                count++;"},{"lineNumber":89,"author":{"gitId":"lamzf1998"},"content":"                System.out.println(\"Now you have \" + count + \" tasks in the list.\");"},{"lineNumber":90,"author":{"gitId":"lamzf1998"},"content":"            }"},{"lineNumber":91,"author":{"gitId":"lamzf1998"},"content":""},{"lineNumber":92,"author":{"gitId":"lamzf1998"},"content":"            // Classify task as Deadline."},{"lineNumber":93,"author":{"gitId":"lamzf1998"},"content":"            else if (input.contains(\"deadline\")) {"},{"lineNumber":94,"author":{"gitId":"lamzf1998"},"content":"                taskList[count] \u003d new Deadline(stringTask, stringDate);"},{"lineNumber":95,"author":{"gitId":"lamzf1998"},"content":"                System.out.println(\"Got it. I\u0027ve added this task: \");"},{"lineNumber":96,"author":{"gitId":"lamzf1998"},"content":"                System.out.println(taskList[count].printDescription());"},{"lineNumber":97,"author":{"gitId":"lamzf1998"},"content":"                count++;"},{"lineNumber":98,"author":{"gitId":"lamzf1998"},"content":"                System.out.println(\"Now you have \" + count + \" tasks in the list.\");"},{"lineNumber":99,"author":{"gitId":"lamzf1998"},"content":"            }"},{"lineNumber":100,"author":{"gitId":"lamzf1998"},"content":""},{"lineNumber":101,"author":{"gitId":"lamzf1998"},"content":"            // Classify task as Event."},{"lineNumber":102,"author":{"gitId":"lamzf1998"},"content":"            else if (input.contains(\"event\")) {"},{"lineNumber":103,"author":{"gitId":"lamzf1998"},"content":"                taskList[count] \u003d new Event(stringTask, stringDate);"},{"lineNumber":104,"author":{"gitId":"lamzf1998"},"content":"                System.out.println(\"Got it. I\u0027ve added this task: \");"},{"lineNumber":105,"author":{"gitId":"lamzf1998"},"content":"                System.out.println(taskList[count].printDescription());"},{"lineNumber":106,"author":{"gitId":"lamzf1998"},"content":"                count++;"},{"lineNumber":107,"author":{"gitId":"lamzf1998"},"content":"                System.out.println(\"Now you have \" + count + \" tasks in the list.\");"},{"lineNumber":108,"author":{"gitId":"lamzf1998"},"content":"            }"},{"lineNumber":109,"author":{"gitId":"lamzf1998"},"content":""},{"lineNumber":110,"author":{"gitId":"lamzf1998"},"content":"            // Adds in a new task."},{"lineNumber":111,"author":{"gitId":"lamzf1998"},"content":"            else {"},{"lineNumber":112,"author":{"gitId":"lamzf1998"},"content":"                taskList[count] \u003d new Task(input);"},{"lineNumber":113,"author":{"gitId":"lamzf1998"},"content":"                System.out.println(\"Added new task: \" + taskList[count].getDescription());"},{"lineNumber":114,"author":{"gitId":"lamzf1998"},"content":"                count++;"},{"lineNumber":115,"author":{"gitId":"lamzf1998"},"content":"                System.out.println(\"You now have \" + count + \" tasks in your list.\");"},{"lineNumber":116,"author":{"gitId":"lamzf1998"},"content":"            }"},{"lineNumber":117,"author":{"gitId":"lamzf1998"},"content":"        }"},{"lineNumber":118,"author":{"gitId":"-"},"content":"    }"},{"lineNumber":119,"author":{"gitId":"-"},"content":"}"}],"authorContributionMap":{"lamzf1998":109,"-":10}},{"path":"src/main/java/Event.java","fileType":"java","lines":[{"lineNumber":1,"author":{"gitId":"lamzf1998"},"content":"public class Event extends Task {"},{"lineNumber":2,"author":{"gitId":"lamzf1998"},"content":"    protected String atDate;"},{"lineNumber":3,"author":{"gitId":"lamzf1998"},"content":""},{"lineNumber":4,"author":{"gitId":"lamzf1998"},"content":"    public Event() {};"},{"lineNumber":5,"author":{"gitId":"lamzf1998"},"content":""},{"lineNumber":6,"author":{"gitId":"lamzf1998"},"content":"    public Event(String description, String at) {"},{"lineNumber":7,"author":{"gitId":"lamzf1998"},"content":"        super(description);"},{"lineNumber":8,"author":{"gitId":"lamzf1998"},"content":"        this.atDate \u003d at;"},{"lineNumber":9,"author":{"gitId":"lamzf1998"},"content":"    }"},{"lineNumber":10,"author":{"gitId":"lamzf1998"},"content":""},{"lineNumber":11,"author":{"gitId":"lamzf1998"},"content":"    public String printDescription() {"},{"lineNumber":12,"author":{"gitId":"lamzf1998"},"content":"        return \"[E]\" + super.printDescription() + \" (at: \" + atDate + \")\";"},{"lineNumber":13,"author":{"gitId":"lamzf1998"},"content":"    }"},{"lineNumber":14,"author":{"gitId":"lamzf1998"},"content":"}"}],"authorContributionMap":{"lamzf1998":14}},{"path":"src/main/java/Task.java","fileType":"java","lines":[{"lineNumber":1,"author":{"gitId":"lamzf1998"},"content":"public class Task{"},{"lineNumber":2,"author":{"gitId":"lamzf1998"},"content":"    protected String description;"},{"lineNumber":3,"author":{"gitId":"lamzf1998"},"content":"    protected boolean isDone;"},{"lineNumber":4,"author":{"gitId":"lamzf1998"},"content":""},{"lineNumber":5,"author":{"gitId":"lamzf1998"},"content":"    public Task() {}"},{"lineNumber":6,"author":{"gitId":"lamzf1998"},"content":""},{"lineNumber":7,"author":{"gitId":"lamzf1998"},"content":"    public Task(String description) {"},{"lineNumber":8,"author":{"gitId":"lamzf1998"},"content":"        this.description \u003d description;"},{"lineNumber":9,"author":{"gitId":"lamzf1998"},"content":"        this.isDone \u003d false;"},{"lineNumber":10,"author":{"gitId":"lamzf1998"},"content":"    }"},{"lineNumber":11,"author":{"gitId":"lamzf1998"},"content":""},{"lineNumber":12,"author":{"gitId":"lamzf1998"},"content":"    public String getDescription() {"},{"lineNumber":13,"author":{"gitId":"lamzf1998"},"content":"        return description;"},{"lineNumber":14,"author":{"gitId":"lamzf1998"},"content":"    }"},{"lineNumber":15,"author":{"gitId":"lamzf1998"},"content":""},{"lineNumber":16,"author":{"gitId":"lamzf1998"},"content":"    public void addDescription(String description) {"},{"lineNumber":17,"author":{"gitId":"lamzf1998"},"content":"        this.description \u003d description;"},{"lineNumber":18,"author":{"gitId":"lamzf1998"},"content":"    }"},{"lineNumber":19,"author":{"gitId":"lamzf1998"},"content":""},{"lineNumber":20,"author":{"gitId":"lamzf1998"},"content":"    public void setAsDone(boolean done) {"},{"lineNumber":21,"author":{"gitId":"lamzf1998"},"content":"        isDone \u003d done;"},{"lineNumber":22,"author":{"gitId":"lamzf1998"},"content":"    }"},{"lineNumber":23,"author":{"gitId":"lamzf1998"},"content":""},{"lineNumber":24,"author":{"gitId":"lamzf1998"},"content":"    public void markAsDone() {"},{"lineNumber":25,"author":{"gitId":"lamzf1998"},"content":"        isDone \u003d true;"},{"lineNumber":26,"author":{"gitId":"lamzf1998"},"content":"    }"},{"lineNumber":27,"author":{"gitId":"lamzf1998"},"content":""},{"lineNumber":28,"author":{"gitId":"lamzf1998"},"content":"    public String getStatusIcon() {"},{"lineNumber":29,"author":{"gitId":"lamzf1998"},"content":"        return (isDone ? \"\\u2713\" : \"\\u0020\");"},{"lineNumber":30,"author":{"gitId":"lamzf1998"},"content":"    }"},{"lineNumber":31,"author":{"gitId":"lamzf1998"},"content":""},{"lineNumber":32,"author":{"gitId":"lamzf1998"},"content":"    public String printDescription() {"},{"lineNumber":33,"author":{"gitId":"lamzf1998"},"content":"        return \"[\" + this.getStatusIcon() + \"] \" + this.description;"},{"lineNumber":34,"author":{"gitId":"lamzf1998"},"content":"    }"},{"lineNumber":35,"author":{"gitId":"lamzf1998"},"content":"}"}],"authorContributionMap":{"lamzf1998":35}},{"path":"src/main/java/toDo.java","fileType":"java","lines":[{"lineNumber":1,"author":{"gitId":"lamzf1998"},"content":"public class toDo extends Task {"},{"lineNumber":2,"author":{"gitId":"lamzf1998"},"content":"    public toDo() {};"},{"lineNumber":3,"author":{"gitId":"lamzf1998"},"content":"    public toDo(String description) {"},{"lineNumber":4,"author":{"gitId":"lamzf1998"},"content":"        super(description);"},{"lineNumber":5,"author":{"gitId":"lamzf1998"},"content":"    }"},{"lineNumber":6,"author":{"gitId":"lamzf1998"},"content":""},{"lineNumber":7,"author":{"gitId":"lamzf1998"},"content":"    public String printDescription() {"},{"lineNumber":8,"author":{"gitId":"lamzf1998"},"content":"        return \"[T]\" + super.printDescription();"},{"lineNumber":9,"author":{"gitId":"lamzf1998"},"content":"    }"},{"lineNumber":10,"author":{"gitId":"lamzf1998"},"content":"}"}],"authorContributionMap":{"lamzf1998":10}},{"path":"text-ui-test/input.txt","fileType":"txt","lines":[{"lineNumber":1,"author":{"gitId":"lamzf1998"},"content":"todo running"},{"lineNumber":2,"author":{"gitId":"lamzf1998"},"content":"list"},{"lineNumber":3,"author":{"gitId":"lamzf1998"},"content":"bye"}],"authorContributionMap":{"lamzf1998":3}}]
