{"authorDailyContributionsMap":{"lamzf1998":[{"date":"2021-01-18","commitResults":[{"hash":"c380181ff9c7396d21406a765b8aa71285075ed4","messageTitle":"Update readme to reflect new IntelliJ version","messageBody":"","fileTypesAndContributionMap":{"md":{"insertions":10,"deletions":10}}},{"hash":"8cf74a9bf270a216eeedae558b9ebe1681ed3386","messageTitle":"Update README.md","messageBody":"","fileTypesAndContributionMap":{"md":{"insertions":2,"deletions":2}}}]},{"date":"2021-01-22","commitResults":[{"hash":"1eddaa54800a35826a44267137df697cbed1a024","messageTitle":"Welcome","messageBody":"","fileTypesAndContributionMap":{"java":{"insertions":4,"deletions":1}}},{"hash":"04261e3e68a87c47f57476421551cdcc08e11e78","messageTitle":"Welcome","messageBody":"","fileTypesAndContributionMap":{"java":{"insertions":1,"deletions":1}}},{"hash":"d7072e85e24fe5953209e9ad8e303de4d506c2b0","messageTitle":"Update Duke.java","messageBody":"","tags":["Level-0"],"fileTypesAndContributionMap":{"java":{"insertions":1,"deletions":1}}},{"hash":"0ac1e44e1b47cc2204805a135bf6b2d28e84fb11","messageTitle":"Update Duke.java","messageBody":"","tags":["Level-1"],"fileTypesAndContributionMap":{"java":{"insertions":18,"deletions":2}}},{"hash":"a49f1501fb09f5e95d8222226aeb0497cede2264","messageTitle":"Update Duke.java","messageBody":"","tags":["Level-2"],"fileTypesAndContributionMap":{"java":{"insertions":29,"deletions":9}}},{"hash":"2949df4ad04afd8967199ac3ed501ea5df944f58","messageTitle":"Update Duke.java","messageBody":"","fileTypesAndContributionMap":{"java":{"insertions":0,"deletions":1}}},{"hash":"964843e631c894d03dd3e5332116c726a254cd56","messageTitle":"Revert \"Update Duke.java\"","messageBody":"This reverts commit 2949df4ad04afd8967199ac3ed501ea5df944f58.\n","fileTypesAndContributionMap":{"java":{"insertions":1,"deletions":0}}},{"hash":"4936e5e1857474a9eeebda90f5e37edcdcfe50aa","messageTitle":"Create Task.java","messageBody":"","fileTypesAndContributionMap":{"java":{"insertions":16,"deletions":0}}}]},{"date":"2021-01-23","commitResults":[{"hash":"786533e3dbdebeb20e426d250054ecfca53a168e","messageTitle":"Update Task.java","messageBody":"","fileTypesAndContributionMap":{"java":{"insertions":47,"deletions":8}}},{"hash":"530fe6d21d5952701eaa5077b499a71edde9ae91","messageTitle":"Update Duke.java","messageBody":"","fileTypesAndContributionMap":{"java":{"insertions":18,"deletions":25}}},{"hash":"505213de1d6482e6fca6ad001a951be9d2032248","messageTitle":"Delete Task.java","messageBody":"","fileTypesAndContributionMap":{"java":{"insertions":0,"deletions":16}}},{"hash":"71bfa12663d244eaf71892f2ac113752609f8227","messageTitle":"Update Duke and Create Task","messageBody":"","fileTypesAndContributionMap":{"java":{"insertions":57,"deletions":5}}},{"hash":"87dd9c71965fff933bef70f88e5b2772174b257d","messageTitle":"Update Duke and Task","messageBody":"","tags":["Level-3-updated"],"fileTypesAndContributionMap":{"java":{"insertions":6,"deletions":4}}}]},{"date":"2021-01-30","commitResults":[{"hash":"1a372200f8fea0bf7facfbdd2b5e6634ec84c5a9","messageTitle":"Update iP","messageBody":"Update on Duke and Task (redo without HashMap)\nCreated toDo, Event and Deadline classes\n","tags":["Level-4"],"fileTypesAndContributionMap":{"java":{"insertions":149,"deletions":57}}},{"hash":"19b7d1febc9a7b4f2a2c7171191955ddcb67be8a","messageTitle":"Update Duke.java","messageBody":"","fileTypesAndContributionMap":{"java":{"insertions":12,"deletions":1}}},{"hash":"55d2c775ea2d869cee2dd163fdff333cdd519571","messageTitle":"Update Duke.java","messageBody":"","fileTypesAndContributionMap":{"java":{"insertions":2,"deletions":2}}}]},{"date":"2021-01-31","commitResults":[{"hash":"0cdc728762bb19289362be70127c880812f6d2eb","messageTitle":"Update Duke.java","messageBody":"","tags":["A--CodingQuality"],"fileTypesAndContributionMap":{"java":{"insertions":7,"deletions":14}}}]},{"date":"2021-02-01","commitResults":[{"hash":"0173bbe3aa02ae47e65184b47501fcf88256f591","messageTitle":"Update textUiTesting","messageBody":"","tags":["A-TextUiTesting"],"fileTypesAndContributionMap":{"txt":{"insertions":3,"deletions":0},"bat":{"insertions":1,"deletions":1}}}]}]},"authorFileTypeContributionMap":{"lamzf1998":{"java":182,"md":9,"fxml":0,"sh":0,"bat":0,"gradle":0,"txt":3}},"authorContributionVariance":{"lamzf1998":3597.289},"authorDisplayNameMap":{"lamzf1998":"LAM .. FAH"}}
