{"authorDailyContributionsMap":{"Cocokkkk":[{"date":"2021-01-20","commitResults":[{"hash":"69f24399c79dbdb90892ae3dc9116d3ed362192e","messageTitle":"Level0.Greet","messageBody":"","fileTypesAndContributionMap":{"java":{"insertions":6,"deletions":0}}}]},{"date":"2021-01-25","commitResults":[{"hash":"b3d3bbf7dc9e73d40ecc5a1cbc401830f2e6a4dc","messageTitle":"Level 1. Greet, Echo, Exit","messageBody":"","fileTypesAndContributionMap":{"java":{"insertions":19,"deletions":2}}},{"hash":"eea44423997b4a745d032974f5bde28f0ecddf52","messageTitle":"Level 1. Greet, Echo, Exit","messageBody":"","tags":["Level-1"],"fileTypesAndContributionMap":{"java":{"insertions":9,"deletions":4}}}]},{"date":"2021-01-26","commitResults":[{"hash":"e413543dda549ef694ccfa7cf48afc18d29f5915","messageTitle":"Level-2: Add, List","messageBody":"","tags":["Level-2"],"fileTypesAndContributionMap":{"java":{"insertions":42,"deletions":20}}},{"hash":"2812ab9c0118a25def8c4b305d8e766536dbc537","messageTitle":"Level 3. Mark as Done","messageBody":"","fileTypesAndContributionMap":{"java":{"insertions":33,"deletions":5}}},{"hash":"d539039ecad10d7eec72b0ac44c7049a03ef850b","messageTitle":"Level-3: Mark as Done","messageBody":"","tags":["Level-3","A-CodingStandard"],"fileTypesAndContributionMap":{"java":{"insertions":1,"deletions":0}}}]},{"date":"2021-01-30","commitResults":[{"hash":"3568433877753e3dbe76720d6eaa95b72f2c1f23","messageTitle":"Extension: A-Classes Task","messageBody":"","tags":["A-Classes"],"fileTypesAndContributionMap":{"java":{"insertions":2,"deletions":1}}}]},{"date":"2021-02-02","commitResults":[{"hash":"61bfbdded0e9a1969c679d44d9285f4d597f5529","messageTitle":"Level-4: ToDos, Events, Deadlines 1.ToDos: tasks without any date/time attached to it e.g., go home 2.Deadlines: tasks that need to be done before a specific date/time e.g., submit report by 11/02/2021 11pm 3.Events: tasks that start at a specific time and ends at a specific time e.g., project meeting on 11/02/2021 2-4pm","messageBody":"","tags":["Level-4","A-Inheritance"],"fileTypesAndContributionMap":{"java":{"insertions":68,"deletions":21}}},{"hash":"67507e0021d496da9473d35d33d245743d211a0e","messageTitle":"A-TextUiTesting: Automated Text UI Testing","messageBody":"","tags":["A-TextUiTesting"],"fileTypesAndContributionMap":{"txt":{"insertions":5,"deletions":0}}},{"hash":"8af8a3707750688acfaf16013aeca49bb8f651c0","messageTitle":"A-CodeQuality: Improve code quality","messageBody":"","tags":["A-CodeQuality"],"fileTypesAndContributionMap":{"java":{"insertions":9,"deletions":10}}}]},{"date":"2021-02-04","commitResults":[{"hash":"a17c5a7c8d3ff4e343a625c4911c5ce2484226c3","messageTitle":"Level-4: ToDos, Events, Deadlines 1. ToDos: tasks without any date/time attached to it e.g., visit new theme park 2. Deadlines: tasks that need to be done before a specific date/time e.g.submit a report by 05/02/2021 3. Events: tasks that start at a specific time and ends at a specific time e.g.team project meeting at Friday 2-4pm","messageBody":"","tags":["Level-4----UpdateMarkdone"],"fileTypesAndContributionMap":{"java":{"insertions":23,"deletions":8}}}]},{"date":"2021-02-08","commitResults":[{"hash":"4cfd537adeb2a0fbe25f73f61b29a9e9a829f018","messageTitle":"Level5.Handle Errors Teach Duke to deal with errors such as incorrect inputs entered by user","messageBody":"","tags":["Level-5"],"fileTypesAndContributionMap":{"java":{"insertions":68,"deletions":22},"bat":{"insertions":2,"deletions":2},"md":{"insertions":2,"deletions":2}}}]},{"date":"2021-02-09","commitResults":[{"hash":"43c00ebb92e8478ed28b8cd33f09cd445c9333a6","messageTitle":"A-Exception:Use Exceptions to handle errors","messageBody":"","tags":["A-Exceptions"],"fileTypesAndContributionMap":{"java":{"insertions":55,"deletions":26}}},{"hash":"520f658e2511ef632ea0b53dbfc7511347f90e8d","messageTitle":"A-Packages: Organize into Packages Divide classes into packages","messageBody":"","tags":["A-Packages"],"fileTypesAndContributionMap":{"java":{"insertions":10,"deletions":10},"bat":{"insertions":2,"deletions":2},"md":{"insertions":2,"deletions":2}}}]},{"date":"2021-02-10","commitResults":[{"hash":"b0df7e60f5fd0703a8231dbce825a3e8d9b5d83a","messageTitle":"test","messageBody":"","fileTypesAndContributionMap":{"txt":{"insertions":2,"deletions":1}}},{"hash":"0fe9e21400ff5da19f9f4a44f972e838b51d44f0","messageTitle":"update test-ui-test for exceptions","messageBody":"","fileTypesAndContributionMap":{"txt":{"insertions":1,"deletions":1}}}]},{"date":"2021-02-15","commitResults":[{"hash":"f6c48737ea497d0b4072da7631611bf5598f33b7","messageTitle":"Level 6. Delete Add support for deleting tasks from the list","messageBody":"","fileTypesAndContributionMap":{"java":{"insertions":29,"deletions":12}}}]},{"date":"2021-02-16","commitResults":[{"hash":"d9e2715117d1f118c7f5ab621aa707ef3dc39da9","messageTitle":"Level 7. Save Save the tasks in the hard disk automatically whenever the task list changes. Load the data from the hard disk when Duke starts up.","messageBody":"","fileTypesAndContributionMap":{"txt":{"insertions":6,"deletions":0},"java":{"insertions":98,"deletions":15}}}]},{"date":"2021-02-18","commitResults":[{"hash":"6d60478f154f76267a29cb5d960d9e13fcba3fde","messageTitle":"update duke 18/02/2021","messageBody":"","fileTypesAndContributionMap":{"txt":{"insertions":0,"deletions":6}}}]},{"date":"2021-02-25","commitResults":[{"hash":"8c9779b3146b32f3dbc17997451dbeb34255d903","messageTitle":"A-More OOP: Use More OOP (Ui, Storage,Parser,TaskList...)","messageBody":"","tags":["A-MoreOOP"],"fileTypesAndContributionMap":{"txt":{"insertions":2,"deletions":0},"java":{"insertions":346,"deletions":215}}}]},{"date":"2021-02-28","commitResults":[{"hash":"cc924b6b1b8d804a46443bdde24b71b671abfa45","messageTitle":"Level 9: Find Give users a way to find a task by searching for a keyword.","messageBody":"","tags":["Level-9"],"fileTypesAndContributionMap":{"txt":{"insertions":1,"deletions":1},"java":{"insertions":38,"deletions":0}}},{"hash":"53292d30cf99e2a07a9a4a60feed19732d85f25c","messageTitle":"A-Java-Doc Add JavaDoc comments to the code","messageBody":"","fileTypesAndContributionMap":{"txt":{"insertions":1,"deletions":0},"java":{"insertions":219,"deletions":5}}},{"hash":"9a0d3e0b6bff6c35ad98503b9ee69f1a0b9df79c","messageTitle":"Level 8.Dates and Times Teach Duke how to understand dates and times. For example, if the command is deadline return book /by 2/12/2019 1800, Duke should understand 2/12/2019 1800 as 2nd of December 2019, 6pm, instead of treating it as just a String.","messageBody":"","fileTypesAndContributionMap":{"txt":{"insertions":2,"deletions":3},"java":{"insertions":89,"deletions":5}}},{"hash":"a8f0094beb57c577baab562e1d6fb1bfbf651cdc","messageTitle":"Level 8. Dates and Times Teach Duke how to understand dates and times. For example, if the command is deadline return book /by 2/12/2019 1800, Duke should understand 2/12/2019 1800 as 2nd of December 2019, 6pm, instead of treating it as just a String.","messageBody":"","fileTypesAndContributionMap":{"java":{"insertions":2,"deletions":12}}}]}]},"authorFileTypeContributionMap":{"Cocokkkk":{"java":781,"md":2,"fxml":0,"sh":0,"bat":2,"gradle":0,"txt":8}},"authorContributionVariance":{"Cocokkkk":9585.101},"authorDisplayNameMap":{"Cocokkkk":"CS2113T-T09-4 LI K..XUAN"}}
