{"authorDailyContributionsMap":{"kangxinwang":[{"date":"2021-01-19","commitResults":[{"hash":"69f0894aa1ec5d107af1ef3f6a9bda063e5f2da4","messageTitle":"first","messageBody":"","tags":["Level-0"],"fileTypesAndContributionMap":{"java":{"insertions":8,"deletions":0}}}]},{"date":"2021-01-24","commitResults":[{"hash":"8995573288fc05ddc46ea1cda12291076ae99cee","messageTitle":"Level 1","messageBody":"Greet, Echo, Exit\n","tags":["Level-1"],"fileTypesAndContributionMap":{"java":{"insertions":16,"deletions":10}}}]},{"date":"2021-01-25","commitResults":[{"hash":"08d08da778b097f5ed40a05f586680bf70575d64","messageTitle":"Level-2","messageBody":"","tags":["Level-2"],"fileTypesAndContributionMap":{"java":{"insertions":36,"deletions":10}}}]},{"date":"2021-01-26","commitResults":[{"hash":"4e1c5ec6fffd571822b31d0e1b5a2231fabd3688","messageTitle":"Level-3","messageBody":"","fileTypesAndContributionMap":{"java":{"insertions":62,"deletions":15}}},{"hash":"a83210d18bb6a5319fb64d4bbb64020b771b814d","messageTitle":"modified setIsDone","messageBody":"","tags":["Level-3"],"fileTypesAndContributionMap":{"java":{"insertions":1,"deletions":1}}},{"hash":"fffd73318e9d1fb74cf4d3d81a9b6109dac12c98","messageTitle":"adhere to coding standards","messageBody":"","tags":["A-CodingStandard"],"fileTypesAndContributionMap":{"java":{"insertions":3,"deletions":6}}}]},{"date":"2021-02-03","commitResults":[{"hash":"cb649461c2ae6379a4d8ebab9065c04d24e3498e","messageTitle":"Added Todo, Event and Deadline classes","messageBody":"","tags":["Level-4"],"fileTypesAndContributionMap":{"java":{"insertions":110,"deletions":30}}},{"hash":"10da6a56edf60c837a1190f351f2817e11008232","messageTitle":"Rename method to improve code quality","messageBody":"","tags":["A-CodeQuality"],"fileTypesAndContributionMap":{"java":{"insertions":2,"deletions":3}}}]},{"date":"2021-02-07","commitResults":[{"hash":"5ebac8abf224d63be0736e09ed425f3a9baa46ba","messageTitle":"handle errors","messageBody":"","tags":["Level-5","A-Exceptions"],"fileTypesAndContributionMap":{"java":{"insertions":49,"deletions":37}}},{"hash":"403fbdce64dcae3e5cccdcac72f3d587a5f3a42b","messageTitle":"divide classes into packages","messageBody":"","tags":["A-Packages","A-Collections"],"fileTypesAndContributionMap":{"java":{"insertions":17,"deletions":1}}}]},{"date":"2021-02-18","commitResults":[{"hash":"c16b68f1cf948fe3b0dc9865b5a15b084a315a95","messageTitle":"level-7","messageBody":"","tags":["Level-7","Level-6"],"fileTypesAndContributionMap":{"txt":{"insertions":1,"deletions":0},"java":{"insertions":96,"deletions":38}}},{"hash":"e7662fe6698b91917f65d56403a44501f32ef37e","messageTitle":"package the app as an executable jar file","messageBody":"","tags":["v1.0","A-Jar"],"fileTypesAndContributionMap":{"java":{"insertions":2,"deletions":2}}},{"hash":"97ec9c8e510a4535f80077c5ae12e3276e0a0520","messageTitle":"edited errors","messageBody":"","fileTypesAndContributionMap":{"java":{"insertions":43,"deletions":16}}}]},{"date":"2021-02-19","commitResults":[{"hash":"676fb265c8df7bbf6fdd6feca6f408f4734d20af","messageTitle":"fixed bugs","messageBody":"","tags":["v0.1"],"fileTypesAndContributionMap":{"txt":{"insertions":1,"deletions":1},"java":{"insertions":81,"deletions":72}}}]},{"date":"2021-02-26","commitResults":[{"hash":"df93cb235539cccb8681b6cfe1dad11bbe831b5b","messageTitle":"made code more OOP","messageBody":"","tags":["A-MoreOOP"],"fileTypesAndContributionMap":{"txt":{"insertions":3,"deletions":1},"java":{"insertions":306,"deletions":212}}}]},{"date":"2021-02-27","commitResults":[{"hash":"88c04836c596ce9194742f398e4441055e3a80ab","messageTitle":"add find method","messageBody":"","fileTypesAndContributionMap":{"txt":{"insertions":1,"deletions":2},"java":{"insertions":28,"deletions":4}}},{"hash":"c55c157fd9f5fc05a8c973762d7504cf845637c6","messageTitle":"add javadoc","messageBody":"","fileTypesAndContributionMap":{"java":{"insertions":146,"deletions":17}}}]}]},"authorFileTypeContributionMap":{"kangxinwang":{"java":539,"md":0,"fxml":0,"sh":0,"bat":0,"gradle":0,"txt":2}},"authorContributionVariance":{"kangxinwang":7731.3745},"authorDisplayNameMap":{"kangxinwang":"CS2113-T10-4 WANG..GXIN"}}
