{"authorDailyContributionsMap":{"BlubberMonster":[{"date":"2021-01-18","commitResults":[{"hash":"0ffecfcc47de0562e3833242d0fc273af429dfaf","messageTitle":"Add IP Level-0","messageBody":"","fileTypesAndContributionMap":{"java":{"insertions":6,"deletions":6}}}]},{"date":"2021-01-25","commitResults":[{"hash":"133573e890b485ca6a61d13edaa0f58ba161ca1f","messageTitle":"Add Individual Project Level-1","messageBody":"","tags":["Level-1"],"fileTypesAndContributionMap":{"java":{"insertions":17,"deletions":3}}},{"hash":"d897067958f19c93a86234608ecc7779635604b2","messageTitle":"Add Individual Project Level-2","messageBody":"","tags":["Level-2"],"fileTypesAndContributionMap":{"java":{"insertions":12,"deletions":3}}}]},{"date":"2021-01-26","commitResults":[{"hash":"34b38dfb4fbeb3f20ee27f394ca8ed8943d8b2cb","messageTitle":"Add Individual Project Level-3","messageBody":"","tags":["Level-3","A-CodingStandard"],"fileTypesAndContributionMap":{"java":{"insertions":46,"deletions":10}}}]},{"date":"2021-02-02","commitResults":[{"hash":"f3643a4832e94a48f88a0ae3f06c759239db67e7","messageTitle":"Add Individual Project Level-4","messageBody":"","tags":["Level-4","A-CodeQuality"],"fileTypesAndContributionMap":{"java":{"insertions":160,"deletions":48}}}]}]},"authorFileTypeContributionMap":{"BlubberMonster":{"java":178,"md":0,"fxml":0,"sh":0,"bat":0,"gradle":0,"txt":0}},"authorContributionVariance":{"BlubberMonster":1894.0756},"authorDisplayNameMap":{"BlubberMonster":"SEE .. HAN"}}
