{"authorDailyContributionsMap":{"BlubberMonster":[{"date":"2021-01-18","commitResults":[{"hash":"0ffecfcc47de0562e3833242d0fc273af429dfaf","messageTitle":"Add IP Level-0","messageBody":"","fileTypesAndContributionMap":{"java":{"insertions":6,"deletions":6}}}]},{"date":"2021-01-25","commitResults":[{"hash":"133573e890b485ca6a61d13edaa0f58ba161ca1f","messageTitle":"Add Individual Project Level-1","messageBody":"","tags":["Level-1"],"fileTypesAndContributionMap":{"java":{"insertions":17,"deletions":3}}},{"hash":"d897067958f19c93a86234608ecc7779635604b2","messageTitle":"Add Individual Project Level-2","messageBody":"","tags":["Level-2"],"fileTypesAndContributionMap":{"java":{"insertions":12,"deletions":3}}}]},{"date":"2021-01-26","commitResults":[{"hash":"34b38dfb4fbeb3f20ee27f394ca8ed8943d8b2cb","messageTitle":"Add Individual Project Level-3","messageBody":"","tags":["Level-3","A-CodingStandard"],"fileTypesAndContributionMap":{"java":{"insertions":46,"deletions":10}}}]},{"date":"2021-02-02","commitResults":[{"hash":"f3643a4832e94a48f88a0ae3f06c759239db67e7","messageTitle":"Add Individual Project Level-4","messageBody":"","tags":["A-CodeQuality"],"fileTypesAndContributionMap":{"java":{"insertions":160,"deletions":48}}}]},{"date":"2021-02-08","commitResults":[{"hash":"3cdfd493661ee2f92ce554d22e4622c4cf8b3a95","messageTitle":"Add changes to individual project Level-4 after feedback","messageBody":"","tags":["Level-4"],"fileTypesAndContributionMap":{"java":{"insertions":70,"deletions":63}}}]},{"date":"2021-02-10","commitResults":[{"hash":"49f0009283b6ed51e4baab3df5e58a864bf1816d","messageTitle":"Add IP Level-5","messageBody":"","fileTypesAndContributionMap":{"txt":{"insertions":2,"deletions":0},"java":{"insertions":95,"deletions":37}}},{"hash":"bae2060310219e9e39d99355180fc49a3b00dd80","messageTitle":"Add IP packages","messageBody":"","fileTypesAndContributionMap":{"java":{"insertions":18,"deletions":0},"bat":{"insertions":1,"deletions":1}}}]},{"date":"2021-02-15","commitResults":[{"hash":"8bfa8d7c49fd300feb9dd06122a4d0efee22e906","messageTitle":"Add Level-5 Improvement 2","messageBody":"","fileTypesAndContributionMap":{"txt":{"insertions":3,"deletions":0},"java":{"insertions":272,"deletions":39},"bat":{"insertions":1,"deletions":1}}},{"hash":"f9b030ff3afb9bc24cbc9a0f0fe112ec76947e60","messageTitle":"Add Level-5 for IP","messageBody":"","fileTypesAndContributionMap":{"java":{"insertions":9,"deletions":184}}},{"hash":"0bb1b04376db17b29d005f5de4568015d5bf8cef","messageTitle":"Add Packages to IP","messageBody":"","fileTypesAndContributionMap":{"java":{"insertions":18,"deletions":0}}}]}]},"authorFileTypeContributionMap":{"BlubberMonster":{"java":261,"md":0,"fxml":0,"sh":0,"bat":1,"gradle":0,"txt":2}},"authorContributionVariance":{"BlubberMonster":9215.1875},"authorDisplayNameMap":{"BlubberMonster":"CS2113T-F08-4 SEE .. HAN"}}
