{"authorDailyContributionsMap":{"LJ-37":[{"date":"2021-01-26","commitResults":[{"hash":"7dd52f7041ac6ee48fe08aeb861b681125f34411","messageTitle":"Level 0 added.","messageBody":"","tags":["Level-0"],"fileTypesAndContributionMap":{"java":{"insertions":10,"deletions":0}}},{"hash":"221912d822967a3db2445bb2e65af934f3a7899d","messageTitle":"Level 1","messageBody":"","tags":["Level-1"],"fileTypesAndContributionMap":{"java":{"insertions":27,"deletions":5}}},{"hash":"425c434a55adf1719a66d400bfc45c230329aa1e","messageTitle":"Level-2","messageBody":"","tags":["Level-2"],"fileTypesAndContributionMap":{"java":{"insertions":29,"deletions":2}}},{"hash":"8ebda1e32c90ef120d50ebfb40ec52d8782f2d0b","messageTitle":"Level 3","messageBody":"","tags":["Level-3"],"fileTypesAndContributionMap":{"java":{"insertions":56,"deletions":5}}},{"hash":"8fa827319252137f974dd1efcec169fc44805b33","messageTitle":"A-CodingStandard","messageBody":"","tags":["A-CodingStandard"],"fileTypesAndContributionMap":{"java":{"insertions":20,"deletions":23}}}]},{"date":"2021-02-02","commitResults":[{"hash":"3806b3ada3ea6f2c877b7d36058a77fabfb305be","messageTitle":"Level-4, A-Inheritance","messageBody":"","tags":["Level-4","A-Inheritance"],"fileTypesAndContributionMap":{"java":{"insertions":243,"deletions":64}}},{"hash":"d928107d00ede09fc02325ab5498db4d20a38bd8","messageTitle":"A-CodeQuality","messageBody":"","tags":["A-CodeQuality"],"fileTypesAndContributionMap":{"java":{"insertions":40,"deletions":39}}}]},{"date":"2021-02-09","commitResults":[{"hash":"4546ae0f49b0f707075763082358345d22c8b69a","messageTitle":"Level-5 A-Exceptions","messageBody":"","tags":["Level-5","A-Exceptions"],"fileTypesAndContributionMap":{"java":{"insertions":32,"deletions":7}}},{"hash":"1278508a4398070fc0a968bf648a760cd6acc468","messageTitle":"no message","messageBody":"","tags":["A-Packages"],"fileTypesAndContributionMap":{"java":{"insertions":44,"deletions":49}}}]},{"date":"2021-02-16","commitResults":[{"hash":"18de2e169af597b5bccd8a0ba43b89eeff35d594","messageTitle":"A-Collections done","messageBody":"","fileTypesAndContributionMap":{"java":{"insertions":8,"deletions":5}}},{"hash":"ba0754e08ac98902cfe59675e0436a5db5fcf92c","messageTitle":"Level-6 Delete (Added delete command)","messageBody":"","fileTypesAndContributionMap":{"java":{"insertions":35,"deletions":0}}},{"hash":"f889dceb2d8597e88939dd398b5801bff548cb34","messageTitle":"Level 7 (Added Save)","messageBody":"","fileTypesAndContributionMap":{"java":{"insertions":45,"deletions":0}}},{"hash":"cc7d6f3ab561089897c3032c1d10ee3ec90c69b2","messageTitle":"Level 7 (Added Load)","messageBody":"","fileTypesAndContributionMap":{"java":{"insertions":63,"deletions":4}}},{"hash":"263c3f30ce671495cf5685243b26426ca18e795e","messageTitle":"Revert \"Level 7 (Added Load)\"","messageBody":"This reverts commit cc7d6f3ab561089897c3032c1d10ee3ec90c69b2.\n","fileTypesAndContributionMap":{"java":{"insertions":4,"deletions":63}}},{"hash":"b60a95ee62d283ecc6ff287943ae50395f8d927a","messageTitle":"Change to arraylist","messageBody":"","fileTypesAndContributionMap":{"java":{"insertions":19,"deletions":12}}},{"hash":"a637a340356f9075bcc5e2ef4684755aa9213063","messageTitle":"no message","messageBody":"","fileTypesAndContributionMap":{"java":{"insertions":0,"deletions":5}}},{"hash":"1ec7f23dd87f855fbc24ce90b971918300155e6f","messageTitle":"no message","messageBody":"","tags":["A-Jar"],"fileTypesAndContributionMap":{"java":{"insertions":64,"deletions":5}}}]},{"date":"2021-02-17","commitResults":[{"hash":"7544fdaf496d22a4e10f759dcfea0f3d33308e24","messageTitle":"Debugged functions and tidy the code.","messageBody":"","fileTypesAndContributionMap":{"java":{"insertions":97,"deletions":24}}}]},{"date":"2021-02-25","commitResults":[{"hash":"c71911b3ee86e4f32974643386ea31c5a89afe3e","messageTitle":"A-MoreOOP","messageBody":"","tags":["A-MoreOOP"],"fileTypesAndContributionMap":{"java":{"insertions":258,"deletions":173}}},{"hash":"765cd4a197996953cb7bd67c831ecd7e285ea9ca","messageTitle":"Level-9","messageBody":"","tags":["Level-9"],"fileTypesAndContributionMap":{"java":{"insertions":42,"deletions":2}}},{"hash":"c4bd49cdbc13d6d09bac6559e925737e26821915","messageTitle":"A-JavaDoc","messageBody":"","tags":["A-JavaDoc"],"fileTypesAndContributionMap":{"java":{"insertions":286,"deletions":37}}}]},{"date":"2021-03-04","commitResults":[{"hash":"a9123aa06201db076b4471edb6ad83b87673fbf7","messageTitle":"Update README.md","messageBody":"","tags":["A-UserGuide"],"fileTypesAndContributionMap":{"md":{"insertions":260,"deletions":10}}},{"hash":"bf47a1b9b655daa5a1dcb44e0b2a9dfb7b4dd16d","messageTitle":"Update README.md","messageBody":"","fileTypesAndContributionMap":{"md":{"insertions":4,"deletions":0}}},{"hash":"a0e15bbc0fa3be3bcde331a07cfca713cff1a975","messageTitle":"Update README.md","messageBody":"","fileTypesAndContributionMap":{"md":{"insertions":25,"deletions":25}}},{"hash":"d94e307fccb7b2ed5108253c4c00a43d14a9cb40","messageTitle":"Update README.md","messageBody":"","fileTypesAndContributionMap":{"md":{"insertions":2,"deletions":2}}},{"hash":"57c65b62d634c9c130a104b110d6d66c8ea6a70e","messageTitle":"Update README.md","messageBody":"","fileTypesAndContributionMap":{"md":{"insertions":270,"deletions":22}}},{"hash":"5736c9ee78e97ada01179725d4cb5b8137a77871","messageTitle":"Add packages","messageBody":"","fileTypesAndContributionMap":{"java":{"insertions":25,"deletions":26}}},{"hash":"58587aa0dbd8d63b587ad4f274953fd662201c9f","messageTitle":"Update README.md and add new exceptions","messageBody":"","fileTypesAndContributionMap":{"java":{"insertions":17,"deletions":9},"md":{"insertions":62,"deletions":17}}},{"hash":"c24c0f6035867f3b1d65c124d3ec53caa2d6f8cd","messageTitle":"Update README.md","messageBody":"","fileTypesAndContributionMap":{"md":{"insertions":63,"deletions":18}}}]}]},"authorFileTypeContributionMap":{"LJ-37":{"java":915,"md":609,"fxml":0,"sh":0,"bat":0,"gradle":0,"txt":0}},"authorContributionVariance":{"LJ-37":29162.74},"authorDisplayNameMap":{"LJ-37":"CS2113T-W09-2 TAN .. JUN"}}
