{"authorDailyContributionsMap":{"blank-bank":[{"date":"2021-01-22","commitResults":[{"hash":"1947ffb2e9cc887d6c1fc60629a3818d19bdf685","messageTitle":"Level 0","messageBody":"","tags":["Level-1"],"fileTypesAndContributionMap":{"java":{"insertions":4,"deletions":0}}}]},{"date":"2021-01-27","commitResults":[{"hash":"309366df1bfdfca6bd2a31e6b49a561fb37ac5e5","messageTitle":"Level-1","messageBody":"","fileTypesAndContributionMap":{"java":{"insertions":13,"deletions":1}}},{"hash":"a2459ddb3e6b34edb64c4eb35d2f356500a1227c","messageTitle":"Level-2:Add,List","messageBody":"","fileTypesAndContributionMap":{"java":{"insertions":26,"deletions":2}}},{"hash":"504b6b832481b1975c7d12522454e6e0b8cea62a","messageTitle":"Level-2 (Add,List)","messageBody":"","tags":["Level-2"],"fileTypesAndContributionMap":{"java":{"insertions":11,"deletions":16}}}]},{"date":"2021-01-31","commitResults":[{"hash":"498c525b6fbd200a4eaed93d57bd0ec22f9deecf","messageTitle":"Level-3: Mark as Done","messageBody":"","tags":["Level-3"],"fileTypesAndContributionMap":{"java":{"insertions":42,"deletions":16}}}]}]},"authorFileTypeContributionMap":{"blank-bank":{"java":61,"md":0,"fxml":0,"sh":0,"bat":0,"gradle":0,"txt":0}},"authorContributionVariance":{"blank-bank":348.75287},"authorDisplayNameMap":{"blank-bank":"CS2113T-F08-2 OWEN..G EN"}}
