[{"path":"README.md","fileType":"md","lines":[{"lineNumber":1,"author":{"gitId":"-"},"content":"   ```"},{"lineNumber":2,"author":{"gitId":"-"},"content":"    ____        _        "},{"lineNumber":3,"author":{"gitId":"-"},"content":"   |  _ \\ _   _| | _____ "},{"lineNumber":4,"author":{"gitId":"-"},"content":"   | | | | | | | |/ / _ \\"},{"lineNumber":5,"author":{"gitId":"-"},"content":"   | |_| | |_| |   \u003c  __/"},{"lineNumber":6,"author":{"gitId":"-"},"content":"   |____/ \\__,_|_|\\_\\___|"},{"lineNumber":7,"author":{"gitId":"-"},"content":"   ```"},{"lineNumber":8,"author":{"gitId":"Chihui8199"},"content":"# Duke User Guide"},{"lineNumber":9,"author":{"gitId":"Chihui8199"},"content":""},{"lineNumber":10,"author":{"gitId":"Chihui8199"},"content":"\u003cbr\u003e"},{"lineNumber":11,"author":{"gitId":"Chihui8199"},"content":""},{"lineNumber":12,"author":{"gitId":"Chihui8199"},"content":"## Setting up Duke"},{"lineNumber":13,"author":{"gitId":"Chihui8199"},"content":"1. Open Terminal(on mac) or Command Prompt(on Window)"},{"lineNumber":14,"author":{"gitId":"Chihui8199"},"content":"2. Change directory to the folder where ip.jar is stored"},{"lineNumber":15,"author":{"gitId":"Chihui8199"},"content":"3. Type in \u003ccode\u003e java -jar ip.jar \u003c/code\u003e to run Duke"},{"lineNumber":16,"author":{"gitId":"Chihui8199"},"content":""},{"lineNumber":17,"author":{"gitId":"Chihui8199"},"content":"\u003cbr\u003e"},{"lineNumber":18,"author":{"gitId":"Chihui8199"},"content":""},{"lineNumber":19,"author":{"gitId":"Chihui8199"},"content":"## Features"},{"lineNumber":20,"author":{"gitId":"Chihui8199"},"content":"1. Todo"},{"lineNumber":21,"author":{"gitId":"Chihui8199"},"content":"2. Deadline"},{"lineNumber":22,"author":{"gitId":"Chihui8199"},"content":"3. Event"},{"lineNumber":23,"author":{"gitId":"Chihui8199"},"content":"4. List"},{"lineNumber":24,"author":{"gitId":"Chihui8199"},"content":"5. Done"},{"lineNumber":25,"author":{"gitId":"Chihui8199"},"content":"6. Delete"},{"lineNumber":26,"author":{"gitId":"Chihui8199"},"content":"7. Find"},{"lineNumber":27,"author":{"gitId":"Chihui8199"},"content":"8. Bye"},{"lineNumber":28,"author":{"gitId":"Chihui8199"},"content":""},{"lineNumber":29,"author":{"gitId":"Chihui8199"},"content":"\u003cbr\u003e"},{"lineNumber":30,"author":{"gitId":"Chihui8199"},"content":""},{"lineNumber":31,"author":{"gitId":"Chihui8199"},"content":"## Feature 1: Todo"},{"lineNumber":32,"author":{"gitId":"Chihui8199"},"content":"Adds a Todo task in your task list"},{"lineNumber":33,"author":{"gitId":"Chihui8199"},"content":"### Usage: \u003ccode\u003e todo descriptionOfTodo \u003c/code\u003e"},{"lineNumber":34,"author":{"gitId":"Chihui8199"},"content":"### Example of usage: \u003ccode\u003e todo to go and buy groceries"},{"lineNumber":35,"author":{"gitId":"Chihui8199"},"content":"### Examples of outcome:"},{"lineNumber":36,"author":{"gitId":"Chihui8199"},"content":""},{"lineNumber":37,"author":{"gitId":"Chihui8199"},"content":"\u003cbr\u003e"},{"lineNumber":38,"author":{"gitId":"Chihui8199"},"content":""},{"lineNumber":39,"author":{"gitId":"Chihui8199"},"content":"## Feature 2: Deadline"},{"lineNumber":40,"author":{"gitId":"Chihui8199"},"content":"Adds a Deadline task in your task list"},{"lineNumber":41,"author":{"gitId":"Chihui8199"},"content":"### Usage: \u003ccode\u003e deadline descriptionOfDeadline /by date time\u003c/code\u003e"},{"lineNumber":42,"author":{"gitId":"Chihui8199"},"content":"### Example of usage: \u003ccode\u003e deadline English Essay submission /by tomorrow 23:59 \u003c/code\u003e"},{"lineNumber":43,"author":{"gitId":"Chihui8199"},"content":"### Examples of outcome:"},{"lineNumber":44,"author":{"gitId":"Chihui8199"},"content":""},{"lineNumber":45,"author":{"gitId":"Chihui8199"},"content":"\u003cbr\u003e"},{"lineNumber":46,"author":{"gitId":"Chihui8199"},"content":""},{"lineNumber":47,"author":{"gitId":"Chihui8199"},"content":"## Feature 3: Event"},{"lineNumber":48,"author":{"gitId":"Chihui8199"},"content":"Adds an Event task in your task list"},{"lineNumber":49,"author":{"gitId":"Chihui8199"},"content":"### Usage: \u003ccode\u003e event descriptionOfEvent /at date time \u003c/code\u003e"},{"lineNumber":50,"author":{"gitId":"Chihui8199"},"content":"### Examples of usage: \u003ccode\u003e Event Jamie birthday party /at 23 Feb 2021 \u003c/code\u003e"},{"lineNumber":51,"author":{"gitId":"Chihui8199"},"content":"### Examples of outcome:"},{"lineNumber":52,"author":{"gitId":"Chihui8199"},"content":""},{"lineNumber":53,"author":{"gitId":"Chihui8199"},"content":"\u003cbr\u003e"},{"lineNumber":54,"author":{"gitId":"Chihui8199"},"content":""},{"lineNumber":55,"author":{"gitId":"Chihui8199"},"content":"##  Feature 4: List"},{"lineNumber":56,"author":{"gitId":"Chihui8199"},"content":"Lists all task current task in Duke"},{"lineNumber":57,"author":{"gitId":"Chihui8199"},"content":"### Usage: \u003ccode\u003e list \u003c\\code\u003e"},{"lineNumber":58,"author":{"gitId":"Chihui8199"},"content":"### Examples of outcome:"},{"lineNumber":59,"author":{"gitId":"Chihui8199"},"content":""},{"lineNumber":60,"author":{"gitId":"Chihui8199"},"content":"\u003cbr\u003e"},{"lineNumber":61,"author":{"gitId":"Chihui8199"},"content":""},{"lineNumber":62,"author":{"gitId":"Chihui8199"},"content":"## Feature 5: Done "},{"lineNumber":63,"author":{"gitId":"Chihui8199"},"content":"Marks the task as done"},{"lineNumber":64,"author":{"gitId":"Chihui8199"},"content":"### Usage: \u003ccode\u003e Done index \u003c/code\u003e"},{"lineNumber":65,"author":{"gitId":"Chihui8199"},"content":"### Example of usage: \u003ccode\u003e Done 2 \u003c/code\u003e"},{"lineNumber":66,"author":{"gitId":"Chihui8199"},"content":"### Examples of outcome:"},{"lineNumber":67,"author":{"gitId":"Chihui8199"},"content":""},{"lineNumber":68,"author":{"gitId":"Chihui8199"},"content":"\u003cbr\u003e"},{"lineNumber":69,"author":{"gitId":"Chihui8199"},"content":""},{"lineNumber":70,"author":{"gitId":"Chihui8199"},"content":"## Feature 6: Delete"},{"lineNumber":71,"author":{"gitId":"Chihui8199"},"content":"Deletes the task"},{"lineNumber":72,"author":{"gitId":"Chihui8199"},"content":"### Usage: \u003ccode\u003e Delete index \u003c/code\u003e"},{"lineNumber":73,"author":{"gitId":"Chihui8199"},"content":"### Example of usage: \u003ccode\u003e Delete 2 \u003c/code\u003e"},{"lineNumber":74,"author":{"gitId":"Chihui8199"},"content":"### Examples of outcome:"},{"lineNumber":75,"author":{"gitId":"Chihui8199"},"content":""},{"lineNumber":76,"author":{"gitId":"Chihui8199"},"content":"\u003cbr\u003e"},{"lineNumber":77,"author":{"gitId":"Chihui8199"},"content":""},{"lineNumber":78,"author":{"gitId":"Chihui8199"},"content":"## Feature 7: Find"},{"lineNumber":79,"author":{"gitId":"Chihui8199"},"content":"Find the task with matching keyword"},{"lineNumber":80,"author":{"gitId":"Chihui8199"},"content":"### Usage: \u003ccode\u003e Find keyword(s) \u003c/code\u003e"},{"lineNumber":81,"author":{"gitId":"Chihui8199"},"content":"### Example of usage: \u003ccode\u003e Find party \u003c/code\u003e"},{"lineNumber":82,"author":{"gitId":"Chihui8199"},"content":"### Examples of outcome:"},{"lineNumber":83,"author":{"gitId":"Chihui8199"},"content":""},{"lineNumber":84,"author":{"gitId":"Chihui8199"},"content":"\u003cbr\u003e"},{"lineNumber":85,"author":{"gitId":"Chihui8199"},"content":""},{"lineNumber":86,"author":{"gitId":"Chihui8199"},"content":"## Feature 8: Bye"},{"lineNumber":87,"author":{"gitId":"Chihui8199"},"content":"Exits the program"},{"lineNumber":88,"author":{"gitId":"Chihui8199"},"content":"### Usage: \u003ccode\u003e bye \u003c/code\u003e"},{"lineNumber":89,"author":{"gitId":"Chihui8199"},"content":"### Examples of outcome:"},{"lineNumber":90,"author":{"gitId":"Chihui8199"},"content":""},{"lineNumber":91,"author":{"gitId":"Chihui8199"},"content":""},{"lineNumber":92,"author":{"gitId":"Chihui8199"},"content":""},{"lineNumber":93,"author":{"gitId":"Chihui8199"},"content":""},{"lineNumber":94,"author":{"gitId":"Chihui8199"},"content":""},{"lineNumber":95,"author":{"gitId":"Chihui8199"},"content":""},{"lineNumber":96,"author":{"gitId":"Chihui8199"},"content":""},{"lineNumber":97,"author":{"gitId":"Chihui8199"},"content":""},{"lineNumber":98,"author":{"gitId":"Chihui8199"},"content":""},{"lineNumber":99,"author":{"gitId":"Chihui8199"},"content":""},{"lineNumber":100,"author":{"gitId":"Chihui8199"},"content":""},{"lineNumber":101,"author":{"gitId":"Chihui8199"},"content":""}],"authorContributionMap":{"Chihui8199":94,"-":7}},{"path":"data/Duke.txt","fileType":"txt","lines":[{"lineNumber":1,"author":{"gitId":"Chihui8199"},"content":"D|false|GO HOME|10PM"},{"lineNumber":2,"author":{"gitId":"Chihui8199"},"content":"E|false|GO HOME|10"}],"authorContributionMap":{"Chihui8199":2}},{"path":"src/main/java/Duke.java","fileType":"java","lines":[{"lineNumber":1,"author":{"gitId":"Chihui8199"},"content":"import command.Command;"},{"lineNumber":2,"author":{"gitId":"Chihui8199"},"content":"import exception.DukeException;"},{"lineNumber":3,"author":{"gitId":"Chihui8199"},"content":"import parser.Parser;"},{"lineNumber":4,"author":{"gitId":"Chihui8199"},"content":"import task.TaskManager;"},{"lineNumber":5,"author":{"gitId":"Chihui8199"},"content":"import ui.Ui;"},{"lineNumber":6,"author":{"gitId":"Chihui8199"},"content":""},{"lineNumber":7,"author":{"gitId":"Chihui8199"},"content":"import java.io.FileNotFoundException;"},{"lineNumber":8,"author":{"gitId":"Chihui8199"},"content":""},{"lineNumber":9,"author":{"gitId":"Chihui8199"},"content":""},{"lineNumber":10,"author":{"gitId":"Chihui8199"},"content":""},{"lineNumber":11,"author":{"gitId":"-"},"content":"public class Duke {"},{"lineNumber":12,"author":{"gitId":"Chihui8199"},"content":"    private Ui ui;"},{"lineNumber":13,"author":{"gitId":"Chihui8199"},"content":"    private TaskManager taskList;"},{"lineNumber":14,"author":{"gitId":"Chihui8199"},"content":""},{"lineNumber":15,"author":{"gitId":"Chihui8199"},"content":"    public Duke() throws FileNotFoundException, DukeException {"},{"lineNumber":16,"author":{"gitId":"Chihui8199"},"content":"        ui \u003d new Ui();"},{"lineNumber":17,"author":{"gitId":"Chihui8199"},"content":"        taskList \u003d new TaskManager();"},{"lineNumber":18,"author":{"gitId":"Chihui8199"},"content":"    }"},{"lineNumber":19,"author":{"gitId":"Chihui8199"},"content":""},{"lineNumber":20,"author":{"gitId":"Chihui8199"},"content":"    /***"},{"lineNumber":21,"author":{"gitId":"Chihui8199"},"content":"     * Runs the duke program"},{"lineNumber":22,"author":{"gitId":"Chihui8199"},"content":"     */"},{"lineNumber":23,"author":{"gitId":"Chihui8199"},"content":"    public void run() {"},{"lineNumber":24,"author":{"gitId":"Chihui8199"},"content":"        boolean isBye;"},{"lineNumber":25,"author":{"gitId":"Chihui8199"},"content":"        ui.printMenu();"},{"lineNumber":26,"author":{"gitId":"Chihui8199"},"content":"        do {"},{"lineNumber":27,"author":{"gitId":"Chihui8199"},"content":"            String userInput \u003d ui.getUserInput();"},{"lineNumber":28,"author":{"gitId":"Chihui8199"},"content":"            String newUserInput \u003d userInput.toUpperCase();"},{"lineNumber":29,"author":{"gitId":"Chihui8199"},"content":"            Command command \u003d Parser.parseCommand(newUserInput.toUpperCase());"},{"lineNumber":30,"author":{"gitId":"Chihui8199"},"content":"            command.executeCommand(newUserInput, taskList);"},{"lineNumber":31,"author":{"gitId":"Chihui8199"},"content":"            isBye \u003d ui.sayGoodBye(newUserInput);"},{"lineNumber":32,"author":{"gitId":"Chihui8199"},"content":"        } while (!isBye);"},{"lineNumber":33,"author":{"gitId":"Chihui8199"},"content":"    }"},{"lineNumber":34,"author":{"gitId":"Chihui8199"},"content":""},{"lineNumber":35,"author":{"gitId":"Chihui8199"},"content":""},{"lineNumber":36,"author":{"gitId":"Chihui8199"},"content":"    public static class Main {"},{"lineNumber":37,"author":{"gitId":"Chihui8199"},"content":"        public static void main(String[] args) throws FileNotFoundException, DukeException {"},{"lineNumber":38,"author":{"gitId":"Chihui8199"},"content":"            new Duke().run();"},{"lineNumber":39,"author":{"gitId":"Chihui8199"},"content":"        }"},{"lineNumber":40,"author":{"gitId":"-"},"content":"    }"},{"lineNumber":41,"author":{"gitId":"-"},"content":"}"}],"authorContributionMap":{"Chihui8199":38,"-":3}},{"path":"src/main/java/command/AddCommand.java","fileType":"java","lines":[{"lineNumber":1,"author":{"gitId":"Chihui8199"},"content":"package command;"},{"lineNumber":2,"author":{"gitId":"Chihui8199"},"content":""},{"lineNumber":3,"author":{"gitId":"Chihui8199"},"content":"import parser.Parser;"},{"lineNumber":4,"author":{"gitId":"Chihui8199"},"content":"import task.Task;"},{"lineNumber":5,"author":{"gitId":"Chihui8199"},"content":"import task.TaskManager;"},{"lineNumber":6,"author":{"gitId":"Chihui8199"},"content":""},{"lineNumber":7,"author":{"gitId":"Chihui8199"},"content":"/**"},{"lineNumber":8,"author":{"gitId":"Chihui8199"},"content":"Adds a task to the ArrayList"},{"lineNumber":9,"author":{"gitId":"Chihui8199"},"content":" */"},{"lineNumber":10,"author":{"gitId":"Chihui8199"},"content":"public class AddCommand extends Command{"},{"lineNumber":11,"author":{"gitId":"Chihui8199"},"content":"    @Override"},{"lineNumber":12,"author":{"gitId":"Chihui8199"},"content":"    public void executeCommand(String userInput, TaskManager taskList){"},{"lineNumber":13,"author":{"gitId":"Chihui8199"},"content":"        Task taskToAdd \u003d Parser.getTask(userInput);"},{"lineNumber":14,"author":{"gitId":"Chihui8199"},"content":"        taskList.addTask(taskToAdd);"},{"lineNumber":15,"author":{"gitId":"Chihui8199"},"content":"    }"},{"lineNumber":16,"author":{"gitId":"Chihui8199"},"content":"}"}],"authorContributionMap":{"Chihui8199":16}},{"path":"src/main/java/command/ByeCommand.java","fileType":"java","lines":[{"lineNumber":1,"author":{"gitId":"Chihui8199"},"content":"package command;"},{"lineNumber":2,"author":{"gitId":"Chihui8199"},"content":"import task.TaskManager;"},{"lineNumber":3,"author":{"gitId":"Chihui8199"},"content":""},{"lineNumber":4,"author":{"gitId":"Chihui8199"},"content":"public class ByeCommand extends Command {"},{"lineNumber":5,"author":{"gitId":"Chihui8199"},"content":"    @Override"},{"lineNumber":6,"author":{"gitId":"Chihui8199"},"content":"    public void executeCommand(String userInput, TaskManager taskManager){"},{"lineNumber":7,"author":{"gitId":"Chihui8199"},"content":""},{"lineNumber":8,"author":{"gitId":"Chihui8199"},"content":"    }"},{"lineNumber":9,"author":{"gitId":"Chihui8199"},"content":"}"}],"authorContributionMap":{"Chihui8199":9}},{"path":"src/main/java/command/Command.java","fileType":"java","lines":[{"lineNumber":1,"author":{"gitId":"Chihui8199"},"content":"package command;"},{"lineNumber":2,"author":{"gitId":"Chihui8199"},"content":"import task.TaskManager;"},{"lineNumber":3,"author":{"gitId":"Chihui8199"},"content":""},{"lineNumber":4,"author":{"gitId":"Chihui8199"},"content":"public abstract class Command {"},{"lineNumber":5,"author":{"gitId":"Chihui8199"},"content":"    public abstract void executeCommand(String userInput, TaskManager taskManager);"},{"lineNumber":6,"author":{"gitId":"Chihui8199"},"content":"}"}],"authorContributionMap":{"Chihui8199":6}},{"path":"src/main/java/command/DeleteCommand.java","fileType":"java","lines":[{"lineNumber":1,"author":{"gitId":"Chihui8199"},"content":"package command;"},{"lineNumber":2,"author":{"gitId":"Chihui8199"},"content":""},{"lineNumber":3,"author":{"gitId":"Chihui8199"},"content":"import parser.Parser;"},{"lineNumber":4,"author":{"gitId":"Chihui8199"},"content":"import task.TaskManager;"},{"lineNumber":5,"author":{"gitId":"Chihui8199"},"content":""},{"lineNumber":6,"author":{"gitId":"Chihui8199"},"content":"/***"},{"lineNumber":7,"author":{"gitId":"Chihui8199"},"content":" * Delete task from ArrayList"},{"lineNumber":8,"author":{"gitId":"Chihui8199"},"content":" */"},{"lineNumber":9,"author":{"gitId":"Chihui8199"},"content":"public class DeleteCommand extends Command {"},{"lineNumber":10,"author":{"gitId":"Chihui8199"},"content":"    @Override"},{"lineNumber":11,"author":{"gitId":"Chihui8199"},"content":"    public void executeCommand(String userInput, TaskManager taskList) {"},{"lineNumber":12,"author":{"gitId":"Chihui8199"},"content":"        int taskNoDelete \u003d Parser.getTaskNoToBeMarkDelete(userInput);"},{"lineNumber":13,"author":{"gitId":"Chihui8199"},"content":"        taskList.deleteTask(taskNoDelete);"},{"lineNumber":14,"author":{"gitId":"Chihui8199"},"content":"    }"},{"lineNumber":15,"author":{"gitId":"Chihui8199"},"content":"}"}],"authorContributionMap":{"Chihui8199":15}},{"path":"src/main/java/command/DoneCommand.java","fileType":"java","lines":[{"lineNumber":1,"author":{"gitId":"Chihui8199"},"content":"package command;"},{"lineNumber":2,"author":{"gitId":"Chihui8199"},"content":""},{"lineNumber":3,"author":{"gitId":"Chihui8199"},"content":"import command.Command;"},{"lineNumber":4,"author":{"gitId":"Chihui8199"},"content":"import parser.Parser;"},{"lineNumber":5,"author":{"gitId":"Chihui8199"},"content":"import task.TaskManager;"},{"lineNumber":6,"author":{"gitId":"Chihui8199"},"content":""},{"lineNumber":7,"author":{"gitId":"Chihui8199"},"content":"/**"},{"lineNumber":8,"author":{"gitId":"Chihui8199"},"content":" * Marks task as done when user indicates the task is done"},{"lineNumber":9,"author":{"gitId":"Chihui8199"},"content":" */"},{"lineNumber":10,"author":{"gitId":"Chihui8199"},"content":"public class DoneCommand extends Command {"},{"lineNumber":11,"author":{"gitId":"Chihui8199"},"content":"    @Override"},{"lineNumber":12,"author":{"gitId":"Chihui8199"},"content":"    public void executeCommand(String userInput, TaskManager taskList) {"},{"lineNumber":13,"author":{"gitId":"Chihui8199"},"content":"        int taskNoDone \u003d Parser.getTaskNoToBeMarkDone(userInput);"},{"lineNumber":14,"author":{"gitId":"Chihui8199"},"content":"        taskList.markDone(taskNoDone);"},{"lineNumber":15,"author":{"gitId":"Chihui8199"},"content":"    }"},{"lineNumber":16,"author":{"gitId":"Chihui8199"},"content":"}"}],"authorContributionMap":{"Chihui8199":16}},{"path":"src/main/java/command/FindCommand.java","fileType":"java","lines":[{"lineNumber":1,"author":{"gitId":"Chihui8199"},"content":"package command;"},{"lineNumber":2,"author":{"gitId":"Chihui8199"},"content":""},{"lineNumber":3,"author":{"gitId":"Chihui8199"},"content":"import exception.DukeException;"},{"lineNumber":4,"author":{"gitId":"Chihui8199"},"content":"import parser.Parser;"},{"lineNumber":5,"author":{"gitId":"Chihui8199"},"content":"import task.TaskManager;"},{"lineNumber":6,"author":{"gitId":"Chihui8199"},"content":""},{"lineNumber":7,"author":{"gitId":"Chihui8199"},"content":"/**"},{"lineNumber":8,"author":{"gitId":"Chihui8199"},"content":" * Finds and lists all task in ArrayList whose task contains any of the argument keywords."},{"lineNumber":9,"author":{"gitId":"Chihui8199"},"content":" * Keyword matching is not case sensitive."},{"lineNumber":10,"author":{"gitId":"Chihui8199"},"content":" */"},{"lineNumber":11,"author":{"gitId":"Chihui8199"},"content":"public class FindCommand extends Command{"},{"lineNumber":12,"author":{"gitId":"Chihui8199"},"content":"    @Override"},{"lineNumber":13,"author":{"gitId":"Chihui8199"},"content":"    public void executeCommand(String userInput, TaskManager taskList) {"},{"lineNumber":14,"author":{"gitId":"Chihui8199"},"content":"        String keywordToFind \u003d Parser.getFindKeyword(userInput);"},{"lineNumber":15,"author":{"gitId":"Chihui8199"},"content":"        taskList.findTask(keywordToFind);"},{"lineNumber":16,"author":{"gitId":"Chihui8199"},"content":"    }"},{"lineNumber":17,"author":{"gitId":"Chihui8199"},"content":"}"}],"authorContributionMap":{"Chihui8199":17}},{"path":"src/main/java/command/PrintCommand.java","fileType":"java","lines":[{"lineNumber":1,"author":{"gitId":"Chihui8199"},"content":"package command;"},{"lineNumber":2,"author":{"gitId":"Chihui8199"},"content":""},{"lineNumber":3,"author":{"gitId":"Chihui8199"},"content":"import task.TaskManager;"},{"lineNumber":4,"author":{"gitId":"Chihui8199"},"content":""},{"lineNumber":5,"author":{"gitId":"Chihui8199"},"content":"/**"},{"lineNumber":6,"author":{"gitId":"Chihui8199"},"content":" * Lists all task in the ArrayList to the user."},{"lineNumber":7,"author":{"gitId":"Chihui8199"},"content":" */"},{"lineNumber":8,"author":{"gitId":"Chihui8199"},"content":"public class PrintCommand extends Command {"},{"lineNumber":9,"author":{"gitId":"Chihui8199"},"content":"    @Override"},{"lineNumber":10,"author":{"gitId":"Chihui8199"},"content":"    public void executeCommand(String userInput, TaskManager taskManager) {"},{"lineNumber":11,"author":{"gitId":"Chihui8199"},"content":"        taskManager.printTaskItems();"},{"lineNumber":12,"author":{"gitId":"Chihui8199"},"content":"        System.out.println(\"Enter next command: \");"},{"lineNumber":13,"author":{"gitId":"Chihui8199"},"content":"        }"},{"lineNumber":14,"author":{"gitId":"Chihui8199"},"content":"    }"},{"lineNumber":15,"author":{"gitId":"Chihui8199"},"content":""},{"lineNumber":16,"author":{"gitId":"Chihui8199"},"content":""},{"lineNumber":17,"author":{"gitId":"Chihui8199"},"content":""}],"authorContributionMap":{"Chihui8199":17}},{"path":"src/main/java/exception/DukeException.java","fileType":"java","lines":[{"lineNumber":1,"author":{"gitId":"Chihui8199"},"content":"package exception;"},{"lineNumber":2,"author":{"gitId":"Chihui8199"},"content":""},{"lineNumber":3,"author":{"gitId":"Chihui8199"},"content":"public class DukeException extends Exception{"},{"lineNumber":4,"author":{"gitId":"Chihui8199"},"content":"    public DukeException(String errorMessage) {"},{"lineNumber":5,"author":{"gitId":"Chihui8199"},"content":"        super(errorMessage);"},{"lineNumber":6,"author":{"gitId":"Chihui8199"},"content":"    }"},{"lineNumber":7,"author":{"gitId":"Chihui8199"},"content":"}"}],"authorContributionMap":{"Chihui8199":7}},{"path":"src/main/java/parser/Parser.java","fileType":"java","lines":[{"lineNumber":1,"author":{"gitId":"Chihui8199"},"content":"package parser;"},{"lineNumber":2,"author":{"gitId":"Chihui8199"},"content":""},{"lineNumber":3,"author":{"gitId":"Chihui8199"},"content":"import command.*;"},{"lineNumber":4,"author":{"gitId":"Chihui8199"},"content":"import task.Deadline;"},{"lineNumber":5,"author":{"gitId":"Chihui8199"},"content":"import task.Event;"},{"lineNumber":6,"author":{"gitId":"Chihui8199"},"content":"import task.Task;"},{"lineNumber":7,"author":{"gitId":"Chihui8199"},"content":"import task.Todo;"},{"lineNumber":8,"author":{"gitId":"Chihui8199"},"content":""},{"lineNumber":9,"author":{"gitId":"Chihui8199"},"content":"/**"},{"lineNumber":10,"author":{"gitId":"Chihui8199"},"content":" * Parses the user input into useful data for easy handling"},{"lineNumber":11,"author":{"gitId":"Chihui8199"},"content":" */"},{"lineNumber":12,"author":{"gitId":"Chihui8199"},"content":"public class Parser {"},{"lineNumber":13,"author":{"gitId":"Chihui8199"},"content":"    /**Parses user input into command for execution"},{"lineNumber":14,"author":{"gitId":"Chihui8199"},"content":"     * @param userInput processed for Uppercase full user input string"},{"lineNumber":15,"author":{"gitId":"Chihui8199"},"content":"     * @return the command based on the user input"},{"lineNumber":16,"author":{"gitId":"Chihui8199"},"content":"     */"},{"lineNumber":17,"author":{"gitId":"Chihui8199"},"content":"    public static Command parseCommand(String userInput) {"},{"lineNumber":18,"author":{"gitId":"Chihui8199"},"content":"        Command cmd \u003d null;"},{"lineNumber":19,"author":{"gitId":"Chihui8199"},"content":"        if (userInput.contains(\"LIST\")) {"},{"lineNumber":20,"author":{"gitId":"Chihui8199"},"content":"            cmd \u003d new PrintCommand();"},{"lineNumber":21,"author":{"gitId":"Chihui8199"},"content":"        } else if (userInput.contains(\"BYE\")) {"},{"lineNumber":22,"author":{"gitId":"Chihui8199"},"content":"            cmd \u003d new ByeCommand();"},{"lineNumber":23,"author":{"gitId":"Chihui8199"},"content":"        } else if (userInput.contains(\"DONE\")) {"},{"lineNumber":24,"author":{"gitId":"Chihui8199"},"content":"            cmd \u003d new DoneCommand();"},{"lineNumber":25,"author":{"gitId":"Chihui8199"},"content":"        } else if (userInput.contains(\"DELETE\")) {"},{"lineNumber":26,"author":{"gitId":"Chihui8199"},"content":"            cmd \u003d new DeleteCommand();"},{"lineNumber":27,"author":{"gitId":"Chihui8199"},"content":"        } else if(userInput.contains(\"FIND\")){"},{"lineNumber":28,"author":{"gitId":"Chihui8199"},"content":"            cmd \u003d new FindCommand();"},{"lineNumber":29,"author":{"gitId":"Chihui8199"},"content":"        }"},{"lineNumber":30,"author":{"gitId":"Chihui8199"},"content":"        else if (!userInput.contains(\"BYE\")) {"},{"lineNumber":31,"author":{"gitId":"Chihui8199"},"content":"            cmd \u003d new AddCommand();"},{"lineNumber":32,"author":{"gitId":"Chihui8199"},"content":"        }"},{"lineNumber":33,"author":{"gitId":"Chihui8199"},"content":"        return cmd;"},{"lineNumber":34,"author":{"gitId":"Chihui8199"},"content":"    }"},{"lineNumber":35,"author":{"gitId":"Chihui8199"},"content":""},{"lineNumber":36,"author":{"gitId":"Chihui8199"},"content":"    /**"},{"lineNumber":37,"author":{"gitId":"Chihui8199"},"content":"     * Extracts the task number in the current list that the user wants to mark as done"},{"lineNumber":38,"author":{"gitId":"Chihui8199"},"content":"     * @param userInput full userInput String"},{"lineNumber":39,"author":{"gitId":"Chihui8199"},"content":"     * @return task number to be marked done"},{"lineNumber":40,"author":{"gitId":"Chihui8199"},"content":"     */"},{"lineNumber":41,"author":{"gitId":"Chihui8199"},"content":"    public static int getTaskNoToBeMarkDone(String userInput) {"},{"lineNumber":42,"author":{"gitId":"Chihui8199"},"content":"        String[] inputSplit \u003d userInput.split(\"DONE \");"},{"lineNumber":43,"author":{"gitId":"Chihui8199"},"content":"        System.out.println(inputSplit[1]);"},{"lineNumber":44,"author":{"gitId":"Chihui8199"},"content":"        int taskNoDone \u003d Integer.parseInt(inputSplit[1]);"},{"lineNumber":45,"author":{"gitId":"Chihui8199"},"content":"        return taskNoDone;"},{"lineNumber":46,"author":{"gitId":"Chihui8199"},"content":"    }"},{"lineNumber":47,"author":{"gitId":"Chihui8199"},"content":""},{"lineNumber":48,"author":{"gitId":"Chihui8199"},"content":"    /**"},{"lineNumber":49,"author":{"gitId":"Chihui8199"},"content":"     * Extracts the task number in the current list that the user wants to delete"},{"lineNumber":50,"author":{"gitId":"Chihui8199"},"content":"     * @param userInput full userInput String"},{"lineNumber":51,"author":{"gitId":"Chihui8199"},"content":"     * @return task number to be deleted"},{"lineNumber":52,"author":{"gitId":"Chihui8199"},"content":"     */"},{"lineNumber":53,"author":{"gitId":"Chihui8199"},"content":"    public static int getTaskNoToBeMarkDelete(String userInput) {"},{"lineNumber":54,"author":{"gitId":"Chihui8199"},"content":"        String[] inputSplit \u003d userInput.split(\"DELETE \");"},{"lineNumber":55,"author":{"gitId":"Chihui8199"},"content":"        System.out.println(inputSplit[1]);"},{"lineNumber":56,"author":{"gitId":"Chihui8199"},"content":"        int taskNoDelete \u003d Integer.parseInt(inputSplit[1]);"},{"lineNumber":57,"author":{"gitId":"Chihui8199"},"content":"        return taskNoDelete;"},{"lineNumber":58,"author":{"gitId":"Chihui8199"},"content":"    }"},{"lineNumber":59,"author":{"gitId":"Chihui8199"},"content":""},{"lineNumber":60,"author":{"gitId":"Chihui8199"},"content":"    /**"},{"lineNumber":61,"author":{"gitId":"Chihui8199"},"content":"     * parses through \u003ccode\u003euserInput\u003c/code\u003e to instantiates Tasks to be added to the Arraylist of Tasks"},{"lineNumber":62,"author":{"gitId":"Chihui8199"},"content":"     * @param userInput full userInput String"},{"lineNumber":63,"author":{"gitId":"Chihui8199"},"content":"     * @return taskToAdd Task object to be added"},{"lineNumber":64,"author":{"gitId":"Chihui8199"},"content":"     */"},{"lineNumber":65,"author":{"gitId":"Chihui8199"},"content":"    public static Task getTask(String userInput){"},{"lineNumber":66,"author":{"gitId":"Chihui8199"},"content":"        Task taskToAdd \u003d null;"},{"lineNumber":67,"author":{"gitId":"Chihui8199"},"content":"        if (userInput.contains(\"TODO\")) {"},{"lineNumber":68,"author":{"gitId":"Chihui8199"},"content":"            taskToAdd \u003d getToDo(userInput);"},{"lineNumber":69,"author":{"gitId":"Chihui8199"},"content":"        } else if (userInput.contains(\"DEADLINE\")) {"},{"lineNumber":70,"author":{"gitId":"Chihui8199"},"content":"            taskToAdd \u003d getDeadline(userInput);"},{"lineNumber":71,"author":{"gitId":"Chihui8199"},"content":"        } else if (userInput.contains(\"EVENT\")) {"},{"lineNumber":72,"author":{"gitId":"Chihui8199"},"content":"            taskToAdd \u003d getEvent(userInput);"},{"lineNumber":73,"author":{"gitId":"Chihui8199"},"content":"        }"},{"lineNumber":74,"author":{"gitId":"Chihui8199"},"content":"        return taskToAdd;"},{"lineNumber":75,"author":{"gitId":"Chihui8199"},"content":"    }"},{"lineNumber":76,"author":{"gitId":"Chihui8199"},"content":""},{"lineNumber":77,"author":{"gitId":"Chihui8199"},"content":"    /***"},{"lineNumber":78,"author":{"gitId":"Chihui8199"},"content":"     * Creates new Event task"},{"lineNumber":79,"author":{"gitId":"Chihui8199"},"content":"     * @param userInput full userInput String"},{"lineNumber":80,"author":{"gitId":"Chihui8199"},"content":"     * @return a new Event task"},{"lineNumber":81,"author":{"gitId":"Chihui8199"},"content":"     */"},{"lineNumber":82,"author":{"gitId":"Chihui8199"},"content":"    private static Event getEvent(String userInput) {"},{"lineNumber":83,"author":{"gitId":"Chihui8199"},"content":"        String removeKeyword \u003d userInput.replaceAll(\"EVENT\", \"\");"},{"lineNumber":84,"author":{"gitId":"Chihui8199"},"content":"        String[] inputSplit \u003d removeKeyword.split(\"/AT\");"},{"lineNumber":85,"author":{"gitId":"Chihui8199"},"content":"        //create task.Event"},{"lineNumber":86,"author":{"gitId":"Chihui8199"},"content":"        return new Event(inputSplit[0],inputSplit[1]);"},{"lineNumber":87,"author":{"gitId":"Chihui8199"},"content":"    }"},{"lineNumber":88,"author":{"gitId":"Chihui8199"},"content":""},{"lineNumber":89,"author":{"gitId":"Chihui8199"},"content":"    /***"},{"lineNumber":90,"author":{"gitId":"Chihui8199"},"content":"     * Creates new ToDo task"},{"lineNumber":91,"author":{"gitId":"Chihui8199"},"content":"     * @param userInput full userInput String"},{"lineNumber":92,"author":{"gitId":"Chihui8199"},"content":"     * @return a new Todo task"},{"lineNumber":93,"author":{"gitId":"Chihui8199"},"content":"     */"},{"lineNumber":94,"author":{"gitId":"Chihui8199"},"content":"    private static Todo getToDo(String userInput) {"},{"lineNumber":95,"author":{"gitId":"Chihui8199"},"content":"        String removeKeyword \u003d userInput.replaceAll(\"TODO\", \"\");"},{"lineNumber":96,"author":{"gitId":"Chihui8199"},"content":"        //create task.Todo"},{"lineNumber":97,"author":{"gitId":"Chihui8199"},"content":"        return new Todo(removeKeyword);"},{"lineNumber":98,"author":{"gitId":"Chihui8199"},"content":"    }"},{"lineNumber":99,"author":{"gitId":"Chihui8199"},"content":""},{"lineNumber":100,"author":{"gitId":"Chihui8199"},"content":"    /***"},{"lineNumber":101,"author":{"gitId":"Chihui8199"},"content":"     * Creates new Deadline task"},{"lineNumber":102,"author":{"gitId":"Chihui8199"},"content":"     * @param userInput full userInput String"},{"lineNumber":103,"author":{"gitId":"Chihui8199"},"content":"     * @return a new Deadline task"},{"lineNumber":104,"author":{"gitId":"Chihui8199"},"content":"     */"},{"lineNumber":105,"author":{"gitId":"Chihui8199"},"content":"    private static Deadline getDeadline(String userInput) {"},{"lineNumber":106,"author":{"gitId":"Chihui8199"},"content":"        String removeKeyword \u003d userInput.replaceAll(\"DEADLINE\", \"\");"},{"lineNumber":107,"author":{"gitId":"Chihui8199"},"content":"        String[] inputSplit \u003d removeKeyword.split(\"/BY\");"},{"lineNumber":108,"author":{"gitId":"Chihui8199"},"content":"        //LocalDate finalDate \u003d parseTime(inputSplit[1]);"},{"lineNumber":109,"author":{"gitId":"Chihui8199"},"content":"        //create task.Deadline"},{"lineNumber":110,"author":{"gitId":"Chihui8199"},"content":"        return new Deadline(inputSplit[0], inputSplit[1]);"},{"lineNumber":111,"author":{"gitId":"Chihui8199"},"content":"    }"},{"lineNumber":112,"author":{"gitId":"Chihui8199"},"content":""},{"lineNumber":113,"author":{"gitId":"Chihui8199"},"content":"    /***"},{"lineNumber":114,"author":{"gitId":"Chihui8199"},"content":"     * Parses arguments in the context of the find person command"},{"lineNumber":115,"author":{"gitId":"Chihui8199"},"content":"     * @param userInput full userInput String"},{"lineNumber":116,"author":{"gitId":"Chihui8199"},"content":"     * @return the keywords set that the users wants to find"},{"lineNumber":117,"author":{"gitId":"Chihui8199"},"content":"     */"},{"lineNumber":118,"author":{"gitId":"Chihui8199"},"content":"    public static String getFindKeyword(String userInput){"},{"lineNumber":119,"author":{"gitId":"Chihui8199"},"content":"        String keywordSet \u003d userInput.replaceAll(\"FIND\", \"\").strip();"},{"lineNumber":120,"author":{"gitId":"Chihui8199"},"content":"        return keywordSet;"},{"lineNumber":121,"author":{"gitId":"Chihui8199"},"content":"    }"},{"lineNumber":122,"author":{"gitId":"Chihui8199"},"content":""},{"lineNumber":123,"author":{"gitId":"Chihui8199"},"content":"  /*  public static LocalDate parseTime(String inputDate){"},{"lineNumber":124,"author":{"gitId":"Chihui8199"},"content":"        DateTimeFormatter formatter \u003d DateTimeFormatter.ofPattern(\"yyyy-MM-dd HH:mm\");"},{"lineNumber":125,"author":{"gitId":"Chihui8199"},"content":"        LocalDate date \u003d LocalDate.parse(inputDate, formatter);"},{"lineNumber":126,"author":{"gitId":"Chihui8199"},"content":"        return date;"},{"lineNumber":127,"author":{"gitId":"Chihui8199"},"content":""},{"lineNumber":128,"author":{"gitId":"Chihui8199"},"content":"    }*/"},{"lineNumber":129,"author":{"gitId":"Chihui8199"},"content":""},{"lineNumber":130,"author":{"gitId":"Chihui8199"},"content":""},{"lineNumber":131,"author":{"gitId":"Chihui8199"},"content":"}"}],"authorContributionMap":{"Chihui8199":131}},{"path":"src/main/java/storage/Storage.java","fileType":"java","lines":[{"lineNumber":1,"author":{"gitId":"Chihui8199"},"content":"package storage;"},{"lineNumber":2,"author":{"gitId":"Chihui8199"},"content":""},{"lineNumber":3,"author":{"gitId":"Chihui8199"},"content":"import exception.DukeException;"},{"lineNumber":4,"author":{"gitId":"Chihui8199"},"content":"import task.Deadline;"},{"lineNumber":5,"author":{"gitId":"Chihui8199"},"content":"import task.Event;"},{"lineNumber":6,"author":{"gitId":"Chihui8199"},"content":"import task.Task;"},{"lineNumber":7,"author":{"gitId":"Chihui8199"},"content":"import task.Todo;"},{"lineNumber":8,"author":{"gitId":"Chihui8199"},"content":"import parser.Parser;"},{"lineNumber":9,"author":{"gitId":"Chihui8199"},"content":"import ui.Ui;"},{"lineNumber":10,"author":{"gitId":"Chihui8199"},"content":""},{"lineNumber":11,"author":{"gitId":"Chihui8199"},"content":"import java.io.FileNotFoundException;"},{"lineNumber":12,"author":{"gitId":"Chihui8199"},"content":"import java.io.FileWriter;"},{"lineNumber":13,"author":{"gitId":"Chihui8199"},"content":"import java.io.File;"},{"lineNumber":14,"author":{"gitId":"Chihui8199"},"content":"import java.io.IOException;"},{"lineNumber":15,"author":{"gitId":"Chihui8199"},"content":"import java.nio.file.NoSuchFileException;"},{"lineNumber":16,"author":{"gitId":"Chihui8199"},"content":"import java.util.ArrayList;"},{"lineNumber":17,"author":{"gitId":"Chihui8199"},"content":"import java.util.Scanner;"},{"lineNumber":18,"author":{"gitId":"Chihui8199"},"content":""},{"lineNumber":19,"author":{"gitId":"Chihui8199"},"content":"/***"},{"lineNumber":20,"author":{"gitId":"Chihui8199"},"content":" * Storage class deals with loading tasks from the file and saving tasks in the file"},{"lineNumber":21,"author":{"gitId":"Chihui8199"},"content":" */"},{"lineNumber":22,"author":{"gitId":"Chihui8199"},"content":"public class Storage {"},{"lineNumber":23,"author":{"gitId":"Chihui8199"},"content":""},{"lineNumber":24,"author":{"gitId":"Chihui8199"},"content":"    private File dukeFile;"},{"lineNumber":25,"author":{"gitId":"Chihui8199"},"content":"    private Task task;"},{"lineNumber":26,"author":{"gitId":"Chihui8199"},"content":"    private Ui ui;"},{"lineNumber":27,"author":{"gitId":"Chihui8199"},"content":"    private Parser parser;"},{"lineNumber":28,"author":{"gitId":"Chihui8199"},"content":""},{"lineNumber":29,"author":{"gitId":"Chihui8199"},"content":"    public Storage() throws DukeException {"},{"lineNumber":30,"author":{"gitId":"Chihui8199"},"content":"        createDukeFolder();"},{"lineNumber":31,"author":{"gitId":"Chihui8199"},"content":"        createDukeFile();"},{"lineNumber":32,"author":{"gitId":"Chihui8199"},"content":"    }"},{"lineNumber":33,"author":{"gitId":"Chihui8199"},"content":""},{"lineNumber":34,"author":{"gitId":"Chihui8199"},"content":"    /***"},{"lineNumber":35,"author":{"gitId":"Chihui8199"},"content":"     * Checks if Duke\u0027s directory exists"},{"lineNumber":36,"author":{"gitId":"Chihui8199"},"content":"     * If it does not, a new Duke folder will be created"},{"lineNumber":37,"author":{"gitId":"Chihui8199"},"content":"     */"},{"lineNumber":38,"author":{"gitId":"Chihui8199"},"content":"    private void createDukeFolder() {"},{"lineNumber":39,"author":{"gitId":"Chihui8199"},"content":"        File dukeFolder \u003d new File(\"./data\");"},{"lineNumber":40,"author":{"gitId":"Chihui8199"},"content":"        if (!dukeFolder.isDirectory()) {"},{"lineNumber":41,"author":{"gitId":"Chihui8199"},"content":"            try {"},{"lineNumber":42,"author":{"gitId":"Chihui8199"},"content":"                dukeFolder.mkdirs();"},{"lineNumber":43,"author":{"gitId":"Chihui8199"},"content":"            } catch (SecurityException e) {"},{"lineNumber":44,"author":{"gitId":"Chihui8199"},"content":"                ui.printErrorMessage(e.getMessage());"},{"lineNumber":45,"author":{"gitId":"Chihui8199"},"content":"            }"},{"lineNumber":46,"author":{"gitId":"Chihui8199"},"content":"        }"},{"lineNumber":47,"author":{"gitId":"Chihui8199"},"content":"    }"},{"lineNumber":48,"author":{"gitId":"Chihui8199"},"content":""},{"lineNumber":49,"author":{"gitId":"Chihui8199"},"content":"    /***"},{"lineNumber":50,"author":{"gitId":"Chihui8199"},"content":"     * Checks if a duke.txt file exists"},{"lineNumber":51,"author":{"gitId":"Chihui8199"},"content":"     * If it does not, a new duke.txt file will be created"},{"lineNumber":52,"author":{"gitId":"Chihui8199"},"content":"     * @throws DukeException catches \u003ccode\u003eNoSuchFileException\u003c/code\u003e, \u003ccode\u003eIOException\u003c/code\u003e, \u003ccode\u003eSecurityException\u003c/code\u003e and throws new DukeException*/"},{"lineNumber":53,"author":{"gitId":"Chihui8199"},"content":"    private void createDukeFile() throws DukeException {"},{"lineNumber":54,"author":{"gitId":"Chihui8199"},"content":"        File dukeFile \u003d new File(\"./data/Duke.txt\");"},{"lineNumber":55,"author":{"gitId":"Chihui8199"},"content":"        if (!dukeFile.exists()) {"},{"lineNumber":56,"author":{"gitId":"Chihui8199"},"content":"            try {"},{"lineNumber":57,"author":{"gitId":"Chihui8199"},"content":"                dukeFile.createNewFile();"},{"lineNumber":58,"author":{"gitId":"Chihui8199"},"content":"            } catch (NoSuchFileException e) {"},{"lineNumber":59,"author":{"gitId":"Chihui8199"},"content":"                throw new DukeException(\"duke.txt file not found\");"},{"lineNumber":60,"author":{"gitId":"Chihui8199"},"content":"            } catch (IOException e) {"},{"lineNumber":61,"author":{"gitId":"Chihui8199"},"content":"                throw new DukeException(\"Unable to load File\");"},{"lineNumber":62,"author":{"gitId":"Chihui8199"},"content":"            } catch (SecurityException e) {"},{"lineNumber":63,"author":{"gitId":"Chihui8199"},"content":"                throw new DukeException(e.getMessage());"},{"lineNumber":64,"author":{"gitId":"Chihui8199"},"content":"            }"},{"lineNumber":65,"author":{"gitId":"Chihui8199"},"content":"        }"},{"lineNumber":66,"author":{"gitId":"Chihui8199"},"content":"        this.dukeFile \u003d dukeFile;"},{"lineNumber":67,"author":{"gitId":"Chihui8199"},"content":"    }"},{"lineNumber":68,"author":{"gitId":"Chihui8199"},"content":""},{"lineNumber":69,"author":{"gitId":"Chihui8199"},"content":"    /***"},{"lineNumber":70,"author":{"gitId":"Chihui8199"},"content":"     * Update the duke.txt file accordingly when list of task changes"},{"lineNumber":71,"author":{"gitId":"Chihui8199"},"content":"     * @param taskList ArrayList of task objects"},{"lineNumber":72,"author":{"gitId":"Chihui8199"},"content":"     * @throws IOException"},{"lineNumber":73,"author":{"gitId":"Chihui8199"},"content":"     */"},{"lineNumber":74,"author":{"gitId":"Chihui8199"},"content":"    public void saveTaskListToFile(ArrayList\u003cTask\u003e taskList) throws IOException {"},{"lineNumber":75,"author":{"gitId":"Chihui8199"},"content":"        FileWriter fileWriter \u003d new FileWriter(dukeFile);"},{"lineNumber":76,"author":{"gitId":"Chihui8199"},"content":"        for (Task task : taskList) {"},{"lineNumber":77,"author":{"gitId":"Chihui8199"},"content":"            String descriptionOfTask \u003d task.getDescription().strip();"},{"lineNumber":78,"author":{"gitId":"Chihui8199"},"content":"            boolean isDone \u003d task.isDone();"},{"lineNumber":79,"author":{"gitId":"Chihui8199"},"content":"            String textToAppend \u003d null;"},{"lineNumber":80,"author":{"gitId":"Chihui8199"},"content":"            if (task instanceof Todo) {"},{"lineNumber":81,"author":{"gitId":"Chihui8199"},"content":"                textToAppend \u003d \"T|\" + isDone + \"|\" + descriptionOfTask + \"\\n\";"},{"lineNumber":82,"author":{"gitId":"Chihui8199"},"content":"            } else if (task instanceof Deadline) {"},{"lineNumber":83,"author":{"gitId":"Chihui8199"},"content":"                Deadline deadline \u003d (Deadline) task;"},{"lineNumber":84,"author":{"gitId":"Chihui8199"},"content":"                textToAppend \u003d \"D|\" + isDone + \"|\" + descriptionOfTask + \"|\" + deadline.getBy() + \"\\n\";"},{"lineNumber":85,"author":{"gitId":"Chihui8199"},"content":"            } else if (task instanceof Event) {"},{"lineNumber":86,"author":{"gitId":"Chihui8199"},"content":"                Event event \u003d (Event) task;"},{"lineNumber":87,"author":{"gitId":"Chihui8199"},"content":"                textToAppend \u003d \"E|\" + isDone + \"|\" + descriptionOfTask + \"|\" + event.getAt().strip() + \"\\n\";"},{"lineNumber":88,"author":{"gitId":"Chihui8199"},"content":"            }"},{"lineNumber":89,"author":{"gitId":"Chihui8199"},"content":"            fileWriter.write(textToAppend);"},{"lineNumber":90,"author":{"gitId":"Chihui8199"},"content":"        }"},{"lineNumber":91,"author":{"gitId":"Chihui8199"},"content":"        fileWriter.close();"},{"lineNumber":92,"author":{"gitId":"Chihui8199"},"content":"    }"},{"lineNumber":93,"author":{"gitId":"Chihui8199"},"content":""},{"lineNumber":94,"author":{"gitId":"Chihui8199"},"content":"    /***"},{"lineNumber":95,"author":{"gitId":"Chihui8199"},"content":"     * Load and process the text from the duke.txt file and add each task object into an ArrayList"},{"lineNumber":96,"author":{"gitId":"Chihui8199"},"content":"     * @return ArrayList with the tasks added from the file"},{"lineNumber":97,"author":{"gitId":"Chihui8199"},"content":"     * @throws FileNotFoundException"},{"lineNumber":98,"author":{"gitId":"Chihui8199"},"content":"     */"},{"lineNumber":99,"author":{"gitId":"Chihui8199"},"content":""},{"lineNumber":100,"author":{"gitId":"Chihui8199"},"content":"    public ArrayList\u003cTask\u003e loadFile() throws FileNotFoundException {"},{"lineNumber":101,"author":{"gitId":"Chihui8199"},"content":"        Scanner sc \u003d new Scanner(dukeFile);"},{"lineNumber":102,"author":{"gitId":"Chihui8199"},"content":"        ArrayList\u003cTask\u003e taskList \u003d new ArrayList\u003c\u003e();"},{"lineNumber":103,"author":{"gitId":"Chihui8199"},"content":"        while (sc.hasNext()) {"},{"lineNumber":104,"author":{"gitId":"Chihui8199"},"content":"            String fileText \u003d sc.nextLine();"},{"lineNumber":105,"author":{"gitId":"Chihui8199"},"content":"            String[] taskType \u003d fileText.split(\"\\\\|\");"},{"lineNumber":106,"author":{"gitId":"Chihui8199"},"content":"            switch (taskType[0]) {"},{"lineNumber":107,"author":{"gitId":"Chihui8199"},"content":"            case \"E\":"},{"lineNumber":108,"author":{"gitId":"Chihui8199"},"content":"                task \u003d new Event(taskType[2], taskType[3]);"},{"lineNumber":109,"author":{"gitId":"Chihui8199"},"content":"                break;"},{"lineNumber":110,"author":{"gitId":"Chihui8199"},"content":"            case \"D\":"},{"lineNumber":111,"author":{"gitId":"Chihui8199"},"content":"                task \u003d new Deadline(taskType[2], taskType[3]);"},{"lineNumber":112,"author":{"gitId":"Chihui8199"},"content":"                break;"},{"lineNumber":113,"author":{"gitId":"Chihui8199"},"content":"            case \"T\":"},{"lineNumber":114,"author":{"gitId":"Chihui8199"},"content":"                task \u003d new Todo(taskType[2]);"},{"lineNumber":115,"author":{"gitId":"Chihui8199"},"content":"                break;"},{"lineNumber":116,"author":{"gitId":"Chihui8199"},"content":"            }"},{"lineNumber":117,"author":{"gitId":"Chihui8199"},"content":"            if (taskType[1].equals(true)) {"},{"lineNumber":118,"author":{"gitId":"Chihui8199"},"content":"                task.setDone();"},{"lineNumber":119,"author":{"gitId":"Chihui8199"},"content":"            }"},{"lineNumber":120,"author":{"gitId":"Chihui8199"},"content":"            taskList.add(task);"},{"lineNumber":121,"author":{"gitId":"Chihui8199"},"content":"        }"},{"lineNumber":122,"author":{"gitId":"Chihui8199"},"content":"        return taskList;"},{"lineNumber":123,"author":{"gitId":"Chihui8199"},"content":"    }"},{"lineNumber":124,"author":{"gitId":"Chihui8199"},"content":""},{"lineNumber":125,"author":{"gitId":"Chihui8199"},"content":" /*   private LocalDate formatDate(String time){"},{"lineNumber":126,"author":{"gitId":"Chihui8199"},"content":"        LocalDate date \u003d parser.parseTime(time);"},{"lineNumber":127,"author":{"gitId":"Chihui8199"},"content":"        return date;"},{"lineNumber":128,"author":{"gitId":"Chihui8199"},"content":"    }*/"},{"lineNumber":129,"author":{"gitId":"Chihui8199"},"content":"}"},{"lineNumber":130,"author":{"gitId":"Chihui8199"},"content":""},{"lineNumber":131,"author":{"gitId":"Chihui8199"},"content":""}],"authorContributionMap":{"Chihui8199":131}},{"path":"src/main/java/task/Deadline.java","fileType":"java","lines":[{"lineNumber":1,"author":{"gitId":"Chihui8199"},"content":"package task;"},{"lineNumber":2,"author":{"gitId":"Chihui8199"},"content":""},{"lineNumber":3,"author":{"gitId":"Chihui8199"},"content":"public class Deadline extends Task {"},{"lineNumber":4,"author":{"gitId":"Chihui8199"},"content":"    protected String by;"},{"lineNumber":5,"author":{"gitId":"Chihui8199"},"content":""},{"lineNumber":6,"author":{"gitId":"Chihui8199"},"content":"    public Deadline(String description, String by) {"},{"lineNumber":7,"author":{"gitId":"Chihui8199"},"content":"        super(description);"},{"lineNumber":8,"author":{"gitId":"Chihui8199"},"content":"        this.by \u003d by;"},{"lineNumber":9,"author":{"gitId":"Chihui8199"},"content":"    }"},{"lineNumber":10,"author":{"gitId":"Chihui8199"},"content":""},{"lineNumber":11,"author":{"gitId":"Chihui8199"},"content":"    public String getBy(){"},{"lineNumber":12,"author":{"gitId":"Chihui8199"},"content":"        return by;"},{"lineNumber":13,"author":{"gitId":"Chihui8199"},"content":"    }"},{"lineNumber":14,"author":{"gitId":"Chihui8199"},"content":""},{"lineNumber":15,"author":{"gitId":"Chihui8199"},"content":"    @Override"},{"lineNumber":16,"author":{"gitId":"Chihui8199"},"content":"    public String toString() {"},{"lineNumber":17,"author":{"gitId":"Chihui8199"},"content":"        return \"[D]\" + super.toString() + \" (by: \" + by + \")\";"},{"lineNumber":18,"author":{"gitId":"Chihui8199"},"content":"    }"},{"lineNumber":19,"author":{"gitId":"Chihui8199"},"content":""},{"lineNumber":20,"author":{"gitId":"Chihui8199"},"content":"}"},{"lineNumber":21,"author":{"gitId":"Chihui8199"},"content":""}],"authorContributionMap":{"Chihui8199":21}},{"path":"src/main/java/task/Event.java","fileType":"java","lines":[{"lineNumber":1,"author":{"gitId":"Chihui8199"},"content":"package task;"},{"lineNumber":2,"author":{"gitId":"Chihui8199"},"content":""},{"lineNumber":3,"author":{"gitId":"Chihui8199"},"content":"public class Event extends Task {"},{"lineNumber":4,"author":{"gitId":"Chihui8199"},"content":"    protected String at;"},{"lineNumber":5,"author":{"gitId":"Chihui8199"},"content":""},{"lineNumber":6,"author":{"gitId":"Chihui8199"},"content":"    public Event(String description, String at) {"},{"lineNumber":7,"author":{"gitId":"Chihui8199"},"content":"        super(description);"},{"lineNumber":8,"author":{"gitId":"Chihui8199"},"content":"        this.at \u003d at;"},{"lineNumber":9,"author":{"gitId":"Chihui8199"},"content":"    }"},{"lineNumber":10,"author":{"gitId":"Chihui8199"},"content":""},{"lineNumber":11,"author":{"gitId":"Chihui8199"},"content":"    public String getAt(){"},{"lineNumber":12,"author":{"gitId":"Chihui8199"},"content":"        return at;"},{"lineNumber":13,"author":{"gitId":"Chihui8199"},"content":"    }"},{"lineNumber":14,"author":{"gitId":"Chihui8199"},"content":""},{"lineNumber":15,"author":{"gitId":"Chihui8199"},"content":"    @Override"},{"lineNumber":16,"author":{"gitId":"Chihui8199"},"content":"    public String toString() {"},{"lineNumber":17,"author":{"gitId":"Chihui8199"},"content":"        return \"[E]\" + super.toString() + \" (at \" + at + \")\";"},{"lineNumber":18,"author":{"gitId":"Chihui8199"},"content":"    }"},{"lineNumber":19,"author":{"gitId":"Chihui8199"},"content":"}"}],"authorContributionMap":{"Chihui8199":19}},{"path":"src/main/java/task/Task.java","fileType":"java","lines":[{"lineNumber":1,"author":{"gitId":"Chihui8199"},"content":"package task;"},{"lineNumber":2,"author":{"gitId":"Chihui8199"},"content":""},{"lineNumber":3,"author":{"gitId":"Chihui8199"},"content":"public class Task {"},{"lineNumber":4,"author":{"gitId":"Chihui8199"},"content":"    protected String description;"},{"lineNumber":5,"author":{"gitId":"Chihui8199"},"content":"    protected boolean isDone;"},{"lineNumber":6,"author":{"gitId":"Chihui8199"},"content":"    public Task(String Description) {"},{"lineNumber":7,"author":{"gitId":"Chihui8199"},"content":"        this.description \u003d Description;"},{"lineNumber":8,"author":{"gitId":"Chihui8199"},"content":"        this.isDone \u003d false;"},{"lineNumber":9,"author":{"gitId":"Chihui8199"},"content":"    }"},{"lineNumber":10,"author":{"gitId":"Chihui8199"},"content":""},{"lineNumber":11,"author":{"gitId":"Chihui8199"},"content":"    public String getDescription() {"},{"lineNumber":12,"author":{"gitId":"Chihui8199"},"content":"        return description;"},{"lineNumber":13,"author":{"gitId":"Chihui8199"},"content":"    }"},{"lineNumber":14,"author":{"gitId":"Chihui8199"},"content":""},{"lineNumber":15,"author":{"gitId":"Chihui8199"},"content":"    public boolean isDone() {"},{"lineNumber":16,"author":{"gitId":"Chihui8199"},"content":"        return isDone;"},{"lineNumber":17,"author":{"gitId":"Chihui8199"},"content":"    }"},{"lineNumber":18,"author":{"gitId":"Chihui8199"},"content":""},{"lineNumber":19,"author":{"gitId":"Chihui8199"},"content":"    public String getStatusIcon() {"},{"lineNumber":20,"author":{"gitId":"Chihui8199"},"content":"        return (isDone ? \"[\\u2713]\" : \"[\\u2718] \"); //return tick or X symbols"},{"lineNumber":21,"author":{"gitId":"Chihui8199"},"content":"    }"},{"lineNumber":22,"author":{"gitId":"Chihui8199"},"content":""},{"lineNumber":23,"author":{"gitId":"Chihui8199"},"content":"    public String toString() {"},{"lineNumber":24,"author":{"gitId":"Chihui8199"},"content":"        return getStatusIcon()  + description;"},{"lineNumber":25,"author":{"gitId":"Chihui8199"},"content":"    }"},{"lineNumber":26,"author":{"gitId":"Chihui8199"},"content":""},{"lineNumber":27,"author":{"gitId":"Chihui8199"},"content":"    public boolean setDone() {"},{"lineNumber":28,"author":{"gitId":"Chihui8199"},"content":"        return isDone \u003d true;"},{"lineNumber":29,"author":{"gitId":"Chihui8199"},"content":"    }"},{"lineNumber":30,"author":{"gitId":"Chihui8199"},"content":"}"}],"authorContributionMap":{"Chihui8199":30}},{"path":"src/main/java/task/TaskManager.java","fileType":"java","lines":[{"lineNumber":1,"author":{"gitId":"Chihui8199"},"content":"package task;"},{"lineNumber":2,"author":{"gitId":"Chihui8199"},"content":""},{"lineNumber":3,"author":{"gitId":"Chihui8199"},"content":"import exception.DukeException;"},{"lineNumber":4,"author":{"gitId":"Chihui8199"},"content":"import storage.Storage;"},{"lineNumber":5,"author":{"gitId":"Chihui8199"},"content":"import ui.Ui;"},{"lineNumber":6,"author":{"gitId":"Chihui8199"},"content":""},{"lineNumber":7,"author":{"gitId":"Chihui8199"},"content":"import java.io.FileNotFoundException;"},{"lineNumber":8,"author":{"gitId":"Chihui8199"},"content":"import java.io.IOException;"},{"lineNumber":9,"author":{"gitId":"Chihui8199"},"content":"import java.text.ParseException;"},{"lineNumber":10,"author":{"gitId":"Chihui8199"},"content":"import java.util.ArrayList;"},{"lineNumber":11,"author":{"gitId":"Chihui8199"},"content":""},{"lineNumber":12,"author":{"gitId":"Chihui8199"},"content":"public class TaskManager {"},{"lineNumber":13,"author":{"gitId":"Chihui8199"},"content":"    public ArrayList\u003cTask\u003e taskList;"},{"lineNumber":14,"author":{"gitId":"Chihui8199"},"content":"    private Ui ui;"},{"lineNumber":15,"author":{"gitId":"Chihui8199"},"content":"    private Storage storage;"},{"lineNumber":16,"author":{"gitId":"Chihui8199"},"content":"    private Task task;"},{"lineNumber":17,"author":{"gitId":"Chihui8199"},"content":""},{"lineNumber":18,"author":{"gitId":"Chihui8199"},"content":"    /**"},{"lineNumber":19,"author":{"gitId":"Chihui8199"},"content":"     * Constructor for TaskManager"},{"lineNumber":20,"author":{"gitId":"Chihui8199"},"content":"     * @throws FileNotFoundException"},{"lineNumber":21,"author":{"gitId":"Chihui8199"},"content":"     * @throws DukeException"},{"lineNumber":22,"author":{"gitId":"Chihui8199"},"content":"     */"},{"lineNumber":23,"author":{"gitId":"Chihui8199"},"content":"    public TaskManager() throws FileNotFoundException, DukeException {"},{"lineNumber":24,"author":{"gitId":"Chihui8199"},"content":"        storage \u003d new Storage();"},{"lineNumber":25,"author":{"gitId":"Chihui8199"},"content":"        taskList \u003d storage.loadFile();"},{"lineNumber":26,"author":{"gitId":"Chihui8199"},"content":"        ui \u003d new Ui();"},{"lineNumber":27,"author":{"gitId":"Chihui8199"},"content":""},{"lineNumber":28,"author":{"gitId":"Chihui8199"},"content":"    }"},{"lineNumber":29,"author":{"gitId":"Chihui8199"},"content":""},{"lineNumber":30,"author":{"gitId":"Chihui8199"},"content":"    /**"},{"lineNumber":31,"author":{"gitId":"Chihui8199"},"content":"     * Adds a task to the ArrayList"},{"lineNumber":32,"author":{"gitId":"Chihui8199"},"content":"     * @param task Task object to be added"},{"lineNumber":33,"author":{"gitId":"Chihui8199"},"content":"     */"},{"lineNumber":34,"author":{"gitId":"Chihui8199"},"content":"    public void addTask(Task task) {"},{"lineNumber":35,"author":{"gitId":"Chihui8199"},"content":"        taskList.add(task);"},{"lineNumber":36,"author":{"gitId":"Chihui8199"},"content":"        try {"},{"lineNumber":37,"author":{"gitId":"Chihui8199"},"content":"            storage.saveTaskListToFile(taskList);"},{"lineNumber":38,"author":{"gitId":"Chihui8199"},"content":"        }catch (IOException e){"},{"lineNumber":39,"author":{"gitId":"Chihui8199"},"content":"                ui.printMessage(e.getMessage());"},{"lineNumber":40,"author":{"gitId":"Chihui8199"},"content":"        }"},{"lineNumber":41,"author":{"gitId":"Chihui8199"},"content":"        ui.printMessage(\"Got it I have added this task\","},{"lineNumber":42,"author":{"gitId":"Chihui8199"},"content":"                task.toString(),"},{"lineNumber":43,"author":{"gitId":"Chihui8199"},"content":"                ui.DIVIDER,"},{"lineNumber":44,"author":{"gitId":"Chihui8199"},"content":"                \"Enter next command: \");"},{"lineNumber":45,"author":{"gitId":"Chihui8199"},"content":"    }"},{"lineNumber":46,"author":{"gitId":"Chihui8199"},"content":""},{"lineNumber":47,"author":{"gitId":"Chihui8199"},"content":"    /**"},{"lineNumber":48,"author":{"gitId":"Chihui8199"},"content":"     * Deletes the task from the arrayList based on the index given"},{"lineNumber":49,"author":{"gitId":"Chihui8199"},"content":"     * @param taskNoDelete task number to be deleted"},{"lineNumber":50,"author":{"gitId":"Chihui8199"},"content":"     */"},{"lineNumber":51,"author":{"gitId":"Chihui8199"},"content":"    public void deleteTask(int taskNoDelete){"},{"lineNumber":52,"author":{"gitId":"Chihui8199"},"content":"        Task task \u003d taskList.get(taskNoDelete-1);"},{"lineNumber":53,"author":{"gitId":"Chihui8199"},"content":"        taskList.remove(taskNoDelete-1);"},{"lineNumber":54,"author":{"gitId":"Chihui8199"},"content":"        ui.printMessage(\"Got it I have deleted this task\");"},{"lineNumber":55,"author":{"gitId":"Chihui8199"},"content":"        ui.print(taskNoDelete + \":\" +  task.toString());"},{"lineNumber":56,"author":{"gitId":"Chihui8199"},"content":"        ui.printMessage(ui.DIVIDER,"},{"lineNumber":57,"author":{"gitId":"Chihui8199"},"content":"                \"Enter next command: \");"},{"lineNumber":58,"author":{"gitId":"Chihui8199"},"content":"    }"},{"lineNumber":59,"author":{"gitId":"Chihui8199"},"content":""},{"lineNumber":60,"author":{"gitId":"Chihui8199"},"content":"    /**"},{"lineNumber":61,"author":{"gitId":"Chihui8199"},"content":"     * Marks the task as done base on the index given"},{"lineNumber":62,"author":{"gitId":"Chihui8199"},"content":"     * @param taskNoDone task number to be marked done"},{"lineNumber":63,"author":{"gitId":"Chihui8199"},"content":"     */"},{"lineNumber":64,"author":{"gitId":"Chihui8199"},"content":"    public void markDone(int taskNoDone){"},{"lineNumber":65,"author":{"gitId":"Chihui8199"},"content":"        taskList.get(taskNoDone-1).setDone();"},{"lineNumber":66,"author":{"gitId":"Chihui8199"},"content":"        ui.printMessage(\"I have marked this task as done: \" +"},{"lineNumber":67,"author":{"gitId":"Chihui8199"},"content":"                taskList.get(taskNoDone-1).toString(),"},{"lineNumber":68,"author":{"gitId":"Chihui8199"},"content":"                ui.DIVIDER,"},{"lineNumber":69,"author":{"gitId":"Chihui8199"},"content":"                \"Enter next command: \");"},{"lineNumber":70,"author":{"gitId":"Chihui8199"},"content":"    }"},{"lineNumber":71,"author":{"gitId":"Chihui8199"},"content":""},{"lineNumber":72,"author":{"gitId":"Chihui8199"},"content":"    /**"},{"lineNumber":73,"author":{"gitId":"Chihui8199"},"content":"     * Returns the size of the arrayList"},{"lineNumber":74,"author":{"gitId":"Chihui8199"},"content":"     * @return number of tasks in arrayOfTasks"},{"lineNumber":75,"author":{"gitId":"Chihui8199"},"content":"     */"},{"lineNumber":76,"author":{"gitId":"Chihui8199"},"content":"    public int getNoOfTasks() {"},{"lineNumber":77,"author":{"gitId":"Chihui8199"},"content":"        return taskList.size();"},{"lineNumber":78,"author":{"gitId":"Chihui8199"},"content":"    }"},{"lineNumber":79,"author":{"gitId":"Chihui8199"},"content":""},{"lineNumber":80,"author":{"gitId":"Chihui8199"},"content":"    /**"},{"lineNumber":81,"author":{"gitId":"Chihui8199"},"content":"     * Print all items inside the arrayList"},{"lineNumber":82,"author":{"gitId":"Chihui8199"},"content":"     */"},{"lineNumber":83,"author":{"gitId":"Chihui8199"},"content":"    public void printTaskItems(){"},{"lineNumber":84,"author":{"gitId":"Chihui8199"},"content":"            System.out.println(\"You have \" + getNoOfTasks() + \" task(s) in the list.\" );"},{"lineNumber":85,"author":{"gitId":"Chihui8199"},"content":"            for(int i \u003d 0; i \u003c taskList.size(); i++) {"},{"lineNumber":86,"author":{"gitId":"Chihui8199"},"content":"                System.out.println( (i + 1) + \": \" + taskList.get(i));"},{"lineNumber":87,"author":{"gitId":"Chihui8199"},"content":"            }"},{"lineNumber":88,"author":{"gitId":"Chihui8199"},"content":"    }"},{"lineNumber":89,"author":{"gitId":"Chihui8199"},"content":""},{"lineNumber":90,"author":{"gitId":"Chihui8199"},"content":"    /**"},{"lineNumber":91,"author":{"gitId":"Chihui8199"},"content":"     * Search and print tasks with descriptions that contains the keyword(s)"},{"lineNumber":92,"author":{"gitId":"Chihui8199"},"content":"     * @param keywordToFind keyword to find among the tasks"},{"lineNumber":93,"author":{"gitId":"Chihui8199"},"content":"     */"},{"lineNumber":94,"author":{"gitId":"Chihui8199"},"content":"    public void findTask(String keywordToFind) {"},{"lineNumber":95,"author":{"gitId":"Chihui8199"},"content":"        System.out.println(\"Here are the matching tasks found:\");"},{"lineNumber":96,"author":{"gitId":"Chihui8199"},"content":"        ui.printMessage(ui.DIVIDER, ui.FOUNDLINE, ui.DIVIDER, \"\");"},{"lineNumber":97,"author":{"gitId":"Chihui8199"},"content":"        for(Task task: taskList){"},{"lineNumber":98,"author":{"gitId":"Chihui8199"},"content":"            String taskDescription \u003d task.getDescription();"},{"lineNumber":99,"author":{"gitId":"Chihui8199"},"content":"            if (taskDescription.contains(keywordToFind)){"},{"lineNumber":100,"author":{"gitId":"Chihui8199"},"content":"                System.out.println(task);"},{"lineNumber":101,"author":{"gitId":"Chihui8199"},"content":"            }"},{"lineNumber":102,"author":{"gitId":"Chihui8199"},"content":"        }"},{"lineNumber":103,"author":{"gitId":"Chihui8199"},"content":"        ui.printMessage(\"\", ui.DIVIDER, ui.FOUNDLINE, ui.DIVIDER);"},{"lineNumber":104,"author":{"gitId":"Chihui8199"},"content":"        ui.printMessage(\"\\nEnter next command: \");"},{"lineNumber":105,"author":{"gitId":"Chihui8199"},"content":"    }"},{"lineNumber":106,"author":{"gitId":"Chihui8199"},"content":"}"}],"authorContributionMap":{"Chihui8199":106}},{"path":"src/main/java/task/Todo.java","fileType":"java","lines":[{"lineNumber":1,"author":{"gitId":"Chihui8199"},"content":"package task;"},{"lineNumber":2,"author":{"gitId":"Chihui8199"},"content":""},{"lineNumber":3,"author":{"gitId":"Chihui8199"},"content":"import task.Task;"},{"lineNumber":4,"author":{"gitId":"Chihui8199"},"content":""},{"lineNumber":5,"author":{"gitId":"Chihui8199"},"content":"public class Todo extends Task {"},{"lineNumber":6,"author":{"gitId":"Chihui8199"},"content":""},{"lineNumber":7,"author":{"gitId":"Chihui8199"},"content":"    public Todo(String description) {"},{"lineNumber":8,"author":{"gitId":"Chihui8199"},"content":"        super(description);"},{"lineNumber":9,"author":{"gitId":"Chihui8199"},"content":"    }"},{"lineNumber":10,"author":{"gitId":"Chihui8199"},"content":""},{"lineNumber":11,"author":{"gitId":"Chihui8199"},"content":"    @Override"},{"lineNumber":12,"author":{"gitId":"Chihui8199"},"content":"    public String toString() {"},{"lineNumber":13,"author":{"gitId":"Chihui8199"},"content":"        return \"[T]\" + super.toString();"},{"lineNumber":14,"author":{"gitId":"Chihui8199"},"content":"    }"},{"lineNumber":15,"author":{"gitId":"Chihui8199"},"content":"}"}],"authorContributionMap":{"Chihui8199":15}},{"path":"src/main/java/ui/Ui.java","fileType":"java","lines":[{"lineNumber":1,"author":{"gitId":"Chihui8199"},"content":"package ui;"},{"lineNumber":2,"author":{"gitId":"Chihui8199"},"content":""},{"lineNumber":3,"author":{"gitId":"Chihui8199"},"content":"import java.util.Scanner;"},{"lineNumber":4,"author":{"gitId":"Chihui8199"},"content":""},{"lineNumber":5,"author":{"gitId":"Chihui8199"},"content":"public class Ui {"},{"lineNumber":6,"author":{"gitId":"Chihui8199"},"content":"    public static String logo \u003d \" ____        _        \\n\""},{"lineNumber":7,"author":{"gitId":"Chihui8199"},"content":"            + \"|  _ \\\\ _   _| | _____ \\n\""},{"lineNumber":8,"author":{"gitId":"Chihui8199"},"content":"            + \"| | | | | | | |/ / _ \\\\\\n\""},{"lineNumber":9,"author":{"gitId":"Chihui8199"},"content":"            + \"| |_| | |_| |   \u003c  __/\\n\""},{"lineNumber":10,"author":{"gitId":"Chihui8199"},"content":"            + \"|____/ \\\\__,_|_|\\\\_\\\\___|\\n\";"},{"lineNumber":11,"author":{"gitId":"Chihui8199"},"content":"    public static final String DIVIDER \u003d \"\u003d\u003d\u003d\u003d\u003d\u003d\u003d\u003d\u003d\u003d\u003d\u003d\u003d\u003d\u003d\u003d\u003d\u003d\u003d\u003d\u003d\u003d\u003d\u003d\u003d\u003d\u003d\u003d\u003d\u003d\u003d\u003d\u003d\u003d\u003d\u003d\u003d\u003d\u003d\u003d\u003d\u003d\u003d\u003d\u003d\u003d\u003d\u003d\u003d\u003d\u003d\";"},{"lineNumber":12,"author":{"gitId":"Chihui8199"},"content":"    private final String ERROR_DIVIDER_LINE \u003d \"!!!!!!!!!!!!!!!!!!!!!!!!!!!!!!!!!!!!!!!!!!!!!!!!!!!!!!!!!!!\";"},{"lineNumber":13,"author":{"gitId":"Chihui8199"},"content":"    public static final String FOUNDLINE \u003d\"FOUND!!!FOUND!!!FOUND!!!FOUND!!!\";"},{"lineNumber":14,"author":{"gitId":"Chihui8199"},"content":""},{"lineNumber":15,"author":{"gitId":"Chihui8199"},"content":"    public static void printMenu() {"},{"lineNumber":16,"author":{"gitId":"Chihui8199"},"content":"        System.out.println(\"Hello! Im Duke\\n\" + logo + \"What can I do for you?\");"},{"lineNumber":17,"author":{"gitId":"Chihui8199"},"content":"        System.out.println(\"\u003e Use the keyword todo\");"},{"lineNumber":18,"author":{"gitId":"Chihui8199"},"content":"        System.out.println(\"\u003e Use the keyword deadlines followed \\\"/by\\\"\");"},{"lineNumber":19,"author":{"gitId":"Chihui8199"},"content":"        System.out.println(\"\u003e Use the keyword event followed by \\\"/at\\\"\");"},{"lineNumber":20,"author":{"gitId":"Chihui8199"},"content":"        System.out.println(\"\u003e Use the keyword list to print\");"},{"lineNumber":21,"author":{"gitId":"Chihui8199"},"content":"        System.out.println(\"\u003e Use keyword \\\"Done \u003cNumber\u003e\\\"  to mark task as done!\");"},{"lineNumber":22,"author":{"gitId":"Chihui8199"},"content":"        System.out.println(\"\u003e Use the keyword \\\"bye\\\" to exit\");"},{"lineNumber":23,"author":{"gitId":"Chihui8199"},"content":"        System.out.println(\"\u003e Use the keyword \\\"menu\\\" to bring up the menu\");"},{"lineNumber":24,"author":{"gitId":"Chihui8199"},"content":"        System.out.println(\"Input here: \");"},{"lineNumber":25,"author":{"gitId":"Chihui8199"},"content":"    }"},{"lineNumber":26,"author":{"gitId":"Chihui8199"},"content":""},{"lineNumber":27,"author":{"gitId":"Chihui8199"},"content":"    public String getUserInput() {"},{"lineNumber":28,"author":{"gitId":"Chihui8199"},"content":"        Scanner sc \u003d new Scanner(System.in);"},{"lineNumber":29,"author":{"gitId":"Chihui8199"},"content":"        String userInput \u003d sc.nextLine().trim().toLowerCase();"},{"lineNumber":30,"author":{"gitId":"Chihui8199"},"content":"        return userInput;"},{"lineNumber":31,"author":{"gitId":"Chihui8199"},"content":"    }"},{"lineNumber":32,"author":{"gitId":"Chihui8199"},"content":""},{"lineNumber":33,"author":{"gitId":"Chihui8199"},"content":"    private void printErrorDivider() {"},{"lineNumber":34,"author":{"gitId":"Chihui8199"},"content":"        System.out.println(ERROR_DIVIDER_LINE);"},{"lineNumber":35,"author":{"gitId":"Chihui8199"},"content":"    }"},{"lineNumber":36,"author":{"gitId":"Chihui8199"},"content":""},{"lineNumber":37,"author":{"gitId":"Chihui8199"},"content":"    public void printErrorMessage(String... messages) {"},{"lineNumber":38,"author":{"gitId":"Chihui8199"},"content":"        printErrorDivider();"},{"lineNumber":39,"author":{"gitId":"Chihui8199"},"content":"        print(\"Error Message: \");"},{"lineNumber":40,"author":{"gitId":"Chihui8199"},"content":"        for (String message: messages) {"},{"lineNumber":41,"author":{"gitId":"Chihui8199"},"content":"            print(message);"},{"lineNumber":42,"author":{"gitId":"Chihui8199"},"content":"        }"},{"lineNumber":43,"author":{"gitId":"Chihui8199"},"content":"        printErrorDivider();"},{"lineNumber":44,"author":{"gitId":"Chihui8199"},"content":"    }"},{"lineNumber":45,"author":{"gitId":"Chihui8199"},"content":""},{"lineNumber":46,"author":{"gitId":"Chihui8199"},"content":"    public void printMessage(String ...messages){"},{"lineNumber":47,"author":{"gitId":"Chihui8199"},"content":"        for(String message : messages){"},{"lineNumber":48,"author":{"gitId":"Chihui8199"},"content":"            print(message);"},{"lineNumber":49,"author":{"gitId":"Chihui8199"},"content":"        }"},{"lineNumber":50,"author":{"gitId":"Chihui8199"},"content":"    }"},{"lineNumber":51,"author":{"gitId":"Chihui8199"},"content":""},{"lineNumber":52,"author":{"gitId":"Chihui8199"},"content":"    public void print(String string) {"},{"lineNumber":53,"author":{"gitId":"Chihui8199"},"content":"        System.out.println(string);"},{"lineNumber":54,"author":{"gitId":"Chihui8199"},"content":"    }"},{"lineNumber":55,"author":{"gitId":"Chihui8199"},"content":""},{"lineNumber":56,"author":{"gitId":"Chihui8199"},"content":""},{"lineNumber":57,"author":{"gitId":"Chihui8199"},"content":"    public Boolean sayGoodBye(String userInput){"},{"lineNumber":58,"author":{"gitId":"Chihui8199"},"content":"        if (userInput.contains(\"BYE\")){"},{"lineNumber":59,"author":{"gitId":"Chihui8199"},"content":"            printMessage(\"Bye Bye! See you Again\");"},{"lineNumber":60,"author":{"gitId":"Chihui8199"},"content":"            return true;"},{"lineNumber":61,"author":{"gitId":"Chihui8199"},"content":"        }else{"},{"lineNumber":62,"author":{"gitId":"Chihui8199"},"content":"            return false;"},{"lineNumber":63,"author":{"gitId":"Chihui8199"},"content":"        }"},{"lineNumber":64,"author":{"gitId":"Chihui8199"},"content":"    }"},{"lineNumber":65,"author":{"gitId":"Chihui8199"},"content":"}"}],"authorContributionMap":{"Chihui8199":65}}]
