{"authorDailyContributionsMap":{"Chihui8199":[{"date":"2021-01-26","commitResults":[{"hash":"13e08bd6ab0285db82ebc12f737494f922ed3729","messageTitle":"Add the ability to mark tasks as done","messageBody":"","tags":["Level-3"],"fileTypesAndContributionMap":{"java":{"insertions":86,"deletions":1}}}]},{"date":"2021-01-29","commitResults":[{"hash":"f0bf8c8ada3f374bc5961d633f74ff6022813893","messageTitle":"Update enterTask method, printDescription method and markDone method.","messageBody":"","tags":["Level-2","Level-1"],"fileTypesAndContributionMap":{"java":{"insertions":59,"deletions":58}}},{"hash":"55cfe869a8163a3ea75f782c5d7f851dae2a4709","messageTitle":"Create Ui Class","messageBody":"","fileTypesAndContributionMap":{"java":{"insertions":16,"deletions":0}}}]},{"date":"2021-01-30","commitResults":[{"hash":"2d89b551816b408e135aac252f605877d150eca6","messageTitle":"add multiple types of tasks","messageBody":"","fileTypesAndContributionMap":{"java":{"insertions":38,"deletions":0}}},{"hash":"80bb6466591c31c743c761c1bf080b1c99d3c97b","messageTitle":"add todo, deadline and event methods. add done function","messageBody":"","tags":["Level-4"],"fileTypesAndContributionMap":{"java":{"insertions":42,"deletions":27}}},{"hash":"6a9c36c8b540c1f535917e28cdbe49e73b34e4cc","messageTitle":"improve code quality","messageBody":"","tags":["A-CodeQuality"],"fileTypesAndContributionMap":{"java":{"insertions":21,"deletions":18}}}]},{"date":"2021-02-03","commitResults":[{"hash":"df1e51cbcba9c25bfc809060e9997bf289018f14","messageTitle":"minor change in logic","messageBody":"","fileTypesAndContributionMap":{"java":{"insertions":2,"deletions":2}}},{"hash":"ac63f995c0f45a909b8013b4f4c371c90d43b2e6","messageTitle":"improve code quality","messageBody":"","fileTypesAndContributionMap":{"java":{"insertions":11,"deletions":6}}},{"hash":"4195677a1844e48fef099e7ae51f3e4d81fe379c","messageTitle":"implemented design pattern model, controller, view design pattern","messageBody":"","fileTypesAndContributionMap":{"java":{"insertions":13,"deletions":1}}},{"hash":"4585995961a42b1e58ae7f37b8c4ee662a4fdf31","messageTitle":"improve code quality","messageBody":"","fileTypesAndContributionMap":{"java":{"insertions":3,"deletions":78}}}]},{"date":"2021-02-05","commitResults":[{"hash":"4ac8a7395854004dd5182d2fc1726ece73300ba8","messageTitle":"Added code for error handing","messageBody":"","tags":["Level-5","A-Packages","A-CodingStandard"],"fileTypesAndContributionMap":{"java":{"insertions":140,"deletions":1}}}]},{"date":"2021-02-08","commitResults":[{"hash":"0c5602bdbeab5b4e7c14e991c11ef582e5275535","messageTitle":"Added Duke\u0027s own exception class","messageBody":"","tags":["A-Exceptions"],"fileTypesAndContributionMap":{"java":{"insertions":6,"deletions":0}}}]},{"date":"2021-02-22","commitResults":[{"hash":"edf7eb6057008787473da30f40dc5cbec5636871","messageTitle":"Make code more OOP","messageBody":"","tags":["A-Collections"],"fileTypesAndContributionMap":{"java":{"insertions":235,"deletions":137}}},{"hash":"f937d6a0dce9e002d36624c44208ab6bdea9d39d","messageTitle":"Add support for deleting tasks from the list","messageBody":"","tags":["Level-6"],"fileTypesAndContributionMap":{"java":{"insertions":32,"deletions":3}}}]},{"date":"2021-02-23","commitResults":[{"hash":"d1d640ee0ebd264675a388cc2463bf98f8d0bd00","messageTitle":"Added functionality that allow users to save tasks in an external file and load existing task from file","messageBody":"","tags":["A-MoreOOP"],"fileTypesAndContributionMap":{"txt":{"insertions":2,"deletions":0},"java":{"insertions":133,"deletions":18}}}]},{"date":"2021-02-25","commitResults":[{"hash":"78952bcf02aa89b98bffe5cd19c73e1d47ebfcea","messageTitle":"Add function that gives users a way to find a task by searching for a keyword.","messageBody":"","tags":["Level-9"],"fileTypesAndContributionMap":{"java":{"insertions":69,"deletions":23}}},{"hash":"113690b9c3c59f9dd8583efafa0dcd68c34c2fba","messageTitle":"Update README.md","messageBody":"","fileTypesAndContributionMap":{"md":{"insertions":2,"deletions":19}}},{"hash":"768cccb49d518d9f6fffbed8d0e0cd815e20da05","messageTitle":"Update README.md","messageBody":"","fileTypesAndContributionMap":{"md":{"insertions":84,"deletions":0}}},{"hash":"85988e59469ad7507704118c5caadc2a0e9ea4e5","messageTitle":"Update README.md","messageBody":"","fileTypesAndContributionMap":{"md":{"insertions":8,"deletions":2}}},{"hash":"60ee79b71e9c0593120c70663c45c0b89a05d279","messageTitle":"Update README.md","messageBody":"","fileTypesAndContributionMap":{"md":{"insertions":8,"deletions":9}}}]},{"date":"2021-02-28","commitResults":[{"hash":"e62a530ee757f00995a32d9ef4f924eda7a4077d","messageTitle":"Update README.md","messageBody":"","fileTypesAndContributionMap":{"md":{"insertions":9,"deletions":15}}},{"hash":"3435d7f7e25d1890ce6c9c6a67f2f43d3398e621","messageTitle":"Update README.md","messageBody":"","fileTypesAndContributionMap":{"md":{"insertions":2,"deletions":2}}},{"hash":"1c0e1c279540a5eba6c7430f5a560f296f24b1db","messageTitle":"Update README.md","messageBody":"","fileTypesAndContributionMap":{"md":{"insertions":11,"deletions":9}}},{"hash":"81272400d63162a05970b1f44df3cfec7dbe0a1e","messageTitle":"Update README.md","messageBody":"","fileTypesAndContributionMap":{"md":{"insertions":8,"deletions":10}}},{"hash":"e0cafc75531341d173e286fb142c8ac8bfa1eeaf","messageTitle":"Update README.md","messageBody":"","fileTypesAndContributionMap":{"md":{"insertions":2,"deletions":2}}},{"hash":"00c20547911fb540d24ea1cc933b7af8a4761bba","messageTitle":"Update README.md","messageBody":"","fileTypesAndContributionMap":{"md":{"insertions":1,"deletions":1}}},{"hash":"7a4ac65f193fb76c5249ce3747606822a309a70a","messageTitle":"Update README.md","messageBody":"","fileTypesAndContributionMap":{"md":{"insertions":2,"deletions":0}}},{"hash":"b741c7eb0a37fcf0a4e914dde370047019919941","messageTitle":"Update README.md","messageBody":"","fileTypesAndContributionMap":{"md":{"insertions":2,"deletions":0}}},{"hash":"7386657ea6c47f4c8f86f64758a533c5d241d4b3","messageTitle":"Update README.md","messageBody":"","fileTypesAndContributionMap":{"md":{"insertions":1,"deletions":1}}},{"hash":"d449deab59cfd0bdda95b5c8fefd3300276a5188","messageTitle":"Update README.md","messageBody":"","fileTypesAndContributionMap":{"md":{"insertions":0,"deletions":4}}},{"hash":"479079028a6f8f3336952545e346a1c5a2b7a42b","messageTitle":"Update README.md","messageBody":"","tags":["A-UserGuide"],"fileTypesAndContributionMap":{"md":{"insertions":10,"deletions":1}}},{"hash":"e655bb1713f6a1aa9e73854b8c3f6960efc7be26","messageTitle":"Add JavaDoc comments","messageBody":"","tags":["A-JavaDoc"],"fileTypesAndContributionMap":{"java":{"insertions":152,"deletions":35}}},{"hash":"c241c78c1532eccf66eb67ff3f7609367c270d8f","messageTitle":"Revert \"Add JavaDoc comments\"","messageBody":"This reverts commit e655bb1713f6a1aa9e73854b8c3f6960efc7be26.\n","fileTypesAndContributionMap":{"java":{"insertions":35,"deletions":152}}},{"hash":"8be215e036bf154a323d0759fbacd96656d67750","messageTitle":"Revert \"Revert \"Add JavaDoc comments\"\"","messageBody":"This reverts commit c241c78c1532eccf66eb67ff3f7609367c270d8f.\n","fileTypesAndContributionMap":{"java":{"insertions":152,"deletions":35}}}]},{"date":"2021-03-02","commitResults":[{"hash":"6d7880ae9508ae3fa7706f688f10ca705713f98a","messageTitle":"Put Main method directly under Duke Class to solve issues with creating jar file","messageBody":"","tags":["A-Jar"],"fileTypesAndContributionMap":{"java":{"insertions":2,"deletions":4}}}]}]},"authorFileTypeContributionMap":{"Chihui8199":{"java":657,"md":94,"fxml":0,"sh":0,"bat":0,"gradle":0,"txt":2}},"authorContributionVariance":{"Chihui8199":12993.5625},"authorDisplayNameMap":{"Chihui8199":"CS2113-W10-2 NG C.. HUI"}}
