{"authorDailyContributionsMap":{"LeeHanYongAndy":[{"date":"2021-01-17","commitResults":[{"hash":"f5b9a85457154c96479dbc58363e2dcf511c4bd1","messageTitle":"Add Increment: Level-0 (First Commit Test)","messageBody":"","tags":["Level-0"],"fileTypesAndContributionMap":{"java":{"insertions":9,"deletions":1}}}]},{"date":"2021-01-21","commitResults":[{"hash":"3af66f23594c853fb73269c0b423270e294e9a11","messageTitle":"Add methods","messageBody":"","fileTypesAndContributionMap":{"java":{"insertions":8,"deletions":1}}}]},{"date":"2021-01-24","commitResults":[{"hash":"4d84a60d068509091e6b9d2fccabcf9f9c5ab9b7","messageTitle":"Updated methods naming","messageBody":"Changed to camelCase format\n","fileTypesAndContributionMap":{"java":{"insertions":5,"deletions":6}}},{"hash":"951c5686aff7678f7e9498dc323aa8f6718c6efc","messageTitle":"Add Level-1","messageBody":"Rough implementation\n","fileTypesAndContributionMap":{"java":{"insertions":48,"deletions":5}}},{"hash":"272617bb9f6d977c24bdb342939fde6c6c4d420d","messageTitle":"Increment Level-1","messageBody":"Tag added\n","fileTypesAndContributionMap":{"java":{"insertions":9,"deletions":11}}},{"hash":"c29bcce5ed8a478816500722a4b126cbf070ce9a","messageTitle":"Update Level-1","messageBody":"Corrected identation for switch cases\n","tags":["Level-1"],"fileTypesAndContributionMap":{"java":{"insertions":4,"deletions":4}}},{"hash":"512e22a75ff0e3f01d82ea95f3cb9ff9d3fd1292","messageTitle":"Upload Level-2 Solution","messageBody":"","tags":["Level-2"],"fileTypesAndContributionMap":{"java":{"insertions":37,"deletions":1}}},{"hash":"5d45568a629772bf0c0be73861a219af373f5df9","messageTitle":"Upload Level-3 Solution","messageBody":"","fileTypesAndContributionMap":{"java":{"insertions":74,"deletions":16}}},{"hash":"afc30153139c162358fa2f00590b32061bf7a0b3","messageTitle":"Update Level-3 Solution","messageBody":"Improvised more UX features - detection of multiple mark done command, detection of invalid done command.\n","tags":["Level-3"],"fileTypesAndContributionMap":{"java":{"insertions":2,"deletions":0}}}]},{"date":"2021-01-25","commitResults":[{"hash":"c10d667b69e71f46af8d0db44fa268a6e09a306e","messageTitle":"Update Coding Standard + Submission for A-CodingStandard","messageBody":"Modification to fixed constant - MARK_DONE, MARK_UNDONE\nModification to for loop - added spaces\nChecked coding standard for Duke.java and Task.java\n","tags":["A-CodingStandard"],"fileTypesAndContributionMap":{"java":{"insertions":7,"deletions":5}}},{"hash":"df4b0bfee9deffdac1f2dda2cec77dcb5bc0f5d7","messageTitle":"Modify Line 68","messageBody":"No need to assign a value to variable\n","fileTypesAndContributionMap":{"java":{"insertions":1,"deletions":1}}}]},{"date":"2021-01-30","commitResults":[{"hash":"fb366930e2b515f040d1ada7eaca3edad5c8e795","messageTitle":"update SLAP","messageBody":"Implemented SLAP and updated my mushroom head logo\n","fileTypesAndContributionMap":{"java":{"insertions":53,"deletions":33}}}]},{"date":"2021-01-31","commitResults":[{"hash":"9bb3d04053025c10f6df0e07bf2079cebcb93ec0","messageTitle":"test pushing new class file","messageBody":"","fileTypesAndContributionMap":{"java":{"insertions":12,"deletions":0}}},{"hash":"d872a70d20adf71b861dc78d577dbfec7536b700","messageTitle":"update solution for Todo only","messageBody":"Never use this.\nplanning to use that soon.\n","fileTypesAndContributionMap":{"java":{"insertions":202,"deletions":42}}},{"hash":"b1c207d163f2dc4416327110ec353678290c4d0f","messageTitle":"Update solution","messageBody":"completed Todo, Deadline, Event.\nLeft touch up\n","fileTypesAndContributionMap":{"java":{"insertions":61,"deletions":23}}},{"hash":"eec4984e3d4e4d34fac847a9b783ba6afbd34ebe","messageTitle":"Update Solution","messageBody":"Level-4\n","tags":["Level-4"],"fileTypesAndContributionMap":{"java":{"insertions":4,"deletions":11}}},{"hash":"cec0d22b702697f013e70354a162d799b3bc8af2","messageTitle":"Update Code Quality","messageBody":"A-CodeQuality\n","tags":["A-CodeQuality"],"fileTypesAndContributionMap":{"java":{"insertions":1,"deletions":1}}}]},{"date":"2021-02-01","commitResults":[{"hash":"6c20c66d4b26ae398857eb300964f9a0a026ba8e","messageTitle":"Modify Mark Done Function, Included Automated Testing","messageBody":"removed white space character in line 93:\nSystem.out.println(\"Nice! I\u0027ve marked this task as done:\");\n","tags":["A-TextUiTesting"],"fileTypesAndContributionMap":{"txt":{"insertions":14,"deletions":0},"java":{"insertions":1,"deletions":2},"bat":{"insertions":1,"deletions":1}}}]},{"date":"2021-02-07","commitResults":[{"hash":"9ece4e81988ac2b55c7b1c71f64f2ada6c2d32d7","messageTitle":"Modify \u0026 Update for Level-5 1. Fixed invalid input error (null input, space+command code input, invalid command code) 2. Modified input validation for command codes 3. Edited error messages for different task 4. Created Custom Exception Class to handle personalized exception raises 5. No more default add to task command","messageBody":"","fileTypesAndContributionMap":{"txt":{"insertions":5,"deletions":6},"java":{"insertions":90,"deletions":53}}},{"hash":"9def66b072026127b2f9f83aa3585d9b7e4d6880","messageTitle":"Update duke Packages on separate branch","messageBody":"","fileTypesAndContributionMap":{"java":{"insertions":18,"deletions":0}}},{"hash":"387534dde515cb1f4770c4aa1b383e799ab0b809","messageTitle":"Update regression testing","messageBody":"edit runtest.bat, expected output and input.txt\n","fileTypesAndContributionMap":{"txt":{"insertions":1,"deletions":0},"bat":{"insertions":1,"deletions":1}}}]},{"date":"2021-02-15","commitResults":[{"hash":"3c8a3483ad50e3aae38528328a58cad760e02c36","messageTitle":"repackage for into task and error package","messageBody":"","fileTypesAndContributionMap":{"java":{"insertions":16,"deletions":9},"bat":{"insertions":1,"deletions":1}}},{"hash":"b85e8287b70d3bdaa0eb787f26a0ba46b6038e34","messageTitle":"Update program with ArrayList\u003c\u003e with some other changes - See below.","messageBody":"1. Changed to ArrayList\u003c\u003e\n2. Mark Done has been shifted to Duke.java\n3. Printing of information task is passed to Duke.java to handle\n4. Added default getTaskTiming into Task.java for overidding purpose\n5. Made some changes tot he variable names\n6. Changed the divider printing method into a static final constant string\n","fileTypesAndContributionMap":{"txt":{"insertions":1,"deletions":0},"java":{"insertions":132,"deletions":133},"bat":{"insertions":1,"deletions":1}}},{"hash":"303db96e59902c5d4551a23009c711dfb8798065","messageTitle":"Small update to previous commit.","messageBody":"1. Make changes to facilitate UI testing via runtest.bat\n2. code clean up for spelling error and extra brackets\n","fileTypesAndContributionMap":{"java":{"insertions":8,"deletions":8}}},{"hash":"87c2dc46f8643f46d72a829e0336657a4097d927","messageTitle":"update solution for branch-Level-6 + A-Collections","messageBody":"added delete function\n","fileTypesAndContributionMap":{"txt":{"insertions":9,"deletions":0},"java":{"insertions":61,"deletions":12}}}]},{"date":"2021-02-16","commitResults":[{"hash":"ab0d33dbc659000b8c0f92f2fe1962b1624426bf","messageTitle":"update solution for branch-Level-7","messageBody":"","fileTypesAndContributionMap":{"java":{"insertions":245,"deletions":78}}},{"hash":"c3298a5284ecf201456ecef72d10700860fcf2d5","messageTitle":"update solution for Level-6 and Level-7 and A-Collections","messageBody":"updates:\n1. shifted the order of method\n2. remove the white space character in deadline and event getFileFormat method\n3. change the file path to no absolute file path\n","tags":["Level-7"],"fileTypesAndContributionMap":{"txt":{"insertions":1,"deletions":0},"java":{"insertions":162,"deletions":168}}},{"hash":"da1e1194f83b627364e3ff0b76f2b17eca2fa0d3","messageTitle":"removed line 7 - import java.lang.reflect.Array;","messageBody":"","fileTypesAndContributionMap":{"java":{"insertions":0,"deletions":1}}},{"hash":"269810d1834b30f5679735a0f50805e4188f2e8c","messageTitle":"reupload for adding tags + add minor comments","messageBody":"","tags":["A-Jar"],"fileTypesAndContributionMap":{"java":{"insertions":1,"deletions":0}}}]},{"date":"2021-02-20","commitResults":[{"hash":"b188053ce999ceaebc9e3453c4d5aff82c8e60ad","messageTitle":"update to OOP for tag A-MoreOOP","messageBody":"created classes and packaged into respectively packages\n","tags":["A-MoreOOP"],"fileTypesAndContributionMap":{"java":{"insertions":599,"deletions":510}}}]}]},"authorFileTypeContributionMap":{"LeeHanYongAndy":{"java":750,"md":0,"fxml":0,"sh":0,"bat":1,"gradle":0,"txt":25}},"authorContributionVariance":{"LeeHanYongAndy":43982.14},"authorDisplayNameMap":{"LeeHanYongAndy":"CS2113T-W09-1 LEE ..ANDY"}}
