{"authorDailyContributionsMap":{"LeeHanYongAndy":[{"date":"2021-01-17","commitResults":[{"hash":"f5b9a85457154c96479dbc58363e2dcf511c4bd1","messageTitle":"Add Increment: Level-0 (First Commit Test)","messageBody":"","tags":["Level-0"],"fileTypesAndContributionMap":{"java":{"insertions":9,"deletions":1}}}]},{"date":"2021-01-21","commitResults":[{"hash":"3af66f23594c853fb73269c0b423270e294e9a11","messageTitle":"Add methods","messageBody":"","fileTypesAndContributionMap":{"java":{"insertions":8,"deletions":1}}}]},{"date":"2021-01-24","commitResults":[{"hash":"4d84a60d068509091e6b9d2fccabcf9f9c5ab9b7","messageTitle":"Updated methods naming","messageBody":"Changed to camelCase format\n","fileTypesAndContributionMap":{"java":{"insertions":5,"deletions":6}}},{"hash":"951c5686aff7678f7e9498dc323aa8f6718c6efc","messageTitle":"Add Level-1","messageBody":"Rough implementation\n","fileTypesAndContributionMap":{"java":{"insertions":48,"deletions":5}}},{"hash":"272617bb9f6d977c24bdb342939fde6c6c4d420d","messageTitle":"Increment Level-1","messageBody":"Tag added\n","fileTypesAndContributionMap":{"java":{"insertions":9,"deletions":11}}},{"hash":"c29bcce5ed8a478816500722a4b126cbf070ce9a","messageTitle":"Update Level-1","messageBody":"Corrected identation for switch cases\n","tags":["Level-1"],"fileTypesAndContributionMap":{"java":{"insertions":4,"deletions":4}}},{"hash":"512e22a75ff0e3f01d82ea95f3cb9ff9d3fd1292","messageTitle":"Upload Level-2 Solution","messageBody":"","tags":["Level-2"],"fileTypesAndContributionMap":{"java":{"insertions":37,"deletions":1}}},{"hash":"5d45568a629772bf0c0be73861a219af373f5df9","messageTitle":"Upload Level-3 Solution","messageBody":"","fileTypesAndContributionMap":{"java":{"insertions":74,"deletions":16}}},{"hash":"afc30153139c162358fa2f00590b32061bf7a0b3","messageTitle":"Update Level-3 Solution","messageBody":"Improvised more UX features - detection of multiple mark done command, detection of invalid done command.\n","tags":["Level-3"],"fileTypesAndContributionMap":{"java":{"insertions":2,"deletions":0}}}]},{"date":"2021-01-25","commitResults":[{"hash":"c10d667b69e71f46af8d0db44fa268a6e09a306e","messageTitle":"Update Coding Standard + Submission for A-CodingStandard","messageBody":"Modification to fixed constant - MARK_DONE, MARK_UNDONE\nModification to for loop - added spaces\nChecked coding standard for Duke.java and Task.java\n","tags":["A-CodingStandard"],"fileTypesAndContributionMap":{"java":{"insertions":7,"deletions":5}}},{"hash":"df4b0bfee9deffdac1f2dda2cec77dcb5bc0f5d7","messageTitle":"Modify Line 68","messageBody":"No need to assign a value to variable\n","fileTypesAndContributionMap":{"java":{"insertions":1,"deletions":1}}}]},{"date":"2021-01-30","commitResults":[{"hash":"fb366930e2b515f040d1ada7eaca3edad5c8e795","messageTitle":"update SLAP","messageBody":"Implemented SLAP and updated my mushroom head logo\n","fileTypesAndContributionMap":{"java":{"insertions":53,"deletions":33}}}]},{"date":"2021-01-31","commitResults":[{"hash":"9bb3d04053025c10f6df0e07bf2079cebcb93ec0","messageTitle":"test pushing new class file","messageBody":"","fileTypesAndContributionMap":{"java":{"insertions":12,"deletions":0}}},{"hash":"d872a70d20adf71b861dc78d577dbfec7536b700","messageTitle":"update solution for Todo only","messageBody":"Never use this.\nplanning to use that soon.\n","fileTypesAndContributionMap":{"java":{"insertions":202,"deletions":42}}},{"hash":"b1c207d163f2dc4416327110ec353678290c4d0f","messageTitle":"Update solution","messageBody":"completed Todo, Deadline, Event.\nLeft touch up\n","fileTypesAndContributionMap":{"java":{"insertions":61,"deletions":23}}},{"hash":"eec4984e3d4e4d34fac847a9b783ba6afbd34ebe","messageTitle":"Update Solution","messageBody":"Level-4\n","tags":["Level-4"],"fileTypesAndContributionMap":{"java":{"insertions":4,"deletions":11}}},{"hash":"cec0d22b702697f013e70354a162d799b3bc8af2","messageTitle":"Update Code Quality","messageBody":"A-CodeQuality\n","tags":["A-CodeQuality"],"fileTypesAndContributionMap":{"java":{"insertions":1,"deletions":1}}}]},{"date":"2021-02-01","commitResults":[{"hash":"6c20c66d4b26ae398857eb300964f9a0a026ba8e","messageTitle":"Modify Mark Done Function, Included Automated Testing","messageBody":"removed white space character in line 93:\nSystem.out.println(\"Nice! I\u0027ve marked this task as done:\");\n","tags":["A-TextUiTesting"],"fileTypesAndContributionMap":{"txt":{"insertions":14,"deletions":0},"java":{"insertions":1,"deletions":2},"bat":{"insertions":1,"deletions":1}}}]},{"date":"2021-02-07","commitResults":[{"hash":"9ece4e81988ac2b55c7b1c71f64f2ada6c2d32d7","messageTitle":"Modify \u0026 Update for Level-5 1. Fixed invalid input error (null input, space+command code input, invalid command code) 2. Modified input validation for command codes 3. Edited error messages for different task 4. Created Custom Exception Class to handle personalized exception raises 5. No more default add to task command","messageBody":"","fileTypesAndContributionMap":{"txt":{"insertions":5,"deletions":6},"java":{"insertions":90,"deletions":53}}},{"hash":"9def66b072026127b2f9f83aa3585d9b7e4d6880","messageTitle":"Update duke Packages on separate branch","messageBody":"","fileTypesAndContributionMap":{"java":{"insertions":18,"deletions":0}}},{"hash":"387534dde515cb1f4770c4aa1b383e799ab0b809","messageTitle":"Update regression testing","messageBody":"edit runtest.bat, expected output and input.txt\n","fileTypesAndContributionMap":{"txt":{"insertions":1,"deletions":0},"bat":{"insertions":1,"deletions":1}}}]},{"date":"2021-02-15","commitResults":[{"hash":"3c8a3483ad50e3aae38528328a58cad760e02c36","messageTitle":"repackage for into task and error package","messageBody":"","fileTypesAndContributionMap":{"java":{"insertions":16,"deletions":9},"bat":{"insertions":1,"deletions":1}}},{"hash":"b85e8287b70d3bdaa0eb787f26a0ba46b6038e34","messageTitle":"Update program with ArrayList\u003c\u003e with some other changes - See below.","messageBody":"1. Changed to ArrayList\u003c\u003e\n2. Mark Done has been shifted to Duke.java\n3. Printing of information task is passed to Duke.java to handle\n4. Added default getTaskTiming into Task.java for overidding purpose\n5. Made some changes tot he variable names\n6. Changed the divider printing method into a static final constant string\n","fileTypesAndContributionMap":{"txt":{"insertions":1,"deletions":0},"java":{"insertions":132,"deletions":133},"bat":{"insertions":1,"deletions":1}}},{"hash":"303db96e59902c5d4551a23009c711dfb8798065","messageTitle":"Small update to previous commit.","messageBody":"1. Make changes to facilitate UI testing via runtest.bat\n2. code clean up for spelling error and extra brackets\n","fileTypesAndContributionMap":{"java":{"insertions":8,"deletions":8}}},{"hash":"87c2dc46f8643f46d72a829e0336657a4097d927","messageTitle":"update solution for branch-Level-6 + A-Collections","messageBody":"added delete function\n","fileTypesAndContributionMap":{"txt":{"insertions":9,"deletions":0},"java":{"insertions":61,"deletions":12}}}]},{"date":"2021-02-16","commitResults":[{"hash":"ab0d33dbc659000b8c0f92f2fe1962b1624426bf","messageTitle":"update solution for branch-Level-7","messageBody":"","fileTypesAndContributionMap":{"java":{"insertions":245,"deletions":78}}},{"hash":"c3298a5284ecf201456ecef72d10700860fcf2d5","messageTitle":"update solution for Level-6 and Level-7 and A-Collections","messageBody":"updates:\n1. shifted the order of method\n2. remove the white space character in deadline and event getFileFormat method\n3. change the file path to no absolute file path\n","tags":["Level-7"],"fileTypesAndContributionMap":{"txt":{"insertions":1,"deletions":0},"java":{"insertions":162,"deletions":168}}},{"hash":"da1e1194f83b627364e3ff0b76f2b17eca2fa0d3","messageTitle":"removed line 7 - import java.lang.reflect.Array;","messageBody":"","fileTypesAndContributionMap":{"java":{"insertions":0,"deletions":1}}},{"hash":"269810d1834b30f5679735a0f50805e4188f2e8c","messageTitle":"reupload for adding tags + add minor comments","messageBody":"","tags":["A-Jar"],"fileTypesAndContributionMap":{"java":{"insertions":1,"deletions":0}}}]},{"date":"2021-02-20","commitResults":[{"hash":"b188053ce999ceaebc9e3453c4d5aff82c8e60ad","messageTitle":"update to OOP for tag A-MoreOOP","messageBody":"created classes and packaged into respectively packages\n","tags":["A-MoreOOP"],"fileTypesAndContributionMap":{"java":{"insertions":599,"deletions":510}}},{"hash":"e1866b1bf563353c3ac63841f06325fd67eceafc","messageTitle":"update solution for branch-Level-8 for merging using PR later on","messageBody":"","fileTypesAndContributionMap":{"java":{"insertions":61,"deletions":13}}},{"hash":"5a4cc2efcce3623f7e4098b6c0e2df600189da02","messageTitle":"removed comment line","messageBody":"","fileTypesAndContributionMap":{"java":{"insertions":1,"deletions":2}}},{"hash":"dc2f2e77a640aa287482bdf40e7d3f40b137c969","messageTitle":"update method name to fit the role of a printer","messageBody":"","fileTypesAndContributionMap":{"java":{"insertions":14,"deletions":14}}},{"hash":"b2227f18d7a09349a6b4c1fe77e67a442d477002","messageTitle":"Update method name for consistency - welcome and exit","messageBody":"","fileTypesAndContributionMap":{"java":{"insertions":4,"deletions":4}}},{"hash":"efb6445a6aa070de234ea3ea952d43bfaa7d393a","messageTitle":"Add initCheckFind and validateFindCommand","messageBody":"","fileTypesAndContributionMap":{"java":{"insertions":29,"deletions":1}}},{"hash":"285ff778aecd287e1f6b705f8d95468d1624c9b3","messageTitle":"update solution for branch-level-9 of tag Level-9","messageBody":"","fileTypesAndContributionMap":{"java":{"insertions":20,"deletions":0}}},{"hash":"186869ea0b8f2856aa9f2cd79a3f9e301700d507","messageTitle":"update Level-9 tag minor fix + mischellaneous code clean up","messageBody":"","tags":["Level-9-FixPrintStatement"],"fileTypesAndContributionMap":{"java":{"insertions":29,"deletions":32}}},{"hash":"6b0fb84fd0969a59aa2152ad527d0bf32eb9ee2f","messageTitle":"update javdoc for Duke.java","messageBody":"","fileTypesAndContributionMap":{"java":{"insertions":12,"deletions":0}}}]},{"date":"2021-02-21","commitResults":[{"hash":"5c69ac4c409e154f4618cee2e02e642c95bae622","messageTitle":"update JavDoc for Parser.java + retag for Level-9 (remove unwanted printout) + replaced TodoCommandException with EmptyTaskDescriptionException","messageBody":"","tags":["Level-9-FixPrintStatement2"],"fileTypesAndContributionMap":{"java":{"insertions":141,"deletions":18}}},{"hash":"7e970f30266ceb64ad5ef62fa2999d6f1c06d99f","messageTitle":"update typo error in JavDoc, code quality for Parser.java, removed exception for validateEventCommand. More details below.","messageBody":"1. updated getCommandCode function for readability (introduced variable named commandCode)\n2. introduced whitespace between the variable name and equal operator\n3. removed some DateTimeParseException as not required.\n","fileTypesAndContributionMap":{"java":{"insertions":12,"deletions":13}}},{"hash":"d5c0218a2aada12f279d8722ae123c597226a750","messageTitle":"update JavDoc for Constant.java, typo error fixed in Duke.java","messageBody":"","fileTypesAndContributionMap":{"java":{"insertions":13,"deletions":4}}},{"hash":"df7897b49fb43e7d7475f79a33b7e27360c082df","messageTitle":"update JavDoc for error package of all the exception classes. Minor changes to JavDoc on Parser.java and Constant.java","messageBody":"","fileTypesAndContributionMap":{"java":{"insertions":25,"deletions":2}}},{"hash":"e01a41dc4cc6b3666dd675689aefdea6e36b7bdd","messageTitle":"update JavDoc and Code Quality for Storage.java","messageBody":"","fileTypesAndContributionMap":{"java":{"insertions":48,"deletions":1}}},{"hash":"71ef85788678c798873a4cb1bba9438cdfd3969f","messageTitle":"update JavDoc and code quality for Printer.java","messageBody":"","fileTypesAndContributionMap":{"java":{"insertions":43,"deletions":1}}},{"hash":"35ac26467074734c4cc7d6b29ef7ebf375b771f5","messageTitle":"update JavDoc and code quality for ActionHandler.java with some changes. See details below.","messageBody":"1. modified performDone to avoid nested if else loop.\n2. modified performDeadline to combine string declaration into a single line.\n3. modified performEvent to combine string declaration into a single line.\n4. shifted the performFind operation down to ensure consistent order of operation.\n","fileTypesAndContributionMap":{"java":{"insertions":65,"deletions":19}}},{"hash":"a81f8a33d465c589e7768da4e1167077f5dda1ef","messageTitle":"update JavDoc and code quality for TaskHandler.java. See details below.","messageBody":"1. modified findByWord() to enhance user experience (included more printout messages).\n2. modified findByWord() variable name from foundKeyword to isFound for better readability.\n","fileTypesAndContributionMap":{"java":{"insertions":75,"deletions":3}}},{"hash":"c4835dfb5484d60aab27630580db2642816d15dc","messageTitle":"update JavDoc and code quality for Task.java with modification. See details below.","messageBody":"1. Modified isDone() to simplier form.\n","fileTypesAndContributionMap":{"java":{"insertions":43,"deletions":6}}},{"hash":"5373b35a7c09582eb49594d75533dc9700d61035","messageTitle":"update JavDoc and code quality for Todo.java, Deadline.java, and Event.java","messageBody":"","fileTypesAndContributionMap":{"java":{"insertions":71,"deletions":0}}},{"hash":"4901c6ec2330e8697e616a1d87dfa6d63acd4b44","messageTitle":"update input.txt and expected.txt for testing","messageBody":"","fileTypesAndContributionMap":{"txt":{"insertions":24,"deletions":17}}}]},{"date":"2021-02-22","commitResults":[{"hash":"85bf7c864dbeb4a8c46a73bd018b3e47a2fab993","messageTitle":"update package name with given suggestion.","messageBody":"","tags":["A-MoreOOP-Fix-1"],"fileTypesAndContributionMap":{"java":{"insertions":39,"deletions":39}}},{"hash":"ecc718c07f5ade6d23cbe9a1f8032e12481332d9","messageTitle":"update the use of static to remove redundent instance creation of class object.","messageBody":"","tags":["A-MoreOOP-Fix-2"],"fileTypesAndContributionMap":{"java":{"insertions":121,"deletions":134}}},{"hash":"5954e2b3aa32a70d57d11d7bb71765f50fac20ae","messageTitle":"Update README.md, testing the welcome message","messageBody":"","fileTypesAndContributionMap":{"java":{"insertions":7,"deletions":7},"md":{"insertions":59,"deletions":19}}},{"hash":"6ddfa856f94fb1e8a401a842de8a82e6bef1f0be","messageTitle":"update README.md complete for tag A-UserGuide.","messageBody":"","fileTypesAndContributionMap":{"txt":{"insertions":6,"deletions":3},"java":{"insertions":4,"deletions":4},"md":{"insertions":163,"deletions":32}}},{"hash":"da588b4b001afd0a3278989a0d9accdc0eeea974","messageTitle":"update typo error for bye section and nicer example for quick start up for intellij for tag A-UserGuide.","messageBody":"","fileTypesAndContributionMap":{"md":{"insertions":3,"deletions":4}}},{"hash":"4314dada1170d40997603d5446261b6808a67636","messageTitle":"update upper case to lower case for tag A-UserGuide","messageBody":"","fileTypesAndContributionMap":{"md":{"insertions":2,"deletions":2}}},{"hash":"3184c04ed68d455a8faef4ed30370670c96838cb","messageTitle":"update section 5 of Command Summary in README.md.","messageBody":"","fileTypesAndContributionMap":{"md":{"insertions":10,"deletions":10}}},{"hash":"52f3a69f252e9adb5d9941d693d7410323ca509d","messageTitle":"Update README.md for testing command summary again.","messageBody":"","fileTypesAndContributionMap":{"md":{"insertions":11,"deletions":11}}}]},{"date":"2021-02-23","commitResults":[{"hash":"d703bb55da887ad93398d6ac6cc17d49548d02a4","messageTitle":"update README.md to retest command summary formatting.","messageBody":"","fileTypesAndContributionMap":{"md":{"insertions":10,"deletions":10}}},{"hash":"51493dc2f98e141da2e2dd2ab16e8442e5d7c26e","messageTitle":"update README.md to retest command summary formatting. Test version 1.","messageBody":"","fileTypesAndContributionMap":{"md":{"insertions":27,"deletions":11}}},{"hash":"21bd595b86e83de89d88c360b0f02bc5180554fe","messageTitle":"update README.md to retest command summary formatting. Test version 2. Potential Tag for A-UserGuide.","messageBody":"","tags":["A-UserGuide"],"fileTypesAndContributionMap":{"md":{"insertions":10,"deletions":10}}}]},{"date":"2021-02-27","commitResults":[{"hash":"5a194b7eaba4debfd171d105d5b293856d084c11","messageTitle":"update Level 5 Error handling bug fix and README.md typo error for retag","messageBody":"","fileTypesAndContributionMap":{"txt":{"insertions":2,"deletions":0},"java":{"insertions":12,"deletions":4},"md":{"insertions":9,"deletions":9}}},{"hash":"2d4f0eb62ea11611c9e1f4d9fb96fccac95cf59a","messageTitle":"update typo in printing statement for delete operation.","messageBody":"retag for Level 5 Error Handling and UserGuide\n","tags":["Level-5-BugFix1"],"fileTypesAndContributionMap":{"java":{"insertions":1,"deletions":1}}},{"hash":"bdd8e1aa41f624072030dd37fc833970bb91bdc3","messageTitle":"update README.md to fix typo. retag for A-UserGuide-TypoFix1","messageBody":"","tags":["A-UserGuide-TypoFix1"],"fileTypesAndContributionMap":{"md":{"insertions":1,"deletions":2}}},{"hash":"a7f80c8f991a9f3dd78ce58d7e7ebd74a839f0cd","messageTitle":"update SLAP and guard clauses for happy path based.","messageBody":"","fileTypesAndContributionMap":{"java":{"insertions":63,"deletions":36}}}]},{"date":"2021-02-28","commitResults":[{"hash":"70adebeef6e418074486826fdae8a82c808d172f","messageTitle":"Improved header/method description for JavDoc","messageBody":"","fileTypesAndContributionMap":{"java":{"insertions":31,"deletions":32}}}]},{"date":"2021-03-01","commitResults":[{"hash":"f81c860a21833856bab8fca48371bcb4bfc31c82","messageTitle":"Update README.md to include new quick start for running jar file","messageBody":"","fileTypesAndContributionMap":{"md":{"insertions":6,"deletions":11}}},{"hash":"e350603325a23af8d782212e014d3bc97e79ad38","messageTitle":"Update README.md with hyperlink in table of content.","messageBody":"","fileTypesAndContributionMap":{"md":{"insertions":1,"deletions":1}}},{"hash":"af432e9f9a13fcd9cad82d7bf8e4a1a46de0a574","messageTitle":"Update minor bug fix for whitespace description acceptance error.","messageBody":"","tags":["A-Release"],"fileTypesAndContributionMap":{"java":{"insertions":2,"deletions":2}}},{"hash":"dd6e32ebdf741756a8859596617044ec9ac3e955","messageTitle":"Update README.md hyperlink for downloading the latest jar file","messageBody":"","fileTypesAndContributionMap":{"md":{"insertions":1,"deletions":1}}}]}]},"authorFileTypeContributionMap":{"LeeHanYongAndy":{"java":1344,"md":190,"fxml":0,"sh":0,"bat":1,"gradle":0,"txt":37}},"authorContributionVariance":{"LeeHanYongAndy":60902.13},"authorDisplayNameMap":{"LeeHanYongAndy":"CS2113T-W09-1 LEE ..ANDY"}}
