[{"path":"src/main/java/Duke.java","fileType":"java","lines":[{"lineNumber":1,"author":{"gitId":"hiongkaihan"},"content":"import exceptions.DukeException;"},{"lineNumber":2,"author":{"gitId":"hiongkaihan"},"content":"import task.TaskList;"},{"lineNumber":3,"author":{"gitId":"hiongkaihan"},"content":"import ui.Ui;"},{"lineNumber":4,"author":{"gitId":"hiongkaihan"},"content":""},{"lineNumber":5,"author":{"gitId":"hiongkaihan"},"content":"import java.io.IOException;"},{"lineNumber":6,"author":{"gitId":"hiongkaihan"},"content":"import java.util.Scanner;"},{"lineNumber":7,"author":{"gitId":"hiongkaihan"},"content":"import java.io.FileNotFoundException;"},{"lineNumber":8,"author":{"gitId":"hiongkaihan"},"content":""},{"lineNumber":9,"author":{"gitId":"-"},"content":"public class Duke {"},{"lineNumber":10,"author":{"gitId":"hiongkaihan"},"content":""},{"lineNumber":11,"author":{"gitId":"hiongkaihan"},"content":"    public static final int COMMAND_TODO \u003d 0;"},{"lineNumber":12,"author":{"gitId":"hiongkaihan"},"content":"    public static final int COMMAND_DEADLINE \u003d 1;"},{"lineNumber":13,"author":{"gitId":"hiongkaihan"},"content":"    public static final int COMMAND_EVENT \u003d 2;"},{"lineNumber":14,"author":{"gitId":"hiongkaihan"},"content":""},{"lineNumber":15,"author":{"gitId":"hiongkaihan"},"content":"    public Duke() {"},{"lineNumber":16,"author":{"gitId":"hiongkaihan"},"content":"        String userInput;"},{"lineNumber":17,"author":{"gitId":"hiongkaihan"},"content":"        Scanner in \u003d new Scanner(System.in);"},{"lineNumber":18,"author":{"gitId":"hiongkaihan"},"content":"        TaskList tasks \u003d new TaskList();"},{"lineNumber":19,"author":{"gitId":"hiongkaihan"},"content":""},{"lineNumber":20,"author":{"gitId":"hiongkaihan"},"content":"        Ui.hello();"},{"lineNumber":21,"author":{"gitId":"hiongkaihan"},"content":""},{"lineNumber":22,"author":{"gitId":"hiongkaihan"},"content":"        try {"},{"lineNumber":23,"author":{"gitId":"hiongkaihan"},"content":"            TaskList.load();"},{"lineNumber":24,"author":{"gitId":"hiongkaihan"},"content":"        } catch (FileNotFoundException e) {"},{"lineNumber":25,"author":{"gitId":"hiongkaihan"},"content":"            System.out.println(Ui.FILE_NOT_FOUND);"},{"lineNumber":26,"author":{"gitId":"hiongkaihan"},"content":"        }"},{"lineNumber":27,"author":{"gitId":"hiongkaihan"},"content":""},{"lineNumber":28,"author":{"gitId":"hiongkaihan"},"content":"        while(true) {"},{"lineNumber":29,"author":{"gitId":"hiongkaihan"},"content":"            userInput \u003d in.nextLine();"},{"lineNumber":30,"author":{"gitId":"hiongkaihan"},"content":"            if (userInput.equals(\"bye\")) {"},{"lineNumber":31,"author":{"gitId":"hiongkaihan"},"content":"                try {"},{"lineNumber":32,"author":{"gitId":"hiongkaihan"},"content":"                    tasks.save(\"duke.txt\");"},{"lineNumber":33,"author":{"gitId":"hiongkaihan"},"content":"                } catch (IOException e) {"},{"lineNumber":34,"author":{"gitId":"hiongkaihan"},"content":"                    System.out.println(Ui.SAVE_ERROR);"},{"lineNumber":35,"author":{"gitId":"hiongkaihan"},"content":"                }"},{"lineNumber":36,"author":{"gitId":"hiongkaihan"},"content":"                Ui.bye();"},{"lineNumber":37,"author":{"gitId":"hiongkaihan"},"content":"                break;"},{"lineNumber":38,"author":{"gitId":"hiongkaihan"},"content":"            } else if (userInput.equals(\"list\")) {"},{"lineNumber":39,"author":{"gitId":"hiongkaihan"},"content":"                try {"},{"lineNumber":40,"author":{"gitId":"hiongkaihan"},"content":"                    tasks.list();"},{"lineNumber":41,"author":{"gitId":"hiongkaihan"},"content":"                } catch (DukeException e) {"},{"lineNumber":42,"author":{"gitId":"hiongkaihan"},"content":"                    System.out.println(Ui.LIST_EMPTY);"},{"lineNumber":43,"author":{"gitId":"hiongkaihan"},"content":"                }"},{"lineNumber":44,"author":{"gitId":"hiongkaihan"},"content":"            } else if (userInput.startsWith(\"done\")) {"},{"lineNumber":45,"author":{"gitId":"hiongkaihan"},"content":"                try {"},{"lineNumber":46,"author":{"gitId":"hiongkaihan"},"content":"                    tasks.mark(userInput);"},{"lineNumber":47,"author":{"gitId":"hiongkaihan"},"content":"                } catch (NumberFormatException | DukeException e) {"},{"lineNumber":48,"author":{"gitId":"hiongkaihan"},"content":"                    System.out.println(Ui.INVALID_NUMBER);"},{"lineNumber":49,"author":{"gitId":"hiongkaihan"},"content":"                }"},{"lineNumber":50,"author":{"gitId":"hiongkaihan"},"content":"            } else if (userInput.startsWith(\"todo\")) {"},{"lineNumber":51,"author":{"gitId":"hiongkaihan"},"content":"                try {"},{"lineNumber":52,"author":{"gitId":"hiongkaihan"},"content":"                    tasks.addTask(userInput, COMMAND_TODO, true);"},{"lineNumber":53,"author":{"gitId":"hiongkaihan"},"content":"                } catch (DukeException e) {"},{"lineNumber":54,"author":{"gitId":"hiongkaihan"},"content":"                    System.out.println(Ui.INVALID_TODO);"},{"lineNumber":55,"author":{"gitId":"hiongkaihan"},"content":"                }"},{"lineNumber":56,"author":{"gitId":"hiongkaihan"},"content":"            } else if (userInput.startsWith(\"deadline\")) {"},{"lineNumber":57,"author":{"gitId":"hiongkaihan"},"content":"                try {"},{"lineNumber":58,"author":{"gitId":"hiongkaihan"},"content":"                    tasks.addTask(userInput, COMMAND_DEADLINE, true);"},{"lineNumber":59,"author":{"gitId":"hiongkaihan"},"content":"                } catch (DukeException | StringIndexOutOfBoundsException e) {"},{"lineNumber":60,"author":{"gitId":"hiongkaihan"},"content":"                    System.out.println(Ui.INVALID_DEADLINE);"},{"lineNumber":61,"author":{"gitId":"hiongkaihan"},"content":"                }"},{"lineNumber":62,"author":{"gitId":"hiongkaihan"},"content":"            } else if (userInput.startsWith(\"event\")) {"},{"lineNumber":63,"author":{"gitId":"hiongkaihan"},"content":"                try {"},{"lineNumber":64,"author":{"gitId":"hiongkaihan"},"content":"                    tasks.addTask(userInput, COMMAND_EVENT, true);"},{"lineNumber":65,"author":{"gitId":"hiongkaihan"},"content":"                } catch (DukeException |StringIndexOutOfBoundsException e) {"},{"lineNumber":66,"author":{"gitId":"hiongkaihan"},"content":"                    System.out.println(Ui.INVALID_EVENT);"},{"lineNumber":67,"author":{"gitId":"hiongkaihan"},"content":"                }"},{"lineNumber":68,"author":{"gitId":"hiongkaihan"},"content":"            } else if (userInput.startsWith(\"delete\")) {"},{"lineNumber":69,"author":{"gitId":"hiongkaihan"},"content":"                try {"},{"lineNumber":70,"author":{"gitId":"hiongkaihan"},"content":"                    tasks.delete(userInput);"},{"lineNumber":71,"author":{"gitId":"hiongkaihan"},"content":"                } catch (DukeException e) {"},{"lineNumber":72,"author":{"gitId":"hiongkaihan"},"content":"                    System.out.println(Ui.INVALID_NUMBER);"},{"lineNumber":73,"author":{"gitId":"hiongkaihan"},"content":"                }"},{"lineNumber":74,"author":{"gitId":"hiongkaihan"},"content":"            }"},{"lineNumber":75,"author":{"gitId":"hiongkaihan"},"content":"            else {"},{"lineNumber":76,"author":{"gitId":"hiongkaihan"},"content":"                System.out.println(Ui.UNKNOWN_COMMAND);"},{"lineNumber":77,"author":{"gitId":"hiongkaihan"},"content":"            }"},{"lineNumber":78,"author":{"gitId":"hiongkaihan"},"content":"        }"},{"lineNumber":79,"author":{"gitId":"-"},"content":"    }"},{"lineNumber":80,"author":{"gitId":"hiongkaihan"},"content":""},{"lineNumber":81,"author":{"gitId":"-"},"content":"    public static void main(String[] args) {"},{"lineNumber":82,"author":{"gitId":"hiongkaihan"},"content":"        new Duke();"},{"lineNumber":83,"author":{"gitId":"-"},"content":"    }"},{"lineNumber":84,"author":{"gitId":"-"},"content":"}"}],"authorContributionMap":{"-":5,"hiongkaihan":79}},{"path":"src/main/java/exceptions/DukeException.java","fileType":"java","lines":[{"lineNumber":1,"author":{"gitId":"hiongkaihan"},"content":"package exceptions;"},{"lineNumber":2,"author":{"gitId":"hiongkaihan"},"content":""},{"lineNumber":3,"author":{"gitId":"hiongkaihan"},"content":"public class DukeException extends Exception {"},{"lineNumber":4,"author":{"gitId":"hiongkaihan"},"content":"}"}],"authorContributionMap":{"hiongkaihan":4}},{"path":"src/main/java/task/Deadline.java","fileType":"java","lines":[{"lineNumber":1,"author":{"gitId":"hiongkaihan"},"content":"package task;"},{"lineNumber":2,"author":{"gitId":"hiongkaihan"},"content":""},{"lineNumber":3,"author":{"gitId":"hiongkaihan"},"content":"public class Deadline extends Task {"},{"lineNumber":4,"author":{"gitId":"hiongkaihan"},"content":""},{"lineNumber":5,"author":{"gitId":"hiongkaihan"},"content":"    protected String deadlineDate;"},{"lineNumber":6,"author":{"gitId":"hiongkaihan"},"content":""},{"lineNumber":7,"author":{"gitId":"hiongkaihan"},"content":"    public Deadline(String description, String deadlineDate) {"},{"lineNumber":8,"author":{"gitId":"hiongkaihan"},"content":"        super(description);"},{"lineNumber":9,"author":{"gitId":"hiongkaihan"},"content":"        this.deadlineDate \u003d deadlineDate;"},{"lineNumber":10,"author":{"gitId":"hiongkaihan"},"content":"    }"},{"lineNumber":11,"author":{"gitId":"hiongkaihan"},"content":"    @Override"},{"lineNumber":12,"author":{"gitId":"hiongkaihan"},"content":"    public void printTask() {"},{"lineNumber":13,"author":{"gitId":"hiongkaihan"},"content":"        System.out.println(\"[D][\" + getStatusIcon() + \"] \" + description + \"(by:\" + deadlineDate +\")\");"},{"lineNumber":14,"author":{"gitId":"hiongkaihan"},"content":"    }"},{"lineNumber":15,"author":{"gitId":"hiongkaihan"},"content":"    public String saveTask() {"},{"lineNumber":16,"author":{"gitId":"hiongkaihan"},"content":"        String done \u003d String.valueOf(isDone);"},{"lineNumber":17,"author":{"gitId":"hiongkaihan"},"content":"        return done + \" deadline \" + description + \" /at \" + deadlineDate + \"\\n\";"},{"lineNumber":18,"author":{"gitId":"hiongkaihan"},"content":"    }"},{"lineNumber":19,"author":{"gitId":"hiongkaihan"},"content":"}"}],"authorContributionMap":{"hiongkaihan":19}},{"path":"src/main/java/task/Event.java","fileType":"java","lines":[{"lineNumber":1,"author":{"gitId":"hiongkaihan"},"content":"package task;"},{"lineNumber":2,"author":{"gitId":"hiongkaihan"},"content":""},{"lineNumber":3,"author":{"gitId":"hiongkaihan"},"content":"public class Event extends Task {"},{"lineNumber":4,"author":{"gitId":"hiongkaihan"},"content":""},{"lineNumber":5,"author":{"gitId":"hiongkaihan"},"content":"    protected String eventDate;"},{"lineNumber":6,"author":{"gitId":"hiongkaihan"},"content":""},{"lineNumber":7,"author":{"gitId":"hiongkaihan"},"content":"    public Event(String description, String eventDate) {"},{"lineNumber":8,"author":{"gitId":"hiongkaihan"},"content":"        super(description);"},{"lineNumber":9,"author":{"gitId":"hiongkaihan"},"content":"        this.eventDate \u003d eventDate;"},{"lineNumber":10,"author":{"gitId":"hiongkaihan"},"content":"    }"},{"lineNumber":11,"author":{"gitId":"hiongkaihan"},"content":"    @Override"},{"lineNumber":12,"author":{"gitId":"hiongkaihan"},"content":"    public void printTask() {"},{"lineNumber":13,"author":{"gitId":"hiongkaihan"},"content":"        System.out.println(\"[E][\" + getStatusIcon() + \"] \" + description + \"(at:\" + eventDate +\")\");"},{"lineNumber":14,"author":{"gitId":"hiongkaihan"},"content":"    }"},{"lineNumber":15,"author":{"gitId":"hiongkaihan"},"content":"    public String saveTask() {"},{"lineNumber":16,"author":{"gitId":"hiongkaihan"},"content":"        String done \u003d String.valueOf(isDone);"},{"lineNumber":17,"author":{"gitId":"hiongkaihan"},"content":"        return done + \" event \" + description + \" /by \" + eventDate + \"\\n\";"},{"lineNumber":18,"author":{"gitId":"hiongkaihan"},"content":"    }"},{"lineNumber":19,"author":{"gitId":"hiongkaihan"},"content":"}"}],"authorContributionMap":{"hiongkaihan":19}},{"path":"src/main/java/task/Task.java","fileType":"java","lines":[{"lineNumber":1,"author":{"gitId":"hiongkaihan"},"content":"package task;"},{"lineNumber":2,"author":{"gitId":"hiongkaihan"},"content":""},{"lineNumber":3,"author":{"gitId":"hiongkaihan"},"content":"public class Task {"},{"lineNumber":4,"author":{"gitId":"hiongkaihan"},"content":""},{"lineNumber":5,"author":{"gitId":"hiongkaihan"},"content":"    protected String description;"},{"lineNumber":6,"author":{"gitId":"hiongkaihan"},"content":"    protected boolean isDone;"},{"lineNumber":7,"author":{"gitId":"hiongkaihan"},"content":""},{"lineNumber":8,"author":{"gitId":"hiongkaihan"},"content":"    public Task(String description) {"},{"lineNumber":9,"author":{"gitId":"hiongkaihan"},"content":"        this.description \u003d description;"},{"lineNumber":10,"author":{"gitId":"hiongkaihan"},"content":"        this.isDone \u003d false;"},{"lineNumber":11,"author":{"gitId":"hiongkaihan"},"content":"    }"},{"lineNumber":12,"author":{"gitId":"hiongkaihan"},"content":"    // Returns status icon"},{"lineNumber":13,"author":{"gitId":"hiongkaihan"},"content":"    public String getStatusIcon() {"},{"lineNumber":14,"author":{"gitId":"hiongkaihan"},"content":"        return (isDone ? \"\\u2713\" : \" \"); //return tick or X symbols"},{"lineNumber":15,"author":{"gitId":"hiongkaihan"},"content":"    }"},{"lineNumber":16,"author":{"gitId":"hiongkaihan"},"content":"    // Marks task as done"},{"lineNumber":17,"author":{"gitId":"hiongkaihan"},"content":"    public void markAsDone() {"},{"lineNumber":18,"author":{"gitId":"hiongkaihan"},"content":"        this.isDone \u003d true;"},{"lineNumber":19,"author":{"gitId":"hiongkaihan"},"content":"    }"},{"lineNumber":20,"author":{"gitId":"hiongkaihan"},"content":"    // Prints task"},{"lineNumber":21,"author":{"gitId":"hiongkaihan"},"content":"    public void printTask() {"},{"lineNumber":22,"author":{"gitId":"hiongkaihan"},"content":"        System.out.println(\"[ ][\" + getStatusIcon() + \"] \" + description);"},{"lineNumber":23,"author":{"gitId":"hiongkaihan"},"content":"    }"},{"lineNumber":24,"author":{"gitId":"hiongkaihan"},"content":"    public String saveTask() {"},{"lineNumber":25,"author":{"gitId":"hiongkaihan"},"content":"        return \"\";"},{"lineNumber":26,"author":{"gitId":"hiongkaihan"},"content":"    }"},{"lineNumber":27,"author":{"gitId":"hiongkaihan"},"content":"}"}],"authorContributionMap":{"hiongkaihan":27}},{"path":"src/main/java/task/TaskList.java","fileType":"java","lines":[{"lineNumber":1,"author":{"gitId":"hiongkaihan"},"content":"package task;"},{"lineNumber":2,"author":{"gitId":"hiongkaihan"},"content":""},{"lineNumber":3,"author":{"gitId":"hiongkaihan"},"content":"import ui.Ui;"},{"lineNumber":4,"author":{"gitId":"hiongkaihan"},"content":"import exceptions.DukeException;"},{"lineNumber":5,"author":{"gitId":"hiongkaihan"},"content":"import java.io.File;"},{"lineNumber":6,"author":{"gitId":"hiongkaihan"},"content":"import java.io.FileNotFoundException;"},{"lineNumber":7,"author":{"gitId":"hiongkaihan"},"content":"import java.io.FileWriter;"},{"lineNumber":8,"author":{"gitId":"hiongkaihan"},"content":"import java.io.IOException;"},{"lineNumber":9,"author":{"gitId":"hiongkaihan"},"content":"import java.util.ArrayList;"},{"lineNumber":10,"author":{"gitId":"hiongkaihan"},"content":"import java.util.Scanner;"},{"lineNumber":11,"author":{"gitId":"hiongkaihan"},"content":""},{"lineNumber":12,"author":{"gitId":"hiongkaihan"},"content":"public class TaskList {"},{"lineNumber":13,"author":{"gitId":"hiongkaihan"},"content":""},{"lineNumber":14,"author":{"gitId":"hiongkaihan"},"content":"    public static final int COMMAND_TODO \u003d 0;"},{"lineNumber":15,"author":{"gitId":"hiongkaihan"},"content":"    public static final int COMMAND_DEADLINE \u003d 1;"},{"lineNumber":16,"author":{"gitId":"hiongkaihan"},"content":"    public static final int COMMAND_EVENT \u003d 2;"},{"lineNumber":17,"author":{"gitId":"hiongkaihan"},"content":""},{"lineNumber":18,"author":{"gitId":"hiongkaihan"},"content":"    public static ArrayList\u003cTask\u003e tasks \u003d new ArrayList\u003c\u003e();"},{"lineNumber":19,"author":{"gitId":"hiongkaihan"},"content":"    // prints list of tasks"},{"lineNumber":20,"author":{"gitId":"hiongkaihan"},"content":"    public static void list() throws DukeException {"},{"lineNumber":21,"author":{"gitId":"hiongkaihan"},"content":"        System.out.println(Ui.DIVIDER_LINE);"},{"lineNumber":22,"author":{"gitId":"hiongkaihan"},"content":"        int taskNumber \u003d 1;"},{"lineNumber":23,"author":{"gitId":"hiongkaihan"},"content":"        int taskCount \u003d tasks.size();"},{"lineNumber":24,"author":{"gitId":"hiongkaihan"},"content":"        if (taskCount \u003d\u003d 0) {"},{"lineNumber":25,"author":{"gitId":"hiongkaihan"},"content":"            throw new DukeException();"},{"lineNumber":26,"author":{"gitId":"hiongkaihan"},"content":"        }"},{"lineNumber":27,"author":{"gitId":"hiongkaihan"},"content":"        System.out.println(\"Here are the tasks in your list:\");"},{"lineNumber":28,"author":{"gitId":"hiongkaihan"},"content":"        for (Task task : tasks) {"},{"lineNumber":29,"author":{"gitId":"hiongkaihan"},"content":"            System.out.print(taskNumber++ + \".\");"},{"lineNumber":30,"author":{"gitId":"hiongkaihan"},"content":"            task.printTask();"},{"lineNumber":31,"author":{"gitId":"hiongkaihan"},"content":"        }"},{"lineNumber":32,"author":{"gitId":"hiongkaihan"},"content":"        System.out.println(Ui.DIVIDER_LINE);"},{"lineNumber":33,"author":{"gitId":"hiongkaihan"},"content":"    }"},{"lineNumber":34,"author":{"gitId":"hiongkaihan"},"content":"    // Adds task to list"},{"lineNumber":35,"author":{"gitId":"hiongkaihan"},"content":"    public static void addTask(String userInput, int command, boolean printTask) throws DukeException {"},{"lineNumber":36,"author":{"gitId":"hiongkaihan"},"content":"        String description;"},{"lineNumber":37,"author":{"gitId":"hiongkaihan"},"content":"        String date;"},{"lineNumber":38,"author":{"gitId":"hiongkaihan"},"content":"        int indexOfSlash \u003d userInput.indexOf(\"/\");"},{"lineNumber":39,"author":{"gitId":"hiongkaihan"},"content":"        int stringLength \u003d userInput.length();"},{"lineNumber":40,"author":{"gitId":"hiongkaihan"},"content":"        int indexOfSpace \u003d userInput.indexOf(\" \");"},{"lineNumber":41,"author":{"gitId":"hiongkaihan"},"content":"        int taskCount \u003d tasks.size();"},{"lineNumber":42,"author":{"gitId":"hiongkaihan"},"content":""},{"lineNumber":43,"author":{"gitId":"hiongkaihan"},"content":"        if (taskCount \u003d\u003d 100) {"},{"lineNumber":44,"author":{"gitId":"hiongkaihan"},"content":"            System.out.println(Ui.LIST_FULL);"},{"lineNumber":45,"author":{"gitId":"hiongkaihan"},"content":"            throw new DukeException();"},{"lineNumber":46,"author":{"gitId":"hiongkaihan"},"content":"        }"},{"lineNumber":47,"author":{"gitId":"hiongkaihan"},"content":"        switch (command) {"},{"lineNumber":48,"author":{"gitId":"hiongkaihan"},"content":"        case COMMAND_TODO:"},{"lineNumber":49,"author":{"gitId":"hiongkaihan"},"content":"            if (stringLength \u003c 6 || indexOfSpace !\u003d 4) {"},{"lineNumber":50,"author":{"gitId":"hiongkaihan"},"content":"                System.out.println(Ui.INVALID_TODO);"},{"lineNumber":51,"author":{"gitId":"hiongkaihan"},"content":"                throw new DukeException();"},{"lineNumber":52,"author":{"gitId":"hiongkaihan"},"content":"            }"},{"lineNumber":53,"author":{"gitId":"hiongkaihan"},"content":"            description \u003d userInput.substring(5);"},{"lineNumber":54,"author":{"gitId":"hiongkaihan"},"content":"            Todo todo \u003d new Todo(description);"},{"lineNumber":55,"author":{"gitId":"hiongkaihan"},"content":"            tasks.add(todo);"},{"lineNumber":56,"author":{"gitId":"hiongkaihan"},"content":"            break;"},{"lineNumber":57,"author":{"gitId":"hiongkaihan"},"content":"        case COMMAND_DEADLINE:"},{"lineNumber":58,"author":{"gitId":"hiongkaihan"},"content":"            if (stringLength \u003c 10 || indexOfSpace !\u003d 8 || indexOfSlash \u003d\u003d -1) {"},{"lineNumber":59,"author":{"gitId":"hiongkaihan"},"content":"                System.out.println(Ui.INVALID_DEADLINE);"},{"lineNumber":60,"author":{"gitId":"hiongkaihan"},"content":"                throw new DukeException();"},{"lineNumber":61,"author":{"gitId":"hiongkaihan"},"content":"            }"},{"lineNumber":62,"author":{"gitId":"hiongkaihan"},"content":"            description \u003d userInput.substring(9, indexOfSlash);"},{"lineNumber":63,"author":{"gitId":"hiongkaihan"},"content":"            date \u003d userInput.substring(indexOfSlash + 3);"},{"lineNumber":64,"author":{"gitId":"hiongkaihan"},"content":"            Deadline deadline \u003d new Deadline(description, date);"},{"lineNumber":65,"author":{"gitId":"hiongkaihan"},"content":"            tasks.add(deadline);"},{"lineNumber":66,"author":{"gitId":"hiongkaihan"},"content":"            break;"},{"lineNumber":67,"author":{"gitId":"hiongkaihan"},"content":"        case COMMAND_EVENT:"},{"lineNumber":68,"author":{"gitId":"hiongkaihan"},"content":"            if (stringLength \u003c 7 || indexOfSpace !\u003d 5 || indexOfSlash \u003d\u003d -1) {"},{"lineNumber":69,"author":{"gitId":"hiongkaihan"},"content":"                System.out.println(Ui.INVALID_EVENT);"},{"lineNumber":70,"author":{"gitId":"hiongkaihan"},"content":"                throw new DukeException();"},{"lineNumber":71,"author":{"gitId":"hiongkaihan"},"content":"            }"},{"lineNumber":72,"author":{"gitId":"hiongkaihan"},"content":"            description \u003d userInput.substring(6, indexOfSlash);"},{"lineNumber":73,"author":{"gitId":"hiongkaihan"},"content":"            date \u003d userInput.substring(indexOfSlash + 3);"},{"lineNumber":74,"author":{"gitId":"hiongkaihan"},"content":"            Event event \u003d new Event(description, date);"},{"lineNumber":75,"author":{"gitId":"hiongkaihan"},"content":"            tasks.add(event);"},{"lineNumber":76,"author":{"gitId":"hiongkaihan"},"content":"            break;"},{"lineNumber":77,"author":{"gitId":"hiongkaihan"},"content":"        default:"},{"lineNumber":78,"author":{"gitId":"hiongkaihan"},"content":"        }"},{"lineNumber":79,"author":{"gitId":"hiongkaihan"},"content":""},{"lineNumber":80,"author":{"gitId":"hiongkaihan"},"content":"        if (printTask) {"},{"lineNumber":81,"author":{"gitId":"hiongkaihan"},"content":"            System.out.println(Ui.DIVIDER_LINE);"},{"lineNumber":82,"author":{"gitId":"hiongkaihan"},"content":"            taskCount \u003d tasks.size();"},{"lineNumber":83,"author":{"gitId":"hiongkaihan"},"content":"            System.out.print(\"Got it. I\u0027ve added this task:\\n  \");"},{"lineNumber":84,"author":{"gitId":"hiongkaihan"},"content":"            tasks.get(taskCount - 1).printTask();"},{"lineNumber":85,"author":{"gitId":"hiongkaihan"},"content":"            System.out.println(\"Now you have \" + taskCount + \" tasks in the list.\");"},{"lineNumber":86,"author":{"gitId":"hiongkaihan"},"content":"            System.out.println(Ui.DIVIDER_LINE);"},{"lineNumber":87,"author":{"gitId":"hiongkaihan"},"content":"        }"},{"lineNumber":88,"author":{"gitId":"hiongkaihan"},"content":"    }"},{"lineNumber":89,"author":{"gitId":"hiongkaihan"},"content":"    // Deletes task from list"},{"lineNumber":90,"author":{"gitId":"hiongkaihan"},"content":"    public static void delete(String userInput) throws DukeException {"},{"lineNumber":91,"author":{"gitId":"hiongkaihan"},"content":"        String number \u003d userInput.substring(7);"},{"lineNumber":92,"author":{"gitId":"hiongkaihan"},"content":"        int taskCount \u003d tasks.size();"},{"lineNumber":93,"author":{"gitId":"hiongkaihan"},"content":"        int taskIndex \u003d Integer.parseInt(number) - 1;"},{"lineNumber":94,"author":{"gitId":"hiongkaihan"},"content":""},{"lineNumber":95,"author":{"gitId":"hiongkaihan"},"content":"        if (taskIndex \u003c taskCount \u0026\u0026 taskIndex \u003e\u003d 0) {"},{"lineNumber":96,"author":{"gitId":"hiongkaihan"},"content":"            System.out.print(\"Noted. I\u0027ve removed this task:\\n  \");"},{"lineNumber":97,"author":{"gitId":"hiongkaihan"},"content":"            tasks.get(taskIndex).printTask();"},{"lineNumber":98,"author":{"gitId":"hiongkaihan"},"content":"            tasks.remove(taskIndex);"},{"lineNumber":99,"author":{"gitId":"hiongkaihan"},"content":"            System.out.println(\"Now you have \" + --taskCount + \" tasks in the list.\");"},{"lineNumber":100,"author":{"gitId":"hiongkaihan"},"content":"            System.out.println(Ui.DIVIDER_LINE);"},{"lineNumber":101,"author":{"gitId":"hiongkaihan"},"content":"        } else {"},{"lineNumber":102,"author":{"gitId":"hiongkaihan"},"content":"            throw new DukeException();"},{"lineNumber":103,"author":{"gitId":"hiongkaihan"},"content":"        }"},{"lineNumber":104,"author":{"gitId":"hiongkaihan"},"content":"    }"},{"lineNumber":105,"author":{"gitId":"hiongkaihan"},"content":"    // Marks task as done"},{"lineNumber":106,"author":{"gitId":"hiongkaihan"},"content":"    public static void mark(String userInput) throws DukeException {"},{"lineNumber":107,"author":{"gitId":"hiongkaihan"},"content":"        String number \u003d userInput.substring(5);"},{"lineNumber":108,"author":{"gitId":"hiongkaihan"},"content":"        int taskCount \u003d tasks.size();"},{"lineNumber":109,"author":{"gitId":"hiongkaihan"},"content":"        int taskIndex \u003d Integer.parseInt(number) - 1;"},{"lineNumber":110,"author":{"gitId":"hiongkaihan"},"content":""},{"lineNumber":111,"author":{"gitId":"hiongkaihan"},"content":"        if (taskIndex \u003c taskCount \u0026\u0026 taskIndex \u003e\u003d 0) {"},{"lineNumber":112,"author":{"gitId":"hiongkaihan"},"content":"            tasks.get(taskIndex).markAsDone();"},{"lineNumber":113,"author":{"gitId":"hiongkaihan"},"content":"            System.out.print(\"Nice! I\u0027ve marked this task as done:\\n  \");"},{"lineNumber":114,"author":{"gitId":"hiongkaihan"},"content":"            tasks.get(taskIndex).printTask();"},{"lineNumber":115,"author":{"gitId":"hiongkaihan"},"content":"            System.out.println(Ui.DIVIDER_LINE);"},{"lineNumber":116,"author":{"gitId":"hiongkaihan"},"content":"        }"},{"lineNumber":117,"author":{"gitId":"hiongkaihan"},"content":"        else {"},{"lineNumber":118,"author":{"gitId":"hiongkaihan"},"content":"            throw new DukeException();"},{"lineNumber":119,"author":{"gitId":"hiongkaihan"},"content":"        }"},{"lineNumber":120,"author":{"gitId":"hiongkaihan"},"content":"    }"},{"lineNumber":121,"author":{"gitId":"hiongkaihan"},"content":"    // Loads list of tasks from save file"},{"lineNumber":122,"author":{"gitId":"hiongkaihan"},"content":"    public static void load() throws FileNotFoundException {"},{"lineNumber":123,"author":{"gitId":"hiongkaihan"},"content":""},{"lineNumber":124,"author":{"gitId":"hiongkaihan"},"content":"        File f \u003d new File(\"duke.txt\");"},{"lineNumber":125,"author":{"gitId":"hiongkaihan"},"content":"        if (!f.exists()) {"},{"lineNumber":126,"author":{"gitId":"hiongkaihan"},"content":"            throw new FileNotFoundException();"},{"lineNumber":127,"author":{"gitId":"hiongkaihan"},"content":"        }"},{"lineNumber":128,"author":{"gitId":"hiongkaihan"},"content":"        String input;"},{"lineNumber":129,"author":{"gitId":"hiongkaihan"},"content":"        int taskCount \u003d 0;"},{"lineNumber":130,"author":{"gitId":"hiongkaihan"},"content":"        Scanner s \u003d new Scanner(f);"},{"lineNumber":131,"author":{"gitId":"hiongkaihan"},"content":""},{"lineNumber":132,"author":{"gitId":"hiongkaihan"},"content":"        while (s.hasNext()) {"},{"lineNumber":133,"author":{"gitId":"hiongkaihan"},"content":"            input \u003d s.nextLine();"},{"lineNumber":134,"author":{"gitId":"hiongkaihan"},"content":"            String[] userInput \u003d input.split(\" \", 2);"},{"lineNumber":135,"author":{"gitId":"hiongkaihan"},"content":"            boolean isDone \u003d Boolean.parseBoolean(userInput[0]);"},{"lineNumber":136,"author":{"gitId":"hiongkaihan"},"content":"            if (userInput[1].startsWith(\"todo\")) {"},{"lineNumber":137,"author":{"gitId":"hiongkaihan"},"content":"                try {"},{"lineNumber":138,"author":{"gitId":"hiongkaihan"},"content":"                    addTask(userInput[1], COMMAND_TODO, false);"},{"lineNumber":139,"author":{"gitId":"hiongkaihan"},"content":"                } catch (DukeException e) {"},{"lineNumber":140,"author":{"gitId":"hiongkaihan"},"content":"                }"},{"lineNumber":141,"author":{"gitId":"hiongkaihan"},"content":"            } else if (userInput[1].startsWith(\"deadline\")) {"},{"lineNumber":142,"author":{"gitId":"hiongkaihan"},"content":"                try {"},{"lineNumber":143,"author":{"gitId":"hiongkaihan"},"content":"                    addTask(userInput[1], COMMAND_DEADLINE, false);"},{"lineNumber":144,"author":{"gitId":"hiongkaihan"},"content":"                } catch (DukeException e) {"},{"lineNumber":145,"author":{"gitId":"hiongkaihan"},"content":"                }"},{"lineNumber":146,"author":{"gitId":"hiongkaihan"},"content":"            } else if (userInput[1].startsWith(\"event\")) {"},{"lineNumber":147,"author":{"gitId":"hiongkaihan"},"content":"                try {"},{"lineNumber":148,"author":{"gitId":"hiongkaihan"},"content":"                    addTask(userInput[1], COMMAND_EVENT, false);"},{"lineNumber":149,"author":{"gitId":"hiongkaihan"},"content":"                } catch (DukeException e) {"},{"lineNumber":150,"author":{"gitId":"hiongkaihan"},"content":"                }"},{"lineNumber":151,"author":{"gitId":"hiongkaihan"},"content":"            }"},{"lineNumber":152,"author":{"gitId":"hiongkaihan"},"content":"            if (isDone) {"},{"lineNumber":153,"author":{"gitId":"hiongkaihan"},"content":"                tasks.get(taskCount++).markAsDone();"},{"lineNumber":154,"author":{"gitId":"hiongkaihan"},"content":"            }"},{"lineNumber":155,"author":{"gitId":"hiongkaihan"},"content":"        }"},{"lineNumber":156,"author":{"gitId":"hiongkaihan"},"content":"        System.out.println(Ui.FILE_LOADED);"},{"lineNumber":157,"author":{"gitId":"hiongkaihan"},"content":"    }"},{"lineNumber":158,"author":{"gitId":"hiongkaihan"},"content":"    // Saves list of tasks"},{"lineNumber":159,"author":{"gitId":"hiongkaihan"},"content":"    public static void save(String filePath) throws IOException {"},{"lineNumber":160,"author":{"gitId":"hiongkaihan"},"content":"        FileWriter fw \u003d new FileWriter(filePath);"},{"lineNumber":161,"author":{"gitId":"hiongkaihan"},"content":"        for (Task task : tasks) {"},{"lineNumber":162,"author":{"gitId":"hiongkaihan"},"content":"            fw.write(task.saveTask());"},{"lineNumber":163,"author":{"gitId":"hiongkaihan"},"content":"        }"},{"lineNumber":164,"author":{"gitId":"hiongkaihan"},"content":"        System.out.println(Ui.FILE_SAVED);"},{"lineNumber":165,"author":{"gitId":"hiongkaihan"},"content":"        fw.close();"},{"lineNumber":166,"author":{"gitId":"hiongkaihan"},"content":"    }"},{"lineNumber":167,"author":{"gitId":"hiongkaihan"},"content":"}"}],"authorContributionMap":{"hiongkaihan":167}},{"path":"src/main/java/task/Todo.java","fileType":"java","lines":[{"lineNumber":1,"author":{"gitId":"hiongkaihan"},"content":"package task;"},{"lineNumber":2,"author":{"gitId":"hiongkaihan"},"content":""},{"lineNumber":3,"author":{"gitId":"hiongkaihan"},"content":"public class Todo extends Task {"},{"lineNumber":4,"author":{"gitId":"hiongkaihan"},"content":""},{"lineNumber":5,"author":{"gitId":"hiongkaihan"},"content":"    public Todo(String description) {"},{"lineNumber":6,"author":{"gitId":"hiongkaihan"},"content":"        super(description);"},{"lineNumber":7,"author":{"gitId":"hiongkaihan"},"content":"    }"},{"lineNumber":8,"author":{"gitId":"hiongkaihan"},"content":"    @Override"},{"lineNumber":9,"author":{"gitId":"hiongkaihan"},"content":"    public void printTask() {"},{"lineNumber":10,"author":{"gitId":"hiongkaihan"},"content":"        System.out.println(\"[T][\" + getStatusIcon() + \"] \" + description);"},{"lineNumber":11,"author":{"gitId":"hiongkaihan"},"content":"    }"},{"lineNumber":12,"author":{"gitId":"hiongkaihan"},"content":"    public String saveTask() {"},{"lineNumber":13,"author":{"gitId":"hiongkaihan"},"content":"        String done \u003d String.valueOf(isDone);"},{"lineNumber":14,"author":{"gitId":"hiongkaihan"},"content":"        return done + \" todo \" + description + \"\\n\";"},{"lineNumber":15,"author":{"gitId":"hiongkaihan"},"content":"    }"},{"lineNumber":16,"author":{"gitId":"hiongkaihan"},"content":"}"}],"authorContributionMap":{"hiongkaihan":16}},{"path":"src/main/java/ui/Ui.java","fileType":"java","lines":[{"lineNumber":1,"author":{"gitId":"hiongkaihan"},"content":"package ui;"},{"lineNumber":2,"author":{"gitId":"hiongkaihan"},"content":""},{"lineNumber":3,"author":{"gitId":"hiongkaihan"},"content":"public class Ui {"},{"lineNumber":4,"author":{"gitId":"hiongkaihan"},"content":""},{"lineNumber":5,"author":{"gitId":"hiongkaihan"},"content":"    public static final String DIVIDER_LINE \u003d \"____________________________________________________________\";"},{"lineNumber":6,"author":{"gitId":"hiongkaihan"},"content":"    public static final String INVALID_NUMBER \u003d \"OOPS!!! Invalid task number \u003d/\\n\" + DIVIDER_LINE;"},{"lineNumber":7,"author":{"gitId":"hiongkaihan"},"content":"    public static final String UNKNOWN_COMMAND \u003d \"OOPS!!! I\u0027m sorry, but I don\u0027t know what that means \u003d/\\n\" + DIVIDER_LINE;"},{"lineNumber":8,"author":{"gitId":"hiongkaihan"},"content":"    public static final String INVALID_TODO \u003d \"OOPS!!! Invalid todo description\\n\" + DIVIDER_LINE;"},{"lineNumber":9,"author":{"gitId":"hiongkaihan"},"content":"    public static final String INVALID_DEADLINE \u003d \"OOPS!!! Invalid deadline description\\n\" + DIVIDER_LINE;"},{"lineNumber":10,"author":{"gitId":"hiongkaihan"},"content":"    public static final String INVALID_EVENT \u003d \"OOPS!!! Invalid event description\\n\" + DIVIDER_LINE;"},{"lineNumber":11,"author":{"gitId":"hiongkaihan"},"content":"    public static final String LIST_EMPTY \u003d \"The list is currently empty!\\n\" + DIVIDER_LINE;"},{"lineNumber":12,"author":{"gitId":"hiongkaihan"},"content":"    public static final String LIST_FULL \u003d \"The list is currently full!\\n\" + DIVIDER_LINE;"},{"lineNumber":13,"author":{"gitId":"hiongkaihan"},"content":"    public static final String FILE_SAVED \u003d \"File has been saved!\\n\" + DIVIDER_LINE;"},{"lineNumber":14,"author":{"gitId":"hiongkaihan"},"content":"    public static final String SAVE_ERROR \u003d \"File is not able to be saved!\\n\" + DIVIDER_LINE;"},{"lineNumber":15,"author":{"gitId":"hiongkaihan"},"content":"    public static final String FILE_NOT_FOUND \u003d \"No save file found!\\n\" + DIVIDER_LINE;"},{"lineNumber":16,"author":{"gitId":"hiongkaihan"},"content":"    public static final String FILE_LOADED \u003d \"Save file has been loaded!\\n\" + DIVIDER_LINE;"},{"lineNumber":17,"author":{"gitId":"hiongkaihan"},"content":"    // Prints hello message"},{"lineNumber":18,"author":{"gitId":"hiongkaihan"},"content":"    public static void hello() {"},{"lineNumber":19,"author":{"gitId":"hiongkaihan"},"content":"        System.out.println(DIVIDER_LINE);"},{"lineNumber":20,"author":{"gitId":"hiongkaihan"},"content":"        String logo \u003d \" ____        _        \\n\""},{"lineNumber":21,"author":{"gitId":"hiongkaihan"},"content":"                + \"|  _ \\\\ _   _| | _____ \\n\""},{"lineNumber":22,"author":{"gitId":"hiongkaihan"},"content":"                + \"| | | | | | | |/ / _ \\\\\\n\""},{"lineNumber":23,"author":{"gitId":"hiongkaihan"},"content":"                + \"| |_| | |_| |   \u003c  __/\\n\""},{"lineNumber":24,"author":{"gitId":"hiongkaihan"},"content":"                + \"|____/ \\\\__,_|_|\\\\_\\\\___|\\n\";"},{"lineNumber":25,"author":{"gitId":"hiongkaihan"},"content":"        System.out.println(\"Hello! I\u0027m Duke!!\\n\" + logo);"},{"lineNumber":26,"author":{"gitId":"hiongkaihan"},"content":"        System.out.println(\"What can I do for you?\\n\" + \"List of commands: todo, deadline, event, done, bye\");"},{"lineNumber":27,"author":{"gitId":"hiongkaihan"},"content":"        System.out.println(DIVIDER_LINE);"},{"lineNumber":28,"author":{"gitId":"hiongkaihan"},"content":"    }"},{"lineNumber":29,"author":{"gitId":"hiongkaihan"},"content":"    // Prints bye message"},{"lineNumber":30,"author":{"gitId":"hiongkaihan"},"content":"    public static void bye() {"},{"lineNumber":31,"author":{"gitId":"hiongkaihan"},"content":"        System.out.println(\"Bye. Hope to see you again soon!\");"},{"lineNumber":32,"author":{"gitId":"hiongkaihan"},"content":"        System.out.println(DIVIDER_LINE);"},{"lineNumber":33,"author":{"gitId":"hiongkaihan"},"content":"    }"},{"lineNumber":34,"author":{"gitId":"hiongkaihan"},"content":"}"}],"authorContributionMap":{"hiongkaihan":34}},{"path":"text-ui-test/input.txt","fileType":"txt","lines":[{"lineNumber":1,"author":{"gitId":"hiongkaihan"},"content":"todo borrow book"},{"lineNumber":2,"author":{"gitId":"hiongkaihan"},"content":"list"},{"lineNumber":3,"author":{"gitId":"hiongkaihan"},"content":"deadline return book /by Sunday"},{"lineNumber":4,"author":{"gitId":"hiongkaihan"},"content":"event project meeting /at Mon 2-4pm"},{"lineNumber":5,"author":{"gitId":"hiongkaihan"},"content":"bye"}],"authorContributionMap":{"hiongkaihan":5}}]
