[{"path":"README.md","fileType":"md","lines":[{"lineNumber":1,"author":{"gitId":"-"},"content":"# Duke project template"},{"lineNumber":2,"author":{"gitId":"-"},"content":""},{"lineNumber":3,"author":{"gitId":"-"},"content":"This is a project template for a greenfield Java project. It\u0027s named after the Java mascot _Duke_. Given below are instructions on how to use it."},{"lineNumber":4,"author":{"gitId":"-"},"content":""},{"lineNumber":5,"author":{"gitId":"-"},"content":"## Setting up in Intellij"},{"lineNumber":6,"author":{"gitId":"-"},"content":""},{"lineNumber":7,"author":{"gitId":"-"},"content":"Prerequisites: JDK 11, update Intellij to the most recent version."},{"lineNumber":8,"author":{"gitId":"-"},"content":""},{"lineNumber":9,"author":{"gitId":"-"},"content":"1. Open Intellij (if you are not in the welcome screen, click `File` \u003e `Close Project` to close the existing project dialog first)"},{"lineNumber":10,"author":{"gitId":"-"},"content":"1. Set up the correct JDK version, as follows:"},{"lineNumber":11,"author":{"gitId":"-"},"content":"   1. Click `Configure` \u003e `Structure for New Projects` and then `Project Settings` \u003e `Project` \u003e `Project SDK`"},{"lineNumber":12,"author":{"gitId":"-"},"content":"   1. If JDK 11 is listed in the drop down, select it. If it is not, click `New...` and select the directory where you installed JDK 11"},{"lineNumber":13,"author":{"gitId":"-"},"content":"   1. Click `OK`"},{"lineNumber":14,"author":{"gitId":"-"},"content":"1. Import the project into Intellij as follows:"},{"lineNumber":15,"author":{"gitId":"-"},"content":"   1. Click `Open or Import`."},{"lineNumber":16,"author":{"gitId":"-"},"content":"   1. Select the project directory, and click `OK`"},{"lineNumber":17,"author":{"gitId":"-"},"content":"   1. If there are any further prompts, accept the defaults."},{"lineNumber":18,"author":{"gitId":"-"},"content":"1. After the importing is complete, locate the `src/main/java/Duke.java` file, right-click it, and choose `Run Duke.main()`. If the setup is correct, you should see something like the below:"},{"lineNumber":19,"author":{"gitId":"-"},"content":"   ```"},{"lineNumber":20,"author":{"gitId":"-"},"content":"   Hello from"},{"lineNumber":21,"author":{"gitId":"-"},"content":"    ____        _        "},{"lineNumber":22,"author":{"gitId":"-"},"content":"   |  _ \\ _   _| | _____ "},{"lineNumber":23,"author":{"gitId":"-"},"content":"   | | | | | | | |/ / _ \\"},{"lineNumber":24,"author":{"gitId":"-"},"content":"   | |_| | |_| |   \u003c  __/"},{"lineNumber":25,"author":{"gitId":"-"},"content":"   |____/ \\__,_|_|\\_\\___|"},{"lineNumber":26,"author":{"gitId":"-"},"content":"   ```"},{"lineNumber":27,"author":{"gitId":"8kdesign"},"content":""},{"lineNumber":28,"author":{"gitId":"8kdesign"},"content":""},{"lineNumber":29,"author":{"gitId":"8kdesign"},"content":"Acknowledgements"},{"lineNumber":30,"author":{"gitId":"8kdesign"},"content":""},{"lineNumber":31,"author":{"gitId":"8kdesign"},"content":""}],"authorContributionMap":{"8kdesign":5,"-":26}},{"path":"src/main/java/DeadlineTask.java","fileType":"java","lines":[{"lineNumber":1,"author":{"gitId":"8kdesign"},"content":"public class DeadlineTask extends Task {"},{"lineNumber":2,"author":{"gitId":"8kdesign"},"content":""},{"lineNumber":3,"author":{"gitId":"8kdesign"},"content":"    private String dueDate;"},{"lineNumber":4,"author":{"gitId":"8kdesign"},"content":""},{"lineNumber":5,"author":{"gitId":"8kdesign"},"content":"    public DeadlineTask(String name, String dueDate) {"},{"lineNumber":6,"author":{"gitId":"8kdesign"},"content":"        super(name);"},{"lineNumber":7,"author":{"gitId":"8kdesign"},"content":"        setDueDate(dueDate);"},{"lineNumber":8,"author":{"gitId":"8kdesign"},"content":"    }"},{"lineNumber":9,"author":{"gitId":"8kdesign"},"content":""},{"lineNumber":10,"author":{"gitId":"8kdesign"},"content":"    public void setDueDate(String dueDate) {"},{"lineNumber":11,"author":{"gitId":"8kdesign"},"content":"        this.dueDate \u003d dueDate;"},{"lineNumber":12,"author":{"gitId":"8kdesign"},"content":"    }"},{"lineNumber":13,"author":{"gitId":"8kdesign"},"content":""},{"lineNumber":14,"author":{"gitId":"8kdesign"},"content":"    /**"},{"lineNumber":15,"author":{"gitId":"8kdesign"},"content":"     * Prints task status."},{"lineNumber":16,"author":{"gitId":"8kdesign"},"content":"     */"},{"lineNumber":17,"author":{"gitId":"8kdesign"},"content":"    @Override"},{"lineNumber":18,"author":{"gitId":"8kdesign"},"content":"    public void printStatus() {"},{"lineNumber":19,"author":{"gitId":"8kdesign"},"content":"        System.out.print(\"[D]\");"},{"lineNumber":20,"author":{"gitId":"8kdesign"},"content":"        super.printStatus();"},{"lineNumber":21,"author":{"gitId":"8kdesign"},"content":"        System.out.print(\" (by: \" + dueDate + \")\");"},{"lineNumber":22,"author":{"gitId":"8kdesign"},"content":"    }"},{"lineNumber":23,"author":{"gitId":"8kdesign"},"content":"}"}],"authorContributionMap":{"8kdesign":23}},{"path":"src/main/java/Duke.java","fileType":"java","lines":[{"lineNumber":1,"author":{"gitId":"8kdesign"},"content":"import java.util.Scanner;"},{"lineNumber":2,"author":{"gitId":"8kdesign"},"content":""},{"lineNumber":3,"author":{"gitId":"-"},"content":"public class Duke {"},{"lineNumber":4,"author":{"gitId":"8kdesign"},"content":""},{"lineNumber":5,"author":{"gitId":"8kdesign"},"content":"    //Strings"},{"lineNumber":6,"author":{"gitId":"8kdesign"},"content":"    private static final String LINE \u003d \"────────────────────────────────────────────────────────────\";"},{"lineNumber":7,"author":{"gitId":"8kdesign"},"content":"    private static final String LOGO \u003d \"                o                     o\\n\" +"},{"lineNumber":8,"author":{"gitId":"8kdesign"},"content":"            \"                oooo               oooo\\n\" +"},{"lineNumber":9,"author":{"gitId":"8kdesign"},"content":"            \"                ooooooo         ooooooo\\n\" +"},{"lineNumber":10,"author":{"gitId":"8kdesign"},"content":"            \"                   ooooooo   ooooooo\\n\" +"},{"lineNumber":11,"author":{"gitId":"8kdesign"},"content":"            \"                      ooooooooooo\\n\" +"},{"lineNumber":12,"author":{"gitId":"8kdesign"},"content":"            \"                         ooooo\\n\" +"},{"lineNumber":13,"author":{"gitId":"8kdesign"},"content":"            \"  ooooooooooooooooooooooooooooooooooooooooooooooooooo\\n\" +"},{"lineNumber":14,"author":{"gitId":"8kdesign"},"content":"            \"  ooooooooooooooooooooooooooooooooooooooooooooooooooo\\n\" +"},{"lineNumber":15,"author":{"gitId":"8kdesign"},"content":"            \"\\n\" +"},{"lineNumber":16,"author":{"gitId":"8kdesign"},"content":"            \"     ooo    oooooooooo           oooooooooo\\n\" +"},{"lineNumber":17,"author":{"gitId":"8kdesign"},"content":"            \"   ooo   oooooooooooooooo     oooooooooooooooo\\n\" +"},{"lineNumber":18,"author":{"gitId":"8kdesign"},"content":"            \"        ooooo        ooooo   ooooo        ooooo\\n\" +"},{"lineNumber":19,"author":{"gitId":"8kdesign"},"content":"            \"       oooo            ooooooooo            oooo\\n\" +"},{"lineNumber":20,"author":{"gitId":"8kdesign"},"content":"            \"        ooooo        ooooo   ooooo        ooooo\\n\" +"},{"lineNumber":21,"author":{"gitId":"8kdesign"},"content":"            \"         oooooooooooooooo     oooooooooooooooo\\n\" +"},{"lineNumber":22,"author":{"gitId":"8kdesign"},"content":"            \"            oooooooooo           oooooooooo\\n\";"},{"lineNumber":23,"author":{"gitId":"8kdesign"},"content":"    private static final String HELLO_MESSAGE \u003d LOGO + \"\\n\" + LINE + \"\\n\""},{"lineNumber":24,"author":{"gitId":"8kdesign"},"content":"            + \"8K: Hi there! 8K here.\\n\""},{"lineNumber":25,"author":{"gitId":"8kdesign"},"content":"            + \"    How can I help you?\\n\""},{"lineNumber":26,"author":{"gitId":"8kdesign"},"content":"            + \"    (Enter \\\"help\\\" to view all commands.)\\n\" + LINE;"},{"lineNumber":27,"author":{"gitId":"8kdesign"},"content":"    private static final String BYE_MESSAGE \u003d LINE + \"\\n\""},{"lineNumber":28,"author":{"gitId":"8kdesign"},"content":"            + \"8K: Bye bye! Have a nice day.\\n\" + LINE;"},{"lineNumber":29,"author":{"gitId":"8kdesign"},"content":"    private static final String HELP_MESSAGE \u003d LINE + \"\\n\""},{"lineNumber":30,"author":{"gitId":"8kdesign"},"content":"            + \"8K: bye - Exit programme.\\n\""},{"lineNumber":31,"author":{"gitId":"8kdesign"},"content":"            + \"    help - Show list of commands.\\n\""},{"lineNumber":32,"author":{"gitId":"8kdesign"},"content":"            + \"    list - Show list of saved values.\\n\""},{"lineNumber":33,"author":{"gitId":"8kdesign"},"content":"            + \"    todo \u003cname\u003e - Creates new todo task.\\n\""},{"lineNumber":34,"author":{"gitId":"8kdesign"},"content":"            + \"    event \u003cname\u003e /at \u003cinfo\u003e - Creates new event.\\n\""},{"lineNumber":35,"author":{"gitId":"8kdesign"},"content":"            + \"    deadline \u003cname\u003e /by \u003cdate\u003e - Creates task with deadline.\\n\""},{"lineNumber":36,"author":{"gitId":"8kdesign"},"content":"            + \"    done n - Mark nth item as done.\\n\""},{"lineNumber":37,"author":{"gitId":"8kdesign"},"content":"            + \"    undo n - Mark nth item as not done.\\n\" + LINE;"},{"lineNumber":38,"author":{"gitId":"8kdesign"},"content":"    private static final String MARK_DONE_MESSAGE \u003d  LINE + \"\\nMarked as done:\\n\";"},{"lineNumber":39,"author":{"gitId":"8kdesign"},"content":"    private static final String MARK_UNDONE_MESSAGE \u003d LINE + \"\\nMarked as undone:\\n\";"},{"lineNumber":40,"author":{"gitId":"8kdesign"},"content":"    private static final String ERROR_MESSAGE \u003d LINE + \"\\n\""},{"lineNumber":41,"author":{"gitId":"8kdesign"},"content":"            + \"8K: Sorry. I do not understand.\\n\" + LINE;"},{"lineNumber":42,"author":{"gitId":"8kdesign"},"content":"    private static final String LIST_FULL_MESSAGE \u003d LINE + \"\\n\""},{"lineNumber":43,"author":{"gitId":"8kdesign"},"content":"            + \"8K: List is full.\" + \"\\n\" + LINE;"},{"lineNumber":44,"author":{"gitId":"8kdesign"},"content":"    private static final String EMPTY_LIST_MESSAGE \u003d \"\u003c\u003c List is empty \u003e\u003e\\n\" + LINE;"},{"lineNumber":45,"author":{"gitId":"8kdesign"},"content":""},{"lineNumber":46,"author":{"gitId":"8kdesign"},"content":""},{"lineNumber":47,"author":{"gitId":"8kdesign"},"content":"    //Constants"},{"lineNumber":48,"author":{"gitId":"8kdesign"},"content":"    private static final int MAX_SIZE \u003d 100;"},{"lineNumber":49,"author":{"gitId":"8kdesign"},"content":"    private static final int LENGTH_OF_EVENT_WORD \u003d 5;"},{"lineNumber":50,"author":{"gitId":"8kdesign"},"content":"    private static final int LENGTH_OF_DEADLINE_WORD \u003d 8;"},{"lineNumber":51,"author":{"gitId":"8kdesign"},"content":"    private static final int LENGTH_OF_TODO_WORD \u003d 4;"},{"lineNumber":52,"author":{"gitId":"8kdesign"},"content":""},{"lineNumber":53,"author":{"gitId":"8kdesign"},"content":""},{"lineNumber":54,"author":{"gitId":"8kdesign"},"content":"    //Variables \u0026 arrays"},{"lineNumber":55,"author":{"gitId":"8kdesign"},"content":"    private static final Task[] tasks \u003d new Task[MAX_SIZE];"},{"lineNumber":56,"author":{"gitId":"8kdesign"},"content":"    private static int taskCount \u003d 0;"},{"lineNumber":57,"author":{"gitId":"8kdesign"},"content":"    private static boolean endProgram \u003d false;"},{"lineNumber":58,"author":{"gitId":"8kdesign"},"content":""},{"lineNumber":59,"author":{"gitId":"8kdesign"},"content":""},{"lineNumber":60,"author":{"gitId":"-"},"content":"    public static void main(String[] args) {"},{"lineNumber":61,"author":{"gitId":"8kdesign"},"content":"        Scanner scanner \u003d new Scanner(System.in);"},{"lineNumber":62,"author":{"gitId":"8kdesign"},"content":"        String input;"},{"lineNumber":63,"author":{"gitId":"8kdesign"},"content":"        System.out.println(HELLO_MESSAGE);"},{"lineNumber":64,"author":{"gitId":"8kdesign"},"content":"        do {"},{"lineNumber":65,"author":{"gitId":"8kdesign"},"content":"            input \u003d scanner.nextLine().trim();"},{"lineNumber":66,"author":{"gitId":"8kdesign"},"content":"            processInput(input);"},{"lineNumber":67,"author":{"gitId":"8kdesign"},"content":"        } while (!endProgram);"},{"lineNumber":68,"author":{"gitId":"-"},"content":"    }"},{"lineNumber":69,"author":{"gitId":"8kdesign"},"content":""},{"lineNumber":70,"author":{"gitId":"8kdesign"},"content":""},{"lineNumber":71,"author":{"gitId":"8kdesign"},"content":"    /**"},{"lineNumber":72,"author":{"gitId":"8kdesign"},"content":"     * Processes input."},{"lineNumber":73,"author":{"gitId":"8kdesign"},"content":"     *"},{"lineNumber":74,"author":{"gitId":"8kdesign"},"content":"     * @param input Input value by user."},{"lineNumber":75,"author":{"gitId":"8kdesign"},"content":"     */"},{"lineNumber":76,"author":{"gitId":"8kdesign"},"content":"    private static void processInput(String input) {"},{"lineNumber":77,"author":{"gitId":"8kdesign"},"content":"        if (input.equals(\"bye\")) {"},{"lineNumber":78,"author":{"gitId":"8kdesign"},"content":"            //Ends program"},{"lineNumber":79,"author":{"gitId":"8kdesign"},"content":"            setEndProgram();"},{"lineNumber":80,"author":{"gitId":"8kdesign"},"content":"        } else if (input.equals(\"list\")) {"},{"lineNumber":81,"author":{"gitId":"8kdesign"},"content":"            //Shows saved tasks"},{"lineNumber":82,"author":{"gitId":"8kdesign"},"content":"            printList();"},{"lineNumber":83,"author":{"gitId":"8kdesign"},"content":"        } else if (input.equals(\"help\")) {"},{"lineNumber":84,"author":{"gitId":"8kdesign"},"content":"            //Shows all commands"},{"lineNumber":85,"author":{"gitId":"8kdesign"},"content":"            System.out.println(HELP_MESSAGE);"},{"lineNumber":86,"author":{"gitId":"8kdesign"},"content":"        } else if (input.startsWith(\"done \")) {"},{"lineNumber":87,"author":{"gitId":"8kdesign"},"content":"            //Marks item as done"},{"lineNumber":88,"author":{"gitId":"8kdesign"},"content":"            setDoneStatus(input, true);"},{"lineNumber":89,"author":{"gitId":"8kdesign"},"content":"        } else if (input.startsWith(\"undo \")) {"},{"lineNumber":90,"author":{"gitId":"8kdesign"},"content":"            //Marks item as undone"},{"lineNumber":91,"author":{"gitId":"8kdesign"},"content":"            setDoneStatus(input,false);"},{"lineNumber":92,"author":{"gitId":"8kdesign"},"content":"        } else if (input.startsWith(\"todo \")) {"},{"lineNumber":93,"author":{"gitId":"8kdesign"},"content":"            //Adds new ToDoTask"},{"lineNumber":94,"author":{"gitId":"8kdesign"},"content":"            addToDo(input);"},{"lineNumber":95,"author":{"gitId":"8kdesign"},"content":"        } else if (input.startsWith(\"event \") \u0026\u0026 input.contains(\" /at \")) {"},{"lineNumber":96,"author":{"gitId":"8kdesign"},"content":"            //Adds new EventTask"},{"lineNumber":97,"author":{"gitId":"8kdesign"},"content":"            addEvent(input);"},{"lineNumber":98,"author":{"gitId":"8kdesign"},"content":"        } else if (input.startsWith(\"deadline \") \u0026\u0026 input.contains(\" /by \")) {"},{"lineNumber":99,"author":{"gitId":"8kdesign"},"content":"            //Adds new DeadlineTask"},{"lineNumber":100,"author":{"gitId":"8kdesign"},"content":"            addDeadline(input);"},{"lineNumber":101,"author":{"gitId":"8kdesign"},"content":"        } else {"},{"lineNumber":102,"author":{"gitId":"8kdesign"},"content":"            //Prints error (unrecognized command)"},{"lineNumber":103,"author":{"gitId":"8kdesign"},"content":"            System.out.println(ERROR_MESSAGE);"},{"lineNumber":104,"author":{"gitId":"8kdesign"},"content":"        }"},{"lineNumber":105,"author":{"gitId":"8kdesign"},"content":"    }"},{"lineNumber":106,"author":{"gitId":"8kdesign"},"content":""},{"lineNumber":107,"author":{"gitId":"8kdesign"},"content":""},{"lineNumber":108,"author":{"gitId":"8kdesign"},"content":"    /**"},{"lineNumber":109,"author":{"gitId":"8kdesign"},"content":"     * Ends while-loop to exit program."},{"lineNumber":110,"author":{"gitId":"8kdesign"},"content":"     */"},{"lineNumber":111,"author":{"gitId":"8kdesign"},"content":"    private static void setEndProgram() {"},{"lineNumber":112,"author":{"gitId":"8kdesign"},"content":"        System.out.println(BYE_MESSAGE);"},{"lineNumber":113,"author":{"gitId":"8kdesign"},"content":"        endProgram \u003d true;"},{"lineNumber":114,"author":{"gitId":"8kdesign"},"content":"    }"},{"lineNumber":115,"author":{"gitId":"8kdesign"},"content":""},{"lineNumber":116,"author":{"gitId":"8kdesign"},"content":""},{"lineNumber":117,"author":{"gitId":"8kdesign"},"content":"    /**"},{"lineNumber":118,"author":{"gitId":"8kdesign"},"content":"     * Prints list of task name."},{"lineNumber":119,"author":{"gitId":"8kdesign"},"content":"     */"},{"lineNumber":120,"author":{"gitId":"8kdesign"},"content":"    private static void printList() {"},{"lineNumber":121,"author":{"gitId":"8kdesign"},"content":"        System.out.println(LINE);"},{"lineNumber":122,"author":{"gitId":"8kdesign"},"content":"        if (taskCount \u003d\u003d 0) {"},{"lineNumber":123,"author":{"gitId":"8kdesign"},"content":"            System.out.println(EMPTY_LIST_MESSAGE);"},{"lineNumber":124,"author":{"gitId":"8kdesign"},"content":"            return;"},{"lineNumber":125,"author":{"gitId":"8kdesign"},"content":"        }"},{"lineNumber":126,"author":{"gitId":"8kdesign"},"content":"        for (int i \u003d 0; i \u003c taskCount; i++) {"},{"lineNumber":127,"author":{"gitId":"8kdesign"},"content":"            System.out.print((i + 1) + \".\");"},{"lineNumber":128,"author":{"gitId":"8kdesign"},"content":"            tasks[i].printStatus();"},{"lineNumber":129,"author":{"gitId":"8kdesign"},"content":"            System.out.println();"},{"lineNumber":130,"author":{"gitId":"8kdesign"},"content":"        }"},{"lineNumber":131,"author":{"gitId":"8kdesign"},"content":"        System.out.println(LINE);"},{"lineNumber":132,"author":{"gitId":"8kdesign"},"content":"    }"},{"lineNumber":133,"author":{"gitId":"8kdesign"},"content":""},{"lineNumber":134,"author":{"gitId":"8kdesign"},"content":""},{"lineNumber":135,"author":{"gitId":"8kdesign"},"content":"    /**"},{"lineNumber":136,"author":{"gitId":"8kdesign"},"content":"     * Marks specified task as done."},{"lineNumber":137,"author":{"gitId":"8kdesign"},"content":"     * If position is invalid, print error message."},{"lineNumber":138,"author":{"gitId":"8kdesign"},"content":"     *"},{"lineNumber":139,"author":{"gitId":"8kdesign"},"content":"     * @param input Input value by user."},{"lineNumber":140,"author":{"gitId":"8kdesign"},"content":"     */"},{"lineNumber":141,"author":{"gitId":"8kdesign"},"content":"    private static void setDoneStatus(String input, Boolean isDone) {"},{"lineNumber":142,"author":{"gitId":"8kdesign"},"content":"        try {"},{"lineNumber":143,"author":{"gitId":"8kdesign"},"content":"            int position \u003d Integer.parseInt(input.split(\" \")[1]) - 1;"},{"lineNumber":144,"author":{"gitId":"8kdesign"},"content":"            if (position \u003c taskCount) {"},{"lineNumber":145,"author":{"gitId":"8kdesign"},"content":"                tasks[position].setDone(isDone);"},{"lineNumber":146,"author":{"gitId":"8kdesign"},"content":"                if (isDone) {"},{"lineNumber":147,"author":{"gitId":"8kdesign"},"content":"                    System.out.print(MARK_DONE_MESSAGE);"},{"lineNumber":148,"author":{"gitId":"8kdesign"},"content":"                } else {"},{"lineNumber":149,"author":{"gitId":"8kdesign"},"content":"                    System.out.print(MARK_UNDONE_MESSAGE);"},{"lineNumber":150,"author":{"gitId":"8kdesign"},"content":"                }"},{"lineNumber":151,"author":{"gitId":"8kdesign"},"content":"                tasks[position].printStatus();"},{"lineNumber":152,"author":{"gitId":"8kdesign"},"content":"                System.out.println(\"\\n\" + LINE);"},{"lineNumber":153,"author":{"gitId":"8kdesign"},"content":"            } else {"},{"lineNumber":154,"author":{"gitId":"8kdesign"},"content":"                //Out of bounds"},{"lineNumber":155,"author":{"gitId":"8kdesign"},"content":"                System.out.println(ERROR_MESSAGE);"},{"lineNumber":156,"author":{"gitId":"8kdesign"},"content":"            }"},{"lineNumber":157,"author":{"gitId":"8kdesign"},"content":"        } catch (Exception e) {"},{"lineNumber":158,"author":{"gitId":"8kdesign"},"content":"            System.out.println(ERROR_MESSAGE);"},{"lineNumber":159,"author":{"gitId":"8kdesign"},"content":"        }"},{"lineNumber":160,"author":{"gitId":"8kdesign"},"content":"    }"},{"lineNumber":161,"author":{"gitId":"8kdesign"},"content":""},{"lineNumber":162,"author":{"gitId":"8kdesign"},"content":""},{"lineNumber":163,"author":{"gitId":"8kdesign"},"content":"    /**"},{"lineNumber":164,"author":{"gitId":"8kdesign"},"content":"     * Creates new ToDoTask."},{"lineNumber":165,"author":{"gitId":"8kdesign"},"content":"     *"},{"lineNumber":166,"author":{"gitId":"8kdesign"},"content":"     * @param input Input value by user."},{"lineNumber":167,"author":{"gitId":"8kdesign"},"content":"     */"},{"lineNumber":168,"author":{"gitId":"8kdesign"},"content":"    public static void addToDo(String input) {"},{"lineNumber":169,"author":{"gitId":"8kdesign"},"content":"        if (taskCount \u003e\u003d MAX_SIZE) {"},{"lineNumber":170,"author":{"gitId":"8kdesign"},"content":"            //Array full"},{"lineNumber":171,"author":{"gitId":"8kdesign"},"content":"            System.out.println(LIST_FULL_MESSAGE);"},{"lineNumber":172,"author":{"gitId":"8kdesign"},"content":"            return;"},{"lineNumber":173,"author":{"gitId":"8kdesign"},"content":"        }"},{"lineNumber":174,"author":{"gitId":"8kdesign"},"content":"        input \u003d input.substring(LENGTH_OF_TODO_WORD + 1);"},{"lineNumber":175,"author":{"gitId":"8kdesign"},"content":"        tasks[taskCount] \u003d new ToDoTask(input);"},{"lineNumber":176,"author":{"gitId":"8kdesign"},"content":"        taskCount++;"},{"lineNumber":177,"author":{"gitId":"8kdesign"},"content":"        printAddedContent(input);"},{"lineNumber":178,"author":{"gitId":"8kdesign"},"content":"    }"},{"lineNumber":179,"author":{"gitId":"8kdesign"},"content":""},{"lineNumber":180,"author":{"gitId":"8kdesign"},"content":""},{"lineNumber":181,"author":{"gitId":"8kdesign"},"content":"    /**"},{"lineNumber":182,"author":{"gitId":"8kdesign"},"content":"     * Creates new EventTask."},{"lineNumber":183,"author":{"gitId":"8kdesign"},"content":"     * Prints error message if invalid."},{"lineNumber":184,"author":{"gitId":"8kdesign"},"content":"     *"},{"lineNumber":185,"author":{"gitId":"8kdesign"},"content":"     * @param input Input value by user."},{"lineNumber":186,"author":{"gitId":"8kdesign"},"content":"     */"},{"lineNumber":187,"author":{"gitId":"8kdesign"},"content":"    public static void addEvent(String input) {"},{"lineNumber":188,"author":{"gitId":"8kdesign"},"content":"        String[] inputSplit \u003d input.substring(LENGTH_OF_EVENT_WORD + 1).split(\" /at \");"},{"lineNumber":189,"author":{"gitId":"8kdesign"},"content":"        if (taskCount \u003e\u003d MAX_SIZE) {"},{"lineNumber":190,"author":{"gitId":"8kdesign"},"content":"            //Array full"},{"lineNumber":191,"author":{"gitId":"8kdesign"},"content":"            System.out.println(LIST_FULL_MESSAGE);"},{"lineNumber":192,"author":{"gitId":"8kdesign"},"content":"            return;"},{"lineNumber":193,"author":{"gitId":"8kdesign"},"content":"        }"},{"lineNumber":194,"author":{"gitId":"8kdesign"},"content":"        if (inputSplit.length \u003c 2) {"},{"lineNumber":195,"author":{"gitId":"8kdesign"},"content":"            //Invalid input"},{"lineNumber":196,"author":{"gitId":"8kdesign"},"content":"            System.out.println(ERROR_MESSAGE);"},{"lineNumber":197,"author":{"gitId":"8kdesign"},"content":"            return;"},{"lineNumber":198,"author":{"gitId":"8kdesign"},"content":"        }"},{"lineNumber":199,"author":{"gitId":"8kdesign"},"content":"        tasks[taskCount] \u003d new EventTask(inputSplit[0], inputSplit[1]);"},{"lineNumber":200,"author":{"gitId":"8kdesign"},"content":"        taskCount++;"},{"lineNumber":201,"author":{"gitId":"8kdesign"},"content":"        printAddedContent(inputSplit[0]);"},{"lineNumber":202,"author":{"gitId":"8kdesign"},"content":"    }"},{"lineNumber":203,"author":{"gitId":"8kdesign"},"content":""},{"lineNumber":204,"author":{"gitId":"8kdesign"},"content":""},{"lineNumber":205,"author":{"gitId":"8kdesign"},"content":"    /**"},{"lineNumber":206,"author":{"gitId":"8kdesign"},"content":"     * Creates new DeadlineTask."},{"lineNumber":207,"author":{"gitId":"8kdesign"},"content":"     * Prints error message if invalid."},{"lineNumber":208,"author":{"gitId":"8kdesign"},"content":"     *"},{"lineNumber":209,"author":{"gitId":"8kdesign"},"content":"     * @param input Input value by user."},{"lineNumber":210,"author":{"gitId":"8kdesign"},"content":"     */"},{"lineNumber":211,"author":{"gitId":"8kdesign"},"content":"    public static void addDeadline(String input) {"},{"lineNumber":212,"author":{"gitId":"8kdesign"},"content":"        String[] inputSplit \u003d input.substring(LENGTH_OF_DEADLINE_WORD + 1).split(\" /by \");"},{"lineNumber":213,"author":{"gitId":"8kdesign"},"content":"        if (taskCount \u003e\u003d MAX_SIZE) {"},{"lineNumber":214,"author":{"gitId":"8kdesign"},"content":"            //Array full"},{"lineNumber":215,"author":{"gitId":"8kdesign"},"content":"            System.out.println(LIST_FULL_MESSAGE);"},{"lineNumber":216,"author":{"gitId":"8kdesign"},"content":"            return;"},{"lineNumber":217,"author":{"gitId":"8kdesign"},"content":"        }"},{"lineNumber":218,"author":{"gitId":"8kdesign"},"content":"        if (inputSplit.length \u003c 2) {"},{"lineNumber":219,"author":{"gitId":"8kdesign"},"content":"            //Invalid input"},{"lineNumber":220,"author":{"gitId":"8kdesign"},"content":"            System.out.println(ERROR_MESSAGE);"},{"lineNumber":221,"author":{"gitId":"8kdesign"},"content":"            return;"},{"lineNumber":222,"author":{"gitId":"8kdesign"},"content":"        }"},{"lineNumber":223,"author":{"gitId":"8kdesign"},"content":"        tasks[taskCount] \u003d new DeadlineTask(inputSplit[0], inputSplit[1]);"},{"lineNumber":224,"author":{"gitId":"8kdesign"},"content":"        taskCount++;"},{"lineNumber":225,"author":{"gitId":"8kdesign"},"content":"        printAddedContent(inputSplit[0]);"},{"lineNumber":226,"author":{"gitId":"8kdesign"},"content":"    }"},{"lineNumber":227,"author":{"gitId":"8kdesign"},"content":""},{"lineNumber":228,"author":{"gitId":"8kdesign"},"content":""},{"lineNumber":229,"author":{"gitId":"8kdesign"},"content":"    /**"},{"lineNumber":230,"author":{"gitId":"8kdesign"},"content":"     * Prints successfully added message."},{"lineNumber":231,"author":{"gitId":"8kdesign"},"content":"     *"},{"lineNumber":232,"author":{"gitId":"8kdesign"},"content":"     * @param input Input value by user."},{"lineNumber":233,"author":{"gitId":"8kdesign"},"content":"     */"},{"lineNumber":234,"author":{"gitId":"8kdesign"},"content":"    public static void printAddedContent(String input) {"},{"lineNumber":235,"author":{"gitId":"8kdesign"},"content":"        System.out.println(LINE);"},{"lineNumber":236,"author":{"gitId":"8kdesign"},"content":"        System.out.println(\"8K: Added \\\"\" + input + \"\\\" to list.\");"},{"lineNumber":237,"author":{"gitId":"8kdesign"},"content":"        System.out.println(LINE);"},{"lineNumber":238,"author":{"gitId":"-"},"content":"    }"},{"lineNumber":239,"author":{"gitId":"8kdesign"},"content":""},{"lineNumber":240,"author":{"gitId":"-"},"content":"}"}],"authorContributionMap":{"8kdesign":235,"-":5}},{"path":"src/main/java/EventTask.java","fileType":"java","lines":[{"lineNumber":1,"author":{"gitId":"8kdesign"},"content":"public class EventTask extends Task {"},{"lineNumber":2,"author":{"gitId":"8kdesign"},"content":""},{"lineNumber":3,"author":{"gitId":"8kdesign"},"content":"    private String eventInfo;"},{"lineNumber":4,"author":{"gitId":"8kdesign"},"content":""},{"lineNumber":5,"author":{"gitId":"8kdesign"},"content":"    public EventTask(String name, String dateTime) {"},{"lineNumber":6,"author":{"gitId":"8kdesign"},"content":"        super(name);"},{"lineNumber":7,"author":{"gitId":"8kdesign"},"content":"        setEventInfo(dateTime);"},{"lineNumber":8,"author":{"gitId":"8kdesign"},"content":"    }"},{"lineNumber":9,"author":{"gitId":"8kdesign"},"content":""},{"lineNumber":10,"author":{"gitId":"8kdesign"},"content":"    public void setEventInfo(String eventInfo) {"},{"lineNumber":11,"author":{"gitId":"8kdesign"},"content":"        this.eventInfo \u003d eventInfo;"},{"lineNumber":12,"author":{"gitId":"8kdesign"},"content":"    }"},{"lineNumber":13,"author":{"gitId":"8kdesign"},"content":""},{"lineNumber":14,"author":{"gitId":"8kdesign"},"content":"    /**"},{"lineNumber":15,"author":{"gitId":"8kdesign"},"content":"     * Prints task status."},{"lineNumber":16,"author":{"gitId":"8kdesign"},"content":"     */"},{"lineNumber":17,"author":{"gitId":"8kdesign"},"content":"    @Override"},{"lineNumber":18,"author":{"gitId":"8kdesign"},"content":"    public void printStatus() {"},{"lineNumber":19,"author":{"gitId":"8kdesign"},"content":"        System.out.print(\"[E]\");"},{"lineNumber":20,"author":{"gitId":"8kdesign"},"content":"        super.printStatus();"},{"lineNumber":21,"author":{"gitId":"8kdesign"},"content":"        System.out.print(\" (at: \" + eventInfo + \")\");"},{"lineNumber":22,"author":{"gitId":"8kdesign"},"content":"    }"},{"lineNumber":23,"author":{"gitId":"8kdesign"},"content":"}"}],"authorContributionMap":{"8kdesign":23}},{"path":"src/main/java/Task.java","fileType":"java","lines":[{"lineNumber":1,"author":{"gitId":"8kdesign"},"content":"public class Task {"},{"lineNumber":2,"author":{"gitId":"8kdesign"},"content":""},{"lineNumber":3,"author":{"gitId":"8kdesign"},"content":"    private final String name;"},{"lineNumber":4,"author":{"gitId":"8kdesign"},"content":"    private boolean isDone;"},{"lineNumber":5,"author":{"gitId":"8kdesign"},"content":""},{"lineNumber":6,"author":{"gitId":"8kdesign"},"content":"    public Task(String name) {"},{"lineNumber":7,"author":{"gitId":"8kdesign"},"content":"        this.name \u003d name;"},{"lineNumber":8,"author":{"gitId":"8kdesign"},"content":"        setDone(false);"},{"lineNumber":9,"author":{"gitId":"8kdesign"},"content":"    }"},{"lineNumber":10,"author":{"gitId":"8kdesign"},"content":""},{"lineNumber":11,"author":{"gitId":"8kdesign"},"content":"    public void setDone(boolean isDone) {"},{"lineNumber":12,"author":{"gitId":"8kdesign"},"content":"        this.isDone \u003d isDone;"},{"lineNumber":13,"author":{"gitId":"8kdesign"},"content":"    }"},{"lineNumber":14,"author":{"gitId":"8kdesign"},"content":""},{"lineNumber":15,"author":{"gitId":"8kdesign"},"content":"    public String getName() {"},{"lineNumber":16,"author":{"gitId":"8kdesign"},"content":"        return name;"},{"lineNumber":17,"author":{"gitId":"8kdesign"},"content":"    }"},{"lineNumber":18,"author":{"gitId":"8kdesign"},"content":""},{"lineNumber":19,"author":{"gitId":"8kdesign"},"content":"    public boolean getDone() {"},{"lineNumber":20,"author":{"gitId":"8kdesign"},"content":"        return isDone;"},{"lineNumber":21,"author":{"gitId":"8kdesign"},"content":"    }"},{"lineNumber":22,"author":{"gitId":"8kdesign"},"content":""},{"lineNumber":23,"author":{"gitId":"8kdesign"},"content":"    /**"},{"lineNumber":24,"author":{"gitId":"8kdesign"},"content":"     * Prints task status."},{"lineNumber":25,"author":{"gitId":"8kdesign"},"content":"     */"},{"lineNumber":26,"author":{"gitId":"8kdesign"},"content":"    public void printStatus() {"},{"lineNumber":27,"author":{"gitId":"8kdesign"},"content":"        if (isDone) {"},{"lineNumber":28,"author":{"gitId":"8kdesign"},"content":"            System.out.print(\"[✓] \" + name);"},{"lineNumber":29,"author":{"gitId":"8kdesign"},"content":"        } else {"},{"lineNumber":30,"author":{"gitId":"8kdesign"},"content":"            System.out.print(\"[ ] \" + name);"},{"lineNumber":31,"author":{"gitId":"8kdesign"},"content":"        }"},{"lineNumber":32,"author":{"gitId":"8kdesign"},"content":"    }"},{"lineNumber":33,"author":{"gitId":"8kdesign"},"content":""},{"lineNumber":34,"author":{"gitId":"8kdesign"},"content":"}"}],"authorContributionMap":{"8kdesign":34}},{"path":"src/main/java/ToDoTask.java","fileType":"java","lines":[{"lineNumber":1,"author":{"gitId":"8kdesign"},"content":"public class ToDoTask extends Task {"},{"lineNumber":2,"author":{"gitId":"8kdesign"},"content":""},{"lineNumber":3,"author":{"gitId":"8kdesign"},"content":"    public ToDoTask(String name) {"},{"lineNumber":4,"author":{"gitId":"8kdesign"},"content":"        super(name);"},{"lineNumber":5,"author":{"gitId":"8kdesign"},"content":"    }"},{"lineNumber":6,"author":{"gitId":"8kdesign"},"content":""},{"lineNumber":7,"author":{"gitId":"8kdesign"},"content":"    /**"},{"lineNumber":8,"author":{"gitId":"8kdesign"},"content":"     * Prints task status."},{"lineNumber":9,"author":{"gitId":"8kdesign"},"content":"     */"},{"lineNumber":10,"author":{"gitId":"8kdesign"},"content":"    @Override"},{"lineNumber":11,"author":{"gitId":"8kdesign"},"content":"    public void printStatus() {"},{"lineNumber":12,"author":{"gitId":"8kdesign"},"content":"        System.out.print(\"[T]\");"},{"lineNumber":13,"author":{"gitId":"8kdesign"},"content":"        super.printStatus();"},{"lineNumber":14,"author":{"gitId":"8kdesign"},"content":"    }"},{"lineNumber":15,"author":{"gitId":"8kdesign"},"content":"}"}],"authorContributionMap":{"8kdesign":15}},{"path":"text-ui-test/input.txt","fileType":"txt","lines":[{"lineNumber":1,"author":{"gitId":"8kdesign"},"content":"help"},{"lineNumber":2,"author":{"gitId":"8kdesign"},"content":"list"},{"lineNumber":3,"author":{"gitId":"8kdesign"},"content":"todo apple"},{"lineNumber":4,"author":{"gitId":"8kdesign"},"content":"event apple /at pear"},{"lineNumber":5,"author":{"gitId":"8kdesign"},"content":"deadline apple /by pear"},{"lineNumber":6,"author":{"gitId":"8kdesign"},"content":"list"},{"lineNumber":7,"author":{"gitId":"8kdesign"},"content":"done 2"},{"lineNumber":8,"author":{"gitId":"8kdesign"},"content":"list"},{"lineNumber":9,"author":{"gitId":"8kdesign"},"content":"undo 2"},{"lineNumber":10,"author":{"gitId":"8kdesign"},"content":"list"},{"lineNumber":11,"author":{"gitId":"8kdesign"},"content":"done 0"},{"lineNumber":12,"author":{"gitId":"8kdesign"},"content":"bye"}],"authorContributionMap":{"8kdesign":12}}]
