[{"path":"README.md","fileType":"md","lines":[{"lineNumber":1,"author":{"gitId":"8kdesign"},"content":"# 8K\u0027s Task Planner"},{"lineNumber":2,"author":{"gitId":"8kdesign"},"content":""},{"lineNumber":3,"author":{"gitId":"8kdesign"},"content":"8K\u0027s Task Planner is a Command Line Interface (CLI) app for planning of tasks. "},{"lineNumber":4,"author":{"gitId":"8kdesign"},"content":""},{"lineNumber":5,"author":{"gitId":"8kdesign"},"content":"* Types of tasks"},{"lineNumber":6,"author":{"gitId":"8kdesign"},"content":"* Quick start"},{"lineNumber":7,"author":{"gitId":"8kdesign"},"content":"* Features"},{"lineNumber":8,"author":{"gitId":"8kdesign"},"content":"  * View all commands : \u0027help\u0027"},{"lineNumber":9,"author":{"gitId":"8kdesign"},"content":"  * List all tasks : \u0027list\u0027"},{"lineNumber":10,"author":{"gitId":"8kdesign"},"content":"  * Add todo : \u0027todo\u0027"},{"lineNumber":11,"author":{"gitId":"8kdesign"},"content":"  * Add event : \u0027event\u0027"},{"lineNumber":12,"author":{"gitId":"8kdesign"},"content":"  * Add deadline : \u0027deadline\u0027"},{"lineNumber":13,"author":{"gitId":"8kdesign"},"content":"  * Delete task : \u0027delete\u0027"},{"lineNumber":14,"author":{"gitId":"8kdesign"},"content":"  * Mark as done : \u0027done\u0027"},{"lineNumber":15,"author":{"gitId":"8kdesign"},"content":"  * Mark as undone : \u0027undo\u0027"},{"lineNumber":16,"author":{"gitId":"8kdesign"},"content":"  * Search keyword : \u0027find\u0027"},{"lineNumber":17,"author":{"gitId":"8kdesign"},"content":"  * Exit : \u0027bye\u0027"},{"lineNumber":18,"author":{"gitId":"8kdesign"},"content":"* Storage"},{"lineNumber":19,"author":{"gitId":"8kdesign"},"content":"* Command summary"},{"lineNumber":20,"author":{"gitId":"8kdesign"},"content":"* Credits"},{"lineNumber":21,"author":{"gitId":"8kdesign"},"content":""},{"lineNumber":22,"author":{"gitId":"8kdesign"},"content":""},{"lineNumber":23,"author":{"gitId":"8kdesign"},"content":"## Types of tasks"},{"lineNumber":24,"author":{"gitId":"8kdesign"},"content":"8K\u0027s Task Planner comes with 3 type of tasks are available:"},{"lineNumber":25,"author":{"gitId":"8kdesign"},"content":"1. ToDo - Basic task with checkbox."},{"lineNumber":26,"author":{"gitId":"8kdesign"},"content":"1. Event - Task with checkbox and information field."},{"lineNumber":27,"author":{"gitId":"8kdesign"},"content":"1. Deadline - Task with checkbox and due date field."},{"lineNumber":28,"author":{"gitId":"8kdesign"},"content":""},{"lineNumber":29,"author":{"gitId":"8kdesign"},"content":""},{"lineNumber":30,"author":{"gitId":"8kdesign"},"content":"## Quick start"},{"lineNumber":31,"author":{"gitId":"8kdesign"},"content":"Download from here: https://github.com/8kdesign/ip/releases"},{"lineNumber":32,"author":{"gitId":"8kdesign"},"content":""},{"lineNumber":33,"author":{"gitId":"8kdesign"},"content":"Requirement: "},{"lineNumber":34,"author":{"gitId":"8kdesign"},"content":"1. Java 11 and above"},{"lineNumber":35,"author":{"gitId":"8kdesign"},"content":""},{"lineNumber":36,"author":{"gitId":"8kdesign"},"content":"Usage:"},{"lineNumber":37,"author":{"gitId":"8kdesign"},"content":"1. Transfer the program to a folder of your liking. (Note: Data from the app will be stored in the same folder)"},{"lineNumber":38,"author":{"gitId":"8kdesign"},"content":"2. Double-click to start."},{"lineNumber":39,"author":{"gitId":"8kdesign"},"content":"3. Type in command and press enter to execute."},{"lineNumber":40,"author":{"gitId":"8kdesign"},"content":"For more information about commands, please refer to the list below."},{"lineNumber":41,"author":{"gitId":"8kdesign"},"content":""},{"lineNumber":42,"author":{"gitId":"8kdesign"},"content":""},{"lineNumber":43,"author":{"gitId":"8kdesign"},"content":""},{"lineNumber":44,"author":{"gitId":"8kdesign"},"content":""},{"lineNumber":45,"author":{"gitId":"8kdesign"},"content":""},{"lineNumber":46,"author":{"gitId":"8kdesign"},"content":""},{"lineNumber":47,"author":{"gitId":"8kdesign"},"content":""},{"lineNumber":48,"author":{"gitId":"8kdesign"},"content":""},{"lineNumber":49,"author":{"gitId":"8kdesign"},"content":""},{"lineNumber":50,"author":{"gitId":"8kdesign"},"content":""}],"authorContributionMap":{"8kdesign":50}},{"path":"src/main/java/Duke.java","fileType":"java","lines":[{"lineNumber":1,"author":{"gitId":"8kdesign"},"content":"import common.Constants;"},{"lineNumber":2,"author":{"gitId":"8kdesign"},"content":"import parser.Parser;"},{"lineNumber":3,"author":{"gitId":"8kdesign"},"content":"import storage.Storage;"},{"lineNumber":4,"author":{"gitId":"8kdesign"},"content":""},{"lineNumber":5,"author":{"gitId":"8kdesign"},"content":"import java.util.Scanner;"},{"lineNumber":6,"author":{"gitId":"8kdesign"},"content":""},{"lineNumber":7,"author":{"gitId":"-"},"content":"public class Duke {"},{"lineNumber":8,"author":{"gitId":"8kdesign"},"content":""},{"lineNumber":9,"author":{"gitId":"8kdesign"},"content":"    private static final Constants constants \u003d new Constants();"},{"lineNumber":10,"author":{"gitId":"8kdesign"},"content":"    private static final Storage storage \u003d new Storage();"},{"lineNumber":11,"author":{"gitId":"8kdesign"},"content":"    private static final Parser parser \u003d new Parser();"},{"lineNumber":12,"author":{"gitId":"8kdesign"},"content":""},{"lineNumber":13,"author":{"gitId":"8kdesign"},"content":""},{"lineNumber":14,"author":{"gitId":"-"},"content":"    public static void main(String[] args) {"},{"lineNumber":15,"author":{"gitId":"8kdesign"},"content":"        Scanner scanner \u003d new Scanner(System.in);"},{"lineNumber":16,"author":{"gitId":"8kdesign"},"content":"        String input;"},{"lineNumber":17,"author":{"gitId":"8kdesign"},"content":"        try {"},{"lineNumber":18,"author":{"gitId":"8kdesign"},"content":"            storage.loadFile();"},{"lineNumber":19,"author":{"gitId":"8kdesign"},"content":"            System.out.println(constants.MESSAGE_FILE_LOADED);"},{"lineNumber":20,"author":{"gitId":"8kdesign"},"content":"        } catch (Exception e) {"},{"lineNumber":21,"author":{"gitId":"8kdesign"},"content":"            System.out.println(constants.MESSAGE_FILE_NOT_FOUND);"},{"lineNumber":22,"author":{"gitId":"8kdesign"},"content":"        }"},{"lineNumber":23,"author":{"gitId":"8kdesign"},"content":"        System.out.println(constants.MESSAGE_WELCOME);"},{"lineNumber":24,"author":{"gitId":"8kdesign"},"content":"        do {"},{"lineNumber":25,"author":{"gitId":"8kdesign"},"content":"            input \u003d scanner.nextLine().trim();"},{"lineNumber":26,"author":{"gitId":"8kdesign"},"content":"            parser.processInput(input);"},{"lineNumber":27,"author":{"gitId":"8kdesign"},"content":"        } while (!parser.isEndProgramNow());"},{"lineNumber":28,"author":{"gitId":"-"},"content":"    }"},{"lineNumber":29,"author":{"gitId":"8kdesign"},"content":""},{"lineNumber":30,"author":{"gitId":"-"},"content":"}"}],"authorContributionMap":{"8kdesign":26,"-":4}},{"path":"src/main/java/commands/AddDeadlineCommand.java","fileType":"java","lines":[{"lineNumber":1,"author":{"gitId":"8kdesign"},"content":"package commands;"},{"lineNumber":2,"author":{"gitId":"8kdesign"},"content":""},{"lineNumber":3,"author":{"gitId":"8kdesign"},"content":"import errors.DescriptionSplitException;"},{"lineNumber":4,"author":{"gitId":"8kdesign"},"content":"import errors.ListFullException;"},{"lineNumber":5,"author":{"gitId":"8kdesign"},"content":"import errors.MissingKeywordException;"},{"lineNumber":6,"author":{"gitId":"8kdesign"},"content":"import tasks.DeadlineTask;"},{"lineNumber":7,"author":{"gitId":"8kdesign"},"content":""},{"lineNumber":8,"author":{"gitId":"8kdesign"},"content":"import java.time.LocalDate;"},{"lineNumber":9,"author":{"gitId":"8kdesign"},"content":"import java.time.format.DateTimeFormatter;"},{"lineNumber":10,"author":{"gitId":"8kdesign"},"content":"import java.time.format.DateTimeParseException;"},{"lineNumber":11,"author":{"gitId":"8kdesign"},"content":""},{"lineNumber":12,"author":{"gitId":"8kdesign"},"content":"public class AddDeadlineCommand extends Command {"},{"lineNumber":13,"author":{"gitId":"8kdesign"},"content":""},{"lineNumber":14,"author":{"gitId":"8kdesign"},"content":"    private final String input;"},{"lineNumber":15,"author":{"gitId":"8kdesign"},"content":""},{"lineNumber":16,"author":{"gitId":"8kdesign"},"content":"    public AddDeadlineCommand(String input) {"},{"lineNumber":17,"author":{"gitId":"8kdesign"},"content":"        this.input \u003d input.substring(constants.COMMAND_DEADLINE.length());"},{"lineNumber":18,"author":{"gitId":"8kdesign"},"content":"    }"},{"lineNumber":19,"author":{"gitId":"8kdesign"},"content":""},{"lineNumber":20,"author":{"gitId":"8kdesign"},"content":""},{"lineNumber":21,"author":{"gitId":"8kdesign"},"content":"    /**"},{"lineNumber":22,"author":{"gitId":"8kdesign"},"content":"     * Creates new DeadlineTask."},{"lineNumber":23,"author":{"gitId":"8kdesign"},"content":"     * Prints error message if invalid."},{"lineNumber":24,"author":{"gitId":"8kdesign"},"content":"     */"},{"lineNumber":25,"author":{"gitId":"8kdesign"},"content":"    @Override"},{"lineNumber":26,"author":{"gitId":"8kdesign"},"content":"    public void execute() {"},{"lineNumber":27,"author":{"gitId":"8kdesign"},"content":"        try {"},{"lineNumber":28,"author":{"gitId":"8kdesign"},"content":"            if (!input.contains(constants.KEYWORD_BY)) {"},{"lineNumber":29,"author":{"gitId":"8kdesign"},"content":"                //Due date not specified in input"},{"lineNumber":30,"author":{"gitId":"8kdesign"},"content":"                throw new MissingKeywordException();"},{"lineNumber":31,"author":{"gitId":"8kdesign"},"content":"            }"},{"lineNumber":32,"author":{"gitId":"8kdesign"},"content":"            String[] inputSplit \u003d input.split(constants.KEYWORD_BY);"},{"lineNumber":33,"author":{"gitId":"8kdesign"},"content":"            if (taskManager.getTaskCount() \u003e\u003d constants.MAX_SIZE) {"},{"lineNumber":34,"author":{"gitId":"8kdesign"},"content":"                //Array full"},{"lineNumber":35,"author":{"gitId":"8kdesign"},"content":"                throw new ListFullException();"},{"lineNumber":36,"author":{"gitId":"8kdesign"},"content":"            } else if (inputSplit.length \u003c constants.MIN_SPLIT_SUCCESS_COUNT) {"},{"lineNumber":37,"author":{"gitId":"8kdesign"},"content":"                //Invalid input"},{"lineNumber":38,"author":{"gitId":"8kdesign"},"content":"                throw new DescriptionSplitException();"},{"lineNumber":39,"author":{"gitId":"8kdesign"},"content":"            }"},{"lineNumber":40,"author":{"gitId":"8kdesign"},"content":"            LocalDate dueDate \u003d extractDate(inputSplit[1]);"},{"lineNumber":41,"author":{"gitId":"8kdesign"},"content":"            taskManager.addTask(new DeadlineTask(inputSplit[0], dueDate));"},{"lineNumber":42,"author":{"gitId":"8kdesign"},"content":"            printAddedContent(inputSplit[0]);"},{"lineNumber":43,"author":{"gitId":"8kdesign"},"content":"            updateFile();"},{"lineNumber":44,"author":{"gitId":"8kdesign"},"content":"        } catch (ListFullException e) {"},{"lineNumber":45,"author":{"gitId":"8kdesign"},"content":"            System.out.println(constants.MESSAGE_LIST_FULL);"},{"lineNumber":46,"author":{"gitId":"8kdesign"},"content":"        } catch (MissingKeywordException e) {"},{"lineNumber":47,"author":{"gitId":"8kdesign"},"content":"            System.out.println(constants.MESSAGE_MISSING_BY_KEYWORD);"},{"lineNumber":48,"author":{"gitId":"8kdesign"},"content":"        } catch (DateTimeParseException e) {"},{"lineNumber":49,"author":{"gitId":"8kdesign"},"content":"            System.out.println(constants.MESSAGE_INVALID_DATE);"},{"lineNumber":50,"author":{"gitId":"8kdesign"},"content":"        } catch (Exception e) {"},{"lineNumber":51,"author":{"gitId":"8kdesign"},"content":"            System.out.println(constants.MESSAGE_UNRECOGNIZED_COMMAND);"},{"lineNumber":52,"author":{"gitId":"8kdesign"},"content":"        }"},{"lineNumber":53,"author":{"gitId":"8kdesign"},"content":"    }"},{"lineNumber":54,"author":{"gitId":"8kdesign"},"content":""},{"lineNumber":55,"author":{"gitId":"8kdesign"},"content":""},{"lineNumber":56,"author":{"gitId":"8kdesign"},"content":"    /**"},{"lineNumber":57,"author":{"gitId":"8kdesign"},"content":"     * Returns LocalDate of input date."},{"lineNumber":58,"author":{"gitId":"8kdesign"},"content":"     * Throws an exception if input date is invalid."},{"lineNumber":59,"author":{"gitId":"8kdesign"},"content":"     *"},{"lineNumber":60,"author":{"gitId":"8kdesign"},"content":"     * @param input Raw date input."},{"lineNumber":61,"author":{"gitId":"8kdesign"},"content":"     * @return LocalDate from raw date input."},{"lineNumber":62,"author":{"gitId":"8kdesign"},"content":"     * @throws DateTimeParseException Invalid date."},{"lineNumber":63,"author":{"gitId":"8kdesign"},"content":"     */"},{"lineNumber":64,"author":{"gitId":"8kdesign"},"content":"    private LocalDate extractDate(String input) throws DateTimeParseException {"},{"lineNumber":65,"author":{"gitId":"8kdesign"},"content":"        DateTimeFormatter formatter \u003d DateTimeFormatter.ofPattern(constants.DATE_IO_FORMAT);"},{"lineNumber":66,"author":{"gitId":"8kdesign"},"content":"        return LocalDate.parse(input, formatter);"},{"lineNumber":67,"author":{"gitId":"8kdesign"},"content":"    }"},{"lineNumber":68,"author":{"gitId":"8kdesign"},"content":"}"}],"authorContributionMap":{"8kdesign":68}},{"path":"src/main/java/commands/AddEventCommand.java","fileType":"java","lines":[{"lineNumber":1,"author":{"gitId":"8kdesign"},"content":"package commands;"},{"lineNumber":2,"author":{"gitId":"8kdesign"},"content":""},{"lineNumber":3,"author":{"gitId":"8kdesign"},"content":"import errors.DescriptionSplitException;"},{"lineNumber":4,"author":{"gitId":"8kdesign"},"content":"import errors.ListFullException;"},{"lineNumber":5,"author":{"gitId":"8kdesign"},"content":"import errors.MissingKeywordException;"},{"lineNumber":6,"author":{"gitId":"8kdesign"},"content":"import tasks.EventTask;"},{"lineNumber":7,"author":{"gitId":"8kdesign"},"content":""},{"lineNumber":8,"author":{"gitId":"8kdesign"},"content":"public class AddEventCommand extends Command {"},{"lineNumber":9,"author":{"gitId":"8kdesign"},"content":""},{"lineNumber":10,"author":{"gitId":"8kdesign"},"content":"    private final String input;"},{"lineNumber":11,"author":{"gitId":"8kdesign"},"content":""},{"lineNumber":12,"author":{"gitId":"8kdesign"},"content":"    public AddEventCommand(String input) {"},{"lineNumber":13,"author":{"gitId":"8kdesign"},"content":"        this.input \u003d input.substring(constants.COMMAND_EVENT.length());"},{"lineNumber":14,"author":{"gitId":"8kdesign"},"content":"    }"},{"lineNumber":15,"author":{"gitId":"8kdesign"},"content":""},{"lineNumber":16,"author":{"gitId":"8kdesign"},"content":""},{"lineNumber":17,"author":{"gitId":"8kdesign"},"content":"    /**"},{"lineNumber":18,"author":{"gitId":"8kdesign"},"content":"     * Creates new EventTask."},{"lineNumber":19,"author":{"gitId":"8kdesign"},"content":"     * Prints error message if invalid."},{"lineNumber":20,"author":{"gitId":"8kdesign"},"content":"     */"},{"lineNumber":21,"author":{"gitId":"8kdesign"},"content":"    @Override"},{"lineNumber":22,"author":{"gitId":"8kdesign"},"content":"    public void execute() {"},{"lineNumber":23,"author":{"gitId":"8kdesign"},"content":"        try {"},{"lineNumber":24,"author":{"gitId":"8kdesign"},"content":"            if (!input.contains(constants.KEYWORD_AT)) {"},{"lineNumber":25,"author":{"gitId":"8kdesign"},"content":"                //Event info not specified in input"},{"lineNumber":26,"author":{"gitId":"8kdesign"},"content":"                throw new MissingKeywordException();"},{"lineNumber":27,"author":{"gitId":"8kdesign"},"content":"            }"},{"lineNumber":28,"author":{"gitId":"8kdesign"},"content":"            String[] inputSplit \u003d input.split(constants.KEYWORD_AT);"},{"lineNumber":29,"author":{"gitId":"8kdesign"},"content":"            if (taskManager.getTaskCount() \u003e\u003d constants.MAX_SIZE) {"},{"lineNumber":30,"author":{"gitId":"8kdesign"},"content":"                //Array full"},{"lineNumber":31,"author":{"gitId":"8kdesign"},"content":"                throw new ListFullException();"},{"lineNumber":32,"author":{"gitId":"8kdesign"},"content":"            } else if (inputSplit.length \u003c constants.MIN_SPLIT_SUCCESS_COUNT) {"},{"lineNumber":33,"author":{"gitId":"8kdesign"},"content":"                //Invalid input"},{"lineNumber":34,"author":{"gitId":"8kdesign"},"content":"                throw new DescriptionSplitException();"},{"lineNumber":35,"author":{"gitId":"8kdesign"},"content":"            }"},{"lineNumber":36,"author":{"gitId":"8kdesign"},"content":"            taskManager.addTask(new EventTask(inputSplit[0], inputSplit[1]));"},{"lineNumber":37,"author":{"gitId":"8kdesign"},"content":"            printAddedContent(inputSplit[0]);"},{"lineNumber":38,"author":{"gitId":"8kdesign"},"content":"            updateFile();"},{"lineNumber":39,"author":{"gitId":"8kdesign"},"content":"        } catch (ListFullException e) {"},{"lineNumber":40,"author":{"gitId":"8kdesign"},"content":"            System.out.println(constants.MESSAGE_LIST_FULL);"},{"lineNumber":41,"author":{"gitId":"8kdesign"},"content":"        } catch (MissingKeywordException e) {"},{"lineNumber":42,"author":{"gitId":"8kdesign"},"content":"            System.out.println(constants.MESSAGE_MISSING_AT_KEYWORD);"},{"lineNumber":43,"author":{"gitId":"8kdesign"},"content":"        } catch (Exception e) {"},{"lineNumber":44,"author":{"gitId":"8kdesign"},"content":"            System.out.println(constants.MESSAGE_UNRECOGNIZED_COMMAND);"},{"lineNumber":45,"author":{"gitId":"8kdesign"},"content":"        }"},{"lineNumber":46,"author":{"gitId":"8kdesign"},"content":"    }"},{"lineNumber":47,"author":{"gitId":"8kdesign"},"content":"}"}],"authorContributionMap":{"8kdesign":47}},{"path":"src/main/java/commands/AddToDoCommand.java","fileType":"java","lines":[{"lineNumber":1,"author":{"gitId":"8kdesign"},"content":"package commands;"},{"lineNumber":2,"author":{"gitId":"8kdesign"},"content":""},{"lineNumber":3,"author":{"gitId":"8kdesign"},"content":"import errors.ListFullException;"},{"lineNumber":4,"author":{"gitId":"8kdesign"},"content":"import tasks.ToDoTask;"},{"lineNumber":5,"author":{"gitId":"8kdesign"},"content":""},{"lineNumber":6,"author":{"gitId":"8kdesign"},"content":"public class AddToDoCommand extends Command {"},{"lineNumber":7,"author":{"gitId":"8kdesign"},"content":""},{"lineNumber":8,"author":{"gitId":"8kdesign"},"content":"    private final String input;"},{"lineNumber":9,"author":{"gitId":"8kdesign"},"content":""},{"lineNumber":10,"author":{"gitId":"8kdesign"},"content":"    public AddToDoCommand(String input) {"},{"lineNumber":11,"author":{"gitId":"8kdesign"},"content":"        this.input \u003d input.substring(constants.COMMAND_TODO.length());"},{"lineNumber":12,"author":{"gitId":"8kdesign"},"content":"    }"},{"lineNumber":13,"author":{"gitId":"8kdesign"},"content":""},{"lineNumber":14,"author":{"gitId":"8kdesign"},"content":""},{"lineNumber":15,"author":{"gitId":"8kdesign"},"content":"    /**"},{"lineNumber":16,"author":{"gitId":"8kdesign"},"content":"     * Creates new ToDoTask."},{"lineNumber":17,"author":{"gitId":"8kdesign"},"content":"     */"},{"lineNumber":18,"author":{"gitId":"8kdesign"},"content":"    @Override"},{"lineNumber":19,"author":{"gitId":"8kdesign"},"content":"    public void execute() {"},{"lineNumber":20,"author":{"gitId":"8kdesign"},"content":"        try {"},{"lineNumber":21,"author":{"gitId":"8kdesign"},"content":"            if (taskManager.getTaskCount() \u003e\u003d constants.MAX_SIZE) {"},{"lineNumber":22,"author":{"gitId":"8kdesign"},"content":"                //Array full"},{"lineNumber":23,"author":{"gitId":"8kdesign"},"content":"                throw new ListFullException();"},{"lineNumber":24,"author":{"gitId":"8kdesign"},"content":"            }"},{"lineNumber":25,"author":{"gitId":"8kdesign"},"content":"            taskManager.addTask(new ToDoTask(input));"},{"lineNumber":26,"author":{"gitId":"8kdesign"},"content":"            printAddedContent(input);"},{"lineNumber":27,"author":{"gitId":"8kdesign"},"content":"            updateFile();"},{"lineNumber":28,"author":{"gitId":"8kdesign"},"content":"        } catch (ListFullException e) {"},{"lineNumber":29,"author":{"gitId":"8kdesign"},"content":"            System.out.println(constants.MESSAGE_LIST_FULL);"},{"lineNumber":30,"author":{"gitId":"8kdesign"},"content":"        }"},{"lineNumber":31,"author":{"gitId":"8kdesign"},"content":"    }"},{"lineNumber":32,"author":{"gitId":"8kdesign"},"content":"}"}],"authorContributionMap":{"8kdesign":32}},{"path":"src/main/java/commands/Command.java","fileType":"java","lines":[{"lineNumber":1,"author":{"gitId":"8kdesign"},"content":"package commands;"},{"lineNumber":2,"author":{"gitId":"8kdesign"},"content":""},{"lineNumber":3,"author":{"gitId":"8kdesign"},"content":"import common.Constants;"},{"lineNumber":4,"author":{"gitId":"8kdesign"},"content":"import storage.Storage;"},{"lineNumber":5,"author":{"gitId":"8kdesign"},"content":"import tasks.TaskManager;"},{"lineNumber":6,"author":{"gitId":"8kdesign"},"content":""},{"lineNumber":7,"author":{"gitId":"8kdesign"},"content":"import java.util.TreeSet;"},{"lineNumber":8,"author":{"gitId":"8kdesign"},"content":""},{"lineNumber":9,"author":{"gitId":"8kdesign"},"content":"public abstract class Command {"},{"lineNumber":10,"author":{"gitId":"8kdesign"},"content":""},{"lineNumber":11,"author":{"gitId":"8kdesign"},"content":"    protected static final TaskManager taskManager \u003d new TaskManager();"},{"lineNumber":12,"author":{"gitId":"8kdesign"},"content":"    protected static final Constants constants \u003d new Constants();"},{"lineNumber":13,"author":{"gitId":"8kdesign"},"content":"    private static final Storage storage \u003d new Storage();"},{"lineNumber":14,"author":{"gitId":"8kdesign"},"content":""},{"lineNumber":15,"author":{"gitId":"8kdesign"},"content":"    public void execute(){}"},{"lineNumber":16,"author":{"gitId":"8kdesign"},"content":""},{"lineNumber":17,"author":{"gitId":"8kdesign"},"content":""},{"lineNumber":18,"author":{"gitId":"8kdesign"},"content":"    /**"},{"lineNumber":19,"author":{"gitId":"8kdesign"},"content":"     * Prints successfully added message."},{"lineNumber":20,"author":{"gitId":"8kdesign"},"content":"     *"},{"lineNumber":21,"author":{"gitId":"8kdesign"},"content":"     * @param input Input value by user."},{"lineNumber":22,"author":{"gitId":"8kdesign"},"content":"     */"},{"lineNumber":23,"author":{"gitId":"8kdesign"},"content":"    protected static void printAddedContent(String input) {"},{"lineNumber":24,"author":{"gitId":"8kdesign"},"content":"        System.out.println(constants.LINE);"},{"lineNumber":25,"author":{"gitId":"8kdesign"},"content":"        System.out.println(\"8K: Added \\\"\" + input + \"\\\" to list.\");"},{"lineNumber":26,"author":{"gitId":"8kdesign"},"content":"        System.out.println(constants.LINE);"},{"lineNumber":27,"author":{"gitId":"8kdesign"},"content":"    }"},{"lineNumber":28,"author":{"gitId":"8kdesign"},"content":""},{"lineNumber":29,"author":{"gitId":"8kdesign"},"content":""},{"lineNumber":30,"author":{"gitId":"8kdesign"},"content":"    /**"},{"lineNumber":31,"author":{"gitId":"8kdesign"},"content":"     * Updates file."},{"lineNumber":32,"author":{"gitId":"8kdesign"},"content":"     */"},{"lineNumber":33,"author":{"gitId":"8kdesign"},"content":"    protected void updateFile() {"},{"lineNumber":34,"author":{"gitId":"8kdesign"},"content":"        try {"},{"lineNumber":35,"author":{"gitId":"8kdesign"},"content":"            storage.saveFile();"},{"lineNumber":36,"author":{"gitId":"8kdesign"},"content":"        } catch (Exception e) {"},{"lineNumber":37,"author":{"gitId":"8kdesign"},"content":"            System.out.println(constants.MESSAGE_SAVE_ERROR);"},{"lineNumber":38,"author":{"gitId":"8kdesign"},"content":"        }"},{"lineNumber":39,"author":{"gitId":"8kdesign"},"content":"    }"},{"lineNumber":40,"author":{"gitId":"8kdesign"},"content":""},{"lineNumber":41,"author":{"gitId":"8kdesign"},"content":""},{"lineNumber":42,"author":{"gitId":"8kdesign"},"content":"    /**"},{"lineNumber":43,"author":{"gitId":"8kdesign"},"content":"     * Processes index task from list."},{"lineNumber":44,"author":{"gitId":"8kdesign"},"content":"     * Returns INVALID_INDEX if invalid."},{"lineNumber":45,"author":{"gitId":"8kdesign"},"content":"     *"},{"lineNumber":46,"author":{"gitId":"8kdesign"},"content":"     * @param stringIndex Index of task to remove."},{"lineNumber":47,"author":{"gitId":"8kdesign"},"content":"     */"},{"lineNumber":48,"author":{"gitId":"8kdesign"},"content":"    public static int processIndex(String stringIndex) {"},{"lineNumber":49,"author":{"gitId":"8kdesign"},"content":"        try {"},{"lineNumber":50,"author":{"gitId":"8kdesign"},"content":"            int intIndex \u003d Integer.parseInt(stringIndex) - 1;"},{"lineNumber":51,"author":{"gitId":"8kdesign"},"content":"            if (intIndex \u003e\u003d taskManager.getTaskCount() || intIndex \u003c 0) {"},{"lineNumber":52,"author":{"gitId":"8kdesign"},"content":"                //Out of bounds"},{"lineNumber":53,"author":{"gitId":"8kdesign"},"content":"                throw new IndexOutOfBoundsException();"},{"lineNumber":54,"author":{"gitId":"8kdesign"},"content":"            }"},{"lineNumber":55,"author":{"gitId":"8kdesign"},"content":"            return intIndex;"},{"lineNumber":56,"author":{"gitId":"8kdesign"},"content":"        } catch (Exception e) {"},{"lineNumber":57,"author":{"gitId":"8kdesign"},"content":"            //Invalid index"},{"lineNumber":58,"author":{"gitId":"8kdesign"},"content":"            return constants.INVALID_INDEX;"},{"lineNumber":59,"author":{"gitId":"8kdesign"},"content":"        }"},{"lineNumber":60,"author":{"gitId":"8kdesign"},"content":"    }"},{"lineNumber":61,"author":{"gitId":"8kdesign"},"content":""},{"lineNumber":62,"author":{"gitId":"8kdesign"},"content":""},{"lineNumber":63,"author":{"gitId":"8kdesign"},"content":"    /**"},{"lineNumber":64,"author":{"gitId":"8kdesign"},"content":"     * Returns valid index set."},{"lineNumber":65,"author":{"gitId":"8kdesign"},"content":"     */"},{"lineNumber":66,"author":{"gitId":"8kdesign"},"content":"    protected static TreeSet\u003cInteger\u003e processMultipleIndices(String input) {"},{"lineNumber":67,"author":{"gitId":"8kdesign"},"content":"        String[] indices \u003d input.split(\" \");"},{"lineNumber":68,"author":{"gitId":"8kdesign"},"content":"        TreeSet\u003cInteger\u003e validIndices \u003d new TreeSet\u003c\u003e();"},{"lineNumber":69,"author":{"gitId":"8kdesign"},"content":"        for (String rawIndex : indices) {"},{"lineNumber":70,"author":{"gitId":"8kdesign"},"content":"            int index \u003d processIndex(rawIndex);"},{"lineNumber":71,"author":{"gitId":"8kdesign"},"content":"            if (index !\u003d constants.INVALID_INDEX) {"},{"lineNumber":72,"author":{"gitId":"8kdesign"},"content":"                validIndices.add(index);"},{"lineNumber":73,"author":{"gitId":"8kdesign"},"content":"            }"},{"lineNumber":74,"author":{"gitId":"8kdesign"},"content":"        }"},{"lineNumber":75,"author":{"gitId":"8kdesign"},"content":"        return validIndices;"},{"lineNumber":76,"author":{"gitId":"8kdesign"},"content":"    }"},{"lineNumber":77,"author":{"gitId":"8kdesign"},"content":""},{"lineNumber":78,"author":{"gitId":"8kdesign"},"content":"}"}],"authorContributionMap":{"8kdesign":78}},{"path":"src/main/java/commands/DeleteTaskCommand.java","fileType":"java","lines":[{"lineNumber":1,"author":{"gitId":"8kdesign"},"content":"package commands;"},{"lineNumber":2,"author":{"gitId":"8kdesign"},"content":""},{"lineNumber":3,"author":{"gitId":"8kdesign"},"content":"import java.util.NavigableSet;"},{"lineNumber":4,"author":{"gitId":"8kdesign"},"content":"import java.util.TreeSet;"},{"lineNumber":5,"author":{"gitId":"8kdesign"},"content":""},{"lineNumber":6,"author":{"gitId":"8kdesign"},"content":"public class DeleteTaskCommand extends Command {"},{"lineNumber":7,"author":{"gitId":"8kdesign"},"content":""},{"lineNumber":8,"author":{"gitId":"8kdesign"},"content":"    private final String input;"},{"lineNumber":9,"author":{"gitId":"8kdesign"},"content":""},{"lineNumber":10,"author":{"gitId":"8kdesign"},"content":"    public DeleteTaskCommand(String input) {"},{"lineNumber":11,"author":{"gitId":"8kdesign"},"content":"        this.input \u003d input.substring(constants.COMMAND_DELETE.length());"},{"lineNumber":12,"author":{"gitId":"8kdesign"},"content":"    }"},{"lineNumber":13,"author":{"gitId":"8kdesign"},"content":""},{"lineNumber":14,"author":{"gitId":"8kdesign"},"content":""},{"lineNumber":15,"author":{"gitId":"8kdesign"},"content":"    /**"},{"lineNumber":16,"author":{"gitId":"8kdesign"},"content":"     * Deletes multiple tasks from list."},{"lineNumber":17,"author":{"gitId":"8kdesign"},"content":"     */"},{"lineNumber":18,"author":{"gitId":"8kdesign"},"content":"    @Override"},{"lineNumber":19,"author":{"gitId":"8kdesign"},"content":"    public void execute() {"},{"lineNumber":20,"author":{"gitId":"8kdesign"},"content":"        try {"},{"lineNumber":21,"author":{"gitId":"8kdesign"},"content":"            TreeSet\u003cInteger\u003e validIndices \u003d processMultipleIndices(input);"},{"lineNumber":22,"author":{"gitId":"8kdesign"},"content":"            if (validIndices.size() \u003c 1) {"},{"lineNumber":23,"author":{"gitId":"8kdesign"},"content":"                throw new IndexOutOfBoundsException();"},{"lineNumber":24,"author":{"gitId":"8kdesign"},"content":"            }"},{"lineNumber":25,"author":{"gitId":"8kdesign"},"content":"            NavigableSet\u003cInteger\u003e sortedIndices \u003d validIndices.descendingSet();"},{"lineNumber":26,"author":{"gitId":"8kdesign"},"content":"            System.out.println(constants.MESSAGE_DELETED);"},{"lineNumber":27,"author":{"gitId":"8kdesign"},"content":"            for (int index : sortedIndices) {"},{"lineNumber":28,"author":{"gitId":"8kdesign"},"content":"                taskManager.getTask(index).printStatus();"},{"lineNumber":29,"author":{"gitId":"8kdesign"},"content":"                System.out.println();"},{"lineNumber":30,"author":{"gitId":"8kdesign"},"content":"                taskManager.deleteTask(index);"},{"lineNumber":31,"author":{"gitId":"8kdesign"},"content":"            }"},{"lineNumber":32,"author":{"gitId":"8kdesign"},"content":"            System.out.println(constants.LINE);"},{"lineNumber":33,"author":{"gitId":"8kdesign"},"content":"            updateFile();"},{"lineNumber":34,"author":{"gitId":"8kdesign"},"content":"        } catch (IndexOutOfBoundsException e) {"},{"lineNumber":35,"author":{"gitId":"8kdesign"},"content":"            System.out.println(constants.MESSAGE_TASK_NOT_FOUND);"},{"lineNumber":36,"author":{"gitId":"8kdesign"},"content":"        }"},{"lineNumber":37,"author":{"gitId":"8kdesign"},"content":"    }"},{"lineNumber":38,"author":{"gitId":"8kdesign"},"content":""},{"lineNumber":39,"author":{"gitId":"8kdesign"},"content":"}"}],"authorContributionMap":{"8kdesign":39}},{"path":"src/main/java/commands/FindCommand.java","fileType":"java","lines":[{"lineNumber":1,"author":{"gitId":"8kdesign"},"content":"package commands;"},{"lineNumber":2,"author":{"gitId":"8kdesign"},"content":""},{"lineNumber":3,"author":{"gitId":"8kdesign"},"content":"import tasks.Task;"},{"lineNumber":4,"author":{"gitId":"8kdesign"},"content":""},{"lineNumber":5,"author":{"gitId":"8kdesign"},"content":"public class FindCommand extends Command {"},{"lineNumber":6,"author":{"gitId":"8kdesign"},"content":""},{"lineNumber":7,"author":{"gitId":"8kdesign"},"content":"    private final String input;"},{"lineNumber":8,"author":{"gitId":"8kdesign"},"content":""},{"lineNumber":9,"author":{"gitId":"8kdesign"},"content":"    public FindCommand(String input) {"},{"lineNumber":10,"author":{"gitId":"8kdesign"},"content":"        this.input \u003d input.substring(constants.COMMAND_FIND.length());"},{"lineNumber":11,"author":{"gitId":"8kdesign"},"content":"    }"},{"lineNumber":12,"author":{"gitId":"8kdesign"},"content":""},{"lineNumber":13,"author":{"gitId":"8kdesign"},"content":""},{"lineNumber":14,"author":{"gitId":"8kdesign"},"content":"    /**"},{"lineNumber":15,"author":{"gitId":"8kdesign"},"content":"     * Prints all tasks that matches keyword."},{"lineNumber":16,"author":{"gitId":"8kdesign"},"content":"     */"},{"lineNumber":17,"author":{"gitId":"8kdesign"},"content":"    @Override"},{"lineNumber":18,"author":{"gitId":"8kdesign"},"content":"    public void execute() {"},{"lineNumber":19,"author":{"gitId":"8kdesign"},"content":"        System.out.println(constants.LINE);"},{"lineNumber":20,"author":{"gitId":"8kdesign"},"content":"        int count \u003d 0;"},{"lineNumber":21,"author":{"gitId":"8kdesign"},"content":"        for (int i \u003d 0; i \u003c taskManager.getTaskCount(); i++) {"},{"lineNumber":22,"author":{"gitId":"8kdesign"},"content":"            Task task \u003d taskManager.getTask(i);"},{"lineNumber":23,"author":{"gitId":"8kdesign"},"content":"            if (task.getName().toLowerCase().contains(input.toLowerCase())) {"},{"lineNumber":24,"author":{"gitId":"8kdesign"},"content":"                count++;"},{"lineNumber":25,"author":{"gitId":"8kdesign"},"content":"                System.out.print(count + \".\");"},{"lineNumber":26,"author":{"gitId":"8kdesign"},"content":"                task.printStatus();"},{"lineNumber":27,"author":{"gitId":"8kdesign"},"content":"                System.out.println();"},{"lineNumber":28,"author":{"gitId":"8kdesign"},"content":"            }"},{"lineNumber":29,"author":{"gitId":"8kdesign"},"content":"        }"},{"lineNumber":30,"author":{"gitId":"8kdesign"},"content":"        if (count \u003d\u003d 0) {"},{"lineNumber":31,"author":{"gitId":"8kdesign"},"content":"            System.out.println(constants.MESSAGE_TASK_NOT_FOUND);"},{"lineNumber":32,"author":{"gitId":"8kdesign"},"content":"        }"},{"lineNumber":33,"author":{"gitId":"8kdesign"},"content":"        System.out.println(constants.LINE);"},{"lineNumber":34,"author":{"gitId":"8kdesign"},"content":"    }"},{"lineNumber":35,"author":{"gitId":"8kdesign"},"content":"}"}],"authorContributionMap":{"8kdesign":35}},{"path":"src/main/java/commands/PrintListCommand.java","fileType":"java","lines":[{"lineNumber":1,"author":{"gitId":"8kdesign"},"content":"package commands;"},{"lineNumber":2,"author":{"gitId":"8kdesign"},"content":""},{"lineNumber":3,"author":{"gitId":"8kdesign"},"content":"public class PrintListCommand extends Command {"},{"lineNumber":4,"author":{"gitId":"8kdesign"},"content":""},{"lineNumber":5,"author":{"gitId":"8kdesign"},"content":"    /**"},{"lineNumber":6,"author":{"gitId":"8kdesign"},"content":"     * Prints list of task name."},{"lineNumber":7,"author":{"gitId":"8kdesign"},"content":"     */"},{"lineNumber":8,"author":{"gitId":"8kdesign"},"content":"    @Override"},{"lineNumber":9,"author":{"gitId":"8kdesign"},"content":"    public void execute() {"},{"lineNumber":10,"author":{"gitId":"8kdesign"},"content":"        System.out.println(constants.LINE);"},{"lineNumber":11,"author":{"gitId":"8kdesign"},"content":"        if (taskManager.getTaskCount() \u003d\u003d 0) {"},{"lineNumber":12,"author":{"gitId":"8kdesign"},"content":"            System.out.println(constants.MESSAGE_EMPTY_LIST);"},{"lineNumber":13,"author":{"gitId":"8kdesign"},"content":"            return;"},{"lineNumber":14,"author":{"gitId":"8kdesign"},"content":"        }"},{"lineNumber":15,"author":{"gitId":"8kdesign"},"content":"        for (int i \u003d 0; i \u003c taskManager.getTaskCount(); i++) {"},{"lineNumber":16,"author":{"gitId":"8kdesign"},"content":"            System.out.print((i + 1) + \".\");"},{"lineNumber":17,"author":{"gitId":"8kdesign"},"content":"            taskManager.getTask(i).printStatus();"},{"lineNumber":18,"author":{"gitId":"8kdesign"},"content":"            System.out.println();"},{"lineNumber":19,"author":{"gitId":"8kdesign"},"content":"        }"},{"lineNumber":20,"author":{"gitId":"8kdesign"},"content":"        System.out.println(constants.LINE);"},{"lineNumber":21,"author":{"gitId":"8kdesign"},"content":"    }"},{"lineNumber":22,"author":{"gitId":"8kdesign"},"content":""},{"lineNumber":23,"author":{"gitId":"8kdesign"},"content":"}"}],"authorContributionMap":{"8kdesign":23}},{"path":"src/main/java/commands/SetDoneStatusCommand.java","fileType":"java","lines":[{"lineNumber":1,"author":{"gitId":"8kdesign"},"content":"package commands;"},{"lineNumber":2,"author":{"gitId":"8kdesign"},"content":""},{"lineNumber":3,"author":{"gitId":"8kdesign"},"content":"import java.util.TreeSet;"},{"lineNumber":4,"author":{"gitId":"8kdesign"},"content":""},{"lineNumber":5,"author":{"gitId":"8kdesign"},"content":"public class SetDoneStatusCommand extends Command {"},{"lineNumber":6,"author":{"gitId":"8kdesign"},"content":""},{"lineNumber":7,"author":{"gitId":"8kdesign"},"content":"    private final String input;"},{"lineNumber":8,"author":{"gitId":"8kdesign"},"content":"    private final Boolean isDone;"},{"lineNumber":9,"author":{"gitId":"8kdesign"},"content":""},{"lineNumber":10,"author":{"gitId":"8kdesign"},"content":"    public SetDoneStatusCommand(String input, Boolean isDone) {"},{"lineNumber":11,"author":{"gitId":"8kdesign"},"content":"        if (isDone) {"},{"lineNumber":12,"author":{"gitId":"8kdesign"},"content":"            this.input \u003d input.substring(constants.COMMAND_DONE.length());"},{"lineNumber":13,"author":{"gitId":"8kdesign"},"content":"        } else {"},{"lineNumber":14,"author":{"gitId":"8kdesign"},"content":"            this.input \u003d input.substring(constants.COMMAND_UNDO.length());"},{"lineNumber":15,"author":{"gitId":"8kdesign"},"content":"        }"},{"lineNumber":16,"author":{"gitId":"8kdesign"},"content":"        this.isDone \u003d isDone;"},{"lineNumber":17,"author":{"gitId":"8kdesign"},"content":"    }"},{"lineNumber":18,"author":{"gitId":"8kdesign"},"content":""},{"lineNumber":19,"author":{"gitId":"8kdesign"},"content":""},{"lineNumber":20,"author":{"gitId":"8kdesign"},"content":"    /**"},{"lineNumber":21,"author":{"gitId":"8kdesign"},"content":"     * Marks specified task as done."},{"lineNumber":22,"author":{"gitId":"8kdesign"},"content":"     * If position is invalid, print error message."},{"lineNumber":23,"author":{"gitId":"8kdesign"},"content":"     */"},{"lineNumber":24,"author":{"gitId":"8kdesign"},"content":"    @Override"},{"lineNumber":25,"author":{"gitId":"8kdesign"},"content":"    public void execute() {"},{"lineNumber":26,"author":{"gitId":"8kdesign"},"content":"        try {"},{"lineNumber":27,"author":{"gitId":"8kdesign"},"content":"            TreeSet\u003cInteger\u003e validIndices \u003d processMultipleIndices(input);"},{"lineNumber":28,"author":{"gitId":"8kdesign"},"content":"            if (validIndices.size() \u003c 1) {"},{"lineNumber":29,"author":{"gitId":"8kdesign"},"content":"                throw new IndexOutOfBoundsException();"},{"lineNumber":30,"author":{"gitId":"8kdesign"},"content":"            }"},{"lineNumber":31,"author":{"gitId":"8kdesign"},"content":"            if (isDone) {"},{"lineNumber":32,"author":{"gitId":"8kdesign"},"content":"                System.out.println(constants.MESSAGE_MARK_DONE);"},{"lineNumber":33,"author":{"gitId":"8kdesign"},"content":"            } else {"},{"lineNumber":34,"author":{"gitId":"8kdesign"},"content":"                System.out.println(constants.MESSAGE_MARK_UNDONE);"},{"lineNumber":35,"author":{"gitId":"8kdesign"},"content":"            }"},{"lineNumber":36,"author":{"gitId":"8kdesign"},"content":"            for (int index : validIndices) {"},{"lineNumber":37,"author":{"gitId":"8kdesign"},"content":"                taskManager.getTask(index).setDone(isDone);"},{"lineNumber":38,"author":{"gitId":"8kdesign"},"content":"                taskManager.getTask(index).printStatus();"},{"lineNumber":39,"author":{"gitId":"8kdesign"},"content":"                System.out.println();"},{"lineNumber":40,"author":{"gitId":"8kdesign"},"content":"            }"},{"lineNumber":41,"author":{"gitId":"8kdesign"},"content":"            System.out.println(constants.LINE);"},{"lineNumber":42,"author":{"gitId":"8kdesign"},"content":"            updateFile();"},{"lineNumber":43,"author":{"gitId":"8kdesign"},"content":"        } catch (IndexOutOfBoundsException e) {"},{"lineNumber":44,"author":{"gitId":"8kdesign"},"content":"            System.out.println(constants.MESSAGE_TASK_NOT_FOUND);"},{"lineNumber":45,"author":{"gitId":"8kdesign"},"content":"        }"},{"lineNumber":46,"author":{"gitId":"8kdesign"},"content":"    }"},{"lineNumber":47,"author":{"gitId":"8kdesign"},"content":""},{"lineNumber":48,"author":{"gitId":"8kdesign"},"content":"}"}],"authorContributionMap":{"8kdesign":48}},{"path":"src/main/java/common/Constants.java","fileType":"java","lines":[{"lineNumber":1,"author":{"gitId":"8kdesign"},"content":"package common;"},{"lineNumber":2,"author":{"gitId":"8kdesign"},"content":""},{"lineNumber":3,"author":{"gitId":"8kdesign"},"content":"public class Constants {"},{"lineNumber":4,"author":{"gitId":"8kdesign"},"content":""},{"lineNumber":5,"author":{"gitId":"8kdesign"},"content":"    //Values"},{"lineNumber":6,"author":{"gitId":"8kdesign"},"content":"    public final int MAX_SIZE \u003d 100;"},{"lineNumber":7,"author":{"gitId":"8kdesign"},"content":"    public final int INVALID_INDEX \u003d -1;"},{"lineNumber":8,"author":{"gitId":"8kdesign"},"content":"    public final int MIN_SPLIT_SUCCESS_COUNT \u003d 2;"},{"lineNumber":9,"author":{"gitId":"8kdesign"},"content":""},{"lineNumber":10,"author":{"gitId":"8kdesign"},"content":""},{"lineNumber":11,"author":{"gitId":"8kdesign"},"content":"    //Miscellaneous Strings"},{"lineNumber":12,"author":{"gitId":"8kdesign"},"content":"    public final String LINE \u003d \"───────────────────────────────────────────────────────────────────────────\";"},{"lineNumber":13,"author":{"gitId":"8kdesign"},"content":"    public final String LOGO \u003d \"                o                     o\\n\" +"},{"lineNumber":14,"author":{"gitId":"8kdesign"},"content":"            \"                oooo               oooo\\n\" +"},{"lineNumber":15,"author":{"gitId":"8kdesign"},"content":"            \"                ooooooo         ooooooo\\n\" +"},{"lineNumber":16,"author":{"gitId":"8kdesign"},"content":"            \"                   ooooooo   ooooooo\\n\" +"},{"lineNumber":17,"author":{"gitId":"8kdesign"},"content":"            \"                      ooooooooooo\\n\" +"},{"lineNumber":18,"author":{"gitId":"8kdesign"},"content":"            \"                         ooooo\\n\" +"},{"lineNumber":19,"author":{"gitId":"8kdesign"},"content":"            \"  ooooooooooooooooooooooooooooooooooooooooooooooooooo\\n\" +"},{"lineNumber":20,"author":{"gitId":"8kdesign"},"content":"            \"  ooooooooooooooooooooooooooooooooooooooooooooooooooo\\n\" +"},{"lineNumber":21,"author":{"gitId":"8kdesign"},"content":"            \"\\n\" +"},{"lineNumber":22,"author":{"gitId":"8kdesign"},"content":"            \"     ooo    oooooooooo           oooooooooo\\n\" +"},{"lineNumber":23,"author":{"gitId":"8kdesign"},"content":"            \"   ooo   oooooooooooooooo     oooooooooooooooo\\n\" +"},{"lineNumber":24,"author":{"gitId":"8kdesign"},"content":"            \"        ooooo        ooooo   ooooo        ooooo\\n\" +"},{"lineNumber":25,"author":{"gitId":"8kdesign"},"content":"            \"       oooo            ooooooooo            oooo\\n\" +"},{"lineNumber":26,"author":{"gitId":"8kdesign"},"content":"            \"        ooooo        ooooo   ooooo        ooooo\\n\" +"},{"lineNumber":27,"author":{"gitId":"8kdesign"},"content":"            \"         oooooooooooooooo     oooooooooooooooo\\n\" +"},{"lineNumber":28,"author":{"gitId":"8kdesign"},"content":"            \"            oooooooooo           oooooooooo\\n\";"},{"lineNumber":29,"author":{"gitId":"8kdesign"},"content":"    public final String KEYWORD_AT \u003d \" /at \";"},{"lineNumber":30,"author":{"gitId":"8kdesign"},"content":"    public final String KEYWORD_BY \u003d \" /by \";"},{"lineNumber":31,"author":{"gitId":"8kdesign"},"content":"    public final String DATE_IO_FORMAT \u003d \"d-M-yyyy\";"},{"lineNumber":32,"author":{"gitId":"8kdesign"},"content":"    public final String DATE_PRINT_FORMAT \u003d \"d MMM yyyy\";"},{"lineNumber":33,"author":{"gitId":"8kdesign"},"content":"    public final String FILE_NAME \u003d \"tasks.txt\";"},{"lineNumber":34,"author":{"gitId":"8kdesign"},"content":""},{"lineNumber":35,"author":{"gitId":"8kdesign"},"content":"    //Commands"},{"lineNumber":36,"author":{"gitId":"8kdesign"},"content":"    public final String COMMAND_QUIT \u003d \"bye\";"},{"lineNumber":37,"author":{"gitId":"8kdesign"},"content":"    public final String COMMAND_HELP \u003d \"help\";"},{"lineNumber":38,"author":{"gitId":"8kdesign"},"content":"    public final String COMMAND_LIST \u003d \"list\";"},{"lineNumber":39,"author":{"gitId":"8kdesign"},"content":"    public final String COMMAND_TODO \u003d \"todo \";"},{"lineNumber":40,"author":{"gitId":"8kdesign"},"content":"    public final String COMMAND_DEADLINE \u003d \"deadline \";"},{"lineNumber":41,"author":{"gitId":"8kdesign"},"content":"    public final String COMMAND_EVENT \u003d \"event \";"},{"lineNumber":42,"author":{"gitId":"8kdesign"},"content":"    public final String COMMAND_DELETE \u003d \"delete \";"},{"lineNumber":43,"author":{"gitId":"8kdesign"},"content":"    public final String COMMAND_DONE \u003d \"done \";"},{"lineNumber":44,"author":{"gitId":"8kdesign"},"content":"    public final String COMMAND_UNDO \u003d \"undo \";"},{"lineNumber":45,"author":{"gitId":"8kdesign"},"content":"    public final String COMMAND_FIND \u003d \"find \";"},{"lineNumber":46,"author":{"gitId":"8kdesign"},"content":""},{"lineNumber":47,"author":{"gitId":"8kdesign"},"content":""},{"lineNumber":48,"author":{"gitId":"8kdesign"},"content":"    //Messages"},{"lineNumber":49,"author":{"gitId":"8kdesign"},"content":"    public final String MESSAGE_WELCOME \u003d LOGO + \"\\n\" + LINE + \"\\n\""},{"lineNumber":50,"author":{"gitId":"8kdesign"},"content":"            + \"8K: Hi there! 8K here.\\n\""},{"lineNumber":51,"author":{"gitId":"8kdesign"},"content":"            + \"    How can I help you?\\n\""},{"lineNumber":52,"author":{"gitId":"8kdesign"},"content":"            + \"    (Enter \\\"help\\\" to view all commands.)\\n\" + LINE;"},{"lineNumber":53,"author":{"gitId":"8kdesign"},"content":"    public final String MESSAGE_BYE \u003d LINE + \"\\n\""},{"lineNumber":54,"author":{"gitId":"8kdesign"},"content":"            + \"8K: Bye bye! Have a nice day.\\n\" + LINE;"},{"lineNumber":55,"author":{"gitId":"8kdesign"},"content":"    public final String MESSAGE_HELP \u003d LINE + \"\\n\""},{"lineNumber":56,"author":{"gitId":"8kdesign"},"content":"            + \"8K: bye - Exit programme.\\n\""},{"lineNumber":57,"author":{"gitId":"8kdesign"},"content":"            + \"    help - Show list of commands.\\n\""},{"lineNumber":58,"author":{"gitId":"8kdesign"},"content":"            + \"    list - Show list of saved values.\\n\""},{"lineNumber":59,"author":{"gitId":"8kdesign"},"content":"            + \"    todo \u003cname\u003e - Creates new todo task.\\n\""},{"lineNumber":60,"author":{"gitId":"8kdesign"},"content":"            + \"    event \u003cname\u003e /at \u003cinfo\u003e - Creates new event.\\n\""},{"lineNumber":61,"author":{"gitId":"8kdesign"},"content":"            + \"    deadline \u003cname\u003e /by \u003cDD-MM-YYYY\u003e - Creates new deadline.\\n\""},{"lineNumber":62,"author":{"gitId":"8kdesign"},"content":"            + \"    delete \u003cindices\u003e - Deletes selected tasks.\\n\""},{"lineNumber":63,"author":{"gitId":"8kdesign"},"content":"            + \"    done \u003cindices\u003e - Mark selected tasks as done.\\n\""},{"lineNumber":64,"author":{"gitId":"8kdesign"},"content":"            + \"    undo \u003cindices\u003e - Mark selected tasks as not done.\\n\" + LINE;"},{"lineNumber":65,"author":{"gitId":"8kdesign"},"content":"    public final String MESSAGE_MARK_DONE \u003d  LINE + \"\\nMarked as done:\";"},{"lineNumber":66,"author":{"gitId":"8kdesign"},"content":"    public final String MESSAGE_MARK_UNDONE \u003d LINE + \"\\nMarked as undone:\";"},{"lineNumber":67,"author":{"gitId":"8kdesign"},"content":"    public final String MESSAGE_DELETED \u003d LINE + \"\\nDeleted:\";"},{"lineNumber":68,"author":{"gitId":"8kdesign"},"content":"    public final String MESSAGE_FILE_LOADED \u003d LINE + \"\\n\""},{"lineNumber":69,"author":{"gitId":"8kdesign"},"content":"            + \"File loaded successfully.\\n\" + LINE;"},{"lineNumber":70,"author":{"gitId":"8kdesign"},"content":"    public final String MESSAGE_FILE_NOT_FOUND \u003d LINE + \"\\n\""},{"lineNumber":71,"author":{"gitId":"8kdesign"},"content":"            + \"File not found. New file will be created.\\n\" + LINE;"},{"lineNumber":72,"author":{"gitId":"8kdesign"},"content":"    public final String MESSAGE_TASK_NOT_FOUND \u003d LINE + \"\\n\""},{"lineNumber":73,"author":{"gitId":"8kdesign"},"content":"            + \"Task not found.\\n\" + LINE;"},{"lineNumber":74,"author":{"gitId":"8kdesign"},"content":""},{"lineNumber":75,"author":{"gitId":"8kdesign"},"content":""},{"lineNumber":76,"author":{"gitId":"8kdesign"},"content":"    //Errors"},{"lineNumber":77,"author":{"gitId":"8kdesign"},"content":"    public final String MESSAGE_UNRECOGNIZED_COMMAND \u003d LINE + \"\\n\""},{"lineNumber":78,"author":{"gitId":"8kdesign"},"content":"            + \"8K: Sorry. I do not understand.\\n\" + LINE;"},{"lineNumber":79,"author":{"gitId":"8kdesign"},"content":"    public final String MESSAGE_LIST_FULL \u003d LINE + \"\\n\""},{"lineNumber":80,"author":{"gitId":"8kdesign"},"content":"            + \"8K: List is full.\" + \"\\n\" + LINE;"},{"lineNumber":81,"author":{"gitId":"8kdesign"},"content":"    public final String MESSAGE_EMPTY_LIST \u003d \"\u003c\u003c List is empty \u003e\u003e\\n\" + LINE;"},{"lineNumber":82,"author":{"gitId":"8kdesign"},"content":"    public final String MESSAGE_MISSING_AT_KEYWORD \u003d LINE + \"\\n\""},{"lineNumber":83,"author":{"gitId":"8kdesign"},"content":"            + \"8K: Please use format \\\"event \u003cname\u003e /at \u003cinfo\u003e\\\" to create event.\\n\" + LINE;"},{"lineNumber":84,"author":{"gitId":"8kdesign"},"content":"    public final String MESSAGE_MISSING_BY_KEYWORD \u003d LINE + \"\\n\""},{"lineNumber":85,"author":{"gitId":"8kdesign"},"content":"            + \"8K: Please use format \\\"deadline \u003cname\u003e /by \u003cDD-MM-YYYY\u003e\\\" to create deadline.\\n\" + LINE;"},{"lineNumber":86,"author":{"gitId":"8kdesign"},"content":"    public final String MESSAGE_SAVE_ERROR \u003d LINE + \"\\n\""},{"lineNumber":87,"author":{"gitId":"8kdesign"},"content":"            + \"8K: Failed to save.\\n\" + LINE;"},{"lineNumber":88,"author":{"gitId":"8kdesign"},"content":"    public final String MESSAGE_LOAD_ERROR \u003d LINE + \"\\n\""},{"lineNumber":89,"author":{"gitId":"8kdesign"},"content":"            + \"8K: Failed to load.\\n\" + LINE;"},{"lineNumber":90,"author":{"gitId":"8kdesign"},"content":"    public final String MESSAGE_INVALID_DATE \u003d LINE + \"\\n\""},{"lineNumber":91,"author":{"gitId":"8kdesign"},"content":"            + \"Invalid date. Please use format DD-MM-YYYY.\\n\" + LINE;"},{"lineNumber":92,"author":{"gitId":"8kdesign"},"content":""},{"lineNumber":93,"author":{"gitId":"8kdesign"},"content":"}"}],"authorContributionMap":{"8kdesign":93}},{"path":"src/main/java/errors/DescriptionSplitException.java","fileType":"java","lines":[{"lineNumber":1,"author":{"gitId":"8kdesign"},"content":"package errors;"},{"lineNumber":2,"author":{"gitId":"8kdesign"},"content":""},{"lineNumber":3,"author":{"gitId":"8kdesign"},"content":"public class DescriptionSplitException extends Exception {"},{"lineNumber":4,"author":{"gitId":"8kdesign"},"content":"}"}],"authorContributionMap":{"8kdesign":4}},{"path":"src/main/java/errors/ListFullException.java","fileType":"java","lines":[{"lineNumber":1,"author":{"gitId":"8kdesign"},"content":"package errors;"},{"lineNumber":2,"author":{"gitId":"8kdesign"},"content":""},{"lineNumber":3,"author":{"gitId":"8kdesign"},"content":"public class ListFullException extends Exception {"},{"lineNumber":4,"author":{"gitId":"8kdesign"},"content":"}"}],"authorContributionMap":{"8kdesign":4}},{"path":"src/main/java/errors/MissingKeywordException.java","fileType":"java","lines":[{"lineNumber":1,"author":{"gitId":"8kdesign"},"content":"package errors;"},{"lineNumber":2,"author":{"gitId":"8kdesign"},"content":""},{"lineNumber":3,"author":{"gitId":"8kdesign"},"content":"public class MissingKeywordException extends Exception {"},{"lineNumber":4,"author":{"gitId":"8kdesign"},"content":"}"}],"authorContributionMap":{"8kdesign":4}},{"path":"src/main/java/parser/Parser.java","fileType":"java","lines":[{"lineNumber":1,"author":{"gitId":"8kdesign"},"content":"package parser;"},{"lineNumber":2,"author":{"gitId":"8kdesign"},"content":""},{"lineNumber":3,"author":{"gitId":"8kdesign"},"content":"import commands.*;"},{"lineNumber":4,"author":{"gitId":"8kdesign"},"content":"import common.Constants;"},{"lineNumber":5,"author":{"gitId":"8kdesign"},"content":""},{"lineNumber":6,"author":{"gitId":"8kdesign"},"content":"public class Parser {"},{"lineNumber":7,"author":{"gitId":"8kdesign"},"content":""},{"lineNumber":8,"author":{"gitId":"8kdesign"},"content":"    private static final Constants constants \u003d new Constants();"},{"lineNumber":9,"author":{"gitId":"8kdesign"},"content":""},{"lineNumber":10,"author":{"gitId":"8kdesign"},"content":"    private static boolean isEndProgram \u003d false;"},{"lineNumber":11,"author":{"gitId":"8kdesign"},"content":""},{"lineNumber":12,"author":{"gitId":"8kdesign"},"content":""},{"lineNumber":13,"author":{"gitId":"8kdesign"},"content":"    /**"},{"lineNumber":14,"author":{"gitId":"8kdesign"},"content":"     * Returns end program status."},{"lineNumber":15,"author":{"gitId":"8kdesign"},"content":"     */"},{"lineNumber":16,"author":{"gitId":"8kdesign"},"content":"    public boolean isEndProgramNow() {"},{"lineNumber":17,"author":{"gitId":"8kdesign"},"content":"        return isEndProgram;"},{"lineNumber":18,"author":{"gitId":"8kdesign"},"content":"    }"},{"lineNumber":19,"author":{"gitId":"8kdesign"},"content":""},{"lineNumber":20,"author":{"gitId":"8kdesign"},"content":""},{"lineNumber":21,"author":{"gitId":"8kdesign"},"content":"    /**"},{"lineNumber":22,"author":{"gitId":"8kdesign"},"content":"     * Processes input."},{"lineNumber":23,"author":{"gitId":"8kdesign"},"content":"     *"},{"lineNumber":24,"author":{"gitId":"8kdesign"},"content":"     * @param input Input value by user."},{"lineNumber":25,"author":{"gitId":"8kdesign"},"content":"     */"},{"lineNumber":26,"author":{"gitId":"8kdesign"},"content":"    public void processInput(String input) {"},{"lineNumber":27,"author":{"gitId":"8kdesign"},"content":"        if (input.equals(constants.COMMAND_QUIT)) {"},{"lineNumber":28,"author":{"gitId":"8kdesign"},"content":"            //Ends program"},{"lineNumber":29,"author":{"gitId":"8kdesign"},"content":"            endProgram();"},{"lineNumber":30,"author":{"gitId":"8kdesign"},"content":"        } else if (input.equals(constants.COMMAND_LIST)) {"},{"lineNumber":31,"author":{"gitId":"8kdesign"},"content":"            //Shows saved tasks"},{"lineNumber":32,"author":{"gitId":"8kdesign"},"content":"            new PrintListCommand().execute();"},{"lineNumber":33,"author":{"gitId":"8kdesign"},"content":"        } else if (input.equals(constants.COMMAND_HELP)) {"},{"lineNumber":34,"author":{"gitId":"8kdesign"},"content":"            //Shows all commands"},{"lineNumber":35,"author":{"gitId":"8kdesign"},"content":"            System.out.println(constants.MESSAGE_HELP);"},{"lineNumber":36,"author":{"gitId":"8kdesign"},"content":"        } else if (input.startsWith(constants.COMMAND_DONE)) {"},{"lineNumber":37,"author":{"gitId":"8kdesign"},"content":"            //Marks item as done"},{"lineNumber":38,"author":{"gitId":"8kdesign"},"content":"            new SetDoneStatusCommand(input, true).execute();"},{"lineNumber":39,"author":{"gitId":"8kdesign"},"content":"        } else if (input.startsWith(constants.COMMAND_UNDO)) {"},{"lineNumber":40,"author":{"gitId":"8kdesign"},"content":"            //Marks item as undone"},{"lineNumber":41,"author":{"gitId":"8kdesign"},"content":"            new SetDoneStatusCommand(input,false).execute();"},{"lineNumber":42,"author":{"gitId":"8kdesign"},"content":"        } else if (input.startsWith(constants.COMMAND_TODO)) {"},{"lineNumber":43,"author":{"gitId":"8kdesign"},"content":"            //Adds new ToDoTask"},{"lineNumber":44,"author":{"gitId":"8kdesign"},"content":"            new AddToDoCommand(input).execute();"},{"lineNumber":45,"author":{"gitId":"8kdesign"},"content":"        } else if (input.startsWith(constants.COMMAND_EVENT)) {"},{"lineNumber":46,"author":{"gitId":"8kdesign"},"content":"            //Adds new EventTask"},{"lineNumber":47,"author":{"gitId":"8kdesign"},"content":"            new AddEventCommand(input).execute();"},{"lineNumber":48,"author":{"gitId":"8kdesign"},"content":"        } else if (input.startsWith(constants.COMMAND_DEADLINE)) {"},{"lineNumber":49,"author":{"gitId":"8kdesign"},"content":"            //Adds new DeadlineTask"},{"lineNumber":50,"author":{"gitId":"8kdesign"},"content":"            new AddDeadlineCommand(input).execute();"},{"lineNumber":51,"author":{"gitId":"8kdesign"},"content":"        } else if (input.startsWith(constants.COMMAND_DELETE)) {"},{"lineNumber":52,"author":{"gitId":"8kdesign"},"content":"            //Delete specified tasks"},{"lineNumber":53,"author":{"gitId":"8kdesign"},"content":"            new DeleteTaskCommand(input).execute();"},{"lineNumber":54,"author":{"gitId":"8kdesign"},"content":"        } else if (input.startsWith(constants.COMMAND_FIND)) {"},{"lineNumber":55,"author":{"gitId":"8kdesign"},"content":"            //Find tasks matching keyword"},{"lineNumber":56,"author":{"gitId":"8kdesign"},"content":"            new FindCommand(input).execute();"},{"lineNumber":57,"author":{"gitId":"8kdesign"},"content":"        } else {"},{"lineNumber":58,"author":{"gitId":"8kdesign"},"content":"            //unrecognized command"},{"lineNumber":59,"author":{"gitId":"8kdesign"},"content":"            printError();"},{"lineNumber":60,"author":{"gitId":"8kdesign"},"content":"        }"},{"lineNumber":61,"author":{"gitId":"8kdesign"},"content":"    }"},{"lineNumber":62,"author":{"gitId":"8kdesign"},"content":""},{"lineNumber":63,"author":{"gitId":"8kdesign"},"content":""},{"lineNumber":64,"author":{"gitId":"8kdesign"},"content":"    /**"},{"lineNumber":65,"author":{"gitId":"8kdesign"},"content":"     * Ends while-loop to exit program."},{"lineNumber":66,"author":{"gitId":"8kdesign"},"content":"     */"},{"lineNumber":67,"author":{"gitId":"8kdesign"},"content":"    private void endProgram() {"},{"lineNumber":68,"author":{"gitId":"8kdesign"},"content":"        System.out.println(constants.MESSAGE_BYE);"},{"lineNumber":69,"author":{"gitId":"8kdesign"},"content":"        isEndProgram \u003d true;"},{"lineNumber":70,"author":{"gitId":"8kdesign"},"content":"    }"},{"lineNumber":71,"author":{"gitId":"8kdesign"},"content":""},{"lineNumber":72,"author":{"gitId":"8kdesign"},"content":""},{"lineNumber":73,"author":{"gitId":"8kdesign"},"content":"    /**"},{"lineNumber":74,"author":{"gitId":"8kdesign"},"content":"     * Prints error message"},{"lineNumber":75,"author":{"gitId":"8kdesign"},"content":"     */"},{"lineNumber":76,"author":{"gitId":"8kdesign"},"content":"    private void printError() {"},{"lineNumber":77,"author":{"gitId":"8kdesign"},"content":"        System.out.println(constants.MESSAGE_UNRECOGNIZED_COMMAND);"},{"lineNumber":78,"author":{"gitId":"8kdesign"},"content":"    }"},{"lineNumber":79,"author":{"gitId":"8kdesign"},"content":"}"}],"authorContributionMap":{"8kdesign":79}},{"path":"src/main/java/storage/Storage.java","fileType":"java","lines":[{"lineNumber":1,"author":{"gitId":"8kdesign"},"content":"package storage;"},{"lineNumber":2,"author":{"gitId":"8kdesign"},"content":""},{"lineNumber":3,"author":{"gitId":"8kdesign"},"content":"import parser.Parser;"},{"lineNumber":4,"author":{"gitId":"8kdesign"},"content":"import tasks.TaskManager;"},{"lineNumber":5,"author":{"gitId":"8kdesign"},"content":"import common.Constants;"},{"lineNumber":6,"author":{"gitId":"8kdesign"},"content":""},{"lineNumber":7,"author":{"gitId":"8kdesign"},"content":"import java.io.File;"},{"lineNumber":8,"author":{"gitId":"8kdesign"},"content":"import java.io.FileNotFoundException;"},{"lineNumber":9,"author":{"gitId":"8kdesign"},"content":"import java.io.FileWriter;"},{"lineNumber":10,"author":{"gitId":"8kdesign"},"content":"import java.io.IOException;"},{"lineNumber":11,"author":{"gitId":"8kdesign"},"content":"import java.util.Scanner;"},{"lineNumber":12,"author":{"gitId":"8kdesign"},"content":""},{"lineNumber":13,"author":{"gitId":"8kdesign"},"content":"public class Storage {"},{"lineNumber":14,"author":{"gitId":"8kdesign"},"content":""},{"lineNumber":15,"author":{"gitId":"8kdesign"},"content":"    private static final TaskManager taskManager \u003d new TaskManager();"},{"lineNumber":16,"author":{"gitId":"8kdesign"},"content":"    private static final Constants constants \u003d new Constants();"},{"lineNumber":17,"author":{"gitId":"8kdesign"},"content":"    private static final Parser parser \u003d new Parser();"},{"lineNumber":18,"author":{"gitId":"8kdesign"},"content":""},{"lineNumber":19,"author":{"gitId":"8kdesign"},"content":""},{"lineNumber":20,"author":{"gitId":"8kdesign"},"content":"    /**"},{"lineNumber":21,"author":{"gitId":"8kdesign"},"content":"     * Saves tasks into file."},{"lineNumber":22,"author":{"gitId":"8kdesign"},"content":"     */"},{"lineNumber":23,"author":{"gitId":"8kdesign"},"content":"    public void saveFile() throws IOException {"},{"lineNumber":24,"author":{"gitId":"8kdesign"},"content":"        File path \u003d new File(constants.FILE_NAME);"},{"lineNumber":25,"author":{"gitId":"8kdesign"},"content":"        if (!path.exists()) {"},{"lineNumber":26,"author":{"gitId":"8kdesign"},"content":"            if (!path.createNewFile()) {"},{"lineNumber":27,"author":{"gitId":"8kdesign"},"content":"                throw new IOException();"},{"lineNumber":28,"author":{"gitId":"8kdesign"},"content":"            }"},{"lineNumber":29,"author":{"gitId":"8kdesign"},"content":"        }"},{"lineNumber":30,"author":{"gitId":"8kdesign"},"content":"        FileWriter fileWriter \u003d new FileWriter(path);"},{"lineNumber":31,"author":{"gitId":"8kdesign"},"content":"        for (int i \u003d 0; i \u003c taskManager.getTaskCount(); i++) {"},{"lineNumber":32,"author":{"gitId":"8kdesign"},"content":"            fileWriter.write(taskManager.getTask(i).formatData());"},{"lineNumber":33,"author":{"gitId":"8kdesign"},"content":"        }"},{"lineNumber":34,"author":{"gitId":"8kdesign"},"content":"        fileWriter.flush();"},{"lineNumber":35,"author":{"gitId":"8kdesign"},"content":"        fileWriter.close();"},{"lineNumber":36,"author":{"gitId":"8kdesign"},"content":"    }"},{"lineNumber":37,"author":{"gitId":"8kdesign"},"content":""},{"lineNumber":38,"author":{"gitId":"8kdesign"},"content":""},{"lineNumber":39,"author":{"gitId":"8kdesign"},"content":"    /**"},{"lineNumber":40,"author":{"gitId":"8kdesign"},"content":"     * Loads tasks from file."},{"lineNumber":41,"author":{"gitId":"8kdesign"},"content":"     */"},{"lineNumber":42,"author":{"gitId":"8kdesign"},"content":"    public void loadFile() throws FileNotFoundException {"},{"lineNumber":43,"author":{"gitId":"8kdesign"},"content":"        File path \u003d new File(constants.FILE_NAME);"},{"lineNumber":44,"author":{"gitId":"8kdesign"},"content":"        if (!path.exists()) {"},{"lineNumber":45,"author":{"gitId":"8kdesign"},"content":"            throw new FileNotFoundException();"},{"lineNumber":46,"author":{"gitId":"8kdesign"},"content":"        }"},{"lineNumber":47,"author":{"gitId":"8kdesign"},"content":"        Scanner scanner \u003d new Scanner(path);"},{"lineNumber":48,"author":{"gitId":"8kdesign"},"content":"        try {"},{"lineNumber":49,"author":{"gitId":"8kdesign"},"content":"            while (scanner.hasNext()) {"},{"lineNumber":50,"author":{"gitId":"8kdesign"},"content":"                String input \u003d scanner.nextLine();"},{"lineNumber":51,"author":{"gitId":"8kdesign"},"content":"                parser.processInput(input);"},{"lineNumber":52,"author":{"gitId":"8kdesign"},"content":"                if (scanner.nextLine().equals(\"true\")) {"},{"lineNumber":53,"author":{"gitId":"8kdesign"},"content":"                    parser.processInput(constants.COMMAND_DONE + taskManager.getTaskCount());"},{"lineNumber":54,"author":{"gitId":"8kdesign"},"content":"                }"},{"lineNumber":55,"author":{"gitId":"8kdesign"},"content":"            }"},{"lineNumber":56,"author":{"gitId":"8kdesign"},"content":"        } catch (Exception e) {"},{"lineNumber":57,"author":{"gitId":"8kdesign"},"content":"            System.out.println(constants.MESSAGE_LOAD_ERROR);"},{"lineNumber":58,"author":{"gitId":"8kdesign"},"content":"            taskManager.reset();"},{"lineNumber":59,"author":{"gitId":"8kdesign"},"content":"        }"},{"lineNumber":60,"author":{"gitId":"8kdesign"},"content":"    }"},{"lineNumber":61,"author":{"gitId":"8kdesign"},"content":""},{"lineNumber":62,"author":{"gitId":"8kdesign"},"content":"}"}],"authorContributionMap":{"8kdesign":62}},{"path":"src/main/java/tasks/DeadlineTask.java","fileType":"java","lines":[{"lineNumber":1,"author":{"gitId":"8kdesign"},"content":"package tasks;"},{"lineNumber":2,"author":{"gitId":"8kdesign"},"content":""},{"lineNumber":3,"author":{"gitId":"8kdesign"},"content":"import java.time.LocalDate;"},{"lineNumber":4,"author":{"gitId":"8kdesign"},"content":"import java.time.format.DateTimeFormatter;"},{"lineNumber":5,"author":{"gitId":"8kdesign"},"content":""},{"lineNumber":6,"author":{"gitId":"8kdesign"},"content":"public class DeadlineTask extends Task {"},{"lineNumber":7,"author":{"gitId":"8kdesign"},"content":""},{"lineNumber":8,"author":{"gitId":"8kdesign"},"content":"    private LocalDate dueDate;"},{"lineNumber":9,"author":{"gitId":"8kdesign"},"content":""},{"lineNumber":10,"author":{"gitId":"8kdesign"},"content":"    public DeadlineTask(String name, LocalDate dueDate) {"},{"lineNumber":11,"author":{"gitId":"8kdesign"},"content":"        super(name);"},{"lineNumber":12,"author":{"gitId":"8kdesign"},"content":"        setDueDate(dueDate);"},{"lineNumber":13,"author":{"gitId":"8kdesign"},"content":"    }"},{"lineNumber":14,"author":{"gitId":"8kdesign"},"content":""},{"lineNumber":15,"author":{"gitId":"8kdesign"},"content":"    /**"},{"lineNumber":16,"author":{"gitId":"8kdesign"},"content":"     * Changes due date."},{"lineNumber":17,"author":{"gitId":"8kdesign"},"content":"     *"},{"lineNumber":18,"author":{"gitId":"8kdesign"},"content":"     * @param dueDate New due date."},{"lineNumber":19,"author":{"gitId":"8kdesign"},"content":"     */"},{"lineNumber":20,"author":{"gitId":"8kdesign"},"content":"    public void setDueDate(LocalDate dueDate) {"},{"lineNumber":21,"author":{"gitId":"8kdesign"},"content":"        this.dueDate \u003d dueDate;"},{"lineNumber":22,"author":{"gitId":"8kdesign"},"content":"    }"},{"lineNumber":23,"author":{"gitId":"8kdesign"},"content":""},{"lineNumber":24,"author":{"gitId":"8kdesign"},"content":""},{"lineNumber":25,"author":{"gitId":"8kdesign"},"content":"    /**"},{"lineNumber":26,"author":{"gitId":"8kdesign"},"content":"     * Prints task status."},{"lineNumber":27,"author":{"gitId":"8kdesign"},"content":"     */"},{"lineNumber":28,"author":{"gitId":"8kdesign"},"content":"    @Override"},{"lineNumber":29,"author":{"gitId":"8kdesign"},"content":"    public void printStatus() {"},{"lineNumber":30,"author":{"gitId":"8kdesign"},"content":"        String formattedDate \u003d dueDate.format(DateTimeFormatter.ofPattern(constants.DATE_PRINT_FORMAT));"},{"lineNumber":31,"author":{"gitId":"8kdesign"},"content":"        System.out.print(\"[D]\");"},{"lineNumber":32,"author":{"gitId":"8kdesign"},"content":"        super.printStatus();"},{"lineNumber":33,"author":{"gitId":"8kdesign"},"content":"        System.out.print(\" (by: \" + formattedDate + \")\");"},{"lineNumber":34,"author":{"gitId":"8kdesign"},"content":"    }"},{"lineNumber":35,"author":{"gitId":"8kdesign"},"content":""},{"lineNumber":36,"author":{"gitId":"8kdesign"},"content":""},{"lineNumber":37,"author":{"gitId":"8kdesign"},"content":"    /**"},{"lineNumber":38,"author":{"gitId":"8kdesign"},"content":"     * Outputs formatted data for saving."},{"lineNumber":39,"author":{"gitId":"8kdesign"},"content":"     */"},{"lineNumber":40,"author":{"gitId":"8kdesign"},"content":"    @Override"},{"lineNumber":41,"author":{"gitId":"8kdesign"},"content":"    public String formatData() {"},{"lineNumber":42,"author":{"gitId":"8kdesign"},"content":"        String formattedDate \u003d dueDate.format(DateTimeFormatter.ofPattern(constants.DATE_IO_FORMAT));"},{"lineNumber":43,"author":{"gitId":"8kdesign"},"content":"        return constants.COMMAND_DEADLINE + getName() + constants.KEYWORD_BY + formattedDate + \"\\n\""},{"lineNumber":44,"author":{"gitId":"8kdesign"},"content":"                + getDone() + \"\\n\";"},{"lineNumber":45,"author":{"gitId":"8kdesign"},"content":"    }"},{"lineNumber":46,"author":{"gitId":"8kdesign"},"content":"}"}],"authorContributionMap":{"8kdesign":46}},{"path":"src/main/java/tasks/EventTask.java","fileType":"java","lines":[{"lineNumber":1,"author":{"gitId":"8kdesign"},"content":"package tasks;"},{"lineNumber":2,"author":{"gitId":"8kdesign"},"content":""},{"lineNumber":3,"author":{"gitId":"8kdesign"},"content":"public class EventTask extends Task {"},{"lineNumber":4,"author":{"gitId":"8kdesign"},"content":""},{"lineNumber":5,"author":{"gitId":"8kdesign"},"content":"    private String eventInfo;"},{"lineNumber":6,"author":{"gitId":"8kdesign"},"content":""},{"lineNumber":7,"author":{"gitId":"8kdesign"},"content":"    public EventTask(String name, String dateTime) {"},{"lineNumber":8,"author":{"gitId":"8kdesign"},"content":"        super(name);"},{"lineNumber":9,"author":{"gitId":"8kdesign"},"content":"        setEventInfo(dateTime);"},{"lineNumber":10,"author":{"gitId":"8kdesign"},"content":"    }"},{"lineNumber":11,"author":{"gitId":"8kdesign"},"content":""},{"lineNumber":12,"author":{"gitId":"8kdesign"},"content":"    public void setEventInfo(String eventInfo) {"},{"lineNumber":13,"author":{"gitId":"8kdesign"},"content":"        this.eventInfo \u003d eventInfo;"},{"lineNumber":14,"author":{"gitId":"8kdesign"},"content":"    }"},{"lineNumber":15,"author":{"gitId":"8kdesign"},"content":""},{"lineNumber":16,"author":{"gitId":"8kdesign"},"content":""},{"lineNumber":17,"author":{"gitId":"8kdesign"},"content":"    /**"},{"lineNumber":18,"author":{"gitId":"8kdesign"},"content":"     * Prints task status."},{"lineNumber":19,"author":{"gitId":"8kdesign"},"content":"     */"},{"lineNumber":20,"author":{"gitId":"8kdesign"},"content":"    @Override"},{"lineNumber":21,"author":{"gitId":"8kdesign"},"content":"    public void printStatus() {"},{"lineNumber":22,"author":{"gitId":"8kdesign"},"content":"        System.out.print(\"[E]\");"},{"lineNumber":23,"author":{"gitId":"8kdesign"},"content":"        super.printStatus();"},{"lineNumber":24,"author":{"gitId":"8kdesign"},"content":"        System.out.print(\" (at: \" + eventInfo + \")\");"},{"lineNumber":25,"author":{"gitId":"8kdesign"},"content":"    }"},{"lineNumber":26,"author":{"gitId":"8kdesign"},"content":""},{"lineNumber":27,"author":{"gitId":"8kdesign"},"content":""},{"lineNumber":28,"author":{"gitId":"8kdesign"},"content":"    /**"},{"lineNumber":29,"author":{"gitId":"8kdesign"},"content":"     * Outputs formatted data for saving."},{"lineNumber":30,"author":{"gitId":"8kdesign"},"content":"     */"},{"lineNumber":31,"author":{"gitId":"8kdesign"},"content":"    @Override"},{"lineNumber":32,"author":{"gitId":"8kdesign"},"content":"    public String formatData() {"},{"lineNumber":33,"author":{"gitId":"8kdesign"},"content":"        return constants.COMMAND_EVENT + getName() + constants.KEYWORD_AT + eventInfo + \"\\n\""},{"lineNumber":34,"author":{"gitId":"8kdesign"},"content":"                + getDone() + \"\\n\";"},{"lineNumber":35,"author":{"gitId":"8kdesign"},"content":"    }"},{"lineNumber":36,"author":{"gitId":"8kdesign"},"content":"}"}],"authorContributionMap":{"8kdesign":36}},{"path":"src/main/java/tasks/Task.java","fileType":"java","lines":[{"lineNumber":1,"author":{"gitId":"8kdesign"},"content":"package tasks;"},{"lineNumber":2,"author":{"gitId":"8kdesign"},"content":""},{"lineNumber":3,"author":{"gitId":"8kdesign"},"content":"import common.Constants;"},{"lineNumber":4,"author":{"gitId":"8kdesign"},"content":""},{"lineNumber":5,"author":{"gitId":"8kdesign"},"content":"public abstract class Task {"},{"lineNumber":6,"author":{"gitId":"8kdesign"},"content":""},{"lineNumber":7,"author":{"gitId":"8kdesign"},"content":"    protected static final Constants constants \u003d new Constants();"},{"lineNumber":8,"author":{"gitId":"8kdesign"},"content":""},{"lineNumber":9,"author":{"gitId":"8kdesign"},"content":"    private final String name;"},{"lineNumber":10,"author":{"gitId":"8kdesign"},"content":"    private boolean isDone;"},{"lineNumber":11,"author":{"gitId":"8kdesign"},"content":""},{"lineNumber":12,"author":{"gitId":"8kdesign"},"content":"    public Task(String name) {"},{"lineNumber":13,"author":{"gitId":"8kdesign"},"content":"        this.name \u003d name;"},{"lineNumber":14,"author":{"gitId":"8kdesign"},"content":"        setDone(false);"},{"lineNumber":15,"author":{"gitId":"8kdesign"},"content":"    }"},{"lineNumber":16,"author":{"gitId":"8kdesign"},"content":""},{"lineNumber":17,"author":{"gitId":"8kdesign"},"content":"    public void setDone(boolean isDone) {"},{"lineNumber":18,"author":{"gitId":"8kdesign"},"content":"        this.isDone \u003d isDone;"},{"lineNumber":19,"author":{"gitId":"8kdesign"},"content":"    }"},{"lineNumber":20,"author":{"gitId":"8kdesign"},"content":""},{"lineNumber":21,"author":{"gitId":"8kdesign"},"content":"    public String getName() {"},{"lineNumber":22,"author":{"gitId":"8kdesign"},"content":"        return name;"},{"lineNumber":23,"author":{"gitId":"8kdesign"},"content":"    }"},{"lineNumber":24,"author":{"gitId":"8kdesign"},"content":""},{"lineNumber":25,"author":{"gitId":"8kdesign"},"content":"    public boolean getDone() {"},{"lineNumber":26,"author":{"gitId":"8kdesign"},"content":"        return isDone;"},{"lineNumber":27,"author":{"gitId":"8kdesign"},"content":"    }"},{"lineNumber":28,"author":{"gitId":"8kdesign"},"content":""},{"lineNumber":29,"author":{"gitId":"8kdesign"},"content":""},{"lineNumber":30,"author":{"gitId":"8kdesign"},"content":"    /**"},{"lineNumber":31,"author":{"gitId":"8kdesign"},"content":"     * Prints task status."},{"lineNumber":32,"author":{"gitId":"8kdesign"},"content":"     */"},{"lineNumber":33,"author":{"gitId":"8kdesign"},"content":"    public void printStatus() {"},{"lineNumber":34,"author":{"gitId":"8kdesign"},"content":"        if (isDone) {"},{"lineNumber":35,"author":{"gitId":"8kdesign"},"content":"            System.out.print(\"[✓] \" + name);"},{"lineNumber":36,"author":{"gitId":"8kdesign"},"content":"        } else {"},{"lineNumber":37,"author":{"gitId":"8kdesign"},"content":"            System.out.print(\"[ ] \" + name);"},{"lineNumber":38,"author":{"gitId":"8kdesign"},"content":"        }"},{"lineNumber":39,"author":{"gitId":"8kdesign"},"content":"    }"},{"lineNumber":40,"author":{"gitId":"8kdesign"},"content":""},{"lineNumber":41,"author":{"gitId":"8kdesign"},"content":""},{"lineNumber":42,"author":{"gitId":"8kdesign"},"content":"    /**"},{"lineNumber":43,"author":{"gitId":"8kdesign"},"content":"     * Outputs formatted data for saving."},{"lineNumber":44,"author":{"gitId":"8kdesign"},"content":"     */"},{"lineNumber":45,"author":{"gitId":"8kdesign"},"content":"    abstract public String formatData();"},{"lineNumber":46,"author":{"gitId":"8kdesign"},"content":"}"}],"authorContributionMap":{"8kdesign":46}},{"path":"src/main/java/tasks/TaskManager.java","fileType":"java","lines":[{"lineNumber":1,"author":{"gitId":"8kdesign"},"content":"package tasks;"},{"lineNumber":2,"author":{"gitId":"8kdesign"},"content":""},{"lineNumber":3,"author":{"gitId":"8kdesign"},"content":"import java.util.ArrayList;"},{"lineNumber":4,"author":{"gitId":"8kdesign"},"content":""},{"lineNumber":5,"author":{"gitId":"8kdesign"},"content":"public class TaskManager {"},{"lineNumber":6,"author":{"gitId":"8kdesign"},"content":""},{"lineNumber":7,"author":{"gitId":"8kdesign"},"content":"    private static final ArrayList\u003cTask\u003e tasks \u003d new ArrayList\u003c\u003e();"},{"lineNumber":8,"author":{"gitId":"8kdesign"},"content":"    private static int taskCount \u003d 0;"},{"lineNumber":9,"author":{"gitId":"8kdesign"},"content":""},{"lineNumber":10,"author":{"gitId":"8kdesign"},"content":""},{"lineNumber":11,"author":{"gitId":"8kdesign"},"content":"    /**"},{"lineNumber":12,"author":{"gitId":"8kdesign"},"content":"     * Returns task count."},{"lineNumber":13,"author":{"gitId":"8kdesign"},"content":"     */"},{"lineNumber":14,"author":{"gitId":"8kdesign"},"content":"    public int getTaskCount() {"},{"lineNumber":15,"author":{"gitId":"8kdesign"},"content":"        return taskCount;"},{"lineNumber":16,"author":{"gitId":"8kdesign"},"content":"    }"},{"lineNumber":17,"author":{"gitId":"8kdesign"},"content":""},{"lineNumber":18,"author":{"gitId":"8kdesign"},"content":""},{"lineNumber":19,"author":{"gitId":"8kdesign"},"content":"    /**"},{"lineNumber":20,"author":{"gitId":"8kdesign"},"content":"     * Returns task at index."},{"lineNumber":21,"author":{"gitId":"8kdesign"},"content":"     */"},{"lineNumber":22,"author":{"gitId":"8kdesign"},"content":"    public Task getTask(int index) {"},{"lineNumber":23,"author":{"gitId":"8kdesign"},"content":"        return tasks.get(index);"},{"lineNumber":24,"author":{"gitId":"8kdesign"},"content":"    }"},{"lineNumber":25,"author":{"gitId":"8kdesign"},"content":""},{"lineNumber":26,"author":{"gitId":"8kdesign"},"content":""},{"lineNumber":27,"author":{"gitId":"8kdesign"},"content":"    /**"},{"lineNumber":28,"author":{"gitId":"8kdesign"},"content":"     * Adds new task to task list."},{"lineNumber":29,"author":{"gitId":"8kdesign"},"content":"     *"},{"lineNumber":30,"author":{"gitId":"8kdesign"},"content":"     * @param task New Task to add."},{"lineNumber":31,"author":{"gitId":"8kdesign"},"content":"     */"},{"lineNumber":32,"author":{"gitId":"8kdesign"},"content":"    public void addTask(Task task) {"},{"lineNumber":33,"author":{"gitId":"8kdesign"},"content":"        tasks.add(task);"},{"lineNumber":34,"author":{"gitId":"8kdesign"},"content":"        taskCount++;"},{"lineNumber":35,"author":{"gitId":"8kdesign"},"content":"    }"},{"lineNumber":36,"author":{"gitId":"8kdesign"},"content":""},{"lineNumber":37,"author":{"gitId":"8kdesign"},"content":""},{"lineNumber":38,"author":{"gitId":"8kdesign"},"content":"    /**"},{"lineNumber":39,"author":{"gitId":"8kdesign"},"content":"     * Removes task at index in the task list."},{"lineNumber":40,"author":{"gitId":"8kdesign"},"content":"     *"},{"lineNumber":41,"author":{"gitId":"8kdesign"},"content":"     * @param index Index of task to remove."},{"lineNumber":42,"author":{"gitId":"8kdesign"},"content":"     */"},{"lineNumber":43,"author":{"gitId":"8kdesign"},"content":"    public void deleteTask(int index) {"},{"lineNumber":44,"author":{"gitId":"8kdesign"},"content":"        tasks.remove(index);"},{"lineNumber":45,"author":{"gitId":"8kdesign"},"content":"        taskCount--;"},{"lineNumber":46,"author":{"gitId":"8kdesign"},"content":"    }"},{"lineNumber":47,"author":{"gitId":"8kdesign"},"content":""},{"lineNumber":48,"author":{"gitId":"8kdesign"},"content":""},{"lineNumber":49,"author":{"gitId":"8kdesign"},"content":"    /**"},{"lineNumber":50,"author":{"gitId":"8kdesign"},"content":"     * Clears task list."},{"lineNumber":51,"author":{"gitId":"8kdesign"},"content":"     */"},{"lineNumber":52,"author":{"gitId":"8kdesign"},"content":"    public void reset() {"},{"lineNumber":53,"author":{"gitId":"8kdesign"},"content":"        taskCount \u003d 0;"},{"lineNumber":54,"author":{"gitId":"8kdesign"},"content":"        tasks.clear();"},{"lineNumber":55,"author":{"gitId":"8kdesign"},"content":"    }"},{"lineNumber":56,"author":{"gitId":"8kdesign"},"content":""},{"lineNumber":57,"author":{"gitId":"8kdesign"},"content":"}"}],"authorContributionMap":{"8kdesign":57}},{"path":"src/main/java/tasks/ToDoTask.java","fileType":"java","lines":[{"lineNumber":1,"author":{"gitId":"8kdesign"},"content":"package tasks;"},{"lineNumber":2,"author":{"gitId":"8kdesign"},"content":""},{"lineNumber":3,"author":{"gitId":"8kdesign"},"content":"public class ToDoTask extends Task {"},{"lineNumber":4,"author":{"gitId":"8kdesign"},"content":""},{"lineNumber":5,"author":{"gitId":"8kdesign"},"content":"    public ToDoTask(String name) {"},{"lineNumber":6,"author":{"gitId":"8kdesign"},"content":"        super(name);"},{"lineNumber":7,"author":{"gitId":"8kdesign"},"content":"    }"},{"lineNumber":8,"author":{"gitId":"8kdesign"},"content":""},{"lineNumber":9,"author":{"gitId":"8kdesign"},"content":""},{"lineNumber":10,"author":{"gitId":"8kdesign"},"content":"    /**"},{"lineNumber":11,"author":{"gitId":"8kdesign"},"content":"     * Prints task status."},{"lineNumber":12,"author":{"gitId":"8kdesign"},"content":"     */"},{"lineNumber":13,"author":{"gitId":"8kdesign"},"content":"    @Override"},{"lineNumber":14,"author":{"gitId":"8kdesign"},"content":"    public void printStatus() {"},{"lineNumber":15,"author":{"gitId":"8kdesign"},"content":"        System.out.print(\"[T]\");"},{"lineNumber":16,"author":{"gitId":"8kdesign"},"content":"        super.printStatus();"},{"lineNumber":17,"author":{"gitId":"8kdesign"},"content":"    }"},{"lineNumber":18,"author":{"gitId":"8kdesign"},"content":""},{"lineNumber":19,"author":{"gitId":"8kdesign"},"content":""},{"lineNumber":20,"author":{"gitId":"8kdesign"},"content":"    /**"},{"lineNumber":21,"author":{"gitId":"8kdesign"},"content":"     * Outputs formatted data for saving."},{"lineNumber":22,"author":{"gitId":"8kdesign"},"content":"     */"},{"lineNumber":23,"author":{"gitId":"8kdesign"},"content":"    @Override"},{"lineNumber":24,"author":{"gitId":"8kdesign"},"content":"    public String formatData() {"},{"lineNumber":25,"author":{"gitId":"8kdesign"},"content":"        return constants.COMMAND_TODO + getName() + \"\\n\""},{"lineNumber":26,"author":{"gitId":"8kdesign"},"content":"                + getDone() + \"\\n\";"},{"lineNumber":27,"author":{"gitId":"8kdesign"},"content":"    }"},{"lineNumber":28,"author":{"gitId":"8kdesign"},"content":"}"}],"authorContributionMap":{"8kdesign":28}},{"path":"text-ui-test/input.txt","fileType":"txt","lines":[{"lineNumber":1,"author":{"gitId":"8kdesign"},"content":"help"},{"lineNumber":2,"author":{"gitId":"8kdesign"},"content":"list"},{"lineNumber":3,"author":{"gitId":"8kdesign"},"content":"todo apple"},{"lineNumber":4,"author":{"gitId":"8kdesign"},"content":"event apple"},{"lineNumber":5,"author":{"gitId":"8kdesign"},"content":"event apple /at pear"},{"lineNumber":6,"author":{"gitId":"8kdesign"},"content":"deadline apple"},{"lineNumber":7,"author":{"gitId":"8kdesign"},"content":"deadline apple /by pear"},{"lineNumber":8,"author":{"gitId":"8kdesign"},"content":"deadline apple /by 24-06-1999"},{"lineNumber":9,"author":{"gitId":"8kdesign"},"content":"list"},{"lineNumber":10,"author":{"gitId":"8kdesign"},"content":"done 2"},{"lineNumber":11,"author":{"gitId":"8kdesign"},"content":"list"},{"lineNumber":12,"author":{"gitId":"8kdesign"},"content":"undo 2"},{"lineNumber":13,"author":{"gitId":"8kdesign"},"content":"list"},{"lineNumber":14,"author":{"gitId":"8kdesign"},"content":"done 0"},{"lineNumber":15,"author":{"gitId":"8kdesign"},"content":"done 1 2"},{"lineNumber":16,"author":{"gitId":"8kdesign"},"content":"find app"},{"lineNumber":17,"author":{"gitId":"8kdesign"},"content":"delete 1 2 4"},{"lineNumber":18,"author":{"gitId":"8kdesign"},"content":"list"},{"lineNumber":19,"author":{"gitId":"8kdesign"},"content":"delete 2"},{"lineNumber":20,"author":{"gitId":"8kdesign"},"content":"list"},{"lineNumber":21,"author":{"gitId":"8kdesign"},"content":"bye"}],"authorContributionMap":{"8kdesign":21}}]
