{"authorDailyContributionsMap":{"8kdesign":[{"date":"2021-01-15","commitResults":[{"hash":"8338219d2385888f3b750494c8bc5e3704ac4ff2","messageTitle":"Add skeleton structure","messageBody":"","tags":["Level-0"],"fileTypesAndContributionMap":{"java":{"insertions":7,"deletions":6}}}]},{"date":"2021-01-23","commitResults":[{"hash":"f6b07a6b9af88932d3cd7d0611ad8d206bda3298","messageTitle":"duke.java: add echo command","messageBody":"","tags":["Level-1"],"fileTypesAndContributionMap":{"java":{"insertions":27,"deletions":7},"md":{"insertions":5,"deletions":0}}},{"hash":"37a7d69c2db91bf36f4ce975266e8e9e81c4ae0f","messageTitle":"duke.java: add savedlist and help","messageBody":"","tags":["Level-2"],"fileTypesAndContributionMap":{"java":{"insertions":31,"deletions":7}}},{"hash":"0e39e6bda7e3602b77a36c806c52be5115ada474","messageTitle":"add task.java, markasdone command","messageBody":"","tags":["Level-3"],"fileTypesAndContributionMap":{"java":{"insertions":115,"deletions":28}}},{"hash":"ce390bdb0ef9cd73b6df558be2b037652f2cec66","messageTitle":"duke.java: add comment for functions","messageBody":"","tags":["A-CodingStandard"],"fileTypesAndContributionMap":{"java":{"insertions":23,"deletions":2}}}]},{"date":"2021-01-30","commitResults":[{"hash":"e46fe6edca96f941950720893925b141daa10132","messageTitle":"add deadline, event and todo classes, replaced task in main.java","messageBody":"","tags":["Level-4","A-Inheritance"],"fileTypesAndContributionMap":{"java":{"insertions":199,"deletions":42}}},{"hash":"ad443a026e2294e2fc5059834f29e7f0881e7896","messageTitle":"add expected and input for semi-automated testing","messageBody":"","tags":["A-TextUiTesting"],"fileTypesAndContributionMap":{"txt":{"insertions":12,"deletions":0},"java":{"insertions":1,"deletions":1}}},{"hash":"2efc6f40c9398081c77087808dba595f1093ab6a","messageTitle":"refactor all class files","messageBody":"","tags":["A-CodeQuality"],"fileTypesAndContributionMap":{"java":{"insertions":85,"deletions":70}}}]},{"date":"2021-02-03","commitResults":[{"hash":"945ba481249f37dbfb28d363afdf9c52bc9a3bbd","messageTitle":"duke.java: improve naming of constants","messageBody":"","fileTypesAndContributionMap":{"java":{"insertions":45,"deletions":39}}}]}]},"authorFileTypeContributionMap":{"8kdesign":{"java":336,"md":5,"fxml":0,"sh":0,"bat":0,"gradle":0,"txt":12}},"authorContributionVariance":{"8kdesign":8824.473},"authorDisplayNameMap":{"8kdesign":"CHON.. HAO"}}
