{"authorDailyContributionsMap":{"8kdesign":[{"date":"2021-01-15","commitResults":[{"hash":"8338219d2385888f3b750494c8bc5e3704ac4ff2","messageTitle":"Add skeleton structure","messageBody":"","tags":["Level-0"],"fileTypesAndContributionMap":{"java":{"insertions":7,"deletions":6}}}]},{"date":"2021-01-23","commitResults":[{"hash":"f6b07a6b9af88932d3cd7d0611ad8d206bda3298","messageTitle":"duke.java: add echo command","messageBody":"","tags":["Level-1"],"fileTypesAndContributionMap":{"java":{"insertions":27,"deletions":7},"md":{"insertions":5,"deletions":0}}},{"hash":"37a7d69c2db91bf36f4ce975266e8e9e81c4ae0f","messageTitle":"duke.java: add savedlist and help","messageBody":"","tags":["Level-2"],"fileTypesAndContributionMap":{"java":{"insertions":31,"deletions":7}}},{"hash":"0e39e6bda7e3602b77a36c806c52be5115ada474","messageTitle":"add task.java, markasdone command","messageBody":"","tags":["Level-3"],"fileTypesAndContributionMap":{"java":{"insertions":115,"deletions":28}}},{"hash":"ce390bdb0ef9cd73b6df558be2b037652f2cec66","messageTitle":"duke.java: add comment for functions","messageBody":"","tags":["A-CodingStandard"],"fileTypesAndContributionMap":{"java":{"insertions":23,"deletions":2}}}]},{"date":"2021-01-30","commitResults":[{"hash":"e46fe6edca96f941950720893925b141daa10132","messageTitle":"add deadline, event and todo classes, replaced task in main.java","messageBody":"","tags":["Level-4","A-Inheritance"],"fileTypesAndContributionMap":{"java":{"insertions":199,"deletions":42}}},{"hash":"ad443a026e2294e2fc5059834f29e7f0881e7896","messageTitle":"add expected and input for semi-automated testing","messageBody":"","tags":["A-TextUiTesting"],"fileTypesAndContributionMap":{"txt":{"insertions":12,"deletions":0},"java":{"insertions":1,"deletions":1}}},{"hash":"2efc6f40c9398081c77087808dba595f1093ab6a","messageTitle":"refactor all class files","messageBody":"","tags":["A-CodeQuality"],"fileTypesAndContributionMap":{"java":{"insertions":85,"deletions":70}}}]},{"date":"2021-02-03","commitResults":[{"hash":"945ba481249f37dbfb28d363afdf9c52bc9a3bbd","messageTitle":"duke.java: improve naming of constants","messageBody":"","fileTypesAndContributionMap":{"java":{"insertions":45,"deletions":39}}}]},{"date":"2021-02-06","commitResults":[{"hash":"176daf26e425271368f56320bf8d4b41a69b4f5e","messageTitle":"duke.java: add exceptions","messageBody":"","fileTypesAndContributionMap":{"txt":{"insertions":2,"deletions":0},"java":{"insertions":90,"deletions":51}}},{"hash":"ff68d7c685c3cfc43571fbe775ab15624a60659b","messageTitle":"divide classes into packages","messageBody":"","tags":["A-Packages"],"fileTypesAndContributionMap":{"java":{"insertions":16,"deletions":4}}}]},{"date":"2021-02-13","commitResults":[{"hash":"8478b517b8b4b48c9af11879c18de5f0d08de3db","messageTitle":"duke.java: add deletetask method and switch to arraylist","messageBody":"","fileTypesAndContributionMap":{"txt":{"insertions":4,"deletions":0},"java":{"insertions":76,"deletions":29}}},{"hash":"653aba0497d0d1e391c34fc4251d4803c72d7643","messageTitle":"duke.java: add save and load method","messageBody":"","fileTypesAndContributionMap":{"java":{"insertions":103,"deletions":5}}},{"hash":"b55e8a69cbf83ceaef1a638a080d44705d3fb9e9","messageTitle":"duke.java: add delete info in help","messageBody":"","fileTypesAndContributionMap":{"java":{"insertions":1,"deletions":0}}},{"hash":"54a93d5e1f1f932111639a08cf90fa53add167ad","messageTitle":"duke.java: add file load message","messageBody":"","fileTypesAndContributionMap":{"java":{"insertions":6,"deletions":1}}}]},{"date":"2021-02-17","commitResults":[{"hash":"38bb904844ba2e3c7549cd68a28295baee6e6002","messageTitle":"duke.java: extract out classes","messageBody":"","fileTypesAndContributionMap":{"java":{"insertions":477,"deletions":385}}}]},{"date":"2021-02-19","commitResults":[{"hash":"a9dae8b0a9fbf538cf9a76992a40696fa563a021","messageTitle":"fix magic numbers","messageBody":"","fileTypesAndContributionMap":{"java":{"insertions":40,"deletions":22}}},{"hash":"1d1e7f651601b0837d986d7d8540a5fb4cdf3901","messageTitle":"taskmanager.java: extract commands","messageBody":"","tags":["A-MoreOOP"],"fileTypesAndContributionMap":{"java":{"insertions":392,"deletions":290}}},{"hash":"2a428f578a71b7a8714718d5e6efb8e8fc1f1b9a","messageTitle":"deadlinetask.java: add localdate","messageBody":"","fileTypesAndContributionMap":{"txt":{"insertions":2,"deletions":1},"java":{"insertions":36,"deletions":9}}},{"hash":"2defaee8b2957e58390c39e4cd050a3f13c8ae5c","messageTitle":"add find method","messageBody":"","fileTypesAndContributionMap":{"txt":{"insertions":1,"deletions":0},"java":{"insertions":65,"deletions":18}}},{"hash":"415ef3d0ba7318ec41617fd19315b3001d736326","messageTitle":"findcommand.java: add comment","messageBody":"","fileTypesAndContributionMap":{"java":{"insertions":11,"deletions":0}}},{"hash":"787506ab0b1b0b27996b8b2399040ffad12ccf04","messageTitle":"adddeadlinecommand: add comment","messageBody":"","fileTypesAndContributionMap":{"java":{"insertions":8,"deletions":0}}}]},{"date":"2021-02-20","commitResults":[{"hash":"abdd0190271346cf2bf704c20a7dbc53f78cbe5a","messageTitle":"deletetaskcommand.java: extract method for processing indices setdonestatuscommand.java: add ability to accept multiple indices","messageBody":"","fileTypesAndContributionMap":{"txt":{"insertions":1,"deletions":0},"java":{"insertions":53,"deletions":46}}},{"hash":"4b95525b5a63b5c9060d08181e9dc3567a98066d","messageTitle":"readme.md: add content list and intro","messageBody":"","fileTypesAndContributionMap":{"md":{"insertions":26,"deletions":30}}},{"hash":"d43641253be4f03738405736172ca68fee79f1fc","messageTitle":"add quick start section","messageBody":"","fileTypesAndContributionMap":{"md":{"insertions":23,"deletions":0}}},{"hash":"fcc9534ad75ba1b83f06436c5b30de5aa253169a","messageTitle":"Readme.md: add commands info","messageBody":"","fileTypesAndContributionMap":{"md":{"insertions":47,"deletions":19}}},{"hash":"e6f4ded486a5cc60794b3d4e70e63195dc612ab5","messageTitle":"FindCommand.java: change index to follow tasklist","messageBody":"","fileTypesAndContributionMap":{"java":{"insertions":1,"deletions":1}}},{"hash":"c56038a809a0b4e65db69bb00d52d93a721ba183","messageTitle":"Input.txt: improve test case","messageBody":"","fileTypesAndContributionMap":{"txt":{"insertions":2,"deletions":1}}},{"hash":"75300eaf0117daa380a6cfa8c6d034fd344bb986","messageTitle":"Readme.md: add table","messageBody":"","fileTypesAndContributionMap":{"md":{"insertions":11,"deletions":0}}},{"hash":"635ccdc388fe3e11256298659179743ebf7a0520","messageTitle":"README.md: Fix table","messageBody":"","fileTypesAndContributionMap":{"md":{"insertions":1,"deletions":9}}},{"hash":"cd187308f32428999d93c989c6a72dab248c3150","messageTitle":"README.md: Add heading to table","messageBody":"","fileTypesAndContributionMap":{"md":{"insertions":3,"deletions":1}}},{"hash":"4b20b93c849c2c5f13c592d38b918c83702f764f","messageTitle":"README.md: add format and example","messageBody":"","fileTypesAndContributionMap":{"md":{"insertions":24,"deletions":3}}},{"hash":"cb8d09dbdd708a20ce2a4122ceda2062626a3009","messageTitle":"README.md: add more format and examples","messageBody":"","fileTypesAndContributionMap":{"md":{"insertions":51,"deletions":14}}},{"hash":"53f07c1f240dc4565f2dc92a4599c5a62bd1352d","messageTitle":"README.md: add line breaks","messageBody":"","fileTypesAndContributionMap":{"md":{"insertions":25,"deletions":25}}},{"hash":"bd96c0a5b86112409235f1b7d0d3534c76733dd4","messageTitle":"README.md: add line breaks","messageBody":"","fileTypesAndContributionMap":{"md":{"insertions":9,"deletions":6}}},{"hash":"6018d71852a0fc5c9e2076fc96b9427a217d7576","messageTitle":"README.md: add line breaks","messageBody":"","fileTypesAndContributionMap":{"md":{"insertions":18,"deletions":9}}},{"hash":"0e2a199fea1830f3ce12d041f9341b91aaeae987","messageTitle":"README.md: add line breaks","messageBody":"","fileTypesAndContributionMap":{"md":{"insertions":9,"deletions":6}}},{"hash":"1acd7b968202fb377f575c708d0a342c87db2ac1","messageTitle":"README.md: add exit info","messageBody":"","fileTypesAndContributionMap":{"md":{"insertions":75,"deletions":10}}},{"hash":"b27cccc83fd26ddff534c98a839c8f0f0e5b1380","messageTitle":"README.md: fix line breaks","messageBody":"","fileTypesAndContributionMap":{"md":{"insertions":0,"deletions":42}}},{"hash":"3ce2e1cf69596f99a86df910c41b071486d4f688","messageTitle":"README.md: add command summary","messageBody":"","fileTypesAndContributionMap":{"md":{"insertions":34,"deletions":2}}},{"hash":"f40c5d038cf2c98efd457cf48088b6d7fc11e52f","messageTitle":"README.md: fix formatting","messageBody":"","fileTypesAndContributionMap":{"md":{"insertions":5,"deletions":4}}},{"hash":"ce0331291951177a57cf8fe78b244690cb17b58d","messageTitle":"README.md: add links","messageBody":"","fileTypesAndContributionMap":{"md":{"insertions":13,"deletions":13}}},{"hash":"ff5712d81716f7daf2ea0aa43d7baf896f7bd89b","messageTitle":"README.me: add links","messageBody":"","fileTypesAndContributionMap":{"md":{"insertions":5,"deletions":5}}},{"hash":"b36d9d8dd2a21f6b275b890db90e516623ff706e","messageTitle":"README.md: add links","messageBody":"","fileTypesAndContributionMap":{"md":{"insertions":4,"deletions":4}}},{"hash":"4e38c2f50c4d883652eada2ca0da05b0bae4abc2","messageTitle":"README.md: add links","messageBody":"","fileTypesAndContributionMap":{"md":{"insertions":10,"deletions":10}}},{"hash":"1b375054bba8776f44ed51a5a9a6dc4e1b422b44","messageTitle":"README.md: fix break error","messageBody":"","fileTypesAndContributionMap":{"md":{"insertions":1,"deletions":1}}},{"hash":"955de5a5cc8fd7aca73b2585e2da730e406b7939","messageTitle":"README.md: add inline code","messageBody":"","fileTypesAndContributionMap":{"md":{"insertions":1,"deletions":1}}},{"hash":"8b2ec7c8d28a649a638e27a28dc431bdb52157fb","messageTitle":"README.md: remove help table","messageBody":"","fileTypesAndContributionMap":{"md":{"insertions":0,"deletions":5}}},{"hash":"20e502e3fc3674735086921630b72d5c043d6e24","messageTitle":"README.md: fix table and link","messageBody":"","fileTypesAndContributionMap":{"md":{"insertions":12,"deletions":12}}},{"hash":"3e22fb22cfa3fb90ff66f9f829e23fb62bd0caa9","messageTitle":"README.md: fix table","messageBody":"","fileTypesAndContributionMap":{"md":{"insertions":10,"deletions":10}}},{"hash":"84e1ad59d74ee04dccbd349a8c12c2b334cd4c73","messageTitle":"README.md: fix table","messageBody":"","fileTypesAndContributionMap":{"md":{"insertions":7,"deletions":7}}},{"hash":"5af5abc059014542350646286a39efda749801a9","messageTitle":"README.md: fix table","messageBody":"","fileTypesAndContributionMap":{"md":{"insertions":7,"deletions":7}}},{"hash":"dae9142d35595b6451b911b4cb9c7de46794ab33","messageTitle":"README.md: fix table","messageBody":"","fileTypesAndContributionMap":{"md":{"insertions":7,"deletions":7}}},{"hash":"8469745227af8877b697cda5cf5b3bd9caf4f4bb","messageTitle":"README.md: fix table","messageBody":"","fileTypesAndContributionMap":{"md":{"insertions":8,"deletions":7}}},{"hash":"b025625146dede4850596205ec39877f6e367dfb","messageTitle":"README.md: fix table","messageBody":"","fileTypesAndContributionMap":{"md":{"insertions":2,"deletions":2}}},{"hash":"54c40a64007ae4ed185d0b978054c857eec1f6a0","messageTitle":"README.md: edit command summary","messageBody":"","fileTypesAndContributionMap":{"md":{"insertions":1,"deletions":8}}},{"hash":"1594b0985db38827bfbcb960ad5e200f1da377e1","messageTitle":"README.md: fix table","messageBody":"","fileTypesAndContributionMap":{"md":{"insertions":1,"deletions":0}}},{"hash":"f9abee6896707c3cb88d5649bd083b0a84782761","messageTitle":"README.md: recover table","messageBody":"","fileTypesAndContributionMap":{"md":{"insertions":8,"deletions":2}}},{"hash":"d30ab3b6f6262498e8c04dd3b9fb0e31fbcac1bd","messageTitle":"README.md: add ... back to table","messageBody":"","fileTypesAndContributionMap":{"md":{"insertions":3,"deletions":3}}},{"hash":"64eb05fb7ff92dc6ef4c3790afe331a1d0982e3b","messageTitle":"Readme.md: replace \u003c\u003e in table","messageBody":"","fileTypesAndContributionMap":{"md":{"insertions":7,"deletions":7}}},{"hash":"49025eeb52f5385f66dbc29a4378f1dfc843a58a","messageTitle":"README.md: fix table","messageBody":"","fileTypesAndContributionMap":{"md":{"insertions":10,"deletions":10}}},{"hash":"5bc7611af5ab69bbce682a0c2dfcf06f00a96873","messageTitle":"Task.java: replace tick with X","messageBody":"","fileTypesAndContributionMap":{"java":{"insertions":1,"deletions":1}}},{"hash":"31aa12a7475372c04b298b85dad6cf3ecfca3571","messageTitle":"README.md: replace tick with X","messageBody":"","fileTypesAndContributionMap":{"md":{"insertions":1,"deletions":1}}},{"hash":"ad5142a250d19cbd06d75353d6b36ef972edcb1a","messageTitle":"README.md: add list explanation","messageBody":"","fileTypesAndContributionMap":{"md":{"insertions":7,"deletions":0}}},{"hash":"06efd3d776afc02254f6fc594d3a6239db2decef","messageTitle":"README.md: fix blockquotes","messageBody":"","fileTypesAndContributionMap":{"md":{"insertions":3,"deletions":1}}},{"hash":"7416dbdab9cf8fa0859d6ca76be97c5f865c10e1","messageTitle":"README.md: bold text in list","messageBody":"","fileTypesAndContributionMap":{"md":{"insertions":2,"deletions":2}}},{"hash":"ebe8bb68f1675e283b67f17d48d215cca1f27770","messageTitle":"README.md: add inline code","messageBody":"","fileTypesAndContributionMap":{"md":{"insertions":17,"deletions":16}}}]},{"date":"2021-02-22","commitResults":[{"hash":"aeb0a721d92424052d00f4e3d70cbb8e4efce989","messageTitle":"Improve comments","messageBody":"","fileTypesAndContributionMap":{"java":{"insertions":29,"deletions":17}}}]},{"date":"2021-02-24","commitResults":[{"hash":"36ebd0024e881856a82c449542556a2ca4d03a2e","messageTitle":"Add search command","messageBody":"","fileTypesAndContributionMap":{"txt":{"insertions":4,"deletions":0},"java":{"insertions":86,"deletions":7}}},{"hash":"1e46f5eadcd294baa3d1ebd8830d54675fa2df00","messageTitle":"README.md - add search command","messageBody":"","fileTypesAndContributionMap":{"md":{"insertions":16,"deletions":1}}},{"hash":"bb683e75d339e64e5f2beaae204fa66dffc6238a","messageTitle":"README.md - fix link","messageBody":"","tags":["v0.2","A-Release"],"fileTypesAndContributionMap":{"md":{"insertions":1,"deletions":1}}}]},{"date":"2021-03-01","commitResults":[{"hash":"0710f3f1166fa0ada8568ce940f90c0638f0ca9a","messageTitle":"Move README.md to docs","messageBody":"","tags":["A-UserGuide"],"fileTypesAndContributionMap":{"md":{"insertions":224,"deletions":11}}},{"hash":"cf14aab290d773704c98df08b3463f2513258504","messageTitle":"Replace README.md with original","messageBody":"","fileTypesAndContributionMap":{"md":{"insertions":23,"deletions":225}}}]}]},"authorFileTypeContributionMap":{"8kdesign":{"java":946,"md":219,"fxml":0,"sh":0,"bat":0,"gradle":0,"txt":26}},"authorContributionVariance":{"8kdesign":51610.41},"authorDisplayNameMap":{"8kdesign":"CS2113T-W09-3 CHON.. HAO"}}
