[{"path":"README.md","fileType":"md","lines":[{"lineNumber":1,"author":{"gitId":"-"},"content":"# Duke project template"},{"lineNumber":2,"author":{"gitId":"-"},"content":""},{"lineNumber":3,"author":{"gitId":"-"},"content":"This is a project template for a greenfield Java project. It\u0027s named after the Java mascot _Duke_. Given below are instructions on how to use it."},{"lineNumber":4,"author":{"gitId":"-"},"content":""},{"lineNumber":5,"author":{"gitId":"-"},"content":"## Setting up in Intellij"},{"lineNumber":6,"author":{"gitId":"-"},"content":""},{"lineNumber":7,"author":{"gitId":"jhjhajh"},"content":"Prerequisites: JDK 11, update IntelliJ to the most recent version."},{"lineNumber":8,"author":{"gitId":"-"},"content":""},{"lineNumber":9,"author":{"gitId":"jhjhajh"},"content":"### On IntelliJ version 2020.3.1 (latest) and beyond"},{"lineNumber":10,"author":{"gitId":"jhjhajh"},"content":""},{"lineNumber":11,"author":{"gitId":"jhjhajh"},"content":"1. Open IntelliJ (if you are not in the welcome screen, click `File` \u003e `Close Project` to close the existing project first)"},{"lineNumber":12,"author":{"gitId":"jhjhajh"},"content":"1. Import the project into IntelliJ as follows:"},{"lineNumber":13,"author":{"gitId":"jhjhajh"},"content":"   1. Click `Open`"},{"lineNumber":14,"author":{"gitId":"-"},"content":"   1. Select the project directory, and click `OK`"},{"lineNumber":15,"author":{"gitId":"-"},"content":"   1. If there are any further prompts, accept the defaults."},{"lineNumber":16,"author":{"gitId":"jhjhajh"},"content":"1. Configure the project to use **JDK 11** (not other versions) as explained in [here](https://www.jetbrains.com/help/idea/sdk.html#set-up-jdk)."},{"lineNumber":17,"author":{"gitId":"jhjhajh"},"content":"1. After that, locate the `src/main/java/Duke.java` file, right-click it, and choose `Run Duke.main()`. If the setup is correct, you should see something like the output below."},{"lineNumber":18,"author":{"gitId":"jhjhajh"},"content":""},{"lineNumber":19,"author":{"gitId":"-"},"content":"   ```"},{"lineNumber":20,"author":{"gitId":"-"},"content":"   Hello from"},{"lineNumber":21,"author":{"gitId":"-"},"content":"    ____        _        "},{"lineNumber":22,"author":{"gitId":"-"},"content":"   |  _ \\ _   _| | _____ "},{"lineNumber":23,"author":{"gitId":"-"},"content":"   | | | | | | | |/ / _ \\"},{"lineNumber":24,"author":{"gitId":"-"},"content":"   | |_| | |_| |   \u003c  __/"},{"lineNumber":25,"author":{"gitId":"-"},"content":"   |____/ \\__,_|_|\\_\\___|"},{"lineNumber":26,"author":{"gitId":"-"},"content":"   ```"}],"authorContributionMap":{"jhjhajh":9,"-":17}},{"path":"src/main/java/Deadline.java","fileType":"java","lines":[{"lineNumber":1,"author":{"gitId":"jhjhajh"},"content":"public class Deadline extends Task {"},{"lineNumber":2,"author":{"gitId":"jhjhajh"},"content":""},{"lineNumber":3,"author":{"gitId":"jhjhajh"},"content":"    protected String dateTime;"},{"lineNumber":4,"author":{"gitId":"jhjhajh"},"content":""},{"lineNumber":5,"author":{"gitId":"jhjhajh"},"content":"    public Deadline(String description, String dateTime) {"},{"lineNumber":6,"author":{"gitId":"jhjhajh"},"content":"        super(description);"},{"lineNumber":7,"author":{"gitId":"jhjhajh"},"content":"        this.dateTime \u003d dateTime;"},{"lineNumber":8,"author":{"gitId":"jhjhajh"},"content":"    }"},{"lineNumber":9,"author":{"gitId":"jhjhajh"},"content":""},{"lineNumber":10,"author":{"gitId":"jhjhajh"},"content":"    @Override"},{"lineNumber":11,"author":{"gitId":"jhjhajh"},"content":"    public String getTaskType() {"},{"lineNumber":12,"author":{"gitId":"jhjhajh"},"content":"        return \"[D]\";"},{"lineNumber":13,"author":{"gitId":"jhjhajh"},"content":"    }"},{"lineNumber":14,"author":{"gitId":"jhjhajh"},"content":""},{"lineNumber":15,"author":{"gitId":"jhjhajh"},"content":"    @Override"},{"lineNumber":16,"author":{"gitId":"jhjhajh"},"content":"    public String getDateTime() {"},{"lineNumber":17,"author":{"gitId":"jhjhajh"},"content":"        return \"(by: \" + dateTime + \")\";"},{"lineNumber":18,"author":{"gitId":"jhjhajh"},"content":"    }"},{"lineNumber":19,"author":{"gitId":"jhjhajh"},"content":"}"},{"lineNumber":20,"author":{"gitId":"jhjhajh"},"content":""}],"authorContributionMap":{"jhjhajh":20}},{"path":"src/main/java/Duke.java","fileType":"java","lines":[{"lineNumber":1,"author":{"gitId":"jhjhajh"},"content":"import java.util.Scanner;"},{"lineNumber":2,"author":{"gitId":"jhjhajh"},"content":""},{"lineNumber":3,"author":{"gitId":"-"},"content":"public class Duke {"},{"lineNumber":4,"author":{"gitId":"jhjhajh"},"content":""},{"lineNumber":5,"author":{"gitId":"jhjhajh"},"content":"    public static int taskCount \u003d 1;"},{"lineNumber":6,"author":{"gitId":"jhjhajh"},"content":"    public static Task[] tasks \u003d new Task[101];"},{"lineNumber":7,"author":{"gitId":"jhjhajh"},"content":""},{"lineNumber":8,"author":{"gitId":"jhjhajh"},"content":"    public static void goodbye() {"},{"lineNumber":9,"author":{"gitId":"jhjhajh"},"content":"        System.out.println(\"\\n\" +"},{"lineNumber":10,"author":{"gitId":"jhjhajh"},"content":"                \"░██████╗░░█████╗░░█████╗░██████╗░██████╗░██╗░░░██╗███████╗\\n\" +"},{"lineNumber":11,"author":{"gitId":"jhjhajh"},"content":"                \"██╔════╝░██╔══██╗██╔══██╗██╔══██╗██╔══██╗╚██╗░██╔╝██╔════╝\\n\" +"},{"lineNumber":12,"author":{"gitId":"jhjhajh"},"content":"                \"██║░░██╗░██║░░██║██║░░██║██║░░██║██████╦╝░╚████╔╝░█████╗░░\\n\" +"},{"lineNumber":13,"author":{"gitId":"jhjhajh"},"content":"                \"██║░░╚██╗██║░░██║██║░░██║██║░░██║██╔══██╗░░╚██╔╝░░██╔══╝░░\\n\" +"},{"lineNumber":14,"author":{"gitId":"jhjhajh"},"content":"                \"╚██████╔╝╚█████╔╝╚█████╔╝██████╔╝██████╦╝░░░██║░░░███████╗\\n\" +"},{"lineNumber":15,"author":{"gitId":"jhjhajh"},"content":"                \"░╚═════╝░░╚════╝░░╚════╝░╚═════╝░╚═════╝░░░░╚═╝░░░╚══════╝\\n\" +"},{"lineNumber":16,"author":{"gitId":"jhjhajh"},"content":"                \"Hope to see you again soon!\");"},{"lineNumber":17,"author":{"gitId":"jhjhajh"},"content":"    }"},{"lineNumber":18,"author":{"gitId":"jhjhajh"},"content":""},{"lineNumber":19,"author":{"gitId":"jhjhajh"},"content":"    public static void welcome() {"},{"lineNumber":20,"author":{"gitId":"jhjhajh"},"content":"        System.out.println(\"\\n\" +"},{"lineNumber":21,"author":{"gitId":"jhjhajh"},"content":"                \"██╗░░██╗███████╗██╗░░░░░██╗░░░░░░█████╗░\\n\" +"},{"lineNumber":22,"author":{"gitId":"jhjhajh"},"content":"                \"██║░░██║██╔════╝██║░░░░░██║░░░░░██╔══██╗\\n\" +"},{"lineNumber":23,"author":{"gitId":"jhjhajh"},"content":"                \"███████║█████╗░░██║░░░░░██║░░░░░██║░░██║\\n\" +"},{"lineNumber":24,"author":{"gitId":"jhjhajh"},"content":"                \"██╔══██║██╔══╝░░██║░░░░░██║░░░░░██║░░██║\\n\" +"},{"lineNumber":25,"author":{"gitId":"jhjhajh"},"content":"                \"██║░░██║███████╗███████╗███████╗╚█████╔╝\\n\" +"},{"lineNumber":26,"author":{"gitId":"jhjhajh"},"content":"                \"╚═╝░░╚═╝╚══════╝╚══════╝╚══════╝░╚════╝░\\n\" +"},{"lineNumber":27,"author":{"gitId":"jhjhajh"},"content":"                \"from\\n\" + \"\\n\" +"},{"lineNumber":28,"author":{"gitId":"jhjhajh"},"content":"                \"██████╗░██╗░░░██╗██╗░░██╗███████╗\\n\" +"},{"lineNumber":29,"author":{"gitId":"jhjhajh"},"content":"                \"██╔══██╗██║░░░██║██║░██╔╝██╔════╝\\n\" +"},{"lineNumber":30,"author":{"gitId":"jhjhajh"},"content":"                \"██║░░██║██║░░░██║█████═╝░█████╗░░\\n\" +"},{"lineNumber":31,"author":{"gitId":"jhjhajh"},"content":"                \"██║░░██║██║░░░██║██╔═██╗░██╔══╝░░\\n\" +"},{"lineNumber":32,"author":{"gitId":"jhjhajh"},"content":"                \"██████╔╝╚██████╔╝██║░╚██╗███████╗\\n\" +"},{"lineNumber":33,"author":{"gitId":"jhjhajh"},"content":"                \"╚═════╝░░╚═════╝░╚═╝░░╚═╝╚══════╝\\n\");"},{"lineNumber":34,"author":{"gitId":"jhjhajh"},"content":"        System.out.println(\"Hello! I\u0027m Duke\\nWhat can I do for you?\\n\");"},{"lineNumber":35,"author":{"gitId":"jhjhajh"},"content":"    }"},{"lineNumber":36,"author":{"gitId":"jhjhajh"},"content":"    public static void showList() {"},{"lineNumber":37,"author":{"gitId":"jhjhajh"},"content":"        if (taskCount \u003e 1) {"},{"lineNumber":38,"author":{"gitId":"jhjhajh"},"content":"            System.out.println(\"Here are the tasks in your list:\");"},{"lineNumber":39,"author":{"gitId":"jhjhajh"},"content":"            for (int i \u003d 1; i \u003c taskCount; i++) {"},{"lineNumber":40,"author":{"gitId":"jhjhajh"},"content":"                System.out.println(i + \". \" + tasks[i].getTaskType() + \" \" + tasks[i].getStatusIcon()"},{"lineNumber":41,"author":{"gitId":"jhjhajh"},"content":"                        + tasks[i].getDescription());"},{"lineNumber":42,"author":{"gitId":"jhjhajh"},"content":"            }"},{"lineNumber":43,"author":{"gitId":"jhjhajh"},"content":"        } else {"},{"lineNumber":44,"author":{"gitId":"jhjhajh"},"content":"            System.out.println(\"Please input a task.\");"},{"lineNumber":45,"author":{"gitId":"jhjhajh"},"content":"        }"},{"lineNumber":46,"author":{"gitId":"jhjhajh"},"content":"    }"},{"lineNumber":47,"author":{"gitId":"jhjhajh"},"content":""},{"lineNumber":48,"author":{"gitId":"jhjhajh"},"content":"    public static void done(String taskDone) {"},{"lineNumber":49,"author":{"gitId":"jhjhajh"},"content":"        int taskIndex \u003d Integer.parseInt(taskDone);"},{"lineNumber":50,"author":{"gitId":"jhjhajh"},"content":"        if (taskIndex \u003e\u003d taskCount || taskIndex \u003c 0){"},{"lineNumber":51,"author":{"gitId":"jhjhajh"},"content":"            System.out.println(\"You have not added task \" + taskIndex + \"yet! Please try again.\");"},{"lineNumber":52,"author":{"gitId":"jhjhajh"},"content":"        } else {"},{"lineNumber":53,"author":{"gitId":"jhjhajh"},"content":"            tasks[taskIndex].updateDoneStatus();"},{"lineNumber":54,"author":{"gitId":"jhjhajh"},"content":"            System.out.println(\"Nice! I\u0027ve marked this task as done:\");"},{"lineNumber":55,"author":{"gitId":"jhjhajh"},"content":"            System.out.println(tasks[taskIndex].getTaskType() + tasks[taskIndex].getStatusIcon()"},{"lineNumber":56,"author":{"gitId":"jhjhajh"},"content":"                    + tasks[taskIndex].getDescription());"},{"lineNumber":57,"author":{"gitId":"jhjhajh"},"content":"        }"},{"lineNumber":58,"author":{"gitId":"jhjhajh"},"content":"    }"},{"lineNumber":59,"author":{"gitId":"jhjhajh"},"content":""},{"lineNumber":60,"author":{"gitId":"jhjhajh"},"content":"    public static void todo(String taskToAdd) {"},{"lineNumber":61,"author":{"gitId":"jhjhajh"},"content":"        Todo t \u003d new Todo(taskToAdd);"},{"lineNumber":62,"author":{"gitId":"jhjhajh"},"content":"        tasks[taskCount] \u003d t;"},{"lineNumber":63,"author":{"gitId":"jhjhajh"},"content":"        System.out.println(\"Got it. I\u0027ve added this task:\");"},{"lineNumber":64,"author":{"gitId":"jhjhajh"},"content":"        System.out.println(t.getTaskType() + t.getStatusIcon() + \" \" + t.getDescription());"},{"lineNumber":65,"author":{"gitId":"jhjhajh"},"content":"        System.out.println(\"Now you have\" + taskCount + \" tasks in the list.\");"},{"lineNumber":66,"author":{"gitId":"jhjhajh"},"content":"        taskCount++;"},{"lineNumber":67,"author":{"gitId":"jhjhajh"},"content":"    }"},{"lineNumber":68,"author":{"gitId":"jhjhajh"},"content":""},{"lineNumber":69,"author":{"gitId":"jhjhajh"},"content":"    public static void event(String taskToAdd) {"},{"lineNumber":70,"author":{"gitId":"jhjhajh"},"content":"        int splitIndex \u003d taskToAdd.indexOf(\u0027/\u0027);"},{"lineNumber":71,"author":{"gitId":"jhjhajh"},"content":"        String description \u003d taskToAdd.substring(0, splitIndex);"},{"lineNumber":72,"author":{"gitId":"jhjhajh"},"content":"        String dateTime \u003d taskToAdd.substring(splitIndex + 3);"},{"lineNumber":73,"author":{"gitId":"jhjhajh"},"content":"        Event e \u003d new Event(description, dateTime);"},{"lineNumber":74,"author":{"gitId":"jhjhajh"},"content":"        tasks[taskCount] \u003d e;"},{"lineNumber":75,"author":{"gitId":"jhjhajh"},"content":"        System.out.println(\"Got it. I\u0027ve added this task:\");"},{"lineNumber":76,"author":{"gitId":"jhjhajh"},"content":"        System.out.println(e.getTaskType() + e.getStatusIcon() + e.getDescription() + \" \" + e.getDateTime());"},{"lineNumber":77,"author":{"gitId":"jhjhajh"},"content":"        System.out.println(\"Now you have \" + taskCount + \" tasks in the list.\");"},{"lineNumber":78,"author":{"gitId":"jhjhajh"},"content":"        taskCount++;"},{"lineNumber":79,"author":{"gitId":"jhjhajh"},"content":"    }"},{"lineNumber":80,"author":{"gitId":"jhjhajh"},"content":""},{"lineNumber":81,"author":{"gitId":"jhjhajh"},"content":"    public static void deadline(String taskToAdd) {"},{"lineNumber":82,"author":{"gitId":"jhjhajh"},"content":"        int splitIndex \u003d taskToAdd.indexOf(\u0027/\u0027);"},{"lineNumber":83,"author":{"gitId":"jhjhajh"},"content":"        String description \u003d taskToAdd.substring(0, splitIndex);"},{"lineNumber":84,"author":{"gitId":"jhjhajh"},"content":"        String dateTime \u003d taskToAdd.substring(splitIndex + 3);"},{"lineNumber":85,"author":{"gitId":"jhjhajh"},"content":"        Deadline d \u003d new Deadline(description, dateTime);"},{"lineNumber":86,"author":{"gitId":"jhjhajh"},"content":"        tasks[taskCount] \u003d d;"},{"lineNumber":87,"author":{"gitId":"jhjhajh"},"content":"        System.out.println(\"Got it. I\u0027ve added this task:\");"},{"lineNumber":88,"author":{"gitId":"jhjhajh"},"content":"        System.out.println(d.getTaskType() + d.getStatusIcon() + d.getDescription() + \" \" + d.getDateTime());"},{"lineNumber":89,"author":{"gitId":"jhjhajh"},"content":"        System.out.println(\"Now you have \" + taskCount + \" tasks in the list.\");"},{"lineNumber":90,"author":{"gitId":"jhjhajh"},"content":"        taskCount++;"},{"lineNumber":91,"author":{"gitId":"jhjhajh"},"content":"    }"},{"lineNumber":92,"author":{"gitId":"jhjhajh"},"content":""},{"lineNumber":93,"author":{"gitId":"jhjhajh"},"content":"    public static void getInput() {"},{"lineNumber":94,"author":{"gitId":"jhjhajh"},"content":"        while (true) {"},{"lineNumber":95,"author":{"gitId":"jhjhajh"},"content":"            Scanner sc \u003d new Scanner(System.in);"},{"lineNumber":96,"author":{"gitId":"jhjhajh"},"content":"            String inputCommand \u003d sc.nextLine();"},{"lineNumber":97,"author":{"gitId":"jhjhajh"},"content":"            if (inputCommand.equals(\"list\")) {"},{"lineNumber":98,"author":{"gitId":"jhjhajh"},"content":"                showList();"},{"lineNumber":99,"author":{"gitId":"jhjhajh"},"content":"            } else if (inputCommand.equals(\"bye\")){"},{"lineNumber":100,"author":{"gitId":"jhjhajh"},"content":"                goodbye();"},{"lineNumber":101,"author":{"gitId":"jhjhajh"},"content":"                break;"},{"lineNumber":102,"author":{"gitId":"jhjhajh"},"content":"            } else {"},{"lineNumber":103,"author":{"gitId":"jhjhajh"},"content":"                String taskType \u003d inputCommand.split(\" \", 2)[0];"},{"lineNumber":104,"author":{"gitId":"jhjhajh"},"content":"                String taskToAdd \u003d inputCommand.split(\" \", 2)[1];"},{"lineNumber":105,"author":{"gitId":"jhjhajh"},"content":"                switch (taskType) {"},{"lineNumber":106,"author":{"gitId":"jhjhajh"},"content":"                case \"done\":"},{"lineNumber":107,"author":{"gitId":"jhjhajh"},"content":"                    done(taskToAdd);"},{"lineNumber":108,"author":{"gitId":"jhjhajh"},"content":"                    break;"},{"lineNumber":109,"author":{"gitId":"jhjhajh"},"content":"                case \"todo\":"},{"lineNumber":110,"author":{"gitId":"jhjhajh"},"content":"                    todo(taskToAdd);"},{"lineNumber":111,"author":{"gitId":"jhjhajh"},"content":"                    break;"},{"lineNumber":112,"author":{"gitId":"jhjhajh"},"content":"                case \"deadline\":"},{"lineNumber":113,"author":{"gitId":"jhjhajh"},"content":"                    deadline(taskToAdd);"},{"lineNumber":114,"author":{"gitId":"jhjhajh"},"content":"                    break;"},{"lineNumber":115,"author":{"gitId":"jhjhajh"},"content":"                case \"event\":"},{"lineNumber":116,"author":{"gitId":"jhjhajh"},"content":"                    event(taskToAdd);"},{"lineNumber":117,"author":{"gitId":"jhjhajh"},"content":"                    break;"},{"lineNumber":118,"author":{"gitId":"jhjhajh"},"content":"                default:"},{"lineNumber":119,"author":{"gitId":"jhjhajh"},"content":"                    System.out.println(inputCommand);"},{"lineNumber":120,"author":{"gitId":"jhjhajh"},"content":"                }"},{"lineNumber":121,"author":{"gitId":"jhjhajh"},"content":"            }"},{"lineNumber":122,"author":{"gitId":"jhjhajh"},"content":"        }"},{"lineNumber":123,"author":{"gitId":"-"},"content":"    }"},{"lineNumber":124,"author":{"gitId":"jhjhajh"},"content":""},{"lineNumber":125,"author":{"gitId":"-"},"content":"    public static void main(String[] args) {"},{"lineNumber":126,"author":{"gitId":"jhjhajh"},"content":"        welcome();"},{"lineNumber":127,"author":{"gitId":"jhjhajh"},"content":"        getInput();"},{"lineNumber":128,"author":{"gitId":"jhjhajh"},"content":"    }"},{"lineNumber":129,"author":{"gitId":"-"},"content":"}"}],"authorContributionMap":{"jhjhajh":125,"-":4}},{"path":"src/main/java/Event.java","fileType":"java","lines":[{"lineNumber":1,"author":{"gitId":"jhjhajh"},"content":"public class Event extends Task {"},{"lineNumber":2,"author":{"gitId":"jhjhajh"},"content":"    protected String dateTime;"},{"lineNumber":3,"author":{"gitId":"jhjhajh"},"content":""},{"lineNumber":4,"author":{"gitId":"jhjhajh"},"content":"    public Event (String description, String dateTime) {"},{"lineNumber":5,"author":{"gitId":"jhjhajh"},"content":"        super(description);"},{"lineNumber":6,"author":{"gitId":"jhjhajh"},"content":"        this.dateTime \u003d dateTime;"},{"lineNumber":7,"author":{"gitId":"jhjhajh"},"content":"    }"},{"lineNumber":8,"author":{"gitId":"jhjhajh"},"content":""},{"lineNumber":9,"author":{"gitId":"jhjhajh"},"content":"    @Override"},{"lineNumber":10,"author":{"gitId":"jhjhajh"},"content":"    public String getTaskType() {"},{"lineNumber":11,"author":{"gitId":"jhjhajh"},"content":"        return \"[E]\";"},{"lineNumber":12,"author":{"gitId":"jhjhajh"},"content":"    }"},{"lineNumber":13,"author":{"gitId":"jhjhajh"},"content":""},{"lineNumber":14,"author":{"gitId":"jhjhajh"},"content":"    @Override"},{"lineNumber":15,"author":{"gitId":"jhjhajh"},"content":"    public String getDateTime() {"},{"lineNumber":16,"author":{"gitId":"jhjhajh"},"content":"        return \"(at: \" + dateTime + \")\";"},{"lineNumber":17,"author":{"gitId":"jhjhajh"},"content":"    }"},{"lineNumber":18,"author":{"gitId":"jhjhajh"},"content":""},{"lineNumber":19,"author":{"gitId":"jhjhajh"},"content":"}"}],"authorContributionMap":{"jhjhajh":19}},{"path":"src/main/java/Task.java","fileType":"java","lines":[{"lineNumber":1,"author":{"gitId":"jhjhajh"},"content":"public class Task {"},{"lineNumber":2,"author":{"gitId":"jhjhajh"},"content":""},{"lineNumber":3,"author":{"gitId":"jhjhajh"},"content":"    protected String description;"},{"lineNumber":4,"author":{"gitId":"jhjhajh"},"content":"    protected boolean isDone;"},{"lineNumber":5,"author":{"gitId":"jhjhajh"},"content":""},{"lineNumber":6,"author":{"gitId":"jhjhajh"},"content":"    public Task(String description) {"},{"lineNumber":7,"author":{"gitId":"jhjhajh"},"content":"        this.description \u003d description;"},{"lineNumber":8,"author":{"gitId":"jhjhajh"},"content":"        this.isDone \u003d false;"},{"lineNumber":9,"author":{"gitId":"jhjhajh"},"content":"    }"},{"lineNumber":10,"author":{"gitId":"jhjhajh"},"content":""},{"lineNumber":11,"author":{"gitId":"jhjhajh"},"content":"    public String getDescription() {"},{"lineNumber":12,"author":{"gitId":"jhjhajh"},"content":"        return description;"},{"lineNumber":13,"author":{"gitId":"jhjhajh"},"content":"    }"},{"lineNumber":14,"author":{"gitId":"jhjhajh"},"content":""},{"lineNumber":15,"author":{"gitId":"jhjhajh"},"content":"    public String getStatusIcon() {"},{"lineNumber":16,"author":{"gitId":"jhjhajh"},"content":"        return (isDone ? \"[X]\":\"[ ]\");"},{"lineNumber":17,"author":{"gitId":"jhjhajh"},"content":"    }"},{"lineNumber":18,"author":{"gitId":"jhjhajh"},"content":""},{"lineNumber":19,"author":{"gitId":"jhjhajh"},"content":"    public void updateDoneStatus(){"},{"lineNumber":20,"author":{"gitId":"jhjhajh"},"content":"        isDone \u003d true;"},{"lineNumber":21,"author":{"gitId":"jhjhajh"},"content":"    }"},{"lineNumber":22,"author":{"gitId":"jhjhajh"},"content":""},{"lineNumber":23,"author":{"gitId":"jhjhajh"},"content":"    public String getDateTime() {"},{"lineNumber":24,"author":{"gitId":"jhjhajh"},"content":"        return null;"},{"lineNumber":25,"author":{"gitId":"jhjhajh"},"content":"    }"},{"lineNumber":26,"author":{"gitId":"jhjhajh"},"content":""},{"lineNumber":27,"author":{"gitId":"jhjhajh"},"content":"    public String getTaskType() {"},{"lineNumber":28,"author":{"gitId":"jhjhajh"},"content":"        return null;"},{"lineNumber":29,"author":{"gitId":"jhjhajh"},"content":"    }"},{"lineNumber":30,"author":{"gitId":"jhjhajh"},"content":""},{"lineNumber":31,"author":{"gitId":"jhjhajh"},"content":"}"}],"authorContributionMap":{"jhjhajh":31}},{"path":"src/main/java/Todo.java","fileType":"java","lines":[{"lineNumber":1,"author":{"gitId":"jhjhajh"},"content":"public class Todo extends Task {"},{"lineNumber":2,"author":{"gitId":"jhjhajh"},"content":""},{"lineNumber":3,"author":{"gitId":"jhjhajh"},"content":"    public Todo(String description) {"},{"lineNumber":4,"author":{"gitId":"jhjhajh"},"content":"        super(description);"},{"lineNumber":5,"author":{"gitId":"jhjhajh"},"content":"    }"},{"lineNumber":6,"author":{"gitId":"jhjhajh"},"content":""},{"lineNumber":7,"author":{"gitId":"jhjhajh"},"content":"    @Override"},{"lineNumber":8,"author":{"gitId":"jhjhajh"},"content":"    public String getTaskType() {"},{"lineNumber":9,"author":{"gitId":"jhjhajh"},"content":"        return \"[T]\";"},{"lineNumber":10,"author":{"gitId":"jhjhajh"},"content":"    }"},{"lineNumber":11,"author":{"gitId":"jhjhajh"},"content":"}"}],"authorContributionMap":{"jhjhajh":11}}]
