{"authorDailyContributionsMap":{"jhjhajh":[{"date":"2021-01-22","commitResults":[{"hash":"ca776407317f637eef5aa40b683ae0760dfb099d","messageTitle":"Level-0: Greet","messageBody":"","tags":["Level-0"],"fileTypesAndContributionMap":{"java":{"insertions":17,"deletions":6}}}]},{"date":"2021-01-27","commitResults":[{"hash":"9df43d3487e93ff1bc217ad7057f98402e91900f","messageTitle":"Add Greet,Echo,Exit","messageBody":"","tags":["Level-1"],"fileTypesAndContributionMap":{"java":{"insertions":16,"deletions":15}}},{"hash":"a272065b727a9e00979a0ca4d782e461ffa1f2f2","messageTitle":"Add store text function","messageBody":"Allow user to store text entered and display them back when requested\n","tags":["Level-2"],"fileTypesAndContributionMap":{"java":{"insertions":9,"deletions":1}}},{"hash":"fa8027c60da8cfcea8f4ae762a2d79048426bfba","messageTitle":"Add Level 3","messageBody":"Add the ability to mark tasks as done\n","tags":["Level-3"],"fileTypesAndContributionMap":{"java":{"insertions":26,"deletions":8}}},{"hash":"1b85d6385b97e3053d95c6d6949a15427d58132f","messageTitle":"Change to Java Coding Standards","messageBody":"","tags":["A-CodingStandard"],"fileTypesAndContributionMap":{"java":{"insertions":14,"deletions":16}}}]},{"date":"2021-01-29","commitResults":[{"hash":"af0a87699d9e33abbbeb7c151e89d8be9ac52d7f","messageTitle":"Update Duke.java","messageBody":"move sc.nextline() after welcome message\n","tags":["Level-3-Bugfix"],"fileTypesAndContributionMap":{"java":{"insertions":2,"deletions":1}}}]},{"date":"2021-02-02","commitResults":[{"hash":"8825a9aa725c76e39bf5d7fae29ec155776be528","messageTitle":"Add Graphics for greetings","messageBody":"Add Hello Duke and Goodbye graphics\nExtracted greetings method into new class\n","fileTypesAndContributionMap":{"java":{"insertions":38,"deletions":2}}}]},{"date":"2021-02-03","commitResults":[{"hash":"0a557e849c43360c8609e3dbaa4ba9ea1a974583","messageTitle":"Add new class Task.java","messageBody":"Attempt at implementing OOP\n","tags":["A-Classes"],"fileTypesAndContributionMap":{"java":{"insertions":50,"deletions":19}}}]},{"date":"2021-02-04","commitResults":[{"hash":"4ffd9453dd7197013b25dec059209a8e308b7def","messageTitle":"Add Event, Todo and Deadline class","messageBody":"","fileTypesAndContributionMap":{"java":{"insertions":24,"deletions":32}}},{"hash":"c86287ce6a308519bf1969f2221812c9713abf89","messageTitle":"Add Event, Todo and Deadline Classes, changed to OOP","messageBody":"","tags":["Level-4","A-Inheritance","A-CodeQuality"],"fileTypesAndContributionMap":{"java":{"insertions":149,"deletions":45}}}]},{"date":"2021-02-06","commitResults":[{"hash":"9648d6291188fa3af3a1303c65cdf60940cec58b","messageTitle":"Minor bug fixes","messageBody":"","fileTypesAndContributionMap":{"java":{"insertions":1,"deletions":1}}}]},{"date":"2021-02-07","commitResults":[{"hash":"471fe62856d9291544358334c4ffe8285e554f1b","messageTitle":"Add Error Handling and Exceptions","messageBody":"Add DukeException for error handling\nMake minor changes to code to adhere more to Java Coding Standards\n","tags":["Level-5","A-Exceptions"],"fileTypesAndContributionMap":{"java":{"insertions":96,"deletions":53}}}]},{"date":"2021-02-18","commitResults":[{"hash":"82d5e3b721f27cb8ea08f62d22804a4bd2737929","messageTitle":"Add packages","messageBody":"","tags":["A-Packages"],"fileTypesAndContributionMap":{"java":{"insertions":13,"deletions":0}}}]},{"date":"2021-02-19","commitResults":[{"hash":"96a12721fdb2a0cba2ec5f5615f922fe390255d3","messageTitle":"Add method to delete task and use arraylist","messageBody":"","tags":["Level-6","A-collections"],"fileTypesAndContributionMap":{"java":{"insertions":50,"deletions":25}}},{"hash":"28d5f793de32d8302cc464d95ea45e49a798cc5d","messageTitle":"Add save and load function","messageBody":"","tags":["branch-Level-7","Level-7"],"fileTypesAndContributionMap":{"txt":{"insertions":4,"deletions":0},"java":{"insertions":110,"deletions":7}}}]}]},"authorFileTypeContributionMap":{"jhjhajh":{"java":386,"md":0,"fxml":0,"sh":0,"bat":0,"gradle":0,"txt":3}},"authorContributionVariance":{"jhjhajh":3078.7876},"authorDisplayNameMap":{"jhjhajh":"CS2113T-F08-3 ANG .. HUI"}}
