[{"path":"src/main/java/duke/accessfile/FileClass.java","fileType":"java","lines":[{"lineNumber":1,"author":{"gitId":"jovanhuang"},"content":"package duke.accessfile;"},{"lineNumber":2,"author":{"gitId":"jovanhuang"},"content":""},{"lineNumber":3,"author":{"gitId":"jovanhuang"},"content":"import java.io.File;"},{"lineNumber":4,"author":{"gitId":"jovanhuang"},"content":"import java.io.FileNotFoundException;"},{"lineNumber":5,"author":{"gitId":"jovanhuang"},"content":"import java.io.FileWriter;"},{"lineNumber":6,"author":{"gitId":"jovanhuang"},"content":"import java.io.IOException;"},{"lineNumber":7,"author":{"gitId":"jovanhuang"},"content":"import java.util.Scanner;"},{"lineNumber":8,"author":{"gitId":"jovanhuang"},"content":""},{"lineNumber":9,"author":{"gitId":"jovanhuang"},"content":"public class FileClass {"},{"lineNumber":10,"author":{"gitId":"jovanhuang"},"content":"    public static void printFileContents(String filePath) throws FileNotFoundException {"},{"lineNumber":11,"author":{"gitId":"jovanhuang"},"content":"        File f \u003d new File(filePath); // create a File for the given file path"},{"lineNumber":12,"author":{"gitId":"jovanhuang"},"content":"        Scanner s \u003d new Scanner(f); // create a Scanner using the File as the source"},{"lineNumber":13,"author":{"gitId":"jovanhuang"},"content":"        while (s.hasNext()) {"},{"lineNumber":14,"author":{"gitId":"jovanhuang"},"content":"            System.out.println(s.nextLine());"},{"lineNumber":15,"author":{"gitId":"jovanhuang"},"content":"        }"},{"lineNumber":16,"author":{"gitId":"jovanhuang"},"content":"    }"},{"lineNumber":17,"author":{"gitId":"jovanhuang"},"content":"    public static void overwriteFile(String filePath, String textToAppend) throws IOException {"},{"lineNumber":18,"author":{"gitId":"jovanhuang"},"content":"        FileWriter fw \u003d new FileWriter(filePath, false); // create a FileWriter in append mode"},{"lineNumber":19,"author":{"gitId":"jovanhuang"},"content":"        fw.write(textToAppend);"},{"lineNumber":20,"author":{"gitId":"jovanhuang"},"content":"        fw.close();"},{"lineNumber":21,"author":{"gitId":"jovanhuang"},"content":"    }"},{"lineNumber":22,"author":{"gitId":"jovanhuang"},"content":""},{"lineNumber":23,"author":{"gitId":"jovanhuang"},"content":""},{"lineNumber":24,"author":{"gitId":"jovanhuang"},"content":"}"}],"authorContributionMap":{"jovanhuang":24}},{"path":"src/main/java/duke/accessfile/FileNotFoundException.java","fileType":"java","lines":[{"lineNumber":1,"author":{"gitId":"jovanhuang"},"content":"package duke.accessfile;"},{"lineNumber":2,"author":{"gitId":"jovanhuang"},"content":""},{"lineNumber":3,"author":{"gitId":"jovanhuang"},"content":"public class FileNotFoundException extends Exception {"},{"lineNumber":4,"author":{"gitId":"jovanhuang"},"content":"}"}],"authorContributionMap":{"jovanhuang":4}},{"path":"src/main/java/duke/command/CommandNotFoundException.java","fileType":"java","lines":[{"lineNumber":1,"author":{"gitId":"jovanhuang"},"content":"package duke.command;"},{"lineNumber":2,"author":{"gitId":"jovanhuang"},"content":""},{"lineNumber":3,"author":{"gitId":"jovanhuang"},"content":"public class CommandNotFoundException extends Exception{"},{"lineNumber":4,"author":{"gitId":"jovanhuang"},"content":"    @Override"},{"lineNumber":5,"author":{"gitId":"jovanhuang"},"content":"    public String getMessage() {"},{"lineNumber":6,"author":{"gitId":"jovanhuang"},"content":"        String errorMessage \u003d \"☹ OOPS!!! I\u0027m sorry, but I don\u0027t know what this command means :-( \\n\" + \"Please try again!\";"},{"lineNumber":7,"author":{"gitId":"jovanhuang"},"content":"        return errorMessage;"},{"lineNumber":8,"author":{"gitId":"jovanhuang"},"content":"    }"},{"lineNumber":9,"author":{"gitId":"jovanhuang"},"content":"}"}],"authorContributionMap":{"jovanhuang":9}},{"path":"src/main/java/duke/command/Duke.java","fileType":"java","lines":[{"lineNumber":1,"author":{"gitId":"jovanhuang"},"content":"package duke.command;"},{"lineNumber":2,"author":{"gitId":"jovanhuang"},"content":""},{"lineNumber":3,"author":{"gitId":"jovanhuang"},"content":"import java.util.Scanner;"},{"lineNumber":4,"author":{"gitId":"jovanhuang"},"content":""},{"lineNumber":5,"author":{"gitId":"jovanhuang"},"content":""},{"lineNumber":6,"author":{"gitId":"-"},"content":"public class Duke {"},{"lineNumber":7,"author":{"gitId":"jovanhuang"},"content":""},{"lineNumber":8,"author":{"gitId":"jovanhuang"},"content":"    private static Scanner in \u003d new Scanner(System.in);"},{"lineNumber":9,"author":{"gitId":"jovanhuang"},"content":""},{"lineNumber":10,"author":{"gitId":"-"},"content":"    public static void main(String[] args) {"},{"lineNumber":11,"author":{"gitId":"jovanhuang"},"content":"        MainUI.displayUI(in);"},{"lineNumber":12,"author":{"gitId":"jovanhuang"},"content":""},{"lineNumber":13,"author":{"gitId":"jovanhuang"},"content":"    }"},{"lineNumber":14,"author":{"gitId":"-"},"content":"}"},{"lineNumber":15,"author":{"gitId":"jovanhuang"},"content":""}],"authorContributionMap":{"-":3,"jovanhuang":12}},{"path":"src/main/java/duke/command/MainUI.java","fileType":"java","lines":[{"lineNumber":1,"author":{"gitId":"jovanhuang"},"content":"package duke.command;"},{"lineNumber":2,"author":{"gitId":"jovanhuang"},"content":""},{"lineNumber":3,"author":{"gitId":"jovanhuang"},"content":"import duke.task.*;"},{"lineNumber":4,"author":{"gitId":"jovanhuang"},"content":""},{"lineNumber":5,"author":{"gitId":"jovanhuang"},"content":"import java.io.File;"},{"lineNumber":6,"author":{"gitId":"jovanhuang"},"content":"import java.io.FileNotFoundException;"},{"lineNumber":7,"author":{"gitId":"jovanhuang"},"content":"import java.io.FileWriter;"},{"lineNumber":8,"author":{"gitId":"jovanhuang"},"content":"import java.io.IOException;"},{"lineNumber":9,"author":{"gitId":"jovanhuang"},"content":"import java.util.ArrayList;"},{"lineNumber":10,"author":{"gitId":"jovanhuang"},"content":"import java.util.Scanner;"},{"lineNumber":11,"author":{"gitId":"jovanhuang"},"content":""},{"lineNumber":12,"author":{"gitId":"jovanhuang"},"content":""},{"lineNumber":13,"author":{"gitId":"jovanhuang"},"content":""},{"lineNumber":14,"author":{"gitId":"jovanhuang"},"content":"public class MainUI {"},{"lineNumber":15,"author":{"gitId":"jovanhuang"},"content":"    public static final String LIST_COMMAND \u003d \"list\";"},{"lineNumber":16,"author":{"gitId":"jovanhuang"},"content":"    public static final String BYE_COMMAND \u003d \"bye\";"},{"lineNumber":17,"author":{"gitId":"jovanhuang"},"content":"    public static final String FILE_PATH \u003d \"data/duke.txt\";"},{"lineNumber":18,"author":{"gitId":"jovanhuang"},"content":"    public static final String DIRECTORY_NAME \u003d \"data\";"},{"lineNumber":19,"author":{"gitId":"jovanhuang"},"content":"    public static boolean isEnding \u003d false;"},{"lineNumber":20,"author":{"gitId":"jovanhuang"},"content":""},{"lineNumber":21,"author":{"gitId":"jovanhuang"},"content":"    public static ArrayList\u003cTask\u003e taskArrayList \u003d new ArrayList\u003c\u003e();"},{"lineNumber":22,"author":{"gitId":"jovanhuang"},"content":""},{"lineNumber":23,"author":{"gitId":"jovanhuang"},"content":""},{"lineNumber":24,"author":{"gitId":"jovanhuang"},"content":"    public static void displayUI(Scanner in){"},{"lineNumber":25,"author":{"gitId":"jovanhuang"},"content":"        runProgram(in);"},{"lineNumber":26,"author":{"gitId":"jovanhuang"},"content":"    }"},{"lineNumber":27,"author":{"gitId":"jovanhuang"},"content":""},{"lineNumber":28,"author":{"gitId":"jovanhuang"},"content":"    public static void loadData() throws FileNotFoundException {"},{"lineNumber":29,"author":{"gitId":"jovanhuang"},"content":"        System.out.println(\"Loading data from your file, \u0027duke.txt\u0027...\");"},{"lineNumber":30,"author":{"gitId":"jovanhuang"},"content":"        File data \u003d new File(\"data/duke.txt\");"},{"lineNumber":31,"author":{"gitId":"jovanhuang"},"content":"        taskArrayList \u003d new ArrayList\u003c\u003e();"},{"lineNumber":32,"author":{"gitId":"jovanhuang"},"content":"        Scanner sc \u003d new Scanner(data);"},{"lineNumber":33,"author":{"gitId":"jovanhuang"},"content":"        while (sc.hasNext()) {"},{"lineNumber":34,"author":{"gitId":"jovanhuang"},"content":"            String taskSentence \u003d sc.nextLine();"},{"lineNumber":35,"author":{"gitId":"jovanhuang"},"content":"            char taskCategory \u003d taskSentence.charAt(1);"},{"lineNumber":36,"author":{"gitId":"jovanhuang"},"content":"            boolean isDone \u003d taskSentence.substring(4,5).compareTo(\"\\u2713\") \u003d\u003d 0;"},{"lineNumber":37,"author":{"gitId":"jovanhuang"},"content":"            switch (taskCategory) {"},{"lineNumber":38,"author":{"gitId":"jovanhuang"},"content":"            case \u0027T\u0027:"},{"lineNumber":39,"author":{"gitId":"jovanhuang"},"content":"                String toDoDescription \u003d taskSentence.substring(7);"},{"lineNumber":40,"author":{"gitId":"jovanhuang"},"content":"                Todo t \u003d new Todo(toDoDescription);"},{"lineNumber":41,"author":{"gitId":"jovanhuang"},"content":"                if (isDone){"},{"lineNumber":42,"author":{"gitId":"jovanhuang"},"content":"                    t.markAsDone();"},{"lineNumber":43,"author":{"gitId":"jovanhuang"},"content":"                }"},{"lineNumber":44,"author":{"gitId":"jovanhuang"},"content":"                taskArrayList.add(t);"},{"lineNumber":45,"author":{"gitId":"jovanhuang"},"content":"                break;"},{"lineNumber":46,"author":{"gitId":"jovanhuang"},"content":"            case \u0027D\u0027:"},{"lineNumber":47,"author":{"gitId":"jovanhuang"},"content":"                int dueDateStartingIndex \u003d taskSentence.indexOf(\"(by:\");"},{"lineNumber":48,"author":{"gitId":"jovanhuang"},"content":"                String dueDate \u003d taskSentence.substring(dueDateStartingIndex + 5, taskSentence.length()-1);"},{"lineNumber":49,"author":{"gitId":"jovanhuang"},"content":"                String deadlineDescription \u003d taskSentence.substring(7,dueDateStartingIndex);"},{"lineNumber":50,"author":{"gitId":"jovanhuang"},"content":"//                System.out.println(dueDateStartingIndex+\":\"+dueDate);"},{"lineNumber":51,"author":{"gitId":"jovanhuang"},"content":"                Deadline d \u003d new Deadline(deadlineDescription,dueDate);"},{"lineNumber":52,"author":{"gitId":"jovanhuang"},"content":"                if (isDone){"},{"lineNumber":53,"author":{"gitId":"jovanhuang"},"content":"                    d.markAsDone();"},{"lineNumber":54,"author":{"gitId":"jovanhuang"},"content":"                }"},{"lineNumber":55,"author":{"gitId":"jovanhuang"},"content":"                taskArrayList.add(d);"},{"lineNumber":56,"author":{"gitId":"jovanhuang"},"content":"                break;"},{"lineNumber":57,"author":{"gitId":"jovanhuang"},"content":"            case \u0027E\u0027:"},{"lineNumber":58,"author":{"gitId":"jovanhuang"},"content":"                int durationStartingIndex \u003d taskSentence.indexOf(\"(at:\");"},{"lineNumber":59,"author":{"gitId":"jovanhuang"},"content":"                String duration \u003d taskSentence.substring(durationStartingIndex + 5, taskSentence.length()-1);"},{"lineNumber":60,"author":{"gitId":"jovanhuang"},"content":"                String eventDescription \u003d taskSentence.substring(7,durationStartingIndex);"},{"lineNumber":61,"author":{"gitId":"jovanhuang"},"content":"//                System.out.println(durationStartingIndex+\":\"+duration);"},{"lineNumber":62,"author":{"gitId":"jovanhuang"},"content":"                Event e \u003d new Event(eventDescription,duration);"},{"lineNumber":63,"author":{"gitId":"jovanhuang"},"content":"                if (isDone){"},{"lineNumber":64,"author":{"gitId":"jovanhuang"},"content":"                    e.markAsDone();"},{"lineNumber":65,"author":{"gitId":"jovanhuang"},"content":"                }"},{"lineNumber":66,"author":{"gitId":"jovanhuang"},"content":"                taskArrayList.add(e);"},{"lineNumber":67,"author":{"gitId":"jovanhuang"},"content":"                break;"},{"lineNumber":68,"author":{"gitId":"jovanhuang"},"content":"            default:"},{"lineNumber":69,"author":{"gitId":"jovanhuang"},"content":"                break;"},{"lineNumber":70,"author":{"gitId":"jovanhuang"},"content":"            }"},{"lineNumber":71,"author":{"gitId":"jovanhuang"},"content":"        }"},{"lineNumber":72,"author":{"gitId":"jovanhuang"},"content":"        System.out.println(\"Done loading the data!\");"},{"lineNumber":73,"author":{"gitId":"jovanhuang"},"content":"        printDivider();"},{"lineNumber":74,"author":{"gitId":"jovanhuang"},"content":""},{"lineNumber":75,"author":{"gitId":"jovanhuang"},"content":"    }"},{"lineNumber":76,"author":{"gitId":"jovanhuang"},"content":""},{"lineNumber":77,"author":{"gitId":"jovanhuang"},"content":"    private static void runProgram(Scanner in) {"},{"lineNumber":78,"author":{"gitId":"jovanhuang"},"content":"        try {"},{"lineNumber":79,"author":{"gitId":"jovanhuang"},"content":"            File data \u003d new File(\"data/duke.txt\");"},{"lineNumber":80,"author":{"gitId":"jovanhuang"},"content":"            if (data.createNewFile()) {"},{"lineNumber":81,"author":{"gitId":"jovanhuang"},"content":"                System.out.println(\"Your file that stores all your tasks is not found! (data/duke.txt) :(\");"},{"lineNumber":82,"author":{"gitId":"jovanhuang"},"content":"                System.out.println(\"Creating new file now to store your future tasks! :)\");"},{"lineNumber":83,"author":{"gitId":"jovanhuang"},"content":"                System.out.println(\"File created: \" + data.getName());"},{"lineNumber":84,"author":{"gitId":"jovanhuang"},"content":"                printDivider();"},{"lineNumber":85,"author":{"gitId":"jovanhuang"},"content":"            } else {"},{"lineNumber":86,"author":{"gitId":"jovanhuang"},"content":"                loadData();"},{"lineNumber":87,"author":{"gitId":"jovanhuang"},"content":"            }"},{"lineNumber":88,"author":{"gitId":"jovanhuang"},"content":""},{"lineNumber":89,"author":{"gitId":"jovanhuang"},"content":"        } catch (IOException e) {"},{"lineNumber":90,"author":{"gitId":"jovanhuang"},"content":"            System.out.println(\"We couldn\u0027t find the \u0027data\u0027 folder in your directory. This data folder will store your tasks.\");"},{"lineNumber":91,"author":{"gitId":"jovanhuang"},"content":"            System.out.println(\"Creating \u0027data\u0027 folder now...\");"},{"lineNumber":92,"author":{"gitId":"jovanhuang"},"content":"            File relativePathFileName \u003d new File(DIRECTORY_NAME);"},{"lineNumber":93,"author":{"gitId":"jovanhuang"},"content":"            String fullPath \u003d relativePathFileName.getAbsolutePath();"},{"lineNumber":94,"author":{"gitId":"jovanhuang"},"content":"            File absolutePathFileName \u003d new File(fullPath);"},{"lineNumber":95,"author":{"gitId":"jovanhuang"},"content":"            boolean bool \u003d absolutePathFileName.mkdirs();"},{"lineNumber":96,"author":{"gitId":"jovanhuang"},"content":"            if(bool) {"},{"lineNumber":97,"author":{"gitId":"jovanhuang"},"content":"                System.out.println(\"\u0027data\u0027 folder created successfully\");"},{"lineNumber":98,"author":{"gitId":"jovanhuang"},"content":"            } else {"},{"lineNumber":99,"author":{"gitId":"jovanhuang"},"content":"                System.out.println(\"Sorry, couldn\u0027t create \u0027data\u0027 folder in your directory\");"},{"lineNumber":100,"author":{"gitId":"jovanhuang"},"content":"            }"},{"lineNumber":101,"author":{"gitId":"jovanhuang"},"content":"        }"},{"lineNumber":102,"author":{"gitId":"jovanhuang"},"content":"        printWelcomeMessage();"},{"lineNumber":103,"author":{"gitId":"jovanhuang"},"content":"        while (!isEnding){"},{"lineNumber":104,"author":{"gitId":"jovanhuang"},"content":"            String input \u003d in.nextLine();"},{"lineNumber":105,"author":{"gitId":"jovanhuang"},"content":"            switch (input){"},{"lineNumber":106,"author":{"gitId":"jovanhuang"},"content":"            case LIST_COMMAND:"},{"lineNumber":107,"author":{"gitId":"jovanhuang"},"content":"                TaskManager.printAllTasks(taskArrayList);"},{"lineNumber":108,"author":{"gitId":"jovanhuang"},"content":"                break;"},{"lineNumber":109,"author":{"gitId":"jovanhuang"},"content":"            case BYE_COMMAND:"},{"lineNumber":110,"author":{"gitId":"jovanhuang"},"content":"                stopProgram();"},{"lineNumber":111,"author":{"gitId":"jovanhuang"},"content":"                break;"},{"lineNumber":112,"author":{"gitId":"jovanhuang"},"content":"            default:"},{"lineNumber":113,"author":{"gitId":"jovanhuang"},"content":"                try {"},{"lineNumber":114,"author":{"gitId":"jovanhuang"},"content":"                    TaskManager.handleTask(input);"},{"lineNumber":115,"author":{"gitId":"jovanhuang"},"content":"                } catch (CommandNotFoundException e) {"},{"lineNumber":116,"author":{"gitId":"jovanhuang"},"content":"                    System.out.println(e.getMessage());"},{"lineNumber":117,"author":{"gitId":"jovanhuang"},"content":"                }"},{"lineNumber":118,"author":{"gitId":"jovanhuang"},"content":"                break;"},{"lineNumber":119,"author":{"gitId":"jovanhuang"},"content":"            }"},{"lineNumber":120,"author":{"gitId":"jovanhuang"},"content":"        }"},{"lineNumber":121,"author":{"gitId":"jovanhuang"},"content":"    }"},{"lineNumber":122,"author":{"gitId":"jovanhuang"},"content":""},{"lineNumber":123,"author":{"gitId":"jovanhuang"},"content":"    public static void printWelcomeMessage() {"},{"lineNumber":124,"author":{"gitId":"jovanhuang"},"content":"        String logo \u003d \" ____        _        \\n\""},{"lineNumber":125,"author":{"gitId":"jovanhuang"},"content":"                + \"|  _ \\\\ _   _| | _____ \\n\""},{"lineNumber":126,"author":{"gitId":"jovanhuang"},"content":"                + \"| | | | | | | |/ / _ \\\\\\n\""},{"lineNumber":127,"author":{"gitId":"jovanhuang"},"content":"                + \"| |_| | |_| |   \u003c  __/\\n\""},{"lineNumber":128,"author":{"gitId":"jovanhuang"},"content":"                + \"|____/ \\\\__,_|_|\\\\_\\\\___|\\n\";"},{"lineNumber":129,"author":{"gitId":"jovanhuang"},"content":"        System.out.println(\"Hello from\\n\" + logo);"},{"lineNumber":130,"author":{"gitId":"jovanhuang"},"content":"        printDivider();"},{"lineNumber":131,"author":{"gitId":"jovanhuang"},"content":"        System.out.println(\"Hello, I\u0027m Duke\");"},{"lineNumber":132,"author":{"gitId":"jovanhuang"},"content":"        System.out.println(\"What can I do for you?\");"},{"lineNumber":133,"author":{"gitId":"jovanhuang"},"content":"        System.out.println();"},{"lineNumber":134,"author":{"gitId":"jovanhuang"},"content":"        printDivider();"},{"lineNumber":135,"author":{"gitId":"jovanhuang"},"content":"    }"},{"lineNumber":136,"author":{"gitId":"jovanhuang"},"content":""},{"lineNumber":137,"author":{"gitId":"jovanhuang"},"content":"    public static void stopProgram(){"},{"lineNumber":138,"author":{"gitId":"jovanhuang"},"content":"        isEnding \u003d true;"},{"lineNumber":139,"author":{"gitId":"jovanhuang"},"content":"        System.out.println(\"Bye. Hope to see you again soon!\");"},{"lineNumber":140,"author":{"gitId":"jovanhuang"},"content":"        printDivider();"},{"lineNumber":141,"author":{"gitId":"jovanhuang"},"content":"        System.exit(0);"},{"lineNumber":142,"author":{"gitId":"jovanhuang"},"content":"    }"},{"lineNumber":143,"author":{"gitId":"jovanhuang"},"content":""},{"lineNumber":144,"author":{"gitId":"jovanhuang"},"content":"    public static void printDivider(){"},{"lineNumber":145,"author":{"gitId":"jovanhuang"},"content":"        System.out.println(\"________________________________\");"},{"lineNumber":146,"author":{"gitId":"jovanhuang"},"content":"    }"},{"lineNumber":147,"author":{"gitId":"jovanhuang"},"content":""},{"lineNumber":148,"author":{"gitId":"jovanhuang"},"content":""},{"lineNumber":149,"author":{"gitId":"jovanhuang"},"content":"}"}],"authorContributionMap":{"jovanhuang":149}},{"path":"src/main/java/duke/task/Deadline.java","fileType":"java","lines":[{"lineNumber":1,"author":{"gitId":"jovanhuang"},"content":"package duke.task;"},{"lineNumber":2,"author":{"gitId":"jovanhuang"},"content":""},{"lineNumber":3,"author":{"gitId":"jovanhuang"},"content":"import duke.task.Task;"},{"lineNumber":4,"author":{"gitId":"jovanhuang"},"content":""},{"lineNumber":5,"author":{"gitId":"jovanhuang"},"content":"public class Deadline extends Task {"},{"lineNumber":6,"author":{"gitId":"jovanhuang"},"content":""},{"lineNumber":7,"author":{"gitId":"jovanhuang"},"content":"    protected String by;"},{"lineNumber":8,"author":{"gitId":"jovanhuang"},"content":""},{"lineNumber":9,"author":{"gitId":"jovanhuang"},"content":"    public static final String DEADLINE_LABEL \u003d \"[D]\";"},{"lineNumber":10,"author":{"gitId":"jovanhuang"},"content":""},{"lineNumber":11,"author":{"gitId":"jovanhuang"},"content":"    public Deadline(String description, String by) {"},{"lineNumber":12,"author":{"gitId":"jovanhuang"},"content":"        super(description);"},{"lineNumber":13,"author":{"gitId":"jovanhuang"},"content":"        this.by \u003d by;"},{"lineNumber":14,"author":{"gitId":"jovanhuang"},"content":"    }"},{"lineNumber":15,"author":{"gitId":"jovanhuang"},"content":""},{"lineNumber":16,"author":{"gitId":"jovanhuang"},"content":"    public String getBy() {"},{"lineNumber":17,"author":{"gitId":"jovanhuang"},"content":"        return by;"},{"lineNumber":18,"author":{"gitId":"jovanhuang"},"content":"    }"},{"lineNumber":19,"author":{"gitId":"jovanhuang"},"content":""},{"lineNumber":20,"author":{"gitId":"jovanhuang"},"content":"    public void setBy(String by) {"},{"lineNumber":21,"author":{"gitId":"jovanhuang"},"content":"        this.by \u003d by;"},{"lineNumber":22,"author":{"gitId":"jovanhuang"},"content":"    }"},{"lineNumber":23,"author":{"gitId":"jovanhuang"},"content":""},{"lineNumber":24,"author":{"gitId":"jovanhuang"},"content":"    public void checkIfDeadlineDescriptionExists(String input) throws TaskDescriptionMissingException {"},{"lineNumber":25,"author":{"gitId":"jovanhuang"},"content":"        if (input.isBlank()) {"},{"lineNumber":26,"author":{"gitId":"jovanhuang"},"content":"            Task.decreaseTaskCount();"},{"lineNumber":27,"author":{"gitId":"jovanhuang"},"content":"            throw new TaskDescriptionMissingException();"},{"lineNumber":28,"author":{"gitId":"jovanhuang"},"content":"        }"},{"lineNumber":29,"author":{"gitId":"jovanhuang"},"content":"    }"},{"lineNumber":30,"author":{"gitId":"jovanhuang"},"content":""},{"lineNumber":31,"author":{"gitId":"jovanhuang"},"content":""},{"lineNumber":32,"author":{"gitId":"jovanhuang"},"content":"    @Override"},{"lineNumber":33,"author":{"gitId":"jovanhuang"},"content":"    public String toString() {"},{"lineNumber":34,"author":{"gitId":"jovanhuang"},"content":"        return DEADLINE_LABEL + super.toString() + \"(by: \" + by + \")\";"},{"lineNumber":35,"author":{"gitId":"jovanhuang"},"content":"    }"},{"lineNumber":36,"author":{"gitId":"jovanhuang"},"content":"}"},{"lineNumber":37,"author":{"gitId":"jovanhuang"},"content":""}],"authorContributionMap":{"jovanhuang":37}},{"path":"src/main/java/duke/task/Event.java","fileType":"java","lines":[{"lineNumber":1,"author":{"gitId":"jovanhuang"},"content":"package duke.task;"},{"lineNumber":2,"author":{"gitId":"jovanhuang"},"content":""},{"lineNumber":3,"author":{"gitId":"jovanhuang"},"content":"import duke.task.Task;"},{"lineNumber":4,"author":{"gitId":"jovanhuang"},"content":""},{"lineNumber":5,"author":{"gitId":"jovanhuang"},"content":"public class Event extends Task {"},{"lineNumber":6,"author":{"gitId":"jovanhuang"},"content":""},{"lineNumber":7,"author":{"gitId":"jovanhuang"},"content":"    protected String eventPeriod;"},{"lineNumber":8,"author":{"gitId":"jovanhuang"},"content":""},{"lineNumber":9,"author":{"gitId":"jovanhuang"},"content":"    public static final String EVENT_LABEL \u003d \"[E]\";"},{"lineNumber":10,"author":{"gitId":"jovanhuang"},"content":""},{"lineNumber":11,"author":{"gitId":"jovanhuang"},"content":"    public Event(String description, String eventPeriod) {"},{"lineNumber":12,"author":{"gitId":"jovanhuang"},"content":"        super(description);"},{"lineNumber":13,"author":{"gitId":"jovanhuang"},"content":"        this.eventPeriod \u003d eventPeriod;"},{"lineNumber":14,"author":{"gitId":"jovanhuang"},"content":"    }"},{"lineNumber":15,"author":{"gitId":"jovanhuang"},"content":""},{"lineNumber":16,"author":{"gitId":"jovanhuang"},"content":"    public String getEventPeriod() {"},{"lineNumber":17,"author":{"gitId":"jovanhuang"},"content":"        return eventPeriod;"},{"lineNumber":18,"author":{"gitId":"jovanhuang"},"content":"    }"},{"lineNumber":19,"author":{"gitId":"jovanhuang"},"content":""},{"lineNumber":20,"author":{"gitId":"jovanhuang"},"content":"    public void setEventPeriod(String eventPeriod) {"},{"lineNumber":21,"author":{"gitId":"jovanhuang"},"content":"        this.eventPeriod \u003d eventPeriod;"},{"lineNumber":22,"author":{"gitId":"jovanhuang"},"content":"    }"},{"lineNumber":23,"author":{"gitId":"jovanhuang"},"content":""},{"lineNumber":24,"author":{"gitId":"jovanhuang"},"content":"    @Override"},{"lineNumber":25,"author":{"gitId":"jovanhuang"},"content":"    public String toString() {"},{"lineNumber":26,"author":{"gitId":"jovanhuang"},"content":"        return EVENT_LABEL + super.toString() + \"(at: \" + eventPeriod + \")\";"},{"lineNumber":27,"author":{"gitId":"jovanhuang"},"content":"    }"},{"lineNumber":28,"author":{"gitId":"jovanhuang"},"content":"}"}],"authorContributionMap":{"jovanhuang":28}},{"path":"src/main/java/duke/task/StringManipulator.java","fileType":"java","lines":[{"lineNumber":1,"author":{"gitId":"jovanhuang"},"content":"package duke.task;"},{"lineNumber":2,"author":{"gitId":"jovanhuang"},"content":""},{"lineNumber":3,"author":{"gitId":"jovanhuang"},"content":"public class StringManipulator {"},{"lineNumber":4,"author":{"gitId":"jovanhuang"},"content":"    "},{"lineNumber":5,"author":{"gitId":"jovanhuang"},"content":"    public StringManipulator(){"},{"lineNumber":6,"author":{"gitId":"jovanhuang"},"content":"        // TODO: 02-Feb-21"},{"lineNumber":7,"author":{"gitId":"jovanhuang"},"content":"    }"},{"lineNumber":8,"author":{"gitId":"jovanhuang"},"content":""},{"lineNumber":9,"author":{"gitId":"jovanhuang"},"content":"    public static String getFirstWord(String input){"},{"lineNumber":10,"author":{"gitId":"jovanhuang"},"content":"        return input.split(\" \")[0];"},{"lineNumber":11,"author":{"gitId":"jovanhuang"},"content":"    }"},{"lineNumber":12,"author":{"gitId":"jovanhuang"},"content":""},{"lineNumber":13,"author":{"gitId":"jovanhuang"},"content":"    public static String getStringAfterSlash(String input){"},{"lineNumber":14,"author":{"gitId":"jovanhuang"},"content":"        return input.substring(input.indexOf(\"/\")+1+2+1);"},{"lineNumber":15,"author":{"gitId":"jovanhuang"},"content":"    }"},{"lineNumber":16,"author":{"gitId":"jovanhuang"},"content":""},{"lineNumber":17,"author":{"gitId":"jovanhuang"},"content":"    public static String getIndexOfStringAfterWhiteSpace(String input){"},{"lineNumber":18,"author":{"gitId":"jovanhuang"},"content":"        int firstWhiteSpaceIndex \u003d input.indexOf(\" \");"},{"lineNumber":19,"author":{"gitId":"jovanhuang"},"content":"        if (firstWhiteSpaceIndex \u003d\u003d -1){"},{"lineNumber":20,"author":{"gitId":"jovanhuang"},"content":"            return input.substring(input.length());"},{"lineNumber":21,"author":{"gitId":"jovanhuang"},"content":"        }"},{"lineNumber":22,"author":{"gitId":"jovanhuang"},"content":"        return input.substring(firstWhiteSpaceIndex+1);"},{"lineNumber":23,"author":{"gitId":"jovanhuang"},"content":"    }"},{"lineNumber":24,"author":{"gitId":"jovanhuang"},"content":""},{"lineNumber":25,"author":{"gitId":"jovanhuang"},"content":"    public static String getStringAfterWhiteSpaceAndBeforeSlash(String input){"},{"lineNumber":26,"author":{"gitId":"jovanhuang"},"content":"        int firstWhiteSpaceIndex \u003d input.indexOf(\" \");"},{"lineNumber":27,"author":{"gitId":"jovanhuang"},"content":"        int firstSlashIndex \u003d input.indexOf(\"/\");"},{"lineNumber":28,"author":{"gitId":"jovanhuang"},"content":"        if (firstWhiteSpaceIndex \u003d\u003d -1) {"},{"lineNumber":29,"author":{"gitId":"jovanhuang"},"content":"            return input.substring(input.length());"},{"lineNumber":30,"author":{"gitId":"jovanhuang"},"content":"        }"},{"lineNumber":31,"author":{"gitId":"jovanhuang"},"content":"        if (firstSlashIndex \u003d\u003d -1) {"},{"lineNumber":32,"author":{"gitId":"jovanhuang"},"content":"            return input.substring(firstWhiteSpaceIndex+1, input.length());"},{"lineNumber":33,"author":{"gitId":"jovanhuang"},"content":"        }"},{"lineNumber":34,"author":{"gitId":"jovanhuang"},"content":"        return input.substring(firstWhiteSpaceIndex+1, firstSlashIndex);"},{"lineNumber":35,"author":{"gitId":"jovanhuang"},"content":"    }"},{"lineNumber":36,"author":{"gitId":"jovanhuang"},"content":""},{"lineNumber":37,"author":{"gitId":"jovanhuang"},"content":"    public static int getTaskNumberDone(String input){"},{"lineNumber":38,"author":{"gitId":"jovanhuang"},"content":"        return Integer.parseInt(input.substring(5));"},{"lineNumber":39,"author":{"gitId":"jovanhuang"},"content":"    }"},{"lineNumber":40,"author":{"gitId":"jovanhuang"},"content":""},{"lineNumber":41,"author":{"gitId":"jovanhuang"},"content":"    public static int getTaskNumberDeleted(String input){"},{"lineNumber":42,"author":{"gitId":"jovanhuang"},"content":"        return Integer.parseInt(input.substring(7));"},{"lineNumber":43,"author":{"gitId":"jovanhuang"},"content":"    }"},{"lineNumber":44,"author":{"gitId":"jovanhuang"},"content":"}"}],"authorContributionMap":{"jovanhuang":44}},{"path":"src/main/java/duke/task/Task.java","fileType":"java","lines":[{"lineNumber":1,"author":{"gitId":"jovanhuang"},"content":"package duke.task;"},{"lineNumber":2,"author":{"gitId":"jovanhuang"},"content":""},{"lineNumber":3,"author":{"gitId":"jovanhuang"},"content":"public class Task {"},{"lineNumber":4,"author":{"gitId":"jovanhuang"},"content":"    protected String description;"},{"lineNumber":5,"author":{"gitId":"jovanhuang"},"content":"    protected boolean isDone;"},{"lineNumber":6,"author":{"gitId":"jovanhuang"},"content":""},{"lineNumber":7,"author":{"gitId":"jovanhuang"},"content":"    /** Total number of tasks keyed in Duke program **/"},{"lineNumber":8,"author":{"gitId":"jovanhuang"},"content":"    private static int taskCount \u003d 0;"},{"lineNumber":9,"author":{"gitId":"jovanhuang"},"content":""},{"lineNumber":10,"author":{"gitId":"jovanhuang"},"content":"    public Task(String description){"},{"lineNumber":11,"author":{"gitId":"jovanhuang"},"content":"        this.description \u003d description;"},{"lineNumber":12,"author":{"gitId":"jovanhuang"},"content":"        this.isDone \u003d false;"},{"lineNumber":13,"author":{"gitId":"jovanhuang"},"content":"        taskCount +\u003d 1;"},{"lineNumber":14,"author":{"gitId":"jovanhuang"},"content":""},{"lineNumber":15,"author":{"gitId":"jovanhuang"},"content":"    }"},{"lineNumber":16,"author":{"gitId":"jovanhuang"},"content":""},{"lineNumber":17,"author":{"gitId":"jovanhuang"},"content":"    public String getStatusIcon(){"},{"lineNumber":18,"author":{"gitId":"jovanhuang"},"content":"        return (isDone ? \"\\u2713\" : \"\\u2718\");  //return tick or X symbols"},{"lineNumber":19,"author":{"gitId":"jovanhuang"},"content":"    }"},{"lineNumber":20,"author":{"gitId":"jovanhuang"},"content":""},{"lineNumber":21,"author":{"gitId":"jovanhuang"},"content":"    public static int getTaskCount(){"},{"lineNumber":22,"author":{"gitId":"jovanhuang"},"content":"        return taskCount;"},{"lineNumber":23,"author":{"gitId":"jovanhuang"},"content":"    }"},{"lineNumber":24,"author":{"gitId":"jovanhuang"},"content":""},{"lineNumber":25,"author":{"gitId":"jovanhuang"},"content":"    public String getDescription() {"},{"lineNumber":26,"author":{"gitId":"jovanhuang"},"content":"        return description;"},{"lineNumber":27,"author":{"gitId":"jovanhuang"},"content":"    }"},{"lineNumber":28,"author":{"gitId":"jovanhuang"},"content":""},{"lineNumber":29,"author":{"gitId":"jovanhuang"},"content":"    public boolean getIsDone() {"},{"lineNumber":30,"author":{"gitId":"jovanhuang"},"content":"        return isDone;"},{"lineNumber":31,"author":{"gitId":"jovanhuang"},"content":"    }"},{"lineNumber":32,"author":{"gitId":"jovanhuang"},"content":""},{"lineNumber":33,"author":{"gitId":"jovanhuang"},"content":"    public void setDescription(String description) {"},{"lineNumber":34,"author":{"gitId":"jovanhuang"},"content":"        this.description \u003d description;"},{"lineNumber":35,"author":{"gitId":"jovanhuang"},"content":"    }"},{"lineNumber":36,"author":{"gitId":"jovanhuang"},"content":""},{"lineNumber":37,"author":{"gitId":"jovanhuang"},"content":"    public void markAsDone(){"},{"lineNumber":38,"author":{"gitId":"jovanhuang"},"content":"        isDone \u003d true;"},{"lineNumber":39,"author":{"gitId":"jovanhuang"},"content":"    }"},{"lineNumber":40,"author":{"gitId":"jovanhuang"},"content":""},{"lineNumber":41,"author":{"gitId":"jovanhuang"},"content":"    public static void increaseTaskCount(){"},{"lineNumber":42,"author":{"gitId":"jovanhuang"},"content":"        taskCount +\u003d 1;"},{"lineNumber":43,"author":{"gitId":"jovanhuang"},"content":"    }"},{"lineNumber":44,"author":{"gitId":"jovanhuang"},"content":""},{"lineNumber":45,"author":{"gitId":"jovanhuang"},"content":"    public static void decreaseTaskCount(){"},{"lineNumber":46,"author":{"gitId":"jovanhuang"},"content":"        taskCount -\u003d 1;"},{"lineNumber":47,"author":{"gitId":"jovanhuang"},"content":"    }"},{"lineNumber":48,"author":{"gitId":"jovanhuang"},"content":""},{"lineNumber":49,"author":{"gitId":"jovanhuang"},"content":"    @Override"},{"lineNumber":50,"author":{"gitId":"jovanhuang"},"content":"    public String toString() {"},{"lineNumber":51,"author":{"gitId":"jovanhuang"},"content":"        return \"[\" + getStatusIcon() + \"] \" + getDescription();"},{"lineNumber":52,"author":{"gitId":"jovanhuang"},"content":"    }"},{"lineNumber":53,"author":{"gitId":"jovanhuang"},"content":"}"}],"authorContributionMap":{"jovanhuang":53}},{"path":"src/main/java/duke/task/TaskDescriptionMissingException.java","fileType":"java","lines":[{"lineNumber":1,"author":{"gitId":"jovanhuang"},"content":"package duke.task;"},{"lineNumber":2,"author":{"gitId":"jovanhuang"},"content":""},{"lineNumber":3,"author":{"gitId":"jovanhuang"},"content":"public class TaskDescriptionMissingException extends Exception {"},{"lineNumber":4,"author":{"gitId":"jovanhuang"},"content":"    @Override"},{"lineNumber":5,"author":{"gitId":"jovanhuang"},"content":"    public String getMessage() {"},{"lineNumber":6,"author":{"gitId":"jovanhuang"},"content":"        String errorMessage \u003d \"☹ OOPS!!! The description of a task cannot be empty. \\n\" + \"Please try again!\";"},{"lineNumber":7,"author":{"gitId":"jovanhuang"},"content":"        return errorMessage;"},{"lineNumber":8,"author":{"gitId":"jovanhuang"},"content":"    }"},{"lineNumber":9,"author":{"gitId":"jovanhuang"},"content":"}"}],"authorContributionMap":{"jovanhuang":9}},{"path":"src/main/java/duke/task/TaskManager.java","fileType":"java","lines":[{"lineNumber":1,"author":{"gitId":"jovanhuang"},"content":"package duke.task;"},{"lineNumber":2,"author":{"gitId":"jovanhuang"},"content":""},{"lineNumber":3,"author":{"gitId":"jovanhuang"},"content":"import duke.command.CommandNotFoundException;"},{"lineNumber":4,"author":{"gitId":"jovanhuang"},"content":"import duke.command.MainUI;"},{"lineNumber":5,"author":{"gitId":"jovanhuang"},"content":""},{"lineNumber":6,"author":{"gitId":"jovanhuang"},"content":""},{"lineNumber":7,"author":{"gitId":"jovanhuang"},"content":"import java.io.FileOutputStream;"},{"lineNumber":8,"author":{"gitId":"jovanhuang"},"content":"import java.io.PrintStream;"},{"lineNumber":9,"author":{"gitId":"jovanhuang"},"content":"import java.util.ArrayList;"},{"lineNumber":10,"author":{"gitId":"jovanhuang"},"content":""},{"lineNumber":11,"author":{"gitId":"jovanhuang"},"content":"import java.io.IOException;"},{"lineNumber":12,"author":{"gitId":"jovanhuang"},"content":""},{"lineNumber":13,"author":{"gitId":"jovanhuang"},"content":"import static duke.command.MainUI.taskArrayList;"},{"lineNumber":14,"author":{"gitId":"jovanhuang"},"content":""},{"lineNumber":15,"author":{"gitId":"jovanhuang"},"content":"public class TaskManager {"},{"lineNumber":16,"author":{"gitId":"jovanhuang"},"content":"    private static final String TODO_COMMAND \u003d \"todo\";"},{"lineNumber":17,"author":{"gitId":"jovanhuang"},"content":"    private static final String DEADLINE_COMMAND \u003d \"deadline\";"},{"lineNumber":18,"author":{"gitId":"jovanhuang"},"content":"    private static final String EVENT_COMMAND \u003d \"event\";"},{"lineNumber":19,"author":{"gitId":"jovanhuang"},"content":"    public static final String DONE_COMMAND \u003d \"done\";"},{"lineNumber":20,"author":{"gitId":"jovanhuang"},"content":"    public static final String DELETE_COMMAND \u003d \"delete\";"},{"lineNumber":21,"author":{"gitId":"jovanhuang"},"content":""},{"lineNumber":22,"author":{"gitId":"jovanhuang"},"content":"    private static final String ADDED_TASK_MESSAGE \u003d \"Got it. I have added this task: \";"},{"lineNumber":23,"author":{"gitId":"jovanhuang"},"content":"    private static final String MARKED_TASK_AS_DONE_MESSAGE \u003d \"Nice! I\u0027ve marked this task as done: \";"},{"lineNumber":24,"author":{"gitId":"jovanhuang"},"content":""},{"lineNumber":25,"author":{"gitId":"jovanhuang"},"content":""},{"lineNumber":26,"author":{"gitId":"jovanhuang"},"content":"    public static void handleTask(String input) throws CommandNotFoundException {"},{"lineNumber":27,"author":{"gitId":"jovanhuang"},"content":"        String firstWord \u003d StringManipulator.getFirstWord(input);"},{"lineNumber":28,"author":{"gitId":"jovanhuang"},"content":"        switch (firstWord){"},{"lineNumber":29,"author":{"gitId":"jovanhuang"},"content":"        case DONE_COMMAND:"},{"lineNumber":30,"author":{"gitId":"jovanhuang"},"content":"            try {"},{"lineNumber":31,"author":{"gitId":"jovanhuang"},"content":"                int taskNumberDone \u003d StringManipulator.getTaskNumberDone(input);"},{"lineNumber":32,"author":{"gitId":"jovanhuang"},"content":"                markTaskAsDone(taskNumberDone);"},{"lineNumber":33,"author":{"gitId":"jovanhuang"},"content":"                updateDataFile();"},{"lineNumber":34,"author":{"gitId":"jovanhuang"},"content":"            } catch (IOException e) {"},{"lineNumber":35,"author":{"gitId":"jovanhuang"},"content":"                System.out.println(\"IOError at Done command\");"},{"lineNumber":36,"author":{"gitId":"jovanhuang"},"content":"            }"},{"lineNumber":37,"author":{"gitId":"jovanhuang"},"content":"            break;"},{"lineNumber":38,"author":{"gitId":"jovanhuang"},"content":"        case TODO_COMMAND:"},{"lineNumber":39,"author":{"gitId":"jovanhuang"},"content":"            try{"},{"lineNumber":40,"author":{"gitId":"jovanhuang"},"content":"                String taskDescription \u003d StringManipulator.getIndexOfStringAfterWhiteSpace(input);"},{"lineNumber":41,"author":{"gitId":"jovanhuang"},"content":"                Todo t \u003d new Todo(taskDescription);"},{"lineNumber":42,"author":{"gitId":"jovanhuang"},"content":"                t.checkIfToDoDescriptionExists(taskDescription);"},{"lineNumber":43,"author":{"gitId":"jovanhuang"},"content":"                taskArrayList.add(t);"},{"lineNumber":44,"author":{"gitId":"jovanhuang"},"content":"                printMessageAfterTaskIsAdded(t);"},{"lineNumber":45,"author":{"gitId":"jovanhuang"},"content":"                updateDataFile();"},{"lineNumber":46,"author":{"gitId":"jovanhuang"},"content":"            } catch (TaskDescriptionMissingException e) {"},{"lineNumber":47,"author":{"gitId":"jovanhuang"},"content":"                System.out.println(e.getMessage());"},{"lineNumber":48,"author":{"gitId":"jovanhuang"},"content":"                MainUI.printDivider();"},{"lineNumber":49,"author":{"gitId":"jovanhuang"},"content":"            } catch (IOException e) {"},{"lineNumber":50,"author":{"gitId":"jovanhuang"},"content":"                System.out.println(\"IOError at TODO Command\");"},{"lineNumber":51,"author":{"gitId":"jovanhuang"},"content":"            }"},{"lineNumber":52,"author":{"gitId":"jovanhuang"},"content":"            break;"},{"lineNumber":53,"author":{"gitId":"jovanhuang"},"content":"            "},{"lineNumber":54,"author":{"gitId":"jovanhuang"},"content":"        case DEADLINE_COMMAND:"},{"lineNumber":55,"author":{"gitId":"jovanhuang"},"content":"            try {"},{"lineNumber":56,"author":{"gitId":"jovanhuang"},"content":"                String dueDate \u003d StringManipulator.getStringAfterSlash(input);"},{"lineNumber":57,"author":{"gitId":"jovanhuang"},"content":"                String taskDescription \u003d StringManipulator.getStringAfterWhiteSpaceAndBeforeSlash(input);"},{"lineNumber":58,"author":{"gitId":"jovanhuang"},"content":"                Deadline d \u003d new Deadline(taskDescription,dueDate);"},{"lineNumber":59,"author":{"gitId":"jovanhuang"},"content":"                d.checkIfDeadlineDescriptionExists(taskDescription);"},{"lineNumber":60,"author":{"gitId":"jovanhuang"},"content":"                taskArrayList.add(d);"},{"lineNumber":61,"author":{"gitId":"jovanhuang"},"content":"                printMessageAfterTaskIsAdded(d);"},{"lineNumber":62,"author":{"gitId":"jovanhuang"},"content":"                updateDataFile();"},{"lineNumber":63,"author":{"gitId":"jovanhuang"},"content":"            } catch (TaskDescriptionMissingException e) {"},{"lineNumber":64,"author":{"gitId":"jovanhuang"},"content":"                System.out.println(e.getMessage());"},{"lineNumber":65,"author":{"gitId":"jovanhuang"},"content":"                MainUI.printDivider();"},{"lineNumber":66,"author":{"gitId":"jovanhuang"},"content":"            } catch (IOException e) {"},{"lineNumber":67,"author":{"gitId":"jovanhuang"},"content":"                System.out.println(\"IOError at DEADLINE Command\");"},{"lineNumber":68,"author":{"gitId":"jovanhuang"},"content":"            }"},{"lineNumber":69,"author":{"gitId":"jovanhuang"},"content":"            break;"},{"lineNumber":70,"author":{"gitId":"jovanhuang"},"content":"        case EVENT_COMMAND:"},{"lineNumber":71,"author":{"gitId":"jovanhuang"},"content":"            try {"},{"lineNumber":72,"author":{"gitId":"jovanhuang"},"content":"                String eventPeriod \u003d StringManipulator.getStringAfterSlash(input);"},{"lineNumber":73,"author":{"gitId":"jovanhuang"},"content":"                String taskDescription \u003d StringManipulator.getStringAfterWhiteSpaceAndBeforeSlash(input);"},{"lineNumber":74,"author":{"gitId":"jovanhuang"},"content":"                Event e \u003d new Event(taskDescription,eventPeriod);"},{"lineNumber":75,"author":{"gitId":"jovanhuang"},"content":"                taskArrayList.add(e);"},{"lineNumber":76,"author":{"gitId":"jovanhuang"},"content":"                printMessageAfterTaskIsAdded(e);"},{"lineNumber":77,"author":{"gitId":"jovanhuang"},"content":"                updateDataFile();"},{"lineNumber":78,"author":{"gitId":"jovanhuang"},"content":"            } catch (IOException e) {"},{"lineNumber":79,"author":{"gitId":"jovanhuang"},"content":"                System.out.println(\"IOError at EVENT Command\");"},{"lineNumber":80,"author":{"gitId":"jovanhuang"},"content":"            }"},{"lineNumber":81,"author":{"gitId":"jovanhuang"},"content":"            break;"},{"lineNumber":82,"author":{"gitId":"jovanhuang"},"content":"        case DELETE_COMMAND:"},{"lineNumber":83,"author":{"gitId":"jovanhuang"},"content":"            try {"},{"lineNumber":84,"author":{"gitId":"jovanhuang"},"content":"                int taskNumberDeleted \u003d StringManipulator.getTaskNumberDeleted(input);"},{"lineNumber":85,"author":{"gitId":"jovanhuang"},"content":"                System.out.println(\"Noted. I\u0027ve removed this task:\\n\" + taskArrayList.get(taskNumberDeleted-1));"},{"lineNumber":86,"author":{"gitId":"jovanhuang"},"content":"                taskArrayList.remove(taskNumberDeleted-1);"},{"lineNumber":87,"author":{"gitId":"jovanhuang"},"content":"                Task.decreaseTaskCount();"},{"lineNumber":88,"author":{"gitId":"jovanhuang"},"content":"                System.out.println(\"Now you have \" + Task.getTaskCount() + \" tasks in the list.\");"},{"lineNumber":89,"author":{"gitId":"jovanhuang"},"content":"                updateDataFile();"},{"lineNumber":90,"author":{"gitId":"jovanhuang"},"content":"        } catch (IOException e) {"},{"lineNumber":91,"author":{"gitId":"jovanhuang"},"content":"            System.out.println(\"IOError at DELETE Command\");"},{"lineNumber":92,"author":{"gitId":"jovanhuang"},"content":"        }"},{"lineNumber":93,"author":{"gitId":"jovanhuang"},"content":"            break;"},{"lineNumber":94,"author":{"gitId":"jovanhuang"},"content":"        default:"},{"lineNumber":95,"author":{"gitId":"jovanhuang"},"content":"            throw new CommandNotFoundException();"},{"lineNumber":96,"author":{"gitId":"jovanhuang"},"content":"        }"},{"lineNumber":97,"author":{"gitId":"jovanhuang"},"content":"    }"},{"lineNumber":98,"author":{"gitId":"jovanhuang"},"content":""},{"lineNumber":99,"author":{"gitId":"jovanhuang"},"content":""},{"lineNumber":100,"author":{"gitId":"jovanhuang"},"content":"    private static void printMessageAfterTaskIsAdded(Task task) {"},{"lineNumber":101,"author":{"gitId":"jovanhuang"},"content":"        MainUI.printDivider();"},{"lineNumber":102,"author":{"gitId":"jovanhuang"},"content":"        System.out.println(ADDED_TASK_MESSAGE);"},{"lineNumber":103,"author":{"gitId":"jovanhuang"},"content":"        System.out.println(\"\\t\"+task);"},{"lineNumber":104,"author":{"gitId":"jovanhuang"},"content":"        printTaskCount();"},{"lineNumber":105,"author":{"gitId":"jovanhuang"},"content":"        MainUI.printDivider();"},{"lineNumber":106,"author":{"gitId":"jovanhuang"},"content":"    }"},{"lineNumber":107,"author":{"gitId":"jovanhuang"},"content":""},{"lineNumber":108,"author":{"gitId":"jovanhuang"},"content":"    private static void printTaskCount() {"},{"lineNumber":109,"author":{"gitId":"jovanhuang"},"content":"        System.out.println(\"Now you have \" + Task.getTaskCount() + \" task(s) in the list.\");"},{"lineNumber":110,"author":{"gitId":"jovanhuang"},"content":"    }"},{"lineNumber":111,"author":{"gitId":"jovanhuang"},"content":""},{"lineNumber":112,"author":{"gitId":"jovanhuang"},"content":"    public static void markTaskAsDone(int taskNumber){"},{"lineNumber":113,"author":{"gitId":"jovanhuang"},"content":"        System.out.println(MARKED_TASK_AS_DONE_MESSAGE);"},{"lineNumber":114,"author":{"gitId":"jovanhuang"},"content":"        taskArrayList.get(taskNumber-1).markAsDone();"},{"lineNumber":115,"author":{"gitId":"jovanhuang"},"content":"        System.out.println(taskArrayList.get(taskNumber-1));"},{"lineNumber":116,"author":{"gitId":"jovanhuang"},"content":"        MainUI.printDivider();"},{"lineNumber":117,"author":{"gitId":"jovanhuang"},"content":""},{"lineNumber":118,"author":{"gitId":"jovanhuang"},"content":"    }"},{"lineNumber":119,"author":{"gitId":"jovanhuang"},"content":""},{"lineNumber":120,"author":{"gitId":"jovanhuang"},"content":"    public static void printAllTasks(ArrayList\u003cTask\u003e taskArrayList){"},{"lineNumber":121,"author":{"gitId":"jovanhuang"},"content":"        int TaskCount \u003d 0;"},{"lineNumber":122,"author":{"gitId":"jovanhuang"},"content":"        MainUI.printDivider();"},{"lineNumber":123,"author":{"gitId":"jovanhuang"},"content":"        System.out.println(\"Here are the tasks in your list:\");"},{"lineNumber":124,"author":{"gitId":"jovanhuang"},"content":"        for (Task task: taskArrayList){"},{"lineNumber":125,"author":{"gitId":"jovanhuang"},"content":"            TaskCount +\u003d1;"},{"lineNumber":126,"author":{"gitId":"jovanhuang"},"content":"            System.out.println(TaskCount + \".\" + task);"},{"lineNumber":127,"author":{"gitId":"jovanhuang"},"content":"        }"},{"lineNumber":128,"author":{"gitId":"jovanhuang"},"content":"        MainUI.printDivider();"},{"lineNumber":129,"author":{"gitId":"jovanhuang"},"content":"    }"},{"lineNumber":130,"author":{"gitId":"jovanhuang"},"content":""},{"lineNumber":131,"author":{"gitId":"jovanhuang"},"content":"    public static void updateDataFile() throws IOException {"},{"lineNumber":132,"author":{"gitId":"jovanhuang"},"content":"        PrintStream out \u003d new PrintStream(new FileOutputStream(MainUI.FILE_PATH));"},{"lineNumber":133,"author":{"gitId":"jovanhuang"},"content":"        PrintStream stdout \u003d System.out;"},{"lineNumber":134,"author":{"gitId":"jovanhuang"},"content":"        System.setOut(out);"},{"lineNumber":135,"author":{"gitId":"jovanhuang"},"content":"        for (Task task: taskArrayList){"},{"lineNumber":136,"author":{"gitId":"jovanhuang"},"content":"            System.out.println(task);"},{"lineNumber":137,"author":{"gitId":"jovanhuang"},"content":"        }"},{"lineNumber":138,"author":{"gitId":"jovanhuang"},"content":"        System.setOut(stdout);"},{"lineNumber":139,"author":{"gitId":"jovanhuang"},"content":"    }"},{"lineNumber":140,"author":{"gitId":"jovanhuang"},"content":"}"}],"authorContributionMap":{"jovanhuang":140}},{"path":"src/main/java/duke/task/Todo.java","fileType":"java","lines":[{"lineNumber":1,"author":{"gitId":"jovanhuang"},"content":"package duke.task;"},{"lineNumber":2,"author":{"gitId":"jovanhuang"},"content":""},{"lineNumber":3,"author":{"gitId":"jovanhuang"},"content":"public class Todo extends Task {"},{"lineNumber":4,"author":{"gitId":"jovanhuang"},"content":""},{"lineNumber":5,"author":{"gitId":"jovanhuang"},"content":"    public static final String TODO_LABEL \u003d \"[T]\";"},{"lineNumber":6,"author":{"gitId":"jovanhuang"},"content":""},{"lineNumber":7,"author":{"gitId":"jovanhuang"},"content":"    public Todo(String description) {"},{"lineNumber":8,"author":{"gitId":"jovanhuang"},"content":"        super(description);"},{"lineNumber":9,"author":{"gitId":"jovanhuang"},"content":"    }"},{"lineNumber":10,"author":{"gitId":"jovanhuang"},"content":""},{"lineNumber":11,"author":{"gitId":"jovanhuang"},"content":"    public static void checkIfToDoDescriptionExists(String input) throws TaskDescriptionMissingException {"},{"lineNumber":12,"author":{"gitId":"jovanhuang"},"content":"        if (input.isBlank()){"},{"lineNumber":13,"author":{"gitId":"jovanhuang"},"content":"            Task.decreaseTaskCount();"},{"lineNumber":14,"author":{"gitId":"jovanhuang"},"content":"            throw new TaskDescriptionMissingException();"},{"lineNumber":15,"author":{"gitId":"jovanhuang"},"content":"        }"},{"lineNumber":16,"author":{"gitId":"jovanhuang"},"content":"    }"},{"lineNumber":17,"author":{"gitId":"jovanhuang"},"content":""},{"lineNumber":18,"author":{"gitId":"jovanhuang"},"content":"    @Override"},{"lineNumber":19,"author":{"gitId":"jovanhuang"},"content":"    public String toString() {"},{"lineNumber":20,"author":{"gitId":"jovanhuang"},"content":"        return TODO_LABEL + super.toString();"},{"lineNumber":21,"author":{"gitId":"jovanhuang"},"content":"    }"},{"lineNumber":22,"author":{"gitId":"jovanhuang"},"content":"}"}],"authorContributionMap":{"jovanhuang":22}},{"path":"text-ui-test/input.txt","fileType":"txt","lines":[{"lineNumber":1,"author":{"gitId":"jovanhuang"},"content":"todo borrow book"},{"lineNumber":2,"author":{"gitId":"jovanhuang"},"content":"list"},{"lineNumber":3,"author":{"gitId":"jovanhuang"},"content":"deadline return book /by Sunday"},{"lineNumber":4,"author":{"gitId":"jovanhuang"},"content":"event project meeting /at Mon 2-4pm"},{"lineNumber":5,"author":{"gitId":"jovanhuang"},"content":"deadline do homework /by no idea :-p"},{"lineNumber":6,"author":{"gitId":"jovanhuang"},"content":"bye"}],"authorContributionMap":{"jovanhuang":6}}]
