{"authorDailyContributionsMap":{"jovanhuang":[{"date":"2021-01-19","commitResults":[{"hash":"c100ec19cdb298df92cbf76ba660155d36d60dc0","messageTitle":"Add empty line to check the autograding","messageBody":"","fileTypesAndContributionMap":{"java":{"insertions":1,"deletions":0}}},{"hash":"c384a2d99e286c0156dc5788b58a743ce72b1ebb","messageTitle":"Complete Level - 0 (Greet users and exit)","messageBody":"","fileTypesAndContributionMap":{"java":{"insertions":17,"deletions":1}}}]},{"date":"2021-01-25","commitResults":[{"hash":"30a203a95e54475ec08ab15081fb4da0e6a60f97","messageTitle":"Implement echoing commands and exit when user types bye.","messageBody":"","fileTypesAndContributionMap":{"java":{"insertions":28,"deletions":1}}},{"hash":"580c0d922752d420e980ad920e708504407313d5","messageTitle":"Remove redundant variable","messageBody":"","tags":["Level-1"],"fileTypesAndContributionMap":{"java":{"insertions":1,"deletions":3}}},{"hash":"de2294812667a51e9db2c3f8faf28f159fb47574","messageTitle":"Add ability to store text entered by user and display all of them back to user when requested.","messageBody":"","tags":["Level-2"],"fileTypesAndContributionMap":{"java":{"insertions":23,"deletions":6}}},{"hash":"8faa605952d6d98893c980a4bbbb3f795b8c8cd4","messageTitle":"Add ability to mark tasks as done.","messageBody":"","tags":["Level-3"],"fileTypesAndContributionMap":{"java":{"insertions":56,"deletions":13}}},{"hash":"00f0554b3ffbd77ae7faa8b36ca3b6784f47ea8e","messageTitle":"Refactor code and move codes from main method to helper methods.","messageBody":"","fileTypesAndContributionMap":{"java":{"insertions":32,"deletions":34}}},{"hash":"a54b3f70b25529ba0ca746a5ba6f30ed820c4b23","messageTitle":"Add comment to class-level variable, taskCount.","messageBody":"","fileTypesAndContributionMap":{"java":{"insertions":2,"deletions":1}}},{"hash":"42e810a35e669aabca20bc9b7210dcba83ac16cc","messageTitle":"Change to correct usage of class-level members","messageBody":"","tags":["A-CodingStandard"],"fileTypesAndContributionMap":{"java":{"insertions":13,"deletions":8}}}]},{"date":"2021-02-02","commitResults":[{"hash":"38fad9360005556c54f4776f653723cbb94dcaae","messageTitle":"made empty commit to check if system detect me creating PR request","messageBody":"","fileTypesAndContributionMap":{"java":{"insertions":1,"deletions":0}}},{"hash":"9a219466fd0949f98daf66914800e1cecb8e9769","messageTitle":"Add support for tracking three types of tasks - ToDos, Deadlines \u0026 Events.","messageBody":"","tags":["Level-4"],"fileTypesAndContributionMap":{"java":{"insertions":179,"deletions":58}}},{"hash":"bb842da8c7b2a409594bdd26be65a442a149e0c4","messageTitle":"Use the input/output redirection technique to semi-automate the testing of Duke.","messageBody":"","tags":["A-TextUiTesting"],"fileTypesAndContributionMap":{"txt":{"insertions":5,"deletions":0}}},{"hash":"41f174698f6092e1a4df45e0e5d497316bc52bc0","messageTitle":"Improve code quality.","messageBody":"","tags":["A-CodeQuality"],"fileTypesAndContributionMap":{"txt":{"insertions":2,"deletions":1},"java":{"insertions":44,"deletions":25}}},{"hash":"cfe214f312f3da91bebfeccd1e4702ea02ae2906","messageTitle":"Correct minor typo","messageBody":"","fileTypesAndContributionMap":{"java":{"insertions":2,"deletions":2}}}]},{"date":"2021-02-09","commitResults":[{"hash":"d3a899a03dd908e2d3e9cd570db3779ed30af0fe","messageTitle":"Improve coding standards by replacing integer constants and string constants with final variables in the method bodies.","messageBody":"","fileTypesAndContributionMap":{"java":{"insertions":25,"deletions":9}}},{"hash":"376a0821dbc2a08cce8828ce328f144ba5eef9ce","messageTitle":"Improve coding standards by removing string constants.","messageBody":"","fileTypesAndContributionMap":{"java":{"insertions":7,"deletions":3}}},{"hash":"cf9ef88adeb35ee7b0d2836d9285a2e125fe580e","messageTitle":"Improve coding standard by removing string constants.","messageBody":"","fileTypesAndContributionMap":{"java":{"insertions":2,"deletions":1}}},{"hash":"7e2d80f1b995b7325b434e5269a2ac69c9e9729a","messageTitle":"Handle errors.","messageBody":"Errors handled are:\n-empty description for todo tasks\n-incorrect commands\n","tags":["Level-5","A-Exceptions"],"fileTypesAndContributionMap":{"java":{"insertions":93,"deletions":37}}},{"hash":"ad953da76e3e0dddea035ef2af6c488b94b5867e","messageTitle":"organise classes into packages.","messageBody":"","tags":["A-Packages"],"fileTypesAndContributionMap":{"java":{"insertions":33,"deletions":3}}}]},{"date":"2021-02-10","commitResults":[{"hash":"7ff95db1ea67ac30b55989ade0b44daaf39d9b35","messageTitle":"add error handling for empty deadline description.","messageBody":"","fileTypesAndContributionMap":{"java":{"insertions":27,"deletions":7}}}]},{"date":"2021-02-16","commitResults":[{"hash":"00a9997548c5a31ae61bc476f916f5bbc2961034","messageTitle":"Complete level 6.","messageBody":"Add support for deleting tasks from the list.\n","fileTypesAndContributionMap":{"java":{"insertions":26,"deletions":24}}}]},{"date":"2021-02-17","commitResults":[{"hash":"8e6268bb7e75f60c8d4f4b7d7c8c24ad98eb7572","messageTitle":"Add codes for Level-7.","messageBody":"Save the tasks in the hard disk automatically whenever the task list changes.\n","fileTypesAndContributionMap":{"txt":{"insertions":2,"deletions":0},"java":{"insertions":58,"deletions":3}}},{"hash":"52156ddbfcd2e50d57f1eaa3ba52145176c3bd0e","messageTitle":"Add a space to create a new merge commit.","messageBody":"","fileTypesAndContributionMap":{"java":{"insertions":1,"deletions":0}}},{"hash":"b38f097f397d794c214176f6e3d02a9a963d9503","messageTitle":"Fix Level-7 errors.","messageBody":"Save the tasks in the hard disk automatically whenever the task list changes.\nLoad the data from the hard disk when Duke starts up.\n","tags":["Level-7","A-Jar"],"fileTypesAndContributionMap":{"txt":{"insertions":0,"deletions":2},"java":{"insertions":137,"deletions":48}}},{"hash":"0329f0767760ded67c2f752a7e2defae7dbcd0fa","messageTitle":"Improved english","messageBody":"","fileTypesAndContributionMap":{"java":{"insertions":1,"deletions":1}}}]},{"date":"2021-02-19","commitResults":[{"hash":"38b2304ddc223f6e9849a145c994fea6b96e13dd","messageTitle":"remove print statement that was used for debugging","messageBody":"","fileTypesAndContributionMap":{"java":{"insertions":0,"deletions":2}}}]},{"date":"2021-03-02","commitResults":[{"hash":"f3e6d594334c73661fe389a0522d4c545f5610cc","messageTitle":"Refactor and reformat codes. (Remove long functions)","messageBody":"","fileTypesAndContributionMap":{"java":{"insertions":44,"deletions":40}}},{"hash":"15ca8a7b69b155aeb176a2fefe56fdef68c21d80","messageTitle":"Declare magic numbers as Constants.","messageBody":"","fileTypesAndContributionMap":{"java":{"insertions":9,"deletions":9}}},{"hash":"23a49559f6ca98f8fe04fd8ecdfc7bf65d22d9bb","messageTitle":"Reformat LOGO message","messageBody":"","fileTypesAndContributionMap":{"java":{"insertions":4,"deletions":4}}},{"hash":"2549874b4b872c382db217fbd6bfe836fdcd1803","messageTitle":"Make the code more OOP","messageBody":"","tags":["A-MoreOOP"],"fileTypesAndContributionMap":{"java":{"insertions":163,"deletions":151}}},{"hash":"8e9fe98044d73a508be72f6272631053dab6c116","messageTitle":"Give users a way to find a task by searching for a keyword.","messageBody":"","tags":["Level-9"],"fileTypesAndContributionMap":{"java":{"insertions":55,"deletions":19}}},{"hash":"cbe16ead1a8cc6c738ffbc68fc42d3d2e45bc1a7","messageTitle":"Reformat code.","messageBody":"","fileTypesAndContributionMap":{"java":{"insertions":35,"deletions":32}}},{"hash":"4e8758d49cdc43856844502926b4396500ea2017","messageTitle":"Add JavaDoc comments to the code.","messageBody":"","fileTypesAndContributionMap":{"java":{"insertions":189,"deletions":19}}},{"hash":"4198e765e9d6209cd8868add8ec1d7597f17d629","messageTitle":"Add a User Guide to the project.","messageBody":"","tags":["A-UserGuide"],"fileTypesAndContributionMap":{"md":{"insertions":61,"deletions":10}}},{"hash":"de7292407dffd83414d27c830d0c256b43b06084","messageTitle":"Add a User Guide","messageBody":"","fileTypesAndContributionMap":{"md":{"insertions":56,"deletions":5}}}]}]},"authorFileTypeContributionMap":{"jovanhuang":{"java":758,"md":111,"fxml":0,"sh":0,"bat":0,"gradle":0,"txt":6}},"authorContributionVariance":{"jovanhuang":19673.23},"authorDisplayNameMap":{"jovanhuang":"CS2113-W10-3 JOVA..CHUN"}}
