[{"path":"src/main/java/Duke.java","fileType":"java","lines":[{"lineNumber":1,"author":{"gitId":"yyixue"},"content":"import java.io.FileNotFoundException;"},{"lineNumber":2,"author":{"gitId":"yyixue"},"content":"import java.util.ArrayList;"},{"lineNumber":3,"author":{"gitId":"yyixue"},"content":"import task.*;"},{"lineNumber":4,"author":{"gitId":"yyixue"},"content":""},{"lineNumber":5,"author":{"gitId":"yyixue"},"content":"import tasklist.TaskList;"},{"lineNumber":6,"author":{"gitId":"yyixue"},"content":"import ui.TextUi;"},{"lineNumber":7,"author":{"gitId":"yyixue"},"content":"import parser.Parser;"},{"lineNumber":8,"author":{"gitId":"yyixue"},"content":"import storage.Storage;"},{"lineNumber":9,"author":{"gitId":"yyixue"},"content":""},{"lineNumber":10,"author":{"gitId":"-"},"content":"public class Duke {"},{"lineNumber":11,"author":{"gitId":"yyixue"},"content":""},{"lineNumber":12,"author":{"gitId":"yyixue"},"content":"    private static final String EXIT_COMMAND \u003d \"bye\";"},{"lineNumber":13,"author":{"gitId":"yyixue"},"content":""},{"lineNumber":14,"author":{"gitId":"yyixue"},"content":"    public static ArrayList\u003cTask\u003e allTasks \u003d new ArrayList\u003c\u003e();"},{"lineNumber":15,"author":{"gitId":"yyixue"},"content":""},{"lineNumber":16,"author":{"gitId":"yyixue"},"content":"    public static void main(String[] args) throws FileNotFoundException {"},{"lineNumber":17,"author":{"gitId":"yyixue"},"content":""},{"lineNumber":18,"author":{"gitId":"yyixue"},"content":"        TaskList taskList \u003d new TaskList(allTasks);"},{"lineNumber":19,"author":{"gitId":"yyixue"},"content":"        String filePath \u003d \"/Users/yanyixue/Desktop/year3/sem2/CS2113/ip/tasks.txt\";"},{"lineNumber":20,"author":{"gitId":"yyixue"},"content":"        Storage storage \u003d new Storage(filePath);"},{"lineNumber":21,"author":{"gitId":"yyixue"},"content":""},{"lineNumber":22,"author":{"gitId":"yyixue"},"content":"        run();"},{"lineNumber":23,"author":{"gitId":"yyixue"},"content":""},{"lineNumber":24,"author":{"gitId":"yyixue"},"content":"    }"},{"lineNumber":25,"author":{"gitId":"yyixue"},"content":""},{"lineNumber":26,"author":{"gitId":"yyixue"},"content":"    public static void run() {"},{"lineNumber":27,"author":{"gitId":"yyixue"},"content":"        TextUi.showWelcomeMessage();"},{"lineNumber":28,"author":{"gitId":"yyixue"},"content":"        TaskList.allTasks \u003d Storage.getSavedTasks();"},{"lineNumber":29,"author":{"gitId":"yyixue"},"content":"        runLoopUntilExitCommand();"},{"lineNumber":30,"author":{"gitId":"yyixue"},"content":"        exit();"},{"lineNumber":31,"author":{"gitId":"yyixue"},"content":"    }"},{"lineNumber":32,"author":{"gitId":"yyixue"},"content":""},{"lineNumber":33,"author":{"gitId":"yyixue"},"content":"    private static void exit() {"},{"lineNumber":34,"author":{"gitId":"yyixue"},"content":"        TextUi.showGoodbyeMessage();"},{"lineNumber":35,"author":{"gitId":"yyixue"},"content":"        System.exit(0);"},{"lineNumber":36,"author":{"gitId":"yyixue"},"content":"    }"},{"lineNumber":37,"author":{"gitId":"yyixue"},"content":""},{"lineNumber":38,"author":{"gitId":"yyixue"},"content":"    private static void runLoopUntilExitCommand() {"},{"lineNumber":39,"author":{"gitId":"yyixue"},"content":"        String userInput;"},{"lineNumber":40,"author":{"gitId":"yyixue"},"content":"        do {"},{"lineNumber":41,"author":{"gitId":"yyixue"},"content":"            userInput \u003d TextUi.getUserCommand();"},{"lineNumber":42,"author":{"gitId":"yyixue"},"content":"            Parser.parseCommand(userInput);"},{"lineNumber":43,"author":{"gitId":"yyixue"},"content":""},{"lineNumber":44,"author":{"gitId":"yyixue"},"content":"        } while (!userInput.equalsIgnoreCase(EXIT_COMMAND));"},{"lineNumber":45,"author":{"gitId":"-"},"content":"    }"},{"lineNumber":46,"author":{"gitId":"-"},"content":"}"},{"lineNumber":47,"author":{"gitId":"yyixue"},"content":""},{"lineNumber":48,"author":{"gitId":"yyixue"},"content":""}],"authorContributionMap":{"yyixue":45,"-":3}},{"path":"src/main/java/task/Deadline.java","fileType":"java","lines":[{"lineNumber":1,"author":{"gitId":"yyixue"},"content":"package task;"},{"lineNumber":2,"author":{"gitId":"yyixue"},"content":""},{"lineNumber":3,"author":{"gitId":"yyixue"},"content":"public class Deadline extends Task{"},{"lineNumber":4,"author":{"gitId":"yyixue"},"content":"    protected String by;"},{"lineNumber":5,"author":{"gitId":"yyixue"},"content":""},{"lineNumber":6,"author":{"gitId":"yyixue"},"content":"    public Deadline(String task, String by) {"},{"lineNumber":7,"author":{"gitId":"yyixue"},"content":"        super(task);"},{"lineNumber":8,"author":{"gitId":"yyixue"},"content":"        this.by \u003d by;"},{"lineNumber":9,"author":{"gitId":"yyixue"},"content":"    }"},{"lineNumber":10,"author":{"gitId":"yyixue"},"content":""},{"lineNumber":11,"author":{"gitId":"yyixue"},"content":"    @Override"},{"lineNumber":12,"author":{"gitId":"yyixue"},"content":"    public String toString() {"},{"lineNumber":13,"author":{"gitId":"yyixue"},"content":"        return \"[D]\" + super.toString() + \" (by: \" + by + \")\";"},{"lineNumber":14,"author":{"gitId":"yyixue"},"content":"    }"},{"lineNumber":15,"author":{"gitId":"yyixue"},"content":"}"}],"authorContributionMap":{"yyixue":15}},{"path":"src/main/java/task/Event.java","fileType":"java","lines":[{"lineNumber":1,"author":{"gitId":"yyixue"},"content":"package task;"},{"lineNumber":2,"author":{"gitId":"yyixue"},"content":""},{"lineNumber":3,"author":{"gitId":"yyixue"},"content":"public class Event extends Task{"},{"lineNumber":4,"author":{"gitId":"yyixue"},"content":"    protected String at;"},{"lineNumber":5,"author":{"gitId":"yyixue"},"content":""},{"lineNumber":6,"author":{"gitId":"yyixue"},"content":"    public Event(String task, String at) {"},{"lineNumber":7,"author":{"gitId":"yyixue"},"content":"        super(task);"},{"lineNumber":8,"author":{"gitId":"yyixue"},"content":"        this.at \u003d at;"},{"lineNumber":9,"author":{"gitId":"yyixue"},"content":"    }"},{"lineNumber":10,"author":{"gitId":"yyixue"},"content":""},{"lineNumber":11,"author":{"gitId":"yyixue"},"content":"    @Override"},{"lineNumber":12,"author":{"gitId":"yyixue"},"content":"    public String toString() {"},{"lineNumber":13,"author":{"gitId":"yyixue"},"content":"        return \"[E]\" + super.toString() + \" (at: \" + at + \")\";"},{"lineNumber":14,"author":{"gitId":"yyixue"},"content":"    }"},{"lineNumber":15,"author":{"gitId":"yyixue"},"content":"}"}],"authorContributionMap":{"yyixue":15}},{"path":"src/main/java/task/Task.java","fileType":"java","lines":[{"lineNumber":1,"author":{"gitId":"yyixue"},"content":"package task;"},{"lineNumber":2,"author":{"gitId":"yyixue"},"content":""},{"lineNumber":3,"author":{"gitId":"yyixue"},"content":"public class Task {"},{"lineNumber":4,"author":{"gitId":"yyixue"},"content":""},{"lineNumber":5,"author":{"gitId":"yyixue"},"content":"    protected boolean done;"},{"lineNumber":6,"author":{"gitId":"yyixue"},"content":"    protected String task;"},{"lineNumber":7,"author":{"gitId":"yyixue"},"content":"    protected int id;"},{"lineNumber":8,"author":{"gitId":"yyixue"},"content":"    protected static int numberOfTasks \u003d 0;"},{"lineNumber":9,"author":{"gitId":"yyixue"},"content":""},{"lineNumber":10,"author":{"gitId":"yyixue"},"content":"    public Task(String task) {"},{"lineNumber":11,"author":{"gitId":"yyixue"},"content":"        this.done \u003d false;"},{"lineNumber":12,"author":{"gitId":"yyixue"},"content":"        this.task \u003d task;"},{"lineNumber":13,"author":{"gitId":"yyixue"},"content":"        numberOfTasks++;"},{"lineNumber":14,"author":{"gitId":"yyixue"},"content":"        id \u003d numberOfTasks;"},{"lineNumber":15,"author":{"gitId":"yyixue"},"content":"    }"},{"lineNumber":16,"author":{"gitId":"yyixue"},"content":""},{"lineNumber":17,"author":{"gitId":"yyixue"},"content":"    public int getID() {"},{"lineNumber":18,"author":{"gitId":"yyixue"},"content":"        return id;"},{"lineNumber":19,"author":{"gitId":"yyixue"},"content":"    }"},{"lineNumber":20,"author":{"gitId":"yyixue"},"content":""},{"lineNumber":21,"author":{"gitId":"yyixue"},"content":"    public String getTask() {"},{"lineNumber":22,"author":{"gitId":"yyixue"},"content":"        return task;"},{"lineNumber":23,"author":{"gitId":"yyixue"},"content":"    }"},{"lineNumber":24,"author":{"gitId":"yyixue"},"content":""},{"lineNumber":25,"author":{"gitId":"yyixue"},"content":"    public void setDone() {"},{"lineNumber":26,"author":{"gitId":"yyixue"},"content":"        done \u003d true;"},{"lineNumber":27,"author":{"gitId":"yyixue"},"content":"    }"},{"lineNumber":28,"author":{"gitId":"yyixue"},"content":""},{"lineNumber":29,"author":{"gitId":"yyixue"},"content":"    public String getDone() {"},{"lineNumber":30,"author":{"gitId":"yyixue"},"content":"        if (done) {"},{"lineNumber":31,"author":{"gitId":"yyixue"},"content":"            return \"[X]\";"},{"lineNumber":32,"author":{"gitId":"yyixue"},"content":"        } else {"},{"lineNumber":33,"author":{"gitId":"yyixue"},"content":"            return \"[ ]\";"},{"lineNumber":34,"author":{"gitId":"yyixue"},"content":"        }"},{"lineNumber":35,"author":{"gitId":"yyixue"},"content":"    }"},{"lineNumber":36,"author":{"gitId":"yyixue"},"content":""},{"lineNumber":37,"author":{"gitId":"yyixue"},"content":"    public static int getNumberOfTasks() {"},{"lineNumber":38,"author":{"gitId":"yyixue"},"content":"        return numberOfTasks;"},{"lineNumber":39,"author":{"gitId":"yyixue"},"content":"    }"},{"lineNumber":40,"author":{"gitId":"yyixue"},"content":""},{"lineNumber":41,"author":{"gitId":"yyixue"},"content":"    public String toString() {"},{"lineNumber":42,"author":{"gitId":"yyixue"},"content":"        return getDone() + \" \" + task;"},{"lineNumber":43,"author":{"gitId":"yyixue"},"content":"    }"},{"lineNumber":44,"author":{"gitId":"yyixue"},"content":""},{"lineNumber":45,"author":{"gitId":"yyixue"},"content":""},{"lineNumber":46,"author":{"gitId":"yyixue"},"content":"}"}],"authorContributionMap":{"yyixue":46}},{"path":"src/main/java/task/Todo.java","fileType":"java","lines":[{"lineNumber":1,"author":{"gitId":"yyixue"},"content":"package task;"},{"lineNumber":2,"author":{"gitId":"yyixue"},"content":""},{"lineNumber":3,"author":{"gitId":"yyixue"},"content":"public class Todo extends Task{"},{"lineNumber":4,"author":{"gitId":"yyixue"},"content":""},{"lineNumber":5,"author":{"gitId":"yyixue"},"content":"    public Todo(String task){"},{"lineNumber":6,"author":{"gitId":"yyixue"},"content":"        super(task);"},{"lineNumber":7,"author":{"gitId":"yyixue"},"content":"    }"},{"lineNumber":8,"author":{"gitId":"yyixue"},"content":""},{"lineNumber":9,"author":{"gitId":"yyixue"},"content":"    @Override"},{"lineNumber":10,"author":{"gitId":"yyixue"},"content":"    public String toString() {"},{"lineNumber":11,"author":{"gitId":"yyixue"},"content":"        return \"[T]\" + super.toString();"},{"lineNumber":12,"author":{"gitId":"yyixue"},"content":"    }"},{"lineNumber":13,"author":{"gitId":"yyixue"},"content":"}"}],"authorContributionMap":{"yyixue":13}},{"path":"tasks.txt","fileType":"txt","lines":[{"lineNumber":1,"author":{"gitId":"yyixue"},"content":"1. [E][ ] yixue attend cs2113 lecture  (at: Friday 19 Feb 2021 4-6pm)"},{"lineNumber":2,"author":{"gitId":"yyixue"},"content":"2. [T][X] ghj"},{"lineNumber":3,"author":{"gitId":"yyixue"},"content":"3. [D][ ] ahjkd  (by:  shdjk)"},{"lineNumber":4,"author":{"gitId":"yyixue"},"content":"4. [T][ ] shjadk"}],"authorContributionMap":{"yyixue":4}},{"path":"text-ui-test/runtest.bat","fileType":"bat","lines":[{"lineNumber":1,"author":{"gitId":"-"},"content":"@ECHO OFF"},{"lineNumber":2,"author":{"gitId":"-"},"content":""},{"lineNumber":3,"author":{"gitId":"-"},"content":"REM create bin directory if it doesn\u0027t exist"},{"lineNumber":4,"author":{"gitId":"-"},"content":"if not exist ..\\bin mkdir ..\\bin"},{"lineNumber":5,"author":{"gitId":"-"},"content":""},{"lineNumber":6,"author":{"gitId":"-"},"content":"REM delete output from previous run"},{"lineNumber":7,"author":{"gitId":"-"},"content":"if exist ACTUAL.TXT del ACTUAL.TXT"},{"lineNumber":8,"author":{"gitId":"-"},"content":""},{"lineNumber":9,"author":{"gitId":"-"},"content":"REM compile the code into the bin folder"},{"lineNumber":10,"author":{"gitId":"yyixue"},"content":"javac  -cp ..\\src\\main\\java -Xlint:none -d ..\\bin ..\\src\\main\\java\\Duke.java"},{"lineNumber":11,"author":{"gitId":"yyixue"},"content":""},{"lineNumber":12,"author":{"gitId":"-"},"content":"IF ERRORLEVEL 1 ("},{"lineNumber":13,"author":{"gitId":"-"},"content":"    echo ********** BUILD FAILURE **********"},{"lineNumber":14,"author":{"gitId":"-"},"content":"    exit /b 1"},{"lineNumber":15,"author":{"gitId":"-"},"content":")"},{"lineNumber":16,"author":{"gitId":"-"},"content":"REM no error here, errorlevel \u003d\u003d 0"},{"lineNumber":17,"author":{"gitId":"-"},"content":""},{"lineNumber":18,"author":{"gitId":"-"},"content":"REM run the program, feed commands from input.txt file and redirect the output to the ACTUAL.TXT"},{"lineNumber":19,"author":{"gitId":"-"},"content":"java -classpath ..\\bin Duke \u003c input.txt \u003e ACTUAL.TXT"},{"lineNumber":20,"author":{"gitId":"-"},"content":""},{"lineNumber":21,"author":{"gitId":"-"},"content":"REM compare the output to the expected output"},{"lineNumber":22,"author":{"gitId":"-"},"content":"FC ACTUAL.TXT EXPECTED.TXT"}],"authorContributionMap":{"yyixue":2,"-":20}},{"path":"text-ui-test/runtest.sh","fileType":"sh","lines":[{"lineNumber":1,"author":{"gitId":"-"},"content":"#!/usr/bin/env bash"},{"lineNumber":2,"author":{"gitId":"-"},"content":""},{"lineNumber":3,"author":{"gitId":"-"},"content":"# create bin directory if it doesn\u0027t exist"},{"lineNumber":4,"author":{"gitId":"-"},"content":"if [ ! -d \"../bin\" ]"},{"lineNumber":5,"author":{"gitId":"-"},"content":"then"},{"lineNumber":6,"author":{"gitId":"-"},"content":"    mkdir ../bin"},{"lineNumber":7,"author":{"gitId":"-"},"content":"fi"},{"lineNumber":8,"author":{"gitId":"-"},"content":""},{"lineNumber":9,"author":{"gitId":"-"},"content":"# delete output from previous run"},{"lineNumber":10,"author":{"gitId":"-"},"content":"if [ -e \"./ACTUAL.TXT\" ]"},{"lineNumber":11,"author":{"gitId":"-"},"content":"then"},{"lineNumber":12,"author":{"gitId":"-"},"content":"    rm ACTUAL.TXT"},{"lineNumber":13,"author":{"gitId":"-"},"content":"fi"},{"lineNumber":14,"author":{"gitId":"-"},"content":""},{"lineNumber":15,"author":{"gitId":"-"},"content":"# compile the code into the bin folder, terminates if error occurred"},{"lineNumber":16,"author":{"gitId":"yyixue"},"content":"if ! javac -cp ../src/main/java -Xlint:none -d ../bin ../src/main/java/Duke.java"},{"lineNumber":17,"author":{"gitId":"yyixue"},"content":"then"},{"lineNumber":18,"author":{"gitId":"yyixue"},"content":"    echo \"********** BUILD FAILURE **********\""},{"lineNumber":19,"author":{"gitId":"yyixue"},"content":"    exit 1"},{"lineNumber":20,"author":{"gitId":"yyixue"},"content":"fi"},{"lineNumber":21,"author":{"gitId":"yyixue"},"content":""},{"lineNumber":22,"author":{"gitId":"yyixue"},"content":"if ! javac -cp ../src/main/java -Xlint:none -d ../bin ../src/main/java/Task.java"},{"lineNumber":23,"author":{"gitId":"yyixue"},"content":"then"},{"lineNumber":24,"author":{"gitId":"yyixue"},"content":"    echo \"********** BUILD FAILURE **********\""},{"lineNumber":25,"author":{"gitId":"yyixue"},"content":"    exit 1"},{"lineNumber":26,"author":{"gitId":"yyixue"},"content":"fi"},{"lineNumber":27,"author":{"gitId":"yyixue"},"content":""},{"lineNumber":28,"author":{"gitId":"yyixue"},"content":"if ! javac -cp ../src/main/java -Xlint:none -d ../bin ../src/main/java/Todo.java"},{"lineNumber":29,"author":{"gitId":"yyixue"},"content":"then"},{"lineNumber":30,"author":{"gitId":"yyixue"},"content":"    echo \"********** BUILD FAILURE **********\""},{"lineNumber":31,"author":{"gitId":"yyixue"},"content":"    exit 1"},{"lineNumber":32,"author":{"gitId":"yyixue"},"content":"fi"},{"lineNumber":33,"author":{"gitId":"yyixue"},"content":""},{"lineNumber":34,"author":{"gitId":"yyixue"},"content":"if ! javac -cp ../src/main/java -Xlint:none -d ../bin ../src/main/java/Event.java"},{"lineNumber":35,"author":{"gitId":"yyixue"},"content":"then"},{"lineNumber":36,"author":{"gitId":"yyixue"},"content":"    echo \"********** BUILD FAILURE **********\""},{"lineNumber":37,"author":{"gitId":"yyixue"},"content":"    exit 1"},{"lineNumber":38,"author":{"gitId":"yyixue"},"content":"fi"},{"lineNumber":39,"author":{"gitId":"yyixue"},"content":""},{"lineNumber":40,"author":{"gitId":"yyixue"},"content":"if ! javac -cp ../src/main/java -Xlint:none -d ../bin ../src/main/java/Deadline.java"},{"lineNumber":41,"author":{"gitId":"-"},"content":"then"},{"lineNumber":42,"author":{"gitId":"-"},"content":"    echo \"********** BUILD FAILURE **********\""},{"lineNumber":43,"author":{"gitId":"-"},"content":"    exit 1"},{"lineNumber":44,"author":{"gitId":"-"},"content":"fi"},{"lineNumber":45,"author":{"gitId":"-"},"content":""},{"lineNumber":46,"author":{"gitId":"-"},"content":"# run the program, feed commands from input.txt file and redirect the output to the ACTUAL.TXT"},{"lineNumber":47,"author":{"gitId":"-"},"content":"java -classpath ../bin Duke \u003c input.txt \u003e ACTUAL.TXT"},{"lineNumber":48,"author":{"gitId":"-"},"content":""},{"lineNumber":49,"author":{"gitId":"-"},"content":"# convert to UNIX format"},{"lineNumber":50,"author":{"gitId":"-"},"content":"cp EXPECTED.TXT EXPECTED-UNIX.TXT"},{"lineNumber":51,"author":{"gitId":"-"},"content":"dos2unix ACTUAL.TXT EXPECTED-UNIX.TXT"},{"lineNumber":52,"author":{"gitId":"-"},"content":""},{"lineNumber":53,"author":{"gitId":"-"},"content":"# compare the output to the expected output"},{"lineNumber":54,"author":{"gitId":"-"},"content":"diff ACTUAL.TXT EXPECTED-UNIX.TXT"},{"lineNumber":55,"author":{"gitId":"-"},"content":"if [ $? -eq 0 ]"},{"lineNumber":56,"author":{"gitId":"-"},"content":"then"},{"lineNumber":57,"author":{"gitId":"-"},"content":"    echo \"Test result: PASSED\""},{"lineNumber":58,"author":{"gitId":"-"},"content":"    exit 0"},{"lineNumber":59,"author":{"gitId":"-"},"content":"else"},{"lineNumber":60,"author":{"gitId":"-"},"content":"    echo \"Test result: FAILED\""},{"lineNumber":61,"author":{"gitId":"-"},"content":"    exit 1"},{"lineNumber":62,"author":{"gitId":"-"},"content":"fi"}],"authorContributionMap":{"yyixue":25,"-":37}}]
