{"authorDailyContributionsMap":{"yyixue":[{"date":"2021-01-20","commitResults":[{"hash":"174a88ddb9503c86d1c5935cf53e425577a80af2","messageTitle":"Level-0: Greet","messageBody":"","tags":["Level-0"],"fileTypesAndContributionMap":{"java":{"insertions":9,"deletions":2}}},{"hash":"6f93416af1fb805f06bb204351f5b92795168022","messageTitle":"Level-1: Greet, Echo, Exit","messageBody":"","tags":["Level-1"],"fileTypesAndContributionMap":{"java":{"insertions":17,"deletions":0}}},{"hash":"9fed2a338498a9566a51bbac88344edffb1fa952","messageTitle":"Level-2: Add, List","messageBody":"","tags":["Level-2"],"fileTypesAndContributionMap":{"java":{"insertions":38,"deletions":4}}}]},{"date":"2021-01-22","commitResults":[{"hash":"a99f3c561367018a576a7526d3e71a4f4374f6d9","messageTitle":"Level-3: Mark as Done","messageBody":"","tags":["Level-3"],"fileTypesAndContributionMap":{"java":{"insertions":79,"deletions":11}}},{"hash":"9329b5772ffbdba4a5ca28c387915f26a4533d05","messageTitle":"A-CodingStandard: Follow the Coding Standard","messageBody":"","tags":["A-CodingStandard"],"fileTypesAndContributionMap":{"java":{"insertions":6,"deletions":7}}}]},{"date":"2021-02-01","commitResults":[{"hash":"bd82778ca690a9e8a2dc4f81c37320043e2135b4","messageTitle":"Update code","messageBody":"","fileTypesAndContributionMap":{"java":{"insertions":39,"deletions":41}}}]},{"date":"2021-02-02","commitResults":[{"hash":"32997901b9ff57f0605aa84a39b236d9136d046a","messageTitle":"Level-4: ToDo, Event, Deadline","messageBody":"","tags":["Level-4"],"fileTypesAndContributionMap":{"java":{"insertions":74,"deletions":25}}},{"hash":"a8a12da098beb6f8b6c554f5cc58c43c06d9a1f2","messageTitle":"A-TextUiTesting","messageBody":"","tags":["A-TextUiTesting"],"fileTypesAndContributionMap":{"bat":{"insertions":2,"deletions":1},"sh":{"insertions":25,"deletions":1}}}]},{"date":"2021-02-03","commitResults":[{"hash":"1b87f84939dce0d6d2d55d50d1d4a3d9ffdeaf4f","messageTitle":"Update TextUiTesting","messageBody":"","fileTypesAndContributionMap":{"java":{"insertions":6,"deletions":6}}}]},{"date":"2021-02-09","commitResults":[{"hash":"ed6820b8ce4e8a52974e1b93a35ca959a903e8ef","messageTitle":"Level-5: Handle Errors","messageBody":"","fileTypesAndContributionMap":{"java":{"insertions":28,"deletions":2}}},{"hash":"22a1ca4089a150baef152098a5aabb7a7e0ff704","messageTitle":"Update Level-5: Handle Errors","messageBody":"","tags":["Level-5"],"fileTypesAndContributionMap":{"java":{"insertions":33,"deletions":19}}},{"hash":"15664108f05beb5f57ad45320c30f1486b97a688","messageTitle":"A-Packages: Organize into Packages","messageBody":"","fileTypesAndContributionMap":{"java":{"insertions":32,"deletions":14}}}]},{"date":"2021-02-15","commitResults":[{"hash":"cb951f40bf1ee6078cfb01dd72abca20975a5ed0","messageTitle":"Level-6: Delete","messageBody":"","tags":["Level-6"],"fileTypesAndContributionMap":{"java":{"insertions":45,"deletions":16}}},{"hash":"ccdde5dcda5a88cb140e682845a4db3755984549","messageTitle":"Add Part of File Saving","messageBody":"","fileTypesAndContributionMap":{"java":{"insertions":38,"deletions":0}}}]},{"date":"2021-02-16","commitResults":[{"hash":"a244f80af9509ffb139ace27463020702496b4bc","messageTitle":"Level-7: Save","messageBody":"","tags":["Level-7"],"fileTypesAndContributionMap":{"java":{"insertions":67,"deletions":23}}},{"hash":"4b01c536e89c9a41b36f5eaaef21069ac39e6a85","messageTitle":"Add file access for delete.","messageBody":"","fileTypesAndContributionMap":{"java":{"insertions":20,"deletions":0}}}]},{"date":"2021-02-18","commitResults":[{"hash":"dc907c80ae645b50b5c11ed26cfbaf06dc584414","messageTitle":"A-Jar: Create a JAR File","messageBody":"","tags":["A-Jar"],"fileTypesAndContributionMap":{"txt":{"insertions":1,"deletions":0},"java":{"insertions":59,"deletions":5}}}]},{"date":"2021-02-22","commitResults":[{"hash":"daf3c16802dfe34247846845e0b893e8be0ad65a","messageTitle":"A-MoreOOP: Use More OOP","messageBody":"","tags":["A-MoreOOP"],"fileTypesAndContributionMap":{"txt":{"insertions":4,"deletions":1},"java":{"insertions":28,"deletions":311}}}]}]},"authorFileTypeContributionMap":{"yyixue":{"java":134,"md":0,"fxml":0,"sh":25,"bat":2,"gradle":0,"txt":4}},"authorContributionVariance":{"yyixue":3932.8542},"authorDisplayNameMap":{"yyixue":"CS2113-W10-3 YAN .. XUE"}}
