{"authorDailyContributionsMap":{"jianningzhuang":[{"date":"2021-01-17","commitResults":[{"hash":"8e5f4ca66c6d619d9c1be5feaa575935d4759447","messageTitle":"Level-0","messageBody":"","tags":["Level-0"],"fileTypesAndContributionMap":{"java":{"insertions":6,"deletions":1}}}]},{"date":"2021-01-23","commitResults":[{"hash":"b85f450d2ad1b56ad0ce9f492ceecd798efc2fe6","messageTitle":"Level-1: Greet, Echo, Exit","messageBody":"","tags":["Level-1"],"fileTypesAndContributionMap":{"java":{"insertions":16,"deletions":0}}},{"hash":"ad10b0a4a4c1bd51fc393ee09fd05f8c89bc23f3","messageTitle":"Level-2: Add, List","messageBody":"","tags":["Level-2"],"fileTypesAndContributionMap":{"java":{"insertions":13,"deletions":1}}},{"hash":"7d4d2eb12851c9c993a60d05a4b568b7cf54ad1d","messageTitle":"Level-3: Mark as Done","messageBody":"","tags":["Level-3"],"fileTypesAndContributionMap":{"java":{"insertions":36,"deletions":3}}},{"hash":"9c24df6c1db9e9ce024ab81ce3341242e7548dc2","messageTitle":"A-CodingStandard","messageBody":"comply with coding standard of if-else statements\nabstract out greeting and farewell messages as functions\n","tags":["A-CodingStandard"],"fileTypesAndContributionMap":{"java":{"insertions":30,"deletions":20}}}]},{"date":"2021-01-30","commitResults":[{"hash":"9ea24595160972075c4fd0f32ae270dc55b8ab04","messageTitle":"Level-4: ToDos, Events, Deadlines","messageBody":"","tags":["Level-4"],"fileTypesAndContributionMap":{"java":{"insertions":92,"deletions":13}}},{"hash":"90fbdb0ca71c23733d71de97c36d6aa4e964f3d6","messageTitle":"A-TextUiTesting","messageBody":"","tags":["A-TextUiTesting"],"fileTypesAndContributionMap":{"txt":{"insertions":13,"deletions":0},"java":{"insertions":2,"deletions":2}}},{"hash":"54bf9e5043f9d7fc38b39ade73bc20ac2e58c6a9","messageTitle":"A-CodeQuality","messageBody":"extract out print statements after Task has been added into a method printAddTaskMessage(Task task)\n","tags":["A-CodeQuality"],"fileTypesAndContributionMap":{"java":{"insertions":17,"deletions":9}}}]}]},"authorFileTypeContributionMap":{"jianningzhuang":{"java":165,"md":0,"fxml":0,"sh":0,"bat":0,"gradle":0,"txt":13}},"authorContributionVariance":{"jianningzhuang":1618.0101},"authorDisplayNameMap":{"jianningzhuang":"ZHUA..NING"}}
