{"authorDailyContributionsMap":{"oscarlai1998":[{"date":"2021-01-18","commitResults":[{"hash":"fe21eb2bac1874abdee9ff7e30a789ce4e0175c8","messageTitle":"Level 0. Greet","messageBody":"","fileTypesAndContributionMap":{"java":{"insertions":8,"deletions":1}}},{"hash":"5ce1ac6eda2a2b9d233b31ab7262934968f8e7c6","messageTitle":"Week 0 Greeting: Update","messageBody":"","fileTypesAndContributionMap":{"java":{"insertions":4,"deletions":9}}}]},{"date":"2021-01-19","commitResults":[{"hash":"354f08c5a82661d6fbb79c7b70ad62f899eaa703","messageTitle":"Level 0. Greet: Update","messageBody":"","fileTypesAndContributionMap":{"java":{"insertions":13,"deletions":2}}}]},{"date":"2021-01-20","commitResults":[{"hash":"2e76150b61c9aa7c12c84d4946f285e42a46ad0b","messageTitle":"Update Duke.java","messageBody":"Week 0: Update 2","fileTypesAndContributionMap":{"java":{"insertions":18,"deletions":18}}}]},{"date":"2021-01-22","commitResults":[{"hash":"e927aedccdba490c8fceac2f397607678de88a7f","messageTitle":"Week 0: Update 2","messageBody":"","fileTypesAndContributionMap":{"java":{"insertions":1,"deletions":1}}},{"hash":"f94dbe7f85a7d57874d0e05be40d1fb0bd588371","messageTitle":"Update Duke.java","messageBody":"","fileTypesAndContributionMap":{"java":{"insertions":1,"deletions":1}}},{"hash":"7a5b4840e3e21e17500f578099e7797e0b843504","messageTitle":"Update Duke.java","messageBody":"Improved format","fileTypesAndContributionMap":{"java":{"insertions":9,"deletions":8}}}]},{"date":"2021-01-24","commitResults":[{"hash":"3eb435a5d880085210afc1b0475f3c98d1238177","messageTitle":"Level 1","messageBody":"","tags":["Level-1"],"fileTypesAndContributionMap":{"java":{"insertions":31,"deletions":11}}}]},{"date":"2021-01-25","commitResults":[{"hash":"f0df860ddc59f69fa86c6d8c3d9ef679b09dea2b","messageTitle":"Level 2","messageBody":"","tags":["Level-2"],"fileTypesAndContributionMap":{"java":{"insertions":70,"deletions":14}}},{"hash":"fda3e8a310e8bedb505750486bf908118708a9c4","messageTitle":"Level 3","messageBody":"","fileTypesAndContributionMap":{"java":{"insertions":43,"deletions":21}}},{"hash":"7d67b32640d8686e4d95113cf80ff11a7c5203b9","messageTitle":"Level 3: Update 1","messageBody":"","tags":["Level-3"],"fileTypesAndContributionMap":{"java":{"insertions":7,"deletions":5}}}]},{"date":"2021-01-26","commitResults":[{"hash":"601e66b683e442d6de6e15fc0caa51df726faed9","messageTitle":"A-Coding Standard + Error Handling","messageBody":"","fileTypesAndContributionMap":{"java":{"insertions":140,"deletions":67},"md":{"insertions":6,"deletions":19}}},{"hash":"1d8ddc9b492582dcc03b7d32f24415116d1b82c9","messageTitle":"Indent Changes","messageBody":"Github Tab Size 8-\u003e4","fileTypesAndContributionMap":{"java":{"insertions":1,"deletions":2}}},{"hash":"a9c24b24f9df27161cde55a0ab19ce0357f78f7a","messageTitle":"Indent Changes","messageBody":"Size 8-\u003e4","fileTypesAndContributionMap":{"java":{"insertions":1,"deletions":1}}},{"hash":"d5fa26646c6245b6fd9ee16745c82117ebb99c88","messageTitle":"Indent Changes","messageBody":"","fileTypesAndContributionMap":{"java":{"insertions":1,"deletions":1}}},{"hash":"9cf152c187f2ed21061827cf862ecd2c6b4362db","messageTitle":"A-Coding Standard + Error Handling + Updates","messageBody":"","tags":["A-CodingStandard"],"fileTypesAndContributionMap":{"java":{"insertions":3,"deletions":0}}}]},{"date":"2021-01-27","commitResults":[{"hash":"aaf2374b70449495231e09f1615443010aa14eae","messageTitle":"A-Coding Standard + Error Handling + Updates","messageBody":"","fileTypesAndContributionMap":{"java":{"insertions":44,"deletions":1}}},{"hash":"ff3194761a32d28da4acd09aecc4810080ac4ad6","messageTitle":"Indent Changes","messageBody":"","fileTypesAndContributionMap":{"java":{"insertions":1,"deletions":1}}},{"hash":"e1ed6516e7c338c9a392269dd3d65e071e2c57c2","messageTitle":"A-Coding Standard + Error Handling + Updates","messageBody":"","fileTypesAndContributionMap":{"java":{"insertions":168,"deletions":206}}},{"hash":"b505bf4e057f3be7fb51c879c0931f07a1f35a6e","messageTitle":"A-Coding Standard + Error Handling + Updates","messageBody":"","fileTypesAndContributionMap":{"java":{"insertions":17,"deletions":17}}},{"hash":"f4621713ed0ad6e584a4fec02baba3e59fde883c","messageTitle":"A-Coding Standard + Error Handling + Updates","messageBody":"","fileTypesAndContributionMap":{"java":{"insertions":0,"deletions":5}}}]},{"date":"2021-01-29","commitResults":[{"hash":"9d632ce71c84bfe1f2cdbe1ec8c6f9013a8616d4","messageTitle":"no message","messageBody":"","fileTypesAndContributionMap":{"java":{"insertions":14,"deletions":6}}},{"hash":"c973ecf5e5cc0ffbef6753103dc163c5e88680eb","messageTitle":"Changes to HELP COMMANDS and Some Formatting","messageBody":"","fileTypesAndContributionMap":{"java":{"insertions":25,"deletions":20}}}]},{"date":"2021-01-30","commitResults":[{"hash":"37d3833cf29fe726d476396a208b5f4459a85593","messageTitle":"Level-4","messageBody":"","tags":["Level-4"],"fileTypesAndContributionMap":{"java":{"insertions":265,"deletions":121},"md":{"insertions":1,"deletions":7}}}]},{"date":"2021-01-31","commitResults":[{"hash":"5d7fae0bf0725ee0fe24729613b5ef8b1449b4f9","messageTitle":"A-CodingQuality","messageBody":"","tags":["A-CodeQuality"],"fileTypesAndContributionMap":{"java":{"insertions":71,"deletions":36},"sh":{"insertions":0,"deletions":0},"md":{"insertions":2,"deletions":1}}},{"hash":"6b19f5f218f08755b99664f678a8351c8669c159","messageTitle":"Added PrintOutput class and Updated Testing UI input.txt and expected.txt","messageBody":"","fileTypesAndContributionMap":{"txt":{"insertions":12,"deletions":0},"java":{"insertions":82,"deletions":87}}},{"hash":"62ece37ffba4b34eb70cb3ae25f12a011bb8c46c","messageTitle":"Updated input.txt","messageBody":"","tags":["A-TextUiTesting"],"fileTypesAndContributionMap":{"txt":{"insertions":1,"deletions":0}}}]},{"date":"2021-02-06","commitResults":[{"hash":"7feba2c7804edb99aefc21d0a27059e8612c0a6f","messageTitle":"Level-5, A-Exceptions,A-Packages Done","messageBody":"","tags":["Level-5","A-Packages","A-Exceptions"],"fileTypesAndContributionMap":{"java":{"insertions":168,"deletions":121},"md":{"insertions":1,"deletions":1}}}]},{"date":"2021-02-07","commitResults":[{"hash":"83009b229b72b00dc3c497ea8961544a3ea64835","messageTitle":"Changes to checkError, fixed Coding Standards and updated Expected.txt","messageBody":"","fileTypesAndContributionMap":{"java":{"insertions":14,"deletions":15}}}]},{"date":"2021-02-14","commitResults":[{"hash":"df0074910e3a0d29324195c30aa8cce9c8b0a232","messageTitle":"Level-6, A-Collections","messageBody":"","fileTypesAndContributionMap":{"java":{"insertions":68,"deletions":25}}},{"hash":"15f97e5ab6286a1cb99644311a803dd8fb4c038e","messageTitle":"Level-7 Done","messageBody":"","tags":["Level-7","Level-6","A-Jar","A-Collections"],"fileTypesAndContributionMap":{"txt":{"insertions":6,"deletions":0},"java":{"insertions":178,"deletions":11},"md":{"insertions":1,"deletions":2}}},{"hash":"6de86314f3062a48ca8691a8436821b847d9241c","messageTitle":"Change to file directory","messageBody":"","fileTypesAndContributionMap":{"java":{"insertions":3,"deletions":3}}},{"hash":"00bb09190604468d7f4c4bf4f08e3849cdd7ee46","messageTitle":"Formatting Changes, Added new Help commands, Fixed Coding Standards","messageBody":"","tags":["v1.0"],"fileTypesAndContributionMap":{"txt":{"insertions":1,"deletions":1},"java":{"insertions":10,"deletions":6}}}]},{"date":"2021-02-15","commitResults":[{"hash":"ca4d16ab2ad69eacdf86a343cd8bc09d8af342a8","messageTitle":"Bug Fixes. Level-6, Level-7, A-Jar, A-Collections done.","messageBody":"","fileTypesAndContributionMap":{"txt":{"insertions":3,"deletions":6},"java":{"insertions":4,"deletions":1}}}]},{"date":"2021-02-23","commitResults":[{"hash":"57d751ae558a94ea465f69c2b6809e789a62d451","messageTitle":"A-OOP","messageBody":"","fileTypesAndContributionMap":{"txt":{"insertions":3,"deletions":3},"java":{"insertions":610,"deletions":532}}}]},{"date":"2021-02-24","commitResults":[{"hash":"523eaa6d17121185bd02f09bb68bd7e99aa55c76","messageTitle":"Level-9","messageBody":"","tags":["Level-9"],"fileTypesAndContributionMap":{"txt":{"insertions":2,"deletions":0},"java":{"insertions":74,"deletions":28}}}]},{"date":"2021-02-28","commitResults":[{"hash":"08a2a583c1c5061872448c17397af432dfff7f70","messageTitle":"Added Documentation","messageBody":"","fileTypesAndContributionMap":{"txt":{"insertions":2,"deletions":5},"java":{"insertions":251,"deletions":179},"md":{"insertions":5,"deletions":3}}},{"hash":"823f68d77cb9b051a536fbf8926e1d77c67f8b11","messageTitle":"Updated Test UI + README.md","messageBody":"","tags":["A-UserGuide"],"fileTypesAndContributionMap":{"txt":{"insertions":12,"deletions":11},"java":{"insertions":2,"deletions":1},"sh":{"insertions":1,"deletions":1},"md":{"insertions":617,"deletions":16}}}]},{"date":"2021-03-01","commitResults":[{"hash":"ae4a52e641b84590d9f02dd4a4266b226fa0deed","messageTitle":"Updated","messageBody":"","fileTypesAndContributionMap":{"md":{"insertions":616,"deletions":15}}},{"hash":"cf625ad9bba1820fdab208bc532a074fd098807b","messageTitle":"no message","messageBody":"","fileTypesAndContributionMap":{"md":{"insertions":1,"deletions":0}}},{"hash":"d603f9fb35f9c20e5643eec354ccdc63059959bf","messageTitle":"Update README.md","messageBody":"","fileTypesAndContributionMap":{"md":{"insertions":0,"deletions":29}}},{"hash":"21f11b68616e15a7f95ffbbd440fbb718e177621","messageTitle":"Update README.md","messageBody":"","fileTypesAndContributionMap":{"md":{"insertions":1,"deletions":0}}},{"hash":"4c999a2f4efbf0bbb0624566c9661a57ca9f868a","messageTitle":"Update README.md","messageBody":"","fileTypesAndContributionMap":{"md":{"insertions":1,"deletions":1}}},{"hash":"626bcc263cbfa715a7ba163f4488ce6e62edb4c1","messageTitle":"Update README.md","messageBody":"","fileTypesAndContributionMap":{"md":{"insertions":12,"deletions":13}}},{"hash":"a1d1c026c4d3ed9e4592e6820286011898dae2ef","messageTitle":"Update README.md","messageBody":"","fileTypesAndContributionMap":{"md":{"insertions":1,"deletions":1}}},{"hash":"47db092e6a911be4875353d56897e2b13358fcde","messageTitle":"Update README.md","messageBody":"","fileTypesAndContributionMap":{"md":{"insertions":2,"deletions":6}}},{"hash":"d2370695a586834a223bf1f86817e80192aa70d5","messageTitle":"Update README.md","messageBody":"","fileTypesAndContributionMap":{"md":{"insertions":8,"deletions":0}}},{"hash":"9bd2fd27c29bfe7fe7448d2bfb75670d183aa54c","messageTitle":"Update README.md","messageBody":"","fileTypesAndContributionMap":{"md":{"insertions":2,"deletions":1}}},{"hash":"7bb915d64e5ca1448c645f267403059956fe5679","messageTitle":"Update README.md","messageBody":"","fileTypesAndContributionMap":{"md":{"insertions":1,"deletions":1}}},{"hash":"eb816cca85880659eceb35878a4a72c91b946403","messageTitle":"Update README.md","messageBody":"","fileTypesAndContributionMap":{"md":{"insertions":1,"deletions":0}}},{"hash":"b0c04a71efce1d8f2c87ddcc52e04d38bf6f8061","messageTitle":"no message","messageBody":"","fileTypesAndContributionMap":{"md":{"insertions":28,"deletions":58}}}]},{"date":"2021-03-02","commitResults":[{"hash":"7d11766989218cb72f390757cade787b24767370","messageTitle":"Fixed Coding Standards","messageBody":"","fileTypesAndContributionMap":{"txt":{"insertions":2,"deletions":2},"java":{"insertions":10,"deletions":10},"md":{"insertions":1,"deletions":0}}},{"hash":"f060d6aa8fdc00c5b6e709e26105aaf2c0dca32f","messageTitle":"Update README.md","messageBody":"","tags":["A-Release"],"fileTypesAndContributionMap":{"md":{"insertions":1,"deletions":1}}}]},{"date":"2021-03-03","commitResults":[{"hash":"5c2ace3d7fb7d182887aba7326dae0bcca3adfed","messageTitle":"Fixed Coding Standards","messageBody":"","fileTypesAndContributionMap":{"java":{"insertions":2,"deletions":2}}}]},{"date":"2021-03-09","commitResults":[{"hash":"4f33e7a2121ff4b62ca39639c31ca48d5830485e","messageTitle":"Update README.md","messageBody":"","fileTypesAndContributionMap":{"md":{"insertions":1,"deletions":1}}}]}]},"authorFileTypeContributionMap":{"oscarlai1998":{"java":846,"md":623,"fxml":0,"sh":1,"bat":0,"gradle":0,"txt":16}},"authorContributionVariance":{"oscarlai1998":58316.766},"authorDisplayNameMap":{"oscarlai1998":"CS2113T-W09-2 OSCA.. LAI"}}
