{"authorDailyContributionsMap":{"Chiamjiaen":[{"date":"2021-01-18","commitResults":[{"hash":"87713fce1204743d35479b3d543d80cf1f3a7736","messageTitle":"Change welcome message","messageBody":"","tags":["Level-0"],"fileTypesAndContributionMap":{"java":{"insertions":7,"deletions":0}}}]},{"date":"2021-01-28","commitResults":[{"hash":"ad5ec0692817e052ed0a7b25a257ef7941b38d86","messageTitle":"Add greet, echo, exit.","messageBody":"","tags":["Level-1"],"fileTypesAndContributionMap":{"java":{"insertions":10,"deletions":3}}},{"hash":"3fb0fa01007f38ee0abcb46d736870be0b973197","messageTitle":"add task and list","messageBody":"","tags":["Level-2"],"fileTypesAndContributionMap":{"java":{"insertions":53,"deletions":1}}}]},{"date":"2021-01-29","commitResults":[{"hash":"fd45861e4f890c04c1ce9e11ee5c81e6bc91d778","messageTitle":"add mark done","messageBody":"","tags":["Level-3"],"fileTypesAndContributionMap":{"java":{"insertions":23,"deletions":2}}},{"hash":"bdd1ca79a4cb76074e4f2f8a85fa736f0f5ac007","messageTitle":"follow coding standards","messageBody":"","tags":["A-CodingStandard"],"fileTypesAndContributionMap":{"java":{"insertions":20,"deletions":21}}}]}]},"authorFileTypeContributionMap":{"Chiamjiaen":{"java":86,"md":0,"fxml":0,"sh":0,"bat":0,"gradle":0,"txt":0}},"authorContributionVariance":{"Chiamjiaen":413.81165},"authorDisplayNameMap":{"Chiamjiaen":"CS2113T-F08-2 CHIA..A-EN"}}
