{"authorDailyContributionsMap":{"Chiamjiaen":[{"date":"2021-01-18","commitResults":[{"hash":"87713fce1204743d35479b3d543d80cf1f3a7736","messageTitle":"Change welcome message","messageBody":"","tags":["Level-0"],"fileTypesAndContributionMap":{"java":{"insertions":7,"deletions":0}}}]},{"date":"2021-01-28","commitResults":[{"hash":"ad5ec0692817e052ed0a7b25a257ef7941b38d86","messageTitle":"Add greet, echo, exit.","messageBody":"","tags":["Level-1"],"fileTypesAndContributionMap":{"java":{"insertions":10,"deletions":3}}},{"hash":"3fb0fa01007f38ee0abcb46d736870be0b973197","messageTitle":"add task and list","messageBody":"","tags":["Level-2"],"fileTypesAndContributionMap":{"java":{"insertions":53,"deletions":1}}}]},{"date":"2021-01-29","commitResults":[{"hash":"fd45861e4f890c04c1ce9e11ee5c81e6bc91d778","messageTitle":"add mark done","messageBody":"","tags":["Level-3"],"fileTypesAndContributionMap":{"java":{"insertions":23,"deletions":2}}},{"hash":"bdd1ca79a4cb76074e4f2f8a85fa736f0f5ac007","messageTitle":"follow coding standards","messageBody":"","tags":["A-CodingStandard"],"fileTypesAndContributionMap":{"java":{"insertions":20,"deletions":21}}}]},{"date":"2021-02-04","commitResults":[{"hash":"f0e67f403b8d83efcdb7442a8516f467243bc3d7","messageTitle":"Add todo, event and deadline.","messageBody":"","tags":["Level-4"],"fileTypesAndContributionMap":{"java":{"insertions":97,"deletions":26}}}]},{"date":"2021-02-18","commitResults":[{"hash":"068f0bd9c8267b452ff7f40ee4cec3489d24230c","messageTitle":"add parser and error handling","messageBody":"","fileTypesAndContributionMap":{"java":{"insertions":102,"deletions":47}}},{"hash":"0c6300855b6cd55d089a877bc7bd02b3f0087267","messageTitle":"change tasklist to arraylist and add delete","messageBody":"","fileTypesAndContributionMap":{"java":{"insertions":29,"deletions":24}}}]},{"date":"2021-02-20","commitResults":[{"hash":"1f1834d7691da673cb4f4a94e357e536096993e7","messageTitle":"add read and write function to saves","messageBody":"","fileTypesAndContributionMap":{"java":{"insertions":71,"deletions":3}}},{"hash":"75d3b55f6d873ac6c1e8d005fa20e03086e0b308","messageTitle":"add toFormat method to each class","messageBody":"","fileTypesAndContributionMap":{"java":{"insertions":11,"deletions":1}}},{"hash":"a8019726f279b5f9b6130d72b3f66716d4a9a997","messageTitle":"add methods to retrieve save and format string for save","messageBody":"","fileTypesAndContributionMap":{"java":{"insertions":48,"deletions":0}}},{"hash":"2057aefe43e0f4db09c892ee6e12319030c180da","messageTitle":"changed newInstance to Instance in duke main","messageBody":"","fileTypesAndContributionMap":{"java":{"insertions":1,"deletions":1}}},{"hash":"e73274c17e501110c3e869c2381b24e2409525a2","messageTitle":"bug fix for level-7 merge","messageBody":"","tags":["v0.1","Level-7-bugfix-1","A-Jar"],"fileTypesAndContributionMap":{"java":{"insertions":7,"deletions":9}}}]},{"date":"2021-02-27","commitResults":[{"hash":"6671c9a60e609bb5528d38a0099b641ab1ca073f","messageTitle":"add Ui, Commands, Storage, Tasklist. change parser and duke","messageBody":"","tags":["A-MoreOOP"],"fileTypesAndContributionMap":{"java":{"insertions":539,"deletions":166}}}]}]},"authorFileTypeContributionMap":{"Chiamjiaen":{"java":719,"md":0,"fxml":0,"sh":0,"bat":0,"gradle":0,"txt":0}},"authorContributionVariance":{"Chiamjiaen":11428.039},"authorDisplayNameMap":{"Chiamjiaen":"CS2113T-F08-2 CHIA..A-EN"}}
