{"authorDailyContributionsMap":{"E00426142":[{"date":"2021-01-21","commitResults":[{"hash":"02bf7ef93f6416d84c297e100558fbb6115d19d7","messageTitle":"Update Duke.java","messageBody":"","fileTypesAndContributionMap":{"java":{"insertions":2,"deletions":6}}},{"hash":"3508ceb00023ffd5ce24549eba3d7afb0a5c97e7","messageTitle":"Update Duke.java","messageBody":"","fileTypesAndContributionMap":{"java":{"insertions":3,"deletions":1}}},{"hash":"04169fbf2c835fb1b7d0556070d4242f75c537e0","messageTitle":"Update Duke.java","messageBody":"","fileTypesAndContributionMap":{"java":{"insertions":1,"deletions":2}}},{"hash":"98be444cf008e00a0d7cfe3f61142949173322fb","messageTitle":"Update Duke.java","messageBody":"","tags":["Level-0,Greet"],"fileTypesAndContributionMap":{"java":{"insertions":15,"deletions":2}}}]},{"date":"2021-01-27","commitResults":[{"hash":"e5c8e59952550928a34921cde1abce3536cd08a4","messageTitle":"level 1","messageBody":"","tags":["Level-1,-Greet,-Echo,-Exit"],"fileTypesAndContributionMap":{"java":{"insertions":15,"deletions":1}}},{"hash":"04d9390c8e70c39fae00849c0249a322e6c6f72b","messageTitle":"level 2","messageBody":"","tags":["Level-2,-Add,List"],"fileTypesAndContributionMap":{"java":{"insertions":26,"deletions":10}}},{"hash":"6605a6a9b60a3bb4e52dd9573605a0854a5a385e","messageTitle":"level 3","messageBody":"","tags":["Level-3,Mark-as-Done"],"fileTypesAndContributionMap":{"java":{"insertions":34,"deletions":6}}}]},{"date":"2021-01-28","commitResults":[{"hash":"ee6e67bc991bc1eb1062e6bca5674b4387142e11","messageTitle":"latest update of level 3","messageBody":"","tags":["Level-3,-Mark-as-Done"],"fileTypesAndContributionMap":{"java":{"insertions":5,"deletions":2}}},{"hash":"3d3667a0b9ce9f07a9a9ff4f73d093286d87fbae","messageTitle":"A-CodingStandard: Follow the Coding Standard","messageBody":"","tags":["A-CodingStandard-"],"fileTypesAndContributionMap":{"java":{"insertions":13,"deletions":2}}},{"hash":"87e14da256652570bfc2bea2b31a5f087b0b42ee","messageTitle":"Update Duke.java","messageBody":"","fileTypesAndContributionMap":{"java":{"insertions":3,"deletions":3}}}]},{"date":"2021-02-03","commitResults":[{"hash":"e5695e0ebccdfc866489851c7c02246cba724f7f","messageTitle":"level 4 complete","messageBody":"","tags":["Level-4,ToDo,-Event,-Deadline"],"fileTypesAndContributionMap":{"java":{"insertions":138,"deletions":14}}},{"hash":"e89a4dec77fc17dc575472e365e5018031cfcbf7","messageTitle":"A coding quality","messageBody":"","tags":["update"],"fileTypesAndContributionMap":{"java":{"insertions":25,"deletions":10}}},{"hash":"b4ed7f9431b4047b502333668a56d4d3d1ccdecd","messageTitle":"A-CodeQuality","messageBody":"","tags":["A-CodeQuality,"],"fileTypesAndContributionMap":{"java":{"insertions":48,"deletions":64}}}]},{"date":"2021-02-04","commitResults":[{"hash":"1522f41c5e06c8783d575134bea316e2cdef2bb6","messageTitle":"A-TextUiTesting","messageBody":"","tags":["A-TextUiTesting"],"fileTypesAndContributionMap":{"txt":{"insertions":1,"deletions":0},"java":{"insertions":4,"deletions":3}}}]}]},"authorFileTypeContributionMap":{"E00426142":{"java":207,"md":0,"fxml":0,"sh":0,"bat":0,"gradle":0,"txt":1}},"authorContributionVariance":{"E00426142":3652.3906},"authorDisplayNameMap":{"E00426142":"CS2113T-T09-4 QIU .. WEN"}}
