{"authorDailyContributionsMap":{"tzexern":[{"date":"2021-01-18","commitResults":[{"hash":"999d42155be735f66d8c198ac5225b91f9011d18","messageTitle":"add skeletal version of Duke for greeting and exiting","messageBody":"","tags":["Level-0"],"fileTypesAndContributionMap":{"java":{"insertions":4,"deletions":0}}},{"hash":"e4c0198772ef456fb05e5eac0758451a73afed24","messageTitle":"add indentation after greet message","messageBody":"","fileTypesAndContributionMap":{"java":{"insertions":1,"deletions":1}}}]},{"date":"2021-01-26","commitResults":[{"hash":"9ccd87e0384505244989e39782255e0377cf7473","messageTitle":"Add Echoes and Exit","messageBody":"Add switch statement to echo user input and exit on command\n","fileTypesAndContributionMap":{"java":{"insertions":26,"deletions":2}}},{"hash":"b79100b1ef832c1a1632d8f7bd8940d6efa0d9c4","messageTitle":"Add Scanner","messageBody":"Replaced previous command line input to scanning for user input\n","tags":["Level-1"],"fileTypesAndContributionMap":{"java":{"insertions":26,"deletions":21}}},{"hash":"14d39ecbfde382e964340b4ba9f22cc19b8e70bc","messageTitle":"Update Duke and Create class Task","messageBody":"Added method calls in Duke.java, Created class of Task for a more organized code structure\n","tags":["Level-2","A-Classes"],"fileTypesAndContributionMap":{"java":{"insertions":36,"deletions":10}}}]},{"date":"2021-01-27","commitResults":[{"hash":"60f5ee050b3f3394d1caa7abcf50daf54cea805f","messageTitle":"Add array isDoneList, method getStatusIcon markAsDone (Task.java). Add case in switch (Main.java)","messageBody":"isDoneList is added to keep track of the state of the tasks.\nAdded relevant methods in Task.java for more organized code.\n","tags":["Level-3"],"fileTypesAndContributionMap":{"java":{"insertions":22,"deletions":6}}}]},{"date":"2021-01-29","commitResults":[{"hash":"e9073008467b07dad887322bc549ec63cc236c9b","messageTitle":"Check adherence of Coding Standards","messageBody":"","tags":["A-CodingStandard"],"fileTypesAndContributionMap":{"java":{"insertions":3,"deletions":0}}}]},{"date":"2021-01-31","commitResults":[{"hash":"d8c6e3784d533b93bbf742192148197974dedb2d","messageTitle":"Add class Deadline, Event and Todo. Refactor Duke and Task.","messageBody":"Improved implementation of OOP concepts. Improved readability of code by refactoring.\n","tags":["Level-4","A-Inheritance"],"fileTypesAndContributionMap":{"java":{"insertions":219,"deletions":29}}},{"hash":"d57295558c95ba424e32ae4aba5b436fcd92f5f6","messageTitle":"Do Text UI Testing","messageBody":"Substitute Status Icon for better UI Testing. To do Test UI Testing, comment line 19 of Duke.java\n","tags":["A-TextUiTesting"],"fileTypesAndContributionMap":{"txt":{"insertions":13,"deletions":0},"java":{"insertions":3,"deletions":1}}},{"hash":"e8d3321f2ed1b59b815366038e5e4fb828a341fe","messageTitle":"Refactor more codes","messageBody":"","tags":["A-CodeQuality"],"fileTypesAndContributionMap":{"java":{"insertions":16,"deletions":5}}}]},{"date":"2021-02-07","commitResults":[{"hash":"961af2898fc0411aa16432c2b08454e94b204d51","messageTitle":"Add Exception classes","messageBody":"","tags":["A-Exceptions"],"fileTypesAndContributionMap":{"java":{"insertions":6,"deletions":0}}},{"hash":"36a263162abe4f00133f63faf62b2d048804ab3e","messageTitle":"Add Exception Handlers and Input Validations","messageBody":"","fileTypesAndContributionMap":{"java":{"insertions":288,"deletions":17}}},{"hash":"d0e3a09ce40ecb325e72ed00b421c9af6264570d","messageTitle":"Add Packages duke.task and duke.exceptions","messageBody":"","fileTypesAndContributionMap":{"java":{"insertions":0,"deletions":0}}},{"hash":"f2ad9dd24b9e192d96a3b9110f3fd5c66d5e2de8","messageTitle":"Update after moving into Packages","messageBody":"","fileTypesAndContributionMap":{"java":{"insertions":25,"deletions":2}}},{"hash":"11e52f78494f3b328338014f0c21805f9dbccfa7","messageTitle":"Bug Fix","messageBody":"Use different date format for more convenient use of .split()\nAdd  .trim()\n","fileTypesAndContributionMap":{"java":{"insertions":23,"deletions":10}}}]},{"date":"2021-02-16","commitResults":[{"hash":"ff7f49359d6ee2445fae10172051bb8ce488da1c","messageTitle":"Update Duke.java","messageBody":"Add \u0027delete\u0027 switch case. Implement Collections for taskList\n","fileTypesAndContributionMap":{"java":{"insertions":24,"deletions":5}}},{"hash":"0ea0fac1b6153567c16a44391c3bc6d2d670c406","messageTitle":"Update Task.java","messageBody":"Update deleteTask method.\n","fileTypesAndContributionMap":{"java":{"insertions":1,"deletions":0}}}]},{"date":"2021-02-17","commitResults":[{"hash":"8b76dcfdbd48bc35b9855ef82336df1aa55fdcb1","messageTitle":"Add save file implementation, Structure list entries for save file","messageBody":"","fileTypesAndContributionMap":{"java":{"insertions":81,"deletions":5}}},{"hash":"935f10036b858fdd134f256c6bc4a8422db924b5","messageTitle":"Implement load file","messageBody":"","fileTypesAndContributionMap":{"java":{"insertions":81,"deletions":11}}}]},{"date":"2021-02-27","commitResults":[{"hash":"d737dbcd365f9a8418093b80e650ad14d7201729","messageTitle":"Add packages and classes","messageBody":"","tags":["A-MoreOOP"],"fileTypesAndContributionMap":{"java":{"insertions":352,"deletions":267}}}]}]},"authorFileTypeContributionMap":{"tzexern":{"java":851,"md":0,"fxml":0,"sh":0,"bat":0,"gradle":0,"txt":13}},"authorContributionVariance":{"tzexern":12385.038},"authorDisplayNameMap":{"tzexern":"CS2113T-W09-1 TAN ..XERN"}}
