[{"path":"README.md","fileType":"md","lines":[{"lineNumber":1,"author":{"gitId":"-"},"content":"# Duke project template"},{"lineNumber":2,"author":{"gitId":"-"},"content":""},{"lineNumber":3,"author":{"gitId":"-"},"content":"This is a project template for a greenfield Java project. It\u0027s named after the Java mascot _Duke_. Given below are instructions on how to use it."},{"lineNumber":4,"author":{"gitId":"-"},"content":""},{"lineNumber":5,"author":{"gitId":"-"},"content":"## Setting up in Intellij"},{"lineNumber":6,"author":{"gitId":"-"},"content":""},{"lineNumber":7,"author":{"gitId":"Emkay16"},"content":"Prerequisites: JDK 11, update IntelliJ to the most recent version."},{"lineNumber":8,"author":{"gitId":"-"},"content":""},{"lineNumber":9,"author":{"gitId":"Emkay16"},"content":"### On IntelliJ version 2020.3.1 (latest) and beyond"},{"lineNumber":10,"author":{"gitId":"Emkay16"},"content":""},{"lineNumber":11,"author":{"gitId":"Emkay16"},"content":"1. Open IntelliJ (if you are not in the welcome screen, click `File` \u003e `Close Project` to close the existing project first)"},{"lineNumber":12,"author":{"gitId":"Emkay16"},"content":"1. Import the project into IntelliJ as follows:"},{"lineNumber":13,"author":{"gitId":"Emkay16"},"content":"   1. Click `Open`"},{"lineNumber":14,"author":{"gitId":"-"},"content":"   1. Select the project directory, and click `OK`"},{"lineNumber":15,"author":{"gitId":"-"},"content":"   1. If there are any further prompts, accept the defaults."},{"lineNumber":16,"author":{"gitId":"Emkay16"},"content":"1. Configure the project to use **JDK 11** (not other versions) as explained in [here](https://www.jetbrains.com/help/idea/sdk.html#set-up-jdk)."},{"lineNumber":17,"author":{"gitId":"Emkay16"},"content":"1. After that, locate the `src/main/java/Duke.java` file, right-click it, and choose `Run Duke.main()`. If the setup is correct, you should see something like the output below."},{"lineNumber":18,"author":{"gitId":"Emkay16"},"content":""},{"lineNumber":19,"author":{"gitId":"-"},"content":"   ```"},{"lineNumber":20,"author":{"gitId":"-"},"content":"   Hello from"},{"lineNumber":21,"author":{"gitId":"-"},"content":"    ____        _        "},{"lineNumber":22,"author":{"gitId":"-"},"content":"   |  _ \\ _   _| | _____ "},{"lineNumber":23,"author":{"gitId":"-"},"content":"   | | | | | | | |/ / _ \\"},{"lineNumber":24,"author":{"gitId":"-"},"content":"   | |_| | |_| |   \u003c  __/"},{"lineNumber":25,"author":{"gitId":"-"},"content":"   |____/ \\__,_|_|\\_\\___|"},{"lineNumber":26,"author":{"gitId":"-"},"content":"   ```"}],"authorContributionMap":{"Emkay16":9,"-":17}},{"path":"src/main/java/Deadline.java","fileType":"java","lines":[{"lineNumber":1,"author":{"gitId":"Emkay16"},"content":"public class Deadline extends Task {"},{"lineNumber":2,"author":{"gitId":"Emkay16"},"content":"    protected String dueDate;"},{"lineNumber":3,"author":{"gitId":"Emkay16"},"content":""},{"lineNumber":4,"author":{"gitId":"Emkay16"},"content":"    public Deadline(String desc, String dueDate) {"},{"lineNumber":5,"author":{"gitId":"Emkay16"},"content":"        super(desc);"},{"lineNumber":6,"author":{"gitId":"Emkay16"},"content":"        this.dueDate \u003d dueDate;"},{"lineNumber":7,"author":{"gitId":"Emkay16"},"content":"    }"},{"lineNumber":8,"author":{"gitId":"Emkay16"},"content":""},{"lineNumber":9,"author":{"gitId":"Emkay16"},"content":"    @Override"},{"lineNumber":10,"author":{"gitId":"Emkay16"},"content":"    public String toString() {"},{"lineNumber":11,"author":{"gitId":"Emkay16"},"content":"        return \" [D]\" + super.toString() + \" (by: \" + dueDate + \")\";"},{"lineNumber":12,"author":{"gitId":"Emkay16"},"content":"    }"},{"lineNumber":13,"author":{"gitId":"Emkay16"},"content":"}"}],"authorContributionMap":{"Emkay16":13}},{"path":"src/main/java/Duke.java","fileType":"java","lines":[{"lineNumber":1,"author":{"gitId":"Emkay16"},"content":"import java.util.Scanner;"},{"lineNumber":2,"author":{"gitId":"Emkay16"},"content":""},{"lineNumber":3,"author":{"gitId":"-"},"content":"public class Duke {"},{"lineNumber":4,"author":{"gitId":"Emkay16"},"content":""},{"lineNumber":5,"author":{"gitId":"Emkay16"},"content":"    public static final String LINE \u003d \"_____________________________________________________\\n\";"},{"lineNumber":6,"author":{"gitId":"Emkay16"},"content":"    public static final String LOGO \u003d \" ____        _        \\n\""},{"lineNumber":7,"author":{"gitId":"-"},"content":"            + \"|  _ \\\\ _   _| | _____ \\n\""},{"lineNumber":8,"author":{"gitId":"-"},"content":"            + \"| | | | | | | |/ / _ \\\\\\n\""},{"lineNumber":9,"author":{"gitId":"-"},"content":"            + \"| |_| | |_| |   \u003c  __/\\n\""},{"lineNumber":10,"author":{"gitId":"-"},"content":"            + \"|____/ \\\\__,_|_|\\\\_\\\\___|\\n\";"},{"lineNumber":11,"author":{"gitId":"Emkay16"},"content":""},{"lineNumber":12,"author":{"gitId":"Emkay16"},"content":"    public static final String WELCOME_MESSAGE \u003d LINE + \"Hello from\\n\" + LOGO"},{"lineNumber":13,"author":{"gitId":"Emkay16"},"content":"            + \"What can I do for you today?\\n\" + LINE;"},{"lineNumber":14,"author":{"gitId":"Emkay16"},"content":"    public static final String BYE_MESSAGE \u003d LINE + \"Goodbye! Hope to see you around soon!\\n\" + LINE;"},{"lineNumber":15,"author":{"gitId":"Emkay16"},"content":"    public static final String HELP_MESSAGE \u003d LINE + \"Add todo:\\n\""},{"lineNumber":16,"author":{"gitId":"Emkay16"},"content":"            + \"Command prefix: todo\\n\""},{"lineNumber":17,"author":{"gitId":"Emkay16"},"content":"            + \"Argument(s): task\\n\\n\""},{"lineNumber":18,"author":{"gitId":"Emkay16"},"content":"            + \"Add deadline:\\n\""},{"lineNumber":19,"author":{"gitId":"Emkay16"},"content":"            + \"Command prefix: deadline\\n\""},{"lineNumber":20,"author":{"gitId":"Emkay16"},"content":"            + \"Argument(s): task /by due date\\n\\n\""},{"lineNumber":21,"author":{"gitId":"Emkay16"},"content":"            + \"Add event:\\n\""},{"lineNumber":22,"author":{"gitId":"Emkay16"},"content":"            + \"Command prefix: event\\n\""},{"lineNumber":23,"author":{"gitId":"Emkay16"},"content":"            + \"Argument(s): event /at time\\n\\n\""},{"lineNumber":24,"author":{"gitId":"Emkay16"},"content":"            + \"Show tasks:\\n\""},{"lineNumber":25,"author":{"gitId":"Emkay16"},"content":"            + \"Command prefix: list\\n\\n\""},{"lineNumber":26,"author":{"gitId":"Emkay16"},"content":"            + \"Check task off:\\n\""},{"lineNumber":27,"author":{"gitId":"Emkay16"},"content":"            + \"Command prefix: done\\n\""},{"lineNumber":28,"author":{"gitId":"Emkay16"},"content":"            + \"Argument(s): task number\\n\";"},{"lineNumber":29,"author":{"gitId":"Emkay16"},"content":"    public static final String ADD_MESSAGE \u003d \" added to list\\n\";"},{"lineNumber":30,"author":{"gitId":"Emkay16"},"content":"    public static final String NO_DEADLINE_MESSAGE \u003d \"Please indicate a deadline after \\\"/by\\\"\\n\";"},{"lineNumber":31,"author":{"gitId":"Emkay16"},"content":"    public static final String NO_TIME_MESSAGE \u003d \"Please indicate the event time after \\\"/at\\\"\\n\";"},{"lineNumber":32,"author":{"gitId":"Emkay16"},"content":"    public static final String TASK_CHECKED_MESSAGE \u003d \"Task checked off!\\n\";"},{"lineNumber":33,"author":{"gitId":"Emkay16"},"content":"    public static final String TASK_ALREADY_CHECKED_MESSAGE \u003d \" is already checked off\\n\";"},{"lineNumber":34,"author":{"gitId":"Emkay16"},"content":"    public static final String ALL_TASKS_CHECKED_MESSAGE \u003d \"All remaining tasks have been checked off!\\n\";"},{"lineNumber":35,"author":{"gitId":"Emkay16"},"content":"    public static final String TASK_UNCHECKED_MESSAGE \u003d \"Task is no longer checked off\\n\";"},{"lineNumber":36,"author":{"gitId":"Emkay16"},"content":"    public static final String TASK_NOT_CHECKED_MESSAGE \u003d \" is not checked\\n\";"},{"lineNumber":37,"author":{"gitId":"Emkay16"},"content":"    public static final String INVALID_ARGUMENT_MESSAGE \u003d \"Invalid argument!\\n\";"},{"lineNumber":38,"author":{"gitId":"Emkay16"},"content":"    public static final String INVALID_COMMAND_MESSAGE \u003d \"I am sorry, I do not recognise that command\\n\""},{"lineNumber":39,"author":{"gitId":"Emkay16"},"content":"            + \"Please try again\\n\";"},{"lineNumber":40,"author":{"gitId":"Emkay16"},"content":""},{"lineNumber":41,"author":{"gitId":"-"},"content":"    public static void main(String[] args) {"},{"lineNumber":42,"author":{"gitId":"Emkay16"},"content":"        printWelcome();"},{"lineNumber":43,"author":{"gitId":"Emkay16"},"content":"        interact();"},{"lineNumber":44,"author":{"gitId":"Emkay16"},"content":"        printBye();"},{"lineNumber":45,"author":{"gitId":"Emkay16"},"content":"    }"},{"lineNumber":46,"author":{"gitId":"Emkay16"},"content":""},{"lineNumber":47,"author":{"gitId":"Emkay16"},"content":"    public static void interact() {"},{"lineNumber":48,"author":{"gitId":"Emkay16"},"content":"        Task[] list \u003d new Task[100];"},{"lineNumber":49,"author":{"gitId":"Emkay16"},"content":"        int index \u003d 0;"},{"lineNumber":50,"author":{"gitId":"Emkay16"},"content":""},{"lineNumber":51,"author":{"gitId":"Emkay16"},"content":"        Scanner scan \u003d new Scanner(System.in);"},{"lineNumber":52,"author":{"gitId":"Emkay16"},"content":"        String in \u003d scan.nextLine();"},{"lineNumber":53,"author":{"gitId":"Emkay16"},"content":""},{"lineNumber":54,"author":{"gitId":"Emkay16"},"content":"        String cmd;"},{"lineNumber":55,"author":{"gitId":"Emkay16"},"content":"        String input;"},{"lineNumber":56,"author":{"gitId":"Emkay16"},"content":"        if (in.contains(\" \")) {"},{"lineNumber":57,"author":{"gitId":"Emkay16"},"content":"            cmd \u003d in.substring(0, in.indexOf(\" \")); //if there is no \" \", index returned is -1"},{"lineNumber":58,"author":{"gitId":"Emkay16"},"content":"            input \u003d in.substring(in.indexOf(\" \") + 1);"},{"lineNumber":59,"author":{"gitId":"Emkay16"},"content":"        } else {"},{"lineNumber":60,"author":{"gitId":"Emkay16"},"content":"            cmd \u003d in;"},{"lineNumber":61,"author":{"gitId":"Emkay16"},"content":"            input \u003d null;"},{"lineNumber":62,"author":{"gitId":"Emkay16"},"content":"        }"},{"lineNumber":63,"author":{"gitId":"Emkay16"},"content":""},{"lineNumber":64,"author":{"gitId":"Emkay16"},"content":"        while (!cmd.equalsIgnoreCase(\"bye\")) {"},{"lineNumber":65,"author":{"gitId":"Emkay16"},"content":"            switch (cmd.toLowerCase()) {"},{"lineNumber":66,"author":{"gitId":"Emkay16"},"content":"            case \"help\":"},{"lineNumber":67,"author":{"gitId":"Emkay16"},"content":"                System.out.print(LINE + HELP_MESSAGE + LINE); //we should probably write an entire method for help"},{"lineNumber":68,"author":{"gitId":"Emkay16"},"content":"                break;"},{"lineNumber":69,"author":{"gitId":"Emkay16"},"content":"            case \"list\":"},{"lineNumber":70,"author":{"gitId":"Emkay16"},"content":"                printList(list, index);"},{"lineNumber":71,"author":{"gitId":"Emkay16"},"content":"                break;"},{"lineNumber":72,"author":{"gitId":"Emkay16"},"content":"            case \"todo\":"},{"lineNumber":73,"author":{"gitId":"Emkay16"},"content":"                if(input\u003d\u003dnull) {"},{"lineNumber":74,"author":{"gitId":"Emkay16"},"content":"                    printInvalidArgumentMessage();"},{"lineNumber":75,"author":{"gitId":"Emkay16"},"content":"                } else {"},{"lineNumber":76,"author":{"gitId":"Emkay16"},"content":"                    addToDo(input, list, index);"},{"lineNumber":77,"author":{"gitId":"Emkay16"},"content":"                    index++;"},{"lineNumber":78,"author":{"gitId":"Emkay16"},"content":"                }"},{"lineNumber":79,"author":{"gitId":"Emkay16"},"content":"                break;"},{"lineNumber":80,"author":{"gitId":"Emkay16"},"content":"            case \"deadline\":"},{"lineNumber":81,"author":{"gitId":"Emkay16"},"content":"                if (input \u003d\u003d null) {"},{"lineNumber":82,"author":{"gitId":"Emkay16"},"content":"                    printInvalidArgumentMessage();"},{"lineNumber":83,"author":{"gitId":"Emkay16"},"content":"                } else if(input.toLowerCase().contains(\"/by\")) {"},{"lineNumber":84,"author":{"gitId":"Emkay16"},"content":"                    String desc \u003d input.substring(0, input.toLowerCase().indexOf(\"/by\") - 1);"},{"lineNumber":85,"author":{"gitId":"Emkay16"},"content":"                    String dueDate \u003d input.substring(input.toLowerCase().indexOf(\"/by\") + 4);"},{"lineNumber":86,"author":{"gitId":"Emkay16"},"content":"                    addDeadline(desc, dueDate, list, index);"},{"lineNumber":87,"author":{"gitId":"Emkay16"},"content":"                    index++;"},{"lineNumber":88,"author":{"gitId":"Emkay16"},"content":"                } else {"},{"lineNumber":89,"author":{"gitId":"Emkay16"},"content":"                    System.out.print(LINE + INVALID_ARGUMENT_MESSAGE + NO_DEADLINE_MESSAGE + LINE);"},{"lineNumber":90,"author":{"gitId":"Emkay16"},"content":"                }"},{"lineNumber":91,"author":{"gitId":"Emkay16"},"content":"                break;"},{"lineNumber":92,"author":{"gitId":"Emkay16"},"content":"            case \"event\":"},{"lineNumber":93,"author":{"gitId":"Emkay16"},"content":"                if (input \u003d\u003d null) {"},{"lineNumber":94,"author":{"gitId":"Emkay16"},"content":"                    printInvalidArgumentMessage();"},{"lineNumber":95,"author":{"gitId":"Emkay16"},"content":"                } else if(input.toLowerCase().contains(\"/at\")) {"},{"lineNumber":96,"author":{"gitId":"Emkay16"},"content":"                    String desc \u003d input.substring(0, input.toLowerCase().indexOf(\"/at\")-1);"},{"lineNumber":97,"author":{"gitId":"Emkay16"},"content":"                    String date \u003d input.substring(input.toLowerCase().indexOf(\"/at\")+4);"},{"lineNumber":98,"author":{"gitId":"Emkay16"},"content":"                    addEvent(desc, date, list, index);"},{"lineNumber":99,"author":{"gitId":"Emkay16"},"content":"                    index++;"},{"lineNumber":100,"author":{"gitId":"Emkay16"},"content":"                } else {"},{"lineNumber":101,"author":{"gitId":"Emkay16"},"content":"                    System.out.print(LINE + INVALID_ARGUMENT_MESSAGE + NO_TIME_MESSAGE + LINE);"},{"lineNumber":102,"author":{"gitId":"Emkay16"},"content":"                }"},{"lineNumber":103,"author":{"gitId":"Emkay16"},"content":"                break;"},{"lineNumber":104,"author":{"gitId":"Emkay16"},"content":"            case \"done\":"},{"lineNumber":105,"author":{"gitId":"Emkay16"},"content":"                try {"},{"lineNumber":106,"author":{"gitId":"Emkay16"},"content":"                    int ind \u003d Integer.parseInt(input);"},{"lineNumber":107,"author":{"gitId":"Emkay16"},"content":"                    markAsDone(list, ind, index);"},{"lineNumber":108,"author":{"gitId":"Emkay16"},"content":"                } catch (Exception e) {"},{"lineNumber":109,"author":{"gitId":"Emkay16"},"content":"                    printInvalidArgumentMessage();"},{"lineNumber":110,"author":{"gitId":"Emkay16"},"content":"                }"},{"lineNumber":111,"author":{"gitId":"Emkay16"},"content":"                break;"},{"lineNumber":112,"author":{"gitId":"Emkay16"},"content":"            case \"undo\":"},{"lineNumber":113,"author":{"gitId":"Emkay16"},"content":"                try {"},{"lineNumber":114,"author":{"gitId":"Emkay16"},"content":"                    int ind \u003d Integer.parseInt(input);"},{"lineNumber":115,"author":{"gitId":"Emkay16"},"content":"                    undoMarkAsDone(list, ind, index);"},{"lineNumber":116,"author":{"gitId":"Emkay16"},"content":"                } catch (Exception e) {"},{"lineNumber":117,"author":{"gitId":"Emkay16"},"content":"                    printInvalidArgumentMessage();"},{"lineNumber":118,"author":{"gitId":"Emkay16"},"content":"                }"},{"lineNumber":119,"author":{"gitId":"Emkay16"},"content":"                break;"},{"lineNumber":120,"author":{"gitId":"Emkay16"},"content":"            default:"},{"lineNumber":121,"author":{"gitId":"Emkay16"},"content":"                System.out.print(LINE + INVALID_COMMAND_MESSAGE + LINE);"},{"lineNumber":122,"author":{"gitId":"Emkay16"},"content":"            }"},{"lineNumber":123,"author":{"gitId":"Emkay16"},"content":"            in \u003d scan.nextLine();"},{"lineNumber":124,"author":{"gitId":"Emkay16"},"content":""},{"lineNumber":125,"author":{"gitId":"Emkay16"},"content":"            if (in.contains(\" \")) {"},{"lineNumber":126,"author":{"gitId":"Emkay16"},"content":"                cmd \u003d in.substring(0, in.indexOf(\" \")); //if there is no space, index returned is -1"},{"lineNumber":127,"author":{"gitId":"Emkay16"},"content":"                input \u003d in.substring(in.indexOf(\" \") + 1);"},{"lineNumber":128,"author":{"gitId":"Emkay16"},"content":"            } else {"},{"lineNumber":129,"author":{"gitId":"Emkay16"},"content":"                cmd \u003d in;"},{"lineNumber":130,"author":{"gitId":"Emkay16"},"content":"                input \u003d null;"},{"lineNumber":131,"author":{"gitId":"Emkay16"},"content":"            }"},{"lineNumber":132,"author":{"gitId":"Emkay16"},"content":"        }"},{"lineNumber":133,"author":{"gitId":"Emkay16"},"content":"    }"},{"lineNumber":134,"author":{"gitId":"Emkay16"},"content":""},{"lineNumber":135,"author":{"gitId":"Emkay16"},"content":"    public static void addToDo(String input, Task[] list, int index) {"},{"lineNumber":136,"author":{"gitId":"Emkay16"},"content":"        list[index] \u003d new ToDo(input);"},{"lineNumber":137,"author":{"gitId":"Emkay16"},"content":"        System.out.print(LINE + \"\\\"\" + input + \"\\\"\" + ADD_MESSAGE + LINE);"},{"lineNumber":138,"author":{"gitId":"Emkay16"},"content":"    }"},{"lineNumber":139,"author":{"gitId":"Emkay16"},"content":""},{"lineNumber":140,"author":{"gitId":"Emkay16"},"content":"    public static void addDeadline(String desc, String dueDate, Task[] list, int index) {"},{"lineNumber":141,"author":{"gitId":"Emkay16"},"content":"        list[index] \u003d new Deadline(desc, dueDate);"},{"lineNumber":142,"author":{"gitId":"Emkay16"},"content":"        System.out.print(LINE + \"\\\"\" + desc + \"\\\"\" + ADD_MESSAGE +"},{"lineNumber":143,"author":{"gitId":"Emkay16"},"content":"                \"Please complete by: \" + dueDate + \"\\n\" + LINE);"},{"lineNumber":144,"author":{"gitId":"Emkay16"},"content":"    }"},{"lineNumber":145,"author":{"gitId":"Emkay16"},"content":""},{"lineNumber":146,"author":{"gitId":"Emkay16"},"content":"    public static void addEvent(String desc, String date, Task[] list, int index) {"},{"lineNumber":147,"author":{"gitId":"Emkay16"},"content":"        list[index] \u003d new Event(desc, date);"},{"lineNumber":148,"author":{"gitId":"Emkay16"},"content":"        System.out.print(LINE + \"\\\"\" + desc + \"\\\"\" + ADD_MESSAGE +"},{"lineNumber":149,"author":{"gitId":"Emkay16"},"content":"                \"It occurs at: \" + date + \"\\n\" + LINE);"},{"lineNumber":150,"author":{"gitId":"Emkay16"},"content":"    }"},{"lineNumber":151,"author":{"gitId":"Emkay16"},"content":""},{"lineNumber":152,"author":{"gitId":"Emkay16"},"content":"    public static void printList(Task[] list, int index) {"},{"lineNumber":153,"author":{"gitId":"Emkay16"},"content":"        System.out.print(LINE);"},{"lineNumber":154,"author":{"gitId":"Emkay16"},"content":"        for(int i\u003d0; i\u003cindex; i++) {"},{"lineNumber":155,"author":{"gitId":"Emkay16"},"content":"            if (i\u003c9) {"},{"lineNumber":156,"author":{"gitId":"Emkay16"},"content":"                System.out.print(\" \");"},{"lineNumber":157,"author":{"gitId":"Emkay16"},"content":"            }"},{"lineNumber":158,"author":{"gitId":"Emkay16"},"content":"            System.out.println(i+1 + list[i].toString());"},{"lineNumber":159,"author":{"gitId":"Emkay16"},"content":"        }"},{"lineNumber":160,"author":{"gitId":"Emkay16"},"content":"        System.out.print(\"There are \" + Task.getTasksRemaining() + \" task(s) on the list\\n\" + LINE);"},{"lineNumber":161,"author":{"gitId":"Emkay16"},"content":"    }"},{"lineNumber":162,"author":{"gitId":"Emkay16"},"content":""},{"lineNumber":163,"author":{"gitId":"Emkay16"},"content":"    public static void markAsDone(Task[] list, int taskNo, int max) {"},{"lineNumber":164,"author":{"gitId":"Emkay16"},"content":"        if (taskNo \u003c\u003d max \u0026\u0026 taskNo \u003e 0) { //no. is valid"},{"lineNumber":165,"author":{"gitId":"Emkay16"},"content":"            if (list[taskNo-1].getStatus()) {"},{"lineNumber":166,"author":{"gitId":"Emkay16"},"content":"                System.out.print(LINE + \"Task \\\"\" + list[taskNo-1].getDesc() + \"\\\"\""},{"lineNumber":167,"author":{"gitId":"Emkay16"},"content":"                        + TASK_ALREADY_CHECKED_MESSAGE + LINE);"},{"lineNumber":168,"author":{"gitId":"Emkay16"},"content":"            } else {"},{"lineNumber":169,"author":{"gitId":"Emkay16"},"content":"                list[taskNo-1].check();"},{"lineNumber":170,"author":{"gitId":"Emkay16"},"content":"                System.out.print(LINE + TASK_CHECKED_MESSAGE);"},{"lineNumber":171,"author":{"gitId":"Emkay16"},"content":"                System.out.println(\"  \" + list[taskNo - 1].getStatusSymbol() + list[taskNo - 1].getDesc());"},{"lineNumber":172,"author":{"gitId":"Emkay16"},"content":"                if (Task.getTasksRemaining() \u003d\u003d 0) {"},{"lineNumber":173,"author":{"gitId":"Emkay16"},"content":"                    System.out.print(ALL_TASKS_CHECKED_MESSAGE);"},{"lineNumber":174,"author":{"gitId":"Emkay16"},"content":"                }"},{"lineNumber":175,"author":{"gitId":"Emkay16"},"content":"                System.out.print(LINE);"},{"lineNumber":176,"author":{"gitId":"Emkay16"},"content":"            }"},{"lineNumber":177,"author":{"gitId":"Emkay16"},"content":"        } else {"},{"lineNumber":178,"author":{"gitId":"Emkay16"},"content":"            printInvalidArgumentMessage();"},{"lineNumber":179,"author":{"gitId":"Emkay16"},"content":"        }"},{"lineNumber":180,"author":{"gitId":"Emkay16"},"content":"    }"},{"lineNumber":181,"author":{"gitId":"Emkay16"},"content":""},{"lineNumber":182,"author":{"gitId":"Emkay16"},"content":"    public static void undoMarkAsDone(Task[] list, int taskNo, int max) {"},{"lineNumber":183,"author":{"gitId":"Emkay16"},"content":"        if (taskNo \u003c\u003d max \u0026\u0026 taskNo \u003e 0) { //no. is valid"},{"lineNumber":184,"author":{"gitId":"Emkay16"},"content":"            if (!list[taskNo-1].getStatus()) {"},{"lineNumber":185,"author":{"gitId":"Emkay16"},"content":"                System.out.print(LINE + \"Task \\\"\" + list[taskNo-1].getDesc() + \"\\\"\""},{"lineNumber":186,"author":{"gitId":"Emkay16"},"content":"                        + TASK_NOT_CHECKED_MESSAGE + LINE);"},{"lineNumber":187,"author":{"gitId":"Emkay16"},"content":"            } else {"},{"lineNumber":188,"author":{"gitId":"Emkay16"},"content":"                list[taskNo-1].uncheck();"},{"lineNumber":189,"author":{"gitId":"Emkay16"},"content":"                System.out.print(LINE + TASK_UNCHECKED_MESSAGE);"},{"lineNumber":190,"author":{"gitId":"Emkay16"},"content":"                System.out.println(\"  \" + list[taskNo - 1].getStatusSymbol() + list[taskNo - 1].getDesc());"},{"lineNumber":191,"author":{"gitId":"Emkay16"},"content":"                System.out.print(LINE);"},{"lineNumber":192,"author":{"gitId":"Emkay16"},"content":"            }"},{"lineNumber":193,"author":{"gitId":"Emkay16"},"content":"        } else {"},{"lineNumber":194,"author":{"gitId":"Emkay16"},"content":"            printInvalidArgumentMessage();"},{"lineNumber":195,"author":{"gitId":"Emkay16"},"content":"        }"},{"lineNumber":196,"author":{"gitId":"Emkay16"},"content":"    }"},{"lineNumber":197,"author":{"gitId":"Emkay16"},"content":""},{"lineNumber":198,"author":{"gitId":"Emkay16"},"content":"    private static void printWelcome() {"},{"lineNumber":199,"author":{"gitId":"Emkay16"},"content":"        System.out.print(WELCOME_MESSAGE);"},{"lineNumber":200,"author":{"gitId":"Emkay16"},"content":"    }"},{"lineNumber":201,"author":{"gitId":"Emkay16"},"content":""},{"lineNumber":202,"author":{"gitId":"Emkay16"},"content":"    private static void printBye() {"},{"lineNumber":203,"author":{"gitId":"Emkay16"},"content":"        System.out.print(BYE_MESSAGE);"},{"lineNumber":204,"author":{"gitId":"Emkay16"},"content":"    }"},{"lineNumber":205,"author":{"gitId":"Emkay16"},"content":"    private static void printInvalidArgumentMessage() {"},{"lineNumber":206,"author":{"gitId":"Emkay16"},"content":"        System.out.print(LINE + INVALID_ARGUMENT_MESSAGE + LINE);"},{"lineNumber":207,"author":{"gitId":"-"},"content":"    }"},{"lineNumber":208,"author":{"gitId":"-"},"content":"}"}],"authorContributionMap":{"Emkay16":200,"-":8}},{"path":"src/main/java/Event.java","fileType":"java","lines":[{"lineNumber":1,"author":{"gitId":"Emkay16"},"content":"public class Event extends Task{"},{"lineNumber":2,"author":{"gitId":"Emkay16"},"content":"    private String date;"},{"lineNumber":3,"author":{"gitId":"Emkay16"},"content":""},{"lineNumber":4,"author":{"gitId":"Emkay16"},"content":"    public Event(String desc, String date) {"},{"lineNumber":5,"author":{"gitId":"Emkay16"},"content":"        super(desc);"},{"lineNumber":6,"author":{"gitId":"Emkay16"},"content":"        this.date \u003d date;"},{"lineNumber":7,"author":{"gitId":"Emkay16"},"content":"    }"},{"lineNumber":8,"author":{"gitId":"Emkay16"},"content":""},{"lineNumber":9,"author":{"gitId":"Emkay16"},"content":"    @Override"},{"lineNumber":10,"author":{"gitId":"Emkay16"},"content":"    public String toString() {"},{"lineNumber":11,"author":{"gitId":"Emkay16"},"content":"        return \" [E]\" + super.toString() + \" (at: \" + date + \")\";"},{"lineNumber":12,"author":{"gitId":"Emkay16"},"content":"    }"},{"lineNumber":13,"author":{"gitId":"Emkay16"},"content":"}"}],"authorContributionMap":{"Emkay16":13}},{"path":"src/main/java/Task.java","fileType":"java","lines":[{"lineNumber":1,"author":{"gitId":"Emkay16"},"content":"public class Task {"},{"lineNumber":2,"author":{"gitId":"Emkay16"},"content":"    private String desc;"},{"lineNumber":3,"author":{"gitId":"Emkay16"},"content":"    private boolean isDone;"},{"lineNumber":4,"author":{"gitId":"Emkay16"},"content":""},{"lineNumber":5,"author":{"gitId":"Emkay16"},"content":"    private static int tasksRemaining \u003d 0;"},{"lineNumber":6,"author":{"gitId":"Emkay16"},"content":""},{"lineNumber":7,"author":{"gitId":"Emkay16"},"content":"    public Task(String desc) {"},{"lineNumber":8,"author":{"gitId":"Emkay16"},"content":"        this.desc \u003d desc;"},{"lineNumber":9,"author":{"gitId":"Emkay16"},"content":"        this.isDone \u003d false;"},{"lineNumber":10,"author":{"gitId":"Emkay16"},"content":"        tasksRemaining++;"},{"lineNumber":11,"author":{"gitId":"Emkay16"},"content":"    }"},{"lineNumber":12,"author":{"gitId":"Emkay16"},"content":""},{"lineNumber":13,"author":{"gitId":"Emkay16"},"content":"    public String getDesc() {"},{"lineNumber":14,"author":{"gitId":"Emkay16"},"content":"        return desc;"},{"lineNumber":15,"author":{"gitId":"Emkay16"},"content":"    }"},{"lineNumber":16,"author":{"gitId":"Emkay16"},"content":""},{"lineNumber":17,"author":{"gitId":"Emkay16"},"content":"    public boolean getStatus() {"},{"lineNumber":18,"author":{"gitId":"Emkay16"},"content":"        return isDone;"},{"lineNumber":19,"author":{"gitId":"Emkay16"},"content":"    }"},{"lineNumber":20,"author":{"gitId":"Emkay16"},"content":""},{"lineNumber":21,"author":{"gitId":"Emkay16"},"content":"    public String getStatusSymbol() {"},{"lineNumber":22,"author":{"gitId":"Emkay16"},"content":"        return (isDone ? \" \\u2612 \" : \" \\u2610 \");"},{"lineNumber":23,"author":{"gitId":"Emkay16"},"content":"    }"},{"lineNumber":24,"author":{"gitId":"Emkay16"},"content":""},{"lineNumber":25,"author":{"gitId":"Emkay16"},"content":"    public static int getTasksRemaining() {"},{"lineNumber":26,"author":{"gitId":"Emkay16"},"content":"        return tasksRemaining;"},{"lineNumber":27,"author":{"gitId":"Emkay16"},"content":"    }"},{"lineNumber":28,"author":{"gitId":"Emkay16"},"content":""},{"lineNumber":29,"author":{"gitId":"Emkay16"},"content":"    public void check() {"},{"lineNumber":30,"author":{"gitId":"Emkay16"},"content":"        if (isDone \u003d\u003d false) {"},{"lineNumber":31,"author":{"gitId":"Emkay16"},"content":"            isDone \u003d true;"},{"lineNumber":32,"author":{"gitId":"Emkay16"},"content":"            tasksRemaining--;"},{"lineNumber":33,"author":{"gitId":"Emkay16"},"content":"        }"},{"lineNumber":34,"author":{"gitId":"Emkay16"},"content":"    }"},{"lineNumber":35,"author":{"gitId":"Emkay16"},"content":""},{"lineNumber":36,"author":{"gitId":"Emkay16"},"content":"    public void uncheck() {"},{"lineNumber":37,"author":{"gitId":"Emkay16"},"content":"        if (isDone \u003d\u003d true) {"},{"lineNumber":38,"author":{"gitId":"Emkay16"},"content":"            isDone \u003d false;"},{"lineNumber":39,"author":{"gitId":"Emkay16"},"content":"            tasksRemaining++;"},{"lineNumber":40,"author":{"gitId":"Emkay16"},"content":"        }"},{"lineNumber":41,"author":{"gitId":"Emkay16"},"content":"    }"},{"lineNumber":42,"author":{"gitId":"Emkay16"},"content":""},{"lineNumber":43,"author":{"gitId":"Emkay16"},"content":"    public String toString() {"},{"lineNumber":44,"author":{"gitId":"Emkay16"},"content":"        return getStatusSymbol() + getDesc();"},{"lineNumber":45,"author":{"gitId":"Emkay16"},"content":"    }"},{"lineNumber":46,"author":{"gitId":"Emkay16"},"content":"}"}],"authorContributionMap":{"Emkay16":46}},{"path":"src/main/java/ToDo.java","fileType":"java","lines":[{"lineNumber":1,"author":{"gitId":"Emkay16"},"content":"public class ToDo extends Task{"},{"lineNumber":2,"author":{"gitId":"Emkay16"},"content":""},{"lineNumber":3,"author":{"gitId":"Emkay16"},"content":"    public ToDo(String desc) {"},{"lineNumber":4,"author":{"gitId":"Emkay16"},"content":"        super(desc);"},{"lineNumber":5,"author":{"gitId":"Emkay16"},"content":"    }"},{"lineNumber":6,"author":{"gitId":"Emkay16"},"content":""},{"lineNumber":7,"author":{"gitId":"Emkay16"},"content":"    @Override"},{"lineNumber":8,"author":{"gitId":"Emkay16"},"content":"    public String toString() {"},{"lineNumber":9,"author":{"gitId":"Emkay16"},"content":"        return \" [T]\" + super.toString();"},{"lineNumber":10,"author":{"gitId":"Emkay16"},"content":"    }"},{"lineNumber":11,"author":{"gitId":"Emkay16"},"content":"}"}],"authorContributionMap":{"Emkay16":11}}]
