[{"path":"src/main/java/Deadline.java","fileType":"java","lines":[{"lineNumber":1,"author":{"gitId":"Emkay16"},"content":"public class Deadline extends Task {"},{"lineNumber":2,"author":{"gitId":"Emkay16"},"content":"    protected String date;"},{"lineNumber":3,"author":{"gitId":"Emkay16"},"content":""},{"lineNumber":4,"author":{"gitId":"Emkay16"},"content":"    public Deadline(String desc, String dueDate) {"},{"lineNumber":5,"author":{"gitId":"Emkay16"},"content":"        super(desc);"},{"lineNumber":6,"author":{"gitId":"Emkay16"},"content":"        this.date \u003d dueDate;"},{"lineNumber":7,"author":{"gitId":"Emkay16"},"content":"    }"},{"lineNumber":8,"author":{"gitId":"Emkay16"},"content":""},{"lineNumber":9,"author":{"gitId":"Emkay16"},"content":"    public Deadline(String desc, boolean isDone, String dueDate) {"},{"lineNumber":10,"author":{"gitId":"Emkay16"},"content":"        super(desc, isDone);"},{"lineNumber":11,"author":{"gitId":"Emkay16"},"content":"        this.date \u003d dueDate;"},{"lineNumber":12,"author":{"gitId":"Emkay16"},"content":"    }"},{"lineNumber":13,"author":{"gitId":"Emkay16"},"content":""},{"lineNumber":14,"author":{"gitId":"Emkay16"},"content":"    @Override"},{"lineNumber":15,"author":{"gitId":"Emkay16"},"content":"    public String getDate() {"},{"lineNumber":16,"author":{"gitId":"Emkay16"},"content":"        return date;"},{"lineNumber":17,"author":{"gitId":"Emkay16"},"content":"    }"},{"lineNumber":18,"author":{"gitId":"Emkay16"},"content":""},{"lineNumber":19,"author":{"gitId":"Emkay16"},"content":"    public String toString() {"},{"lineNumber":20,"author":{"gitId":"Emkay16"},"content":"        return \" [D]\" + super.toString() + \" (by: \" + date + \")\";"},{"lineNumber":21,"author":{"gitId":"Emkay16"},"content":"    }"},{"lineNumber":22,"author":{"gitId":"Emkay16"},"content":"}"}],"authorContributionMap":{"Emkay16":22}},{"path":"src/main/java/Duke.java","fileType":"java","lines":[{"lineNumber":1,"author":{"gitId":"Emkay16"},"content":"import java.io.File;"},{"lineNumber":2,"author":{"gitId":"Emkay16"},"content":"import java.io.FileWriter;"},{"lineNumber":3,"author":{"gitId":"Emkay16"},"content":"import java.io.IOException;"},{"lineNumber":4,"author":{"gitId":"Emkay16"},"content":"import java.util.ArrayList;"},{"lineNumber":5,"author":{"gitId":"Emkay16"},"content":"import java.util.Scanner;"},{"lineNumber":6,"author":{"gitId":"Emkay16"},"content":""},{"lineNumber":7,"author":{"gitId":"Emkay16"},"content":""},{"lineNumber":8,"author":{"gitId":"-"},"content":"public class Duke {"},{"lineNumber":9,"author":{"gitId":"Emkay16"},"content":""},{"lineNumber":10,"author":{"gitId":"Emkay16"},"content":"    public static final String LINE \u003d \"_____________________________________________________\\n\";"},{"lineNumber":11,"author":{"gitId":"Emkay16"},"content":"    public static final String LOGO \u003d \" ____        _        \\n\""},{"lineNumber":12,"author":{"gitId":"-"},"content":"            + \"|  _ \\\\ _   _| | _____ \\n\""},{"lineNumber":13,"author":{"gitId":"-"},"content":"            + \"| | | | | | | |/ / _ \\\\\\n\""},{"lineNumber":14,"author":{"gitId":"-"},"content":"            + \"| |_| | |_| |   \u003c  __/\\n\""},{"lineNumber":15,"author":{"gitId":"-"},"content":"            + \"|____/ \\\\__,_|_|\\\\_\\\\___|\\n\";"},{"lineNumber":16,"author":{"gitId":"Emkay16"},"content":""},{"lineNumber":17,"author":{"gitId":"Emkay16"},"content":"    public static final String WELCOME_MESSAGE \u003d LINE + \"Hello from\\n\" + LOGO"},{"lineNumber":18,"author":{"gitId":"Emkay16"},"content":"            + \"What can I do for you today?\\n\" + LINE;"},{"lineNumber":19,"author":{"gitId":"Emkay16"},"content":"    public static final String BYE_MESSAGE \u003d LINE + \"Goodbye! Hope to see you around soon!\\n\" + LINE;"},{"lineNumber":20,"author":{"gitId":"Emkay16"},"content":"    public static final String HELP_MESSAGE \u003d LINE + \"Add todo:\\n\""},{"lineNumber":21,"author":{"gitId":"Emkay16"},"content":"            + \"Command prefix: NONE\\n\""},{"lineNumber":22,"author":{"gitId":"Emkay16"},"content":"            + \"Argument(s): task\\n\\n\""},{"lineNumber":23,"author":{"gitId":"Emkay16"},"content":"            + \"Show tasks:\\n\""},{"lineNumber":24,"author":{"gitId":"Emkay16"},"content":"            + \"Command prefix: list\\n\\n\""},{"lineNumber":25,"author":{"gitId":"Emkay16"},"content":"            + \"Check task off:\\n\""},{"lineNumber":26,"author":{"gitId":"Emkay16"},"content":"            + \"Command prefix: done\\n\""},{"lineNumber":27,"author":{"gitId":"Emkay16"},"content":"            + \"Argument(s): task number\\n\";"},{"lineNumber":28,"author":{"gitId":"Emkay16"},"content":"    public static final String EMPTY_LIST_MESSAGE \u003d \"There are not tasks in the list\\n\";"},{"lineNumber":29,"author":{"gitId":"Emkay16"},"content":"    public static final String ADD_MESSAGE \u003d \" added to list\\n\";"},{"lineNumber":30,"author":{"gitId":"Emkay16"},"content":"    public static final String NO_DESCRIPTION_MESSAGE \u003d \"The description cannot be empty!\\n\";"},{"lineNumber":31,"author":{"gitId":"Emkay16"},"content":"    public static final String NO_DEADLINE_MESSAGE \u003d \"Please indicate a deadline after \\\"/by\\\"\\n\";"},{"lineNumber":32,"author":{"gitId":"Emkay16"},"content":"    public static final String NO_TIME_MESSAGE \u003d \"Please indicate the event time after \\\"/at\\\"\\n\";"},{"lineNumber":33,"author":{"gitId":"Emkay16"},"content":"    public static final String TASK_CHECKED_MESSAGE \u003d \"Task checked off!\\n\";"},{"lineNumber":34,"author":{"gitId":"Emkay16"},"content":"    public static final String TASK_ALREADY_CHECKED_MESSAGE \u003d \" is already checked off\\n\";"},{"lineNumber":35,"author":{"gitId":"Emkay16"},"content":"    public static final String ALL_TASKS_CHECKED_MESSAGE \u003d \"All remaining tasks have been checked off!\\n\";"},{"lineNumber":36,"author":{"gitId":"Emkay16"},"content":"    public static final String TASK_UNCHECKED_MESSAGE \u003d \"Task is no longer checked off\\n\";"},{"lineNumber":37,"author":{"gitId":"Emkay16"},"content":"    public static final String TASK_NOT_CHECKED_MESSAGE \u003d \" is not checked\\n\";"},{"lineNumber":38,"author":{"gitId":"Emkay16"},"content":"    public static final String TASK_DELETED_MESSAGE \u003d \"This task has been removed: \\n\";"},{"lineNumber":39,"author":{"gitId":"Emkay16"},"content":"    public static final String INVALID_ARGUMENT_MESSAGE \u003d \"Invalid argument!\\n\";"},{"lineNumber":40,"author":{"gitId":"Emkay16"},"content":"    public static final String INVALID_COMMAND_MESSAGE \u003d \"I am sorry, I do not recognise that command\\n\""},{"lineNumber":41,"author":{"gitId":"Emkay16"},"content":"            + \"Please try again\\n\";"},{"lineNumber":42,"author":{"gitId":"Emkay16"},"content":"    public static final String GENERIC_ERROR_MESSAGE \u003d \"Something went wrong!\\n\";"},{"lineNumber":43,"author":{"gitId":"Emkay16"},"content":""},{"lineNumber":44,"author":{"gitId":"-"},"content":"    public static void main(String[] args) {"},{"lineNumber":45,"author":{"gitId":"Emkay16"},"content":"        ArrayList\u003cTask\u003e list \u003d new ArrayList\u003c\u003e();"},{"lineNumber":46,"author":{"gitId":"Emkay16"},"content":"        int taskCount \u003d handleFile(list);"},{"lineNumber":47,"author":{"gitId":"Emkay16"},"content":"        printWelcome();"},{"lineNumber":48,"author":{"gitId":"Emkay16"},"content":"        interact(list, taskCount);"},{"lineNumber":49,"author":{"gitId":"Emkay16"},"content":"        saveData(list);"},{"lineNumber":50,"author":{"gitId":"Emkay16"},"content":"        printBye();"},{"lineNumber":51,"author":{"gitId":"Emkay16"},"content":"    }"},{"lineNumber":52,"author":{"gitId":"Emkay16"},"content":""},{"lineNumber":53,"author":{"gitId":"Emkay16"},"content":"    private static int handleFile(ArrayList\u003cTask\u003e list) {"},{"lineNumber":54,"author":{"gitId":"Emkay16"},"content":"        int taskCount \u003d 0;"},{"lineNumber":55,"author":{"gitId":"Emkay16"},"content":"        try {"},{"lineNumber":56,"author":{"gitId":"Emkay16"},"content":"            File saveData \u003d new File(\"data.txt\");"},{"lineNumber":57,"author":{"gitId":"Emkay16"},"content":"            if(saveData.createNewFile()) { //file is created"},{"lineNumber":58,"author":{"gitId":"Emkay16"},"content":"                System.out.println(\"data.txt created\");"},{"lineNumber":59,"author":{"gitId":"Emkay16"},"content":"            } else { //file already exists"},{"lineNumber":60,"author":{"gitId":"Emkay16"},"content":"                Scanner reader \u003d new Scanner(saveData);"},{"lineNumber":61,"author":{"gitId":"Emkay16"},"content":"                while (reader.hasNextLine()) {"},{"lineNumber":62,"author":{"gitId":"Emkay16"},"content":"                    String line \u003d reader.nextLine();"},{"lineNumber":63,"author":{"gitId":"Emkay16"},"content":"                    loadData(list, line);"},{"lineNumber":64,"author":{"gitId":"Emkay16"},"content":"                    taskCount++;"},{"lineNumber":65,"author":{"gitId":"Emkay16"},"content":"                }"},{"lineNumber":66,"author":{"gitId":"Emkay16"},"content":"                System.out.println(\"data loaded\");"},{"lineNumber":67,"author":{"gitId":"Emkay16"},"content":"                System.out.println(\"tasks: \" + taskCount);"},{"lineNumber":68,"author":{"gitId":"Emkay16"},"content":"            }"},{"lineNumber":69,"author":{"gitId":"Emkay16"},"content":"        } catch (IOException e) {"},{"lineNumber":70,"author":{"gitId":"Emkay16"},"content":"            System.out.print(LINE + GENERIC_ERROR_MESSAGE + LINE);"},{"lineNumber":71,"author":{"gitId":"Emkay16"},"content":"        }"},{"lineNumber":72,"author":{"gitId":"Emkay16"},"content":"        return taskCount;"},{"lineNumber":73,"author":{"gitId":"Emkay16"},"content":"    }"},{"lineNumber":74,"author":{"gitId":"Emkay16"},"content":""},{"lineNumber":75,"author":{"gitId":"Emkay16"},"content":"    private static void loadData(ArrayList\u003cTask\u003e list, String line) {"},{"lineNumber":76,"author":{"gitId":"Emkay16"},"content":"        boolean isDone \u003d true;"},{"lineNumber":77,"author":{"gitId":"Emkay16"},"content":"        int indexOfSeparator \u003d 0;"},{"lineNumber":78,"author":{"gitId":"Emkay16"},"content":"        String desc \u003d new String();"},{"lineNumber":79,"author":{"gitId":"Emkay16"},"content":"        String date \u003d new String();"},{"lineNumber":80,"author":{"gitId":"Emkay16"},"content":""},{"lineNumber":81,"author":{"gitId":"Emkay16"},"content":"        if (line.charAt(0) \u003d\u003d \u00270\u0027) {"},{"lineNumber":82,"author":{"gitId":"Emkay16"},"content":"            isDone \u003d false;"},{"lineNumber":83,"author":{"gitId":"Emkay16"},"content":"        }"},{"lineNumber":84,"author":{"gitId":"Emkay16"},"content":""},{"lineNumber":85,"author":{"gitId":"Emkay16"},"content":"        switch (line.charAt(1)) {"},{"lineNumber":86,"author":{"gitId":"Emkay16"},"content":"        case \u0027T\u0027:"},{"lineNumber":87,"author":{"gitId":"Emkay16"},"content":"            desc \u003d line.substring(2);"},{"lineNumber":88,"author":{"gitId":"Emkay16"},"content":"            list.add(new ToDo(desc, isDone));"},{"lineNumber":89,"author":{"gitId":"Emkay16"},"content":"            break;"},{"lineNumber":90,"author":{"gitId":"Emkay16"},"content":"        case \u0027D\u0027:"},{"lineNumber":91,"author":{"gitId":"Emkay16"},"content":"            indexOfSeparator \u003d line.indexOf(\u0027|\u0027);"},{"lineNumber":92,"author":{"gitId":"Emkay16"},"content":"            desc \u003d line.substring(2, indexOfSeparator);"},{"lineNumber":93,"author":{"gitId":"Emkay16"},"content":"            date \u003d line.substring(indexOfSeparator + 1);"},{"lineNumber":94,"author":{"gitId":"Emkay16"},"content":"            list.add(new Deadline(desc, isDone, date));"},{"lineNumber":95,"author":{"gitId":"Emkay16"},"content":"            break;"},{"lineNumber":96,"author":{"gitId":"Emkay16"},"content":"        case \u0027E\u0027:"},{"lineNumber":97,"author":{"gitId":"Emkay16"},"content":"            indexOfSeparator \u003d line.indexOf(\u0027|\u0027);"},{"lineNumber":98,"author":{"gitId":"Emkay16"},"content":"            desc \u003d line.substring(2, indexOfSeparator);"},{"lineNumber":99,"author":{"gitId":"Emkay16"},"content":"            date \u003d line.substring(indexOfSeparator + 1);"},{"lineNumber":100,"author":{"gitId":"Emkay16"},"content":"            list.add(new Event(desc, isDone, date));"},{"lineNumber":101,"author":{"gitId":"Emkay16"},"content":"            break;"},{"lineNumber":102,"author":{"gitId":"Emkay16"},"content":"        }"},{"lineNumber":103,"author":{"gitId":"Emkay16"},"content":"    }"},{"lineNumber":104,"author":{"gitId":"Emkay16"},"content":""},{"lineNumber":105,"author":{"gitId":"Emkay16"},"content":"    public static void interact(ArrayList\u003cTask\u003e list, int taskCount) {"},{"lineNumber":106,"author":{"gitId":"Emkay16"},"content":""},{"lineNumber":107,"author":{"gitId":"Emkay16"},"content":"        Scanner scan \u003d new Scanner(System.in);"},{"lineNumber":108,"author":{"gitId":"Emkay16"},"content":"        String in \u003d scan.nextLine();"},{"lineNumber":109,"author":{"gitId":"Emkay16"},"content":""},{"lineNumber":110,"author":{"gitId":"Emkay16"},"content":"        String cmd;"},{"lineNumber":111,"author":{"gitId":"Emkay16"},"content":"        String input;"},{"lineNumber":112,"author":{"gitId":"Emkay16"},"content":"        if (in.contains(\" \")) {"},{"lineNumber":113,"author":{"gitId":"Emkay16"},"content":"            cmd \u003d in.substring(0, in.indexOf(\" \")); //if there is no \" \", index returned is -1"},{"lineNumber":114,"author":{"gitId":"Emkay16"},"content":"            input \u003d in.substring(in.indexOf(\" \") + 1);"},{"lineNumber":115,"author":{"gitId":"Emkay16"},"content":"        } else {"},{"lineNumber":116,"author":{"gitId":"Emkay16"},"content":"            cmd \u003d in;"},{"lineNumber":117,"author":{"gitId":"Emkay16"},"content":"            input \u003d null;"},{"lineNumber":118,"author":{"gitId":"Emkay16"},"content":"        }"},{"lineNumber":119,"author":{"gitId":"Emkay16"},"content":""},{"lineNumber":120,"author":{"gitId":"Emkay16"},"content":"        while (!cmd.equalsIgnoreCase(\"bye\")) {"},{"lineNumber":121,"author":{"gitId":"Emkay16"},"content":"            switch (cmd.toLowerCase()) {"},{"lineNumber":122,"author":{"gitId":"Emkay16"},"content":"            case \"help\":"},{"lineNumber":123,"author":{"gitId":"Emkay16"},"content":"                System.out.print(LINE + HELP_MESSAGE + LINE); //we should probably write an entire method for help"},{"lineNumber":124,"author":{"gitId":"Emkay16"},"content":"                break;"},{"lineNumber":125,"author":{"gitId":"Emkay16"},"content":"            case \"list\":"},{"lineNumber":126,"author":{"gitId":"Emkay16"},"content":"                printList(list, taskCount);"},{"lineNumber":127,"author":{"gitId":"Emkay16"},"content":"                break;"},{"lineNumber":128,"author":{"gitId":"Emkay16"},"content":"            case \"todo\":"},{"lineNumber":129,"author":{"gitId":"Emkay16"},"content":"                taskCount \u003d addToDo(input, list, taskCount);"},{"lineNumber":130,"author":{"gitId":"Emkay16"},"content":"                break;"},{"lineNumber":131,"author":{"gitId":"Emkay16"},"content":"            case \"deadline\":"},{"lineNumber":132,"author":{"gitId":"Emkay16"},"content":"                taskCount \u003d addDeadline(input, list, taskCount);"},{"lineNumber":133,"author":{"gitId":"Emkay16"},"content":"                break;"},{"lineNumber":134,"author":{"gitId":"Emkay16"},"content":"            case \"event\":"},{"lineNumber":135,"author":{"gitId":"Emkay16"},"content":"                taskCount \u003d addEvent(input, list, taskCount);"},{"lineNumber":136,"author":{"gitId":"Emkay16"},"content":"                break;"},{"lineNumber":137,"author":{"gitId":"Emkay16"},"content":"            case \"done\":"},{"lineNumber":138,"author":{"gitId":"Emkay16"},"content":"                markAsDone(list, taskCount, input);"},{"lineNumber":139,"author":{"gitId":"Emkay16"},"content":"                break;"},{"lineNumber":140,"author":{"gitId":"Emkay16"},"content":"            case \"undo\":"},{"lineNumber":141,"author":{"gitId":"Emkay16"},"content":"                undoMarkAsDone(list, taskCount, input);"},{"lineNumber":142,"author":{"gitId":"Emkay16"},"content":"                break;"},{"lineNumber":143,"author":{"gitId":"Emkay16"},"content":"            case \"delete\":"},{"lineNumber":144,"author":{"gitId":"Emkay16"},"content":"                delete(list, taskCount, input);"},{"lineNumber":145,"author":{"gitId":"Emkay16"},"content":"                break;"},{"lineNumber":146,"author":{"gitId":"Emkay16"},"content":"            default:"},{"lineNumber":147,"author":{"gitId":"Emkay16"},"content":"                System.out.print(LINE + INVALID_COMMAND_MESSAGE + LINE);"},{"lineNumber":148,"author":{"gitId":"Emkay16"},"content":"            }"},{"lineNumber":149,"author":{"gitId":"Emkay16"},"content":"            in \u003d scan.nextLine();"},{"lineNumber":150,"author":{"gitId":"Emkay16"},"content":""},{"lineNumber":151,"author":{"gitId":"Emkay16"},"content":"            if (in.contains(\" \")) {"},{"lineNumber":152,"author":{"gitId":"Emkay16"},"content":"                cmd \u003d in.substring(0, in.indexOf(\" \")); //if there is no space, taskCount returned is -1"},{"lineNumber":153,"author":{"gitId":"Emkay16"},"content":"                input \u003d in.substring(in.indexOf(\" \") + 1);"},{"lineNumber":154,"author":{"gitId":"Emkay16"},"content":"            } else {"},{"lineNumber":155,"author":{"gitId":"Emkay16"},"content":"                cmd \u003d in;"},{"lineNumber":156,"author":{"gitId":"Emkay16"},"content":"                input \u003d null;"},{"lineNumber":157,"author":{"gitId":"Emkay16"},"content":"            }"},{"lineNumber":158,"author":{"gitId":"Emkay16"},"content":"        }"},{"lineNumber":159,"author":{"gitId":"Emkay16"},"content":"    }"},{"lineNumber":160,"author":{"gitId":"Emkay16"},"content":""},{"lineNumber":161,"author":{"gitId":"Emkay16"},"content":"    public static int addToDo(String input, ArrayList\u003cTask\u003e list, int index) {"},{"lineNumber":162,"author":{"gitId":"Emkay16"},"content":"        if(input\u003d\u003dnull) {"},{"lineNumber":163,"author":{"gitId":"Emkay16"},"content":"            System.out.print(LINE + NO_DESCRIPTION_MESSAGE + LINE);"},{"lineNumber":164,"author":{"gitId":"Emkay16"},"content":"        } else {"},{"lineNumber":165,"author":{"gitId":"Emkay16"},"content":"            list.add(new ToDo(input));"},{"lineNumber":166,"author":{"gitId":"Emkay16"},"content":"            System.out.print(LINE + \"\\\"\" + input + \"\\\"\" + ADD_MESSAGE + LINE);"},{"lineNumber":167,"author":{"gitId":"Emkay16"},"content":"            index++;"},{"lineNumber":168,"author":{"gitId":"Emkay16"},"content":"        }"},{"lineNumber":169,"author":{"gitId":"Emkay16"},"content":"        return index;"},{"lineNumber":170,"author":{"gitId":"Emkay16"},"content":""},{"lineNumber":171,"author":{"gitId":"Emkay16"},"content":"    }"},{"lineNumber":172,"author":{"gitId":"Emkay16"},"content":""},{"lineNumber":173,"author":{"gitId":"Emkay16"},"content":"    public static int addDeadline(String input, ArrayList\u003cTask\u003e list, int index) {"},{"lineNumber":174,"author":{"gitId":"Emkay16"},"content":"        if (input \u003d\u003d null) {"},{"lineNumber":175,"author":{"gitId":"Emkay16"},"content":"            System.out.print(LINE + NO_DESCRIPTION_MESSAGE + LINE);"},{"lineNumber":176,"author":{"gitId":"Emkay16"},"content":"        } else if(input.toLowerCase().contains(\"/by\")) {"},{"lineNumber":177,"author":{"gitId":"Emkay16"},"content":"            try {"},{"lineNumber":178,"author":{"gitId":"Emkay16"},"content":"                String desc \u003d input.substring(0, input.toLowerCase().indexOf(\"/by\") - 1);"},{"lineNumber":179,"author":{"gitId":"Emkay16"},"content":"                String dueDate \u003d input.substring(input.toLowerCase().indexOf(\"/by\") + 4);"},{"lineNumber":180,"author":{"gitId":"Emkay16"},"content":"                list.add(new Deadline(desc, dueDate));"},{"lineNumber":181,"author":{"gitId":"Emkay16"},"content":"                System.out.print(LINE + \"\\\"\" + desc + \"\\\"\" + ADD_MESSAGE +"},{"lineNumber":182,"author":{"gitId":"Emkay16"},"content":"                        \"Please complete by: \" + dueDate + \"\\n\" + LINE);"},{"lineNumber":183,"author":{"gitId":"Emkay16"},"content":"                index++;"},{"lineNumber":184,"author":{"gitId":"Emkay16"},"content":"            } catch (Exception e) {"},{"lineNumber":185,"author":{"gitId":"Emkay16"},"content":"                System.out.print(LINE + INVALID_ARGUMENT_MESSAGE + LINE);"},{"lineNumber":186,"author":{"gitId":"Emkay16"},"content":"            }"},{"lineNumber":187,"author":{"gitId":"Emkay16"},"content":"        } else {"},{"lineNumber":188,"author":{"gitId":"Emkay16"},"content":"            System.out.print(LINE + INVALID_ARGUMENT_MESSAGE + NO_DEADLINE_MESSAGE + LINE);"},{"lineNumber":189,"author":{"gitId":"Emkay16"},"content":"        }"},{"lineNumber":190,"author":{"gitId":"Emkay16"},"content":""},{"lineNumber":191,"author":{"gitId":"Emkay16"},"content":"        return index;"},{"lineNumber":192,"author":{"gitId":"Emkay16"},"content":"    }"},{"lineNumber":193,"author":{"gitId":"Emkay16"},"content":""},{"lineNumber":194,"author":{"gitId":"Emkay16"},"content":"    public static int addEvent(String input, ArrayList\u003cTask\u003e list, int taskCount) {"},{"lineNumber":195,"author":{"gitId":"Emkay16"},"content":"        if (input \u003d\u003d null) {"},{"lineNumber":196,"author":{"gitId":"Emkay16"},"content":"            System.out.print(LINE + NO_DESCRIPTION_MESSAGE + LINE);"},{"lineNumber":197,"author":{"gitId":"Emkay16"},"content":"        } else if(input.toLowerCase().contains(\"/at\")) {"},{"lineNumber":198,"author":{"gitId":"Emkay16"},"content":"            try {"},{"lineNumber":199,"author":{"gitId":"Emkay16"},"content":"                String desc \u003d input.substring(0, input.toLowerCase().indexOf(\"/at\")-1);"},{"lineNumber":200,"author":{"gitId":"Emkay16"},"content":"                String date \u003d input.substring(input.toLowerCase().indexOf(\"/at\")+4);"},{"lineNumber":201,"author":{"gitId":"Emkay16"},"content":"                list.add(new Event(desc, date));"},{"lineNumber":202,"author":{"gitId":"Emkay16"},"content":"                System.out.print(LINE + \"\\\"\" + desc + \"\\\"\" + ADD_MESSAGE +"},{"lineNumber":203,"author":{"gitId":"Emkay16"},"content":"                        \"It occurs at: \" + date + \"\\n\" + LINE);"},{"lineNumber":204,"author":{"gitId":"Emkay16"},"content":"                taskCount++;"},{"lineNumber":205,"author":{"gitId":"Emkay16"},"content":"            } catch (Exception e) {"},{"lineNumber":206,"author":{"gitId":"Emkay16"},"content":"                System.out.print(LINE + INVALID_ARGUMENT_MESSAGE + LINE);"},{"lineNumber":207,"author":{"gitId":"Emkay16"},"content":"            }"},{"lineNumber":208,"author":{"gitId":"Emkay16"},"content":"        } else {"},{"lineNumber":209,"author":{"gitId":"Emkay16"},"content":"            System.out.print(LINE + INVALID_ARGUMENT_MESSAGE + NO_TIME_MESSAGE + LINE);"},{"lineNumber":210,"author":{"gitId":"Emkay16"},"content":"        }"},{"lineNumber":211,"author":{"gitId":"Emkay16"},"content":""},{"lineNumber":212,"author":{"gitId":"Emkay16"},"content":"        return taskCount;"},{"lineNumber":213,"author":{"gitId":"Emkay16"},"content":"    }"},{"lineNumber":214,"author":{"gitId":"Emkay16"},"content":""},{"lineNumber":215,"author":{"gitId":"Emkay16"},"content":"    public static void printList(ArrayList\u003cTask\u003e list, int taskCount) {"},{"lineNumber":216,"author":{"gitId":"Emkay16"},"content":"        if(taskCount \u003d\u003d 0) {"},{"lineNumber":217,"author":{"gitId":"Emkay16"},"content":"            System.out.print(LINE + EMPTY_LIST_MESSAGE + LINE);"},{"lineNumber":218,"author":{"gitId":"Emkay16"},"content":"        } else {"},{"lineNumber":219,"author":{"gitId":"Emkay16"},"content":"            System.out.print(LINE);"},{"lineNumber":220,"author":{"gitId":"Emkay16"},"content":"            for (int i \u003d 0; i \u003c list.size(); i++) {"},{"lineNumber":221,"author":{"gitId":"Emkay16"},"content":"                if (i \u003c 9) {"},{"lineNumber":222,"author":{"gitId":"Emkay16"},"content":"                    System.out.print(\" \");"},{"lineNumber":223,"author":{"gitId":"Emkay16"},"content":"                }"},{"lineNumber":224,"author":{"gitId":"Emkay16"},"content":"                System.out.println(i + 1 + list.get(i).toString());"},{"lineNumber":225,"author":{"gitId":"Emkay16"},"content":"            }"},{"lineNumber":226,"author":{"gitId":"Emkay16"},"content":"            System.out.print(\"There are \" + Task.getTasksRemaining() + \" undone task(s) on the list\\n\" + LINE);"},{"lineNumber":227,"author":{"gitId":"Emkay16"},"content":"        }"},{"lineNumber":228,"author":{"gitId":"Emkay16"},"content":"    }"},{"lineNumber":229,"author":{"gitId":"Emkay16"},"content":""},{"lineNumber":230,"author":{"gitId":"Emkay16"},"content":"    public static void markAsDone(ArrayList\u003cTask\u003e list, int max, String input) {"},{"lineNumber":231,"author":{"gitId":"Emkay16"},"content":"        try {"},{"lineNumber":232,"author":{"gitId":"Emkay16"},"content":"            int taskNo \u003d Integer.parseInt(input);"},{"lineNumber":233,"author":{"gitId":"Emkay16"},"content":"            if (taskNo \u003c\u003d max \u0026\u0026 taskNo \u003e 0) { //no. is valid"},{"lineNumber":234,"author":{"gitId":"Emkay16"},"content":"                if (list.get(taskNo-1).getStatus()) {"},{"lineNumber":235,"author":{"gitId":"Emkay16"},"content":"                    System.out.print(LINE + \"Task \\\"\" + list.get(taskNo-1).getDesc() + \"\\\"\""},{"lineNumber":236,"author":{"gitId":"Emkay16"},"content":"                            + TASK_ALREADY_CHECKED_MESSAGE + LINE);"},{"lineNumber":237,"author":{"gitId":"Emkay16"},"content":"                } else {"},{"lineNumber":238,"author":{"gitId":"Emkay16"},"content":"                    list.get(taskNo-1).check();"},{"lineNumber":239,"author":{"gitId":"Emkay16"},"content":"                    System.out.print(LINE + TASK_CHECKED_MESSAGE);"},{"lineNumber":240,"author":{"gitId":"Emkay16"},"content":"                    System.out.println(\"  \" + list.get(taskNo - 1).getStatusSymbol() + list.get(taskNo - 1).getDesc());"},{"lineNumber":241,"author":{"gitId":"Emkay16"},"content":"                    if (Task.getTasksRemaining() \u003d\u003d 0) {"},{"lineNumber":242,"author":{"gitId":"Emkay16"},"content":"                        System.out.print(ALL_TASKS_CHECKED_MESSAGE);"},{"lineNumber":243,"author":{"gitId":"Emkay16"},"content":"                    }"},{"lineNumber":244,"author":{"gitId":"Emkay16"},"content":"                    System.out.print(LINE);"},{"lineNumber":245,"author":{"gitId":"Emkay16"},"content":"                }"},{"lineNumber":246,"author":{"gitId":"Emkay16"},"content":"            } else {"},{"lineNumber":247,"author":{"gitId":"Emkay16"},"content":"                printInvalidArgumentMessage();"},{"lineNumber":248,"author":{"gitId":"Emkay16"},"content":"            }"},{"lineNumber":249,"author":{"gitId":"Emkay16"},"content":"        } catch (Exception e) {"},{"lineNumber":250,"author":{"gitId":"Emkay16"},"content":"            printInvalidArgumentMessage();"},{"lineNumber":251,"author":{"gitId":"Emkay16"},"content":"        }"},{"lineNumber":252,"author":{"gitId":"Emkay16"},"content":""},{"lineNumber":253,"author":{"gitId":"Emkay16"},"content":"    }"},{"lineNumber":254,"author":{"gitId":"Emkay16"},"content":""},{"lineNumber":255,"author":{"gitId":"Emkay16"},"content":"    public static void undoMarkAsDone(ArrayList\u003cTask\u003e list, int max, String input) {"},{"lineNumber":256,"author":{"gitId":"Emkay16"},"content":"        try {"},{"lineNumber":257,"author":{"gitId":"Emkay16"},"content":"            int taskNo \u003d Integer.parseInt(input);"},{"lineNumber":258,"author":{"gitId":"Emkay16"},"content":"            if (taskNo \u003c\u003d max \u0026\u0026 taskNo \u003e 0) { //no. is valid"},{"lineNumber":259,"author":{"gitId":"Emkay16"},"content":"                if (!list.get(taskNo-1).getStatus()) {"},{"lineNumber":260,"author":{"gitId":"Emkay16"},"content":"                    System.out.print(LINE + \"Task \\\"\" + list.get(taskNo-1).getDesc() + \"\\\"\""},{"lineNumber":261,"author":{"gitId":"Emkay16"},"content":"                            + TASK_NOT_CHECKED_MESSAGE + LINE);"},{"lineNumber":262,"author":{"gitId":"Emkay16"},"content":"                } else {"},{"lineNumber":263,"author":{"gitId":"Emkay16"},"content":"                    list.get(taskNo-1).uncheck();"},{"lineNumber":264,"author":{"gitId":"Emkay16"},"content":"                    System.out.print(LINE + TASK_UNCHECKED_MESSAGE);"},{"lineNumber":265,"author":{"gitId":"Emkay16"},"content":"                    System.out.println(\"  \" + list.get(taskNo - 1).getStatusSymbol() + list.get(taskNo - 1).getDesc());"},{"lineNumber":266,"author":{"gitId":"Emkay16"},"content":"                    System.out.print(LINE);"},{"lineNumber":267,"author":{"gitId":"Emkay16"},"content":"                }"},{"lineNumber":268,"author":{"gitId":"Emkay16"},"content":"            } else {"},{"lineNumber":269,"author":{"gitId":"Emkay16"},"content":"                printInvalidArgumentMessage();"},{"lineNumber":270,"author":{"gitId":"Emkay16"},"content":"            }"},{"lineNumber":271,"author":{"gitId":"Emkay16"},"content":"        } catch (Exception e) {"},{"lineNumber":272,"author":{"gitId":"Emkay16"},"content":"            printInvalidArgumentMessage();"},{"lineNumber":273,"author":{"gitId":"Emkay16"},"content":"        }"},{"lineNumber":274,"author":{"gitId":"Emkay16"},"content":""},{"lineNumber":275,"author":{"gitId":"Emkay16"},"content":"    }"},{"lineNumber":276,"author":{"gitId":"Emkay16"},"content":""},{"lineNumber":277,"author":{"gitId":"Emkay16"},"content":"    private static void delete(ArrayList\u003cTask\u003e list, int max, String input) {"},{"lineNumber":278,"author":{"gitId":"Emkay16"},"content":"        try {"},{"lineNumber":279,"author":{"gitId":"Emkay16"},"content":"            int taskNo \u003d Integer.parseInt(input);"},{"lineNumber":280,"author":{"gitId":"Emkay16"},"content":"            if (taskNo \u003c\u003d max \u0026\u0026 taskNo \u003e 0) {"},{"lineNumber":281,"author":{"gitId":"Emkay16"},"content":"                System.out.print(LINE + TASK_DELETED_MESSAGE + list.get(taskNo - 1).toString() + \"\\n\" + LINE);"},{"lineNumber":282,"author":{"gitId":"Emkay16"},"content":"                list.get(taskNo - 1).remove();"},{"lineNumber":283,"author":{"gitId":"Emkay16"},"content":"                list.remove(taskNo - 1);"},{"lineNumber":284,"author":{"gitId":"Emkay16"},"content":"            } else {"},{"lineNumber":285,"author":{"gitId":"Emkay16"},"content":"                printInvalidArgumentMessage();"},{"lineNumber":286,"author":{"gitId":"Emkay16"},"content":"            }"},{"lineNumber":287,"author":{"gitId":"Emkay16"},"content":"        } catch (Exception e) {"},{"lineNumber":288,"author":{"gitId":"Emkay16"},"content":"            printInvalidArgumentMessage();"},{"lineNumber":289,"author":{"gitId":"Emkay16"},"content":"        }"},{"lineNumber":290,"author":{"gitId":"Emkay16"},"content":"    }"},{"lineNumber":291,"author":{"gitId":"Emkay16"},"content":""},{"lineNumber":292,"author":{"gitId":"Emkay16"},"content":"    private static void saveData(ArrayList\u003cTask\u003e list) {"},{"lineNumber":293,"author":{"gitId":"Emkay16"},"content":"        try {"},{"lineNumber":294,"author":{"gitId":"Emkay16"},"content":"            FileWriter fw \u003d new FileWriter(\"data.txt\");"},{"lineNumber":295,"author":{"gitId":"Emkay16"},"content":"            fw.write(composeOutput(list.get(0)) + System.lineSeparator());"},{"lineNumber":296,"author":{"gitId":"Emkay16"},"content":""},{"lineNumber":297,"author":{"gitId":"Emkay16"},"content":"            for (int i \u003d 1; i\u003c list.size(); i++) {"},{"lineNumber":298,"author":{"gitId":"Emkay16"},"content":"                fw.append(composeOutput(list.get(i))).append(System.lineSeparator());"},{"lineNumber":299,"author":{"gitId":"Emkay16"},"content":"            }"},{"lineNumber":300,"author":{"gitId":"Emkay16"},"content":"            fw.close();"},{"lineNumber":301,"author":{"gitId":"Emkay16"},"content":""},{"lineNumber":302,"author":{"gitId":"Emkay16"},"content":"        } catch (IOException e) {"},{"lineNumber":303,"author":{"gitId":"Emkay16"},"content":"            System.out.print(LINE + GENERIC_ERROR_MESSAGE + LINE);"},{"lineNumber":304,"author":{"gitId":"Emkay16"},"content":"        }"},{"lineNumber":305,"author":{"gitId":"Emkay16"},"content":"    }"},{"lineNumber":306,"author":{"gitId":"Emkay16"},"content":""},{"lineNumber":307,"author":{"gitId":"Emkay16"},"content":"    private static String composeOutput(Task data) {"},{"lineNumber":308,"author":{"gitId":"Emkay16"},"content":"        boolean isDone \u003d data.getStatus();"},{"lineNumber":309,"author":{"gitId":"Emkay16"},"content":"        StringBuilder output \u003d new StringBuilder();"},{"lineNumber":310,"author":{"gitId":"Emkay16"},"content":""},{"lineNumber":311,"author":{"gitId":"Emkay16"},"content":"        switch(data.toString().charAt(2)){"},{"lineNumber":312,"author":{"gitId":"Emkay16"},"content":"        case \u0027T\u0027:"},{"lineNumber":313,"author":{"gitId":"Emkay16"},"content":"            if(!isDone) {"},{"lineNumber":314,"author":{"gitId":"Emkay16"},"content":"                output.append(\"0\");"},{"lineNumber":315,"author":{"gitId":"Emkay16"},"content":"            } else {"},{"lineNumber":316,"author":{"gitId":"Emkay16"},"content":"                output.append(\"1\");"},{"lineNumber":317,"author":{"gitId":"Emkay16"},"content":"            }"},{"lineNumber":318,"author":{"gitId":"Emkay16"},"content":"            output.append(\u0027T\u0027);"},{"lineNumber":319,"author":{"gitId":"Emkay16"},"content":"            output.append(data.getDesc());"},{"lineNumber":320,"author":{"gitId":"Emkay16"},"content":"            break;"},{"lineNumber":321,"author":{"gitId":"Emkay16"},"content":"        case \u0027D\u0027:"},{"lineNumber":322,"author":{"gitId":"Emkay16"},"content":"            if(!isDone) {"},{"lineNumber":323,"author":{"gitId":"Emkay16"},"content":"                output.append(\"0\");"},{"lineNumber":324,"author":{"gitId":"Emkay16"},"content":"            } else {"},{"lineNumber":325,"author":{"gitId":"Emkay16"},"content":"                output.append(\"1\");"},{"lineNumber":326,"author":{"gitId":"Emkay16"},"content":"            }"},{"lineNumber":327,"author":{"gitId":"Emkay16"},"content":"            output.append(\u0027D\u0027);"},{"lineNumber":328,"author":{"gitId":"Emkay16"},"content":"            output.append(data.getDesc());"},{"lineNumber":329,"author":{"gitId":"Emkay16"},"content":"            output.append(\u0027|\u0027);"},{"lineNumber":330,"author":{"gitId":"Emkay16"},"content":"            output.append(data.getDate());"},{"lineNumber":331,"author":{"gitId":"Emkay16"},"content":"            break;"},{"lineNumber":332,"author":{"gitId":"Emkay16"},"content":"        case \u0027E\u0027:"},{"lineNumber":333,"author":{"gitId":"Emkay16"},"content":"            if(!isDone) {"},{"lineNumber":334,"author":{"gitId":"Emkay16"},"content":"                output.append(\"0\");"},{"lineNumber":335,"author":{"gitId":"Emkay16"},"content":"            } else {"},{"lineNumber":336,"author":{"gitId":"Emkay16"},"content":"                output.append(\"1\");"},{"lineNumber":337,"author":{"gitId":"Emkay16"},"content":"            }"},{"lineNumber":338,"author":{"gitId":"Emkay16"},"content":"            output.append(\u0027E\u0027);"},{"lineNumber":339,"author":{"gitId":"Emkay16"},"content":"            output.append(data.getDesc());"},{"lineNumber":340,"author":{"gitId":"Emkay16"},"content":"            output.append(\u0027|\u0027);"},{"lineNumber":341,"author":{"gitId":"Emkay16"},"content":"            output.append(data.getDate());"},{"lineNumber":342,"author":{"gitId":"Emkay16"},"content":"            break;"},{"lineNumber":343,"author":{"gitId":"Emkay16"},"content":"        }"},{"lineNumber":344,"author":{"gitId":"Emkay16"},"content":"        return output.toString();"},{"lineNumber":345,"author":{"gitId":"Emkay16"},"content":"    }"},{"lineNumber":346,"author":{"gitId":"Emkay16"},"content":""},{"lineNumber":347,"author":{"gitId":"Emkay16"},"content":"    private static void printWelcome() {"},{"lineNumber":348,"author":{"gitId":"Emkay16"},"content":"        System.out.print(WELCOME_MESSAGE);"},{"lineNumber":349,"author":{"gitId":"Emkay16"},"content":"    }"},{"lineNumber":350,"author":{"gitId":"Emkay16"},"content":""},{"lineNumber":351,"author":{"gitId":"Emkay16"},"content":"    private static void printBye() {"},{"lineNumber":352,"author":{"gitId":"Emkay16"},"content":"        System.out.print(BYE_MESSAGE);"},{"lineNumber":353,"author":{"gitId":"Emkay16"},"content":"    }"},{"lineNumber":354,"author":{"gitId":"Emkay16"},"content":""},{"lineNumber":355,"author":{"gitId":"Emkay16"},"content":"    private static void printInvalidArgumentMessage() {"},{"lineNumber":356,"author":{"gitId":"Emkay16"},"content":"        System.out.print(LINE + INVALID_ARGUMENT_MESSAGE + LINE);"},{"lineNumber":357,"author":{"gitId":"-"},"content":"    }"},{"lineNumber":358,"author":{"gitId":"-"},"content":"}"}],"authorContributionMap":{"Emkay16":350,"-":8}},{"path":"src/main/java/Event.java","fileType":"java","lines":[{"lineNumber":1,"author":{"gitId":"Emkay16"},"content":"public class Event extends Task{"},{"lineNumber":2,"author":{"gitId":"Emkay16"},"content":"    private String date;"},{"lineNumber":3,"author":{"gitId":"Emkay16"},"content":""},{"lineNumber":4,"author":{"gitId":"Emkay16"},"content":"    public Event(String desc, String date) {"},{"lineNumber":5,"author":{"gitId":"Emkay16"},"content":"        super(desc);"},{"lineNumber":6,"author":{"gitId":"Emkay16"},"content":"        this.date \u003d date;"},{"lineNumber":7,"author":{"gitId":"Emkay16"},"content":"    }"},{"lineNumber":8,"author":{"gitId":"Emkay16"},"content":""},{"lineNumber":9,"author":{"gitId":"Emkay16"},"content":"    public Event(String desc, boolean isDone, String date) {"},{"lineNumber":10,"author":{"gitId":"Emkay16"},"content":"        super(desc, isDone);"},{"lineNumber":11,"author":{"gitId":"Emkay16"},"content":"        this.date \u003d date;"},{"lineNumber":12,"author":{"gitId":"Emkay16"},"content":"    }"},{"lineNumber":13,"author":{"gitId":"Emkay16"},"content":""},{"lineNumber":14,"author":{"gitId":"Emkay16"},"content":"    @Override"},{"lineNumber":15,"author":{"gitId":"Emkay16"},"content":"    public String getDate() {"},{"lineNumber":16,"author":{"gitId":"Emkay16"},"content":"        return date;"},{"lineNumber":17,"author":{"gitId":"Emkay16"},"content":"    }"},{"lineNumber":18,"author":{"gitId":"Emkay16"},"content":""},{"lineNumber":19,"author":{"gitId":"Emkay16"},"content":"    public String toString() {"},{"lineNumber":20,"author":{"gitId":"Emkay16"},"content":"        return \" [E]\" + super.toString() + \" (at: \" + date + \")\";"},{"lineNumber":21,"author":{"gitId":"Emkay16"},"content":"    }"},{"lineNumber":22,"author":{"gitId":"Emkay16"},"content":"}"}],"authorContributionMap":{"Emkay16":22}},{"path":"src/main/java/Task.java","fileType":"java","lines":[{"lineNumber":1,"author":{"gitId":"Emkay16"},"content":"public class Task {"},{"lineNumber":2,"author":{"gitId":"Emkay16"},"content":"    private String desc;"},{"lineNumber":3,"author":{"gitId":"Emkay16"},"content":"    private boolean isDone;"},{"lineNumber":4,"author":{"gitId":"Emkay16"},"content":""},{"lineNumber":5,"author":{"gitId":"Emkay16"},"content":"    private static int tasksRemaining \u003d 0;"},{"lineNumber":6,"author":{"gitId":"Emkay16"},"content":""},{"lineNumber":7,"author":{"gitId":"Emkay16"},"content":"    public Task(String desc) {"},{"lineNumber":8,"author":{"gitId":"Emkay16"},"content":"        this.desc \u003d desc;"},{"lineNumber":9,"author":{"gitId":"Emkay16"},"content":"        this.isDone \u003d false;"},{"lineNumber":10,"author":{"gitId":"Emkay16"},"content":"        tasksRemaining++;"},{"lineNumber":11,"author":{"gitId":"Emkay16"},"content":"    }"},{"lineNumber":12,"author":{"gitId":"Emkay16"},"content":""},{"lineNumber":13,"author":{"gitId":"Emkay16"},"content":"    public Task(String desc, boolean isDone) {"},{"lineNumber":14,"author":{"gitId":"Emkay16"},"content":"        this.desc \u003d desc;"},{"lineNumber":15,"author":{"gitId":"Emkay16"},"content":"        this.isDone \u003d isDone;"},{"lineNumber":16,"author":{"gitId":"Emkay16"},"content":"        if (!isDone) {"},{"lineNumber":17,"author":{"gitId":"Emkay16"},"content":"            tasksRemaining++;"},{"lineNumber":18,"author":{"gitId":"Emkay16"},"content":"        }"},{"lineNumber":19,"author":{"gitId":"Emkay16"},"content":"    }"},{"lineNumber":20,"author":{"gitId":"Emkay16"},"content":""},{"lineNumber":21,"author":{"gitId":"Emkay16"},"content":"    public String getDesc() {"},{"lineNumber":22,"author":{"gitId":"Emkay16"},"content":"        return desc;"},{"lineNumber":23,"author":{"gitId":"Emkay16"},"content":"    }"},{"lineNumber":24,"author":{"gitId":"Emkay16"},"content":""},{"lineNumber":25,"author":{"gitId":"Emkay16"},"content":"    public boolean getStatus() {"},{"lineNumber":26,"author":{"gitId":"Emkay16"},"content":"        return isDone;"},{"lineNumber":27,"author":{"gitId":"Emkay16"},"content":"    }"},{"lineNumber":28,"author":{"gitId":"Emkay16"},"content":""},{"lineNumber":29,"author":{"gitId":"Emkay16"},"content":"    public String getDate() {"},{"lineNumber":30,"author":{"gitId":"Emkay16"},"content":"        return null;"},{"lineNumber":31,"author":{"gitId":"Emkay16"},"content":"    }"},{"lineNumber":32,"author":{"gitId":"Emkay16"},"content":""},{"lineNumber":33,"author":{"gitId":"Emkay16"},"content":"    public String getStatusSymbol() {"},{"lineNumber":34,"author":{"gitId":"Emkay16"},"content":"        return (isDone ? \" \\u2612 \" : \" \\u2610 \");"},{"lineNumber":35,"author":{"gitId":"Emkay16"},"content":"    }"},{"lineNumber":36,"author":{"gitId":"Emkay16"},"content":""},{"lineNumber":37,"author":{"gitId":"Emkay16"},"content":"    public static int getTasksRemaining() {"},{"lineNumber":38,"author":{"gitId":"Emkay16"},"content":"        return tasksRemaining;"},{"lineNumber":39,"author":{"gitId":"Emkay16"},"content":"    }"},{"lineNumber":40,"author":{"gitId":"Emkay16"},"content":""},{"lineNumber":41,"author":{"gitId":"Emkay16"},"content":"    public void check() {"},{"lineNumber":42,"author":{"gitId":"Emkay16"},"content":"        if (isDone \u003d\u003d false) {"},{"lineNumber":43,"author":{"gitId":"Emkay16"},"content":"            isDone \u003d true;"},{"lineNumber":44,"author":{"gitId":"Emkay16"},"content":"            tasksRemaining--;"},{"lineNumber":45,"author":{"gitId":"Emkay16"},"content":"        }"},{"lineNumber":46,"author":{"gitId":"Emkay16"},"content":"    }"},{"lineNumber":47,"author":{"gitId":"Emkay16"},"content":""},{"lineNumber":48,"author":{"gitId":"Emkay16"},"content":"    public void uncheck() {"},{"lineNumber":49,"author":{"gitId":"Emkay16"},"content":"        if (isDone \u003d\u003d true) {"},{"lineNumber":50,"author":{"gitId":"Emkay16"},"content":"            isDone \u003d false;"},{"lineNumber":51,"author":{"gitId":"Emkay16"},"content":"            tasksRemaining++;"},{"lineNumber":52,"author":{"gitId":"Emkay16"},"content":"        }"},{"lineNumber":53,"author":{"gitId":"Emkay16"},"content":"    }"},{"lineNumber":54,"author":{"gitId":"Emkay16"},"content":""},{"lineNumber":55,"author":{"gitId":"Emkay16"},"content":"    public void remove() {"},{"lineNumber":56,"author":{"gitId":"Emkay16"},"content":"        if (isDone \u003d\u003d false) {"},{"lineNumber":57,"author":{"gitId":"Emkay16"},"content":"            tasksRemaining--;"},{"lineNumber":58,"author":{"gitId":"Emkay16"},"content":"        }"},{"lineNumber":59,"author":{"gitId":"Emkay16"},"content":"    }"},{"lineNumber":60,"author":{"gitId":"Emkay16"},"content":""},{"lineNumber":61,"author":{"gitId":"Emkay16"},"content":"    public String toString() {"},{"lineNumber":62,"author":{"gitId":"Emkay16"},"content":"        return getStatusSymbol() + getDesc();"},{"lineNumber":63,"author":{"gitId":"Emkay16"},"content":"    }"},{"lineNumber":64,"author":{"gitId":"Emkay16"},"content":"}"}],"authorContributionMap":{"Emkay16":64}},{"path":"src/main/java/ToDo.java","fileType":"java","lines":[{"lineNumber":1,"author":{"gitId":"Emkay16"},"content":"public class ToDo extends Task{"},{"lineNumber":2,"author":{"gitId":"Emkay16"},"content":""},{"lineNumber":3,"author":{"gitId":"Emkay16"},"content":"    public ToDo(String desc) {"},{"lineNumber":4,"author":{"gitId":"Emkay16"},"content":"        super(desc);"},{"lineNumber":5,"author":{"gitId":"Emkay16"},"content":"    }"},{"lineNumber":6,"author":{"gitId":"Emkay16"},"content":""},{"lineNumber":7,"author":{"gitId":"Emkay16"},"content":"    public ToDo(String desc, boolean isDone) {"},{"lineNumber":8,"author":{"gitId":"Emkay16"},"content":"        super(desc, isDone);"},{"lineNumber":9,"author":{"gitId":"Emkay16"},"content":"    }"},{"lineNumber":10,"author":{"gitId":"Emkay16"},"content":""},{"lineNumber":11,"author":{"gitId":"Emkay16"},"content":"    @Override"},{"lineNumber":12,"author":{"gitId":"Emkay16"},"content":"    public String toString() {"},{"lineNumber":13,"author":{"gitId":"Emkay16"},"content":"        return \" [T]\" + super.toString();"},{"lineNumber":14,"author":{"gitId":"Emkay16"},"content":"    }"},{"lineNumber":15,"author":{"gitId":"Emkay16"},"content":"}"}],"authorContributionMap":{"Emkay16":15}},{"path":"text-ui-test/input.txt","fileType":"txt","lines":[{"lineNumber":1,"author":{"gitId":"Emkay16"},"content":"todo read book"},{"lineNumber":2,"author":{"gitId":"Emkay16"},"content":"deadline Week 5 exercises /by 11 Feb"},{"lineNumber":3,"author":{"gitId":"Emkay16"},"content":"event Valentine\u0027s day /at 14 Feb"},{"lineNumber":4,"author":{"gitId":"Emkay16"},"content":"list"},{"lineNumber":5,"author":{"gitId":"Emkay16"},"content":"done 1"},{"lineNumber":6,"author":{"gitId":"Emkay16"},"content":"list"},{"lineNumber":7,"author":{"gitId":"Emkay16"},"content":"done r"},{"lineNumber":8,"author":{"gitId":"Emkay16"},"content":"undo 1"},{"lineNumber":9,"author":{"gitId":"Emkay16"},"content":"list"},{"lineNumber":10,"author":{"gitId":"Emkay16"},"content":"bye"}],"authorContributionMap":{"Emkay16":10}}]
