{"authorDailyContributionsMap":{"Emkay16":[{"date":"2021-01-25","commitResults":[{"hash":"83eb5d49b5ecd746f4d7d17297be52fac7133d41","messageTitle":"Initial level-0 commit","messageBody":"","fileTypesAndContributionMap":{"java":{"insertions":7,"deletions":0}}}]},{"date":"2021-01-26","commitResults":[{"hash":"4be1b78f65e98d9f1cd93cebe99ec0afeca15106","messageTitle":"Add echo and exit","messageBody":"","tags":["Level-1"],"fileTypesAndContributionMap":{"java":{"insertions":20,"deletions":1}}},{"hash":"364afcc10cc21f4d3259ab079ef5c3b01953cc60","messageTitle":"Add printList and add methods","messageBody":"","tags":["Level-2"],"fileTypesAndContributionMap":{"java":{"insertions":34,"deletions":4}}},{"hash":"d903bc5306b5dbd75824b4b2f3566387e73d3031","messageTitle":"Add Task.java","messageBody":"","tags":["A-classes"],"fileTypesAndContributionMap":{"java":{"insertions":25,"deletions":0}}},{"hash":"389df3917d4c7dd4d7011a59a3ed4e4070ac3dce","messageTitle":"Add markAsDone method \u0026 modify code for task class","messageBody":"","tags":["Level-3"],"fileTypesAndContributionMap":{"java":{"insertions":62,"deletions":17}}},{"hash":"3e0352c34b4841bf98e745f42f7e47d954c946e2","messageTitle":"Add notification when all tasks are complete","messageBody":"","fileTypesAndContributionMap":{"java":{"insertions":11,"deletions":0}}},{"hash":"2848f986dc45e7ad42e38eac4375ea856741f425","messageTitle":"Modify code to follow coding standard","messageBody":"","tags":["A-CodingStandard"],"fileTypesAndContributionMap":{"java":{"insertions":5,"deletions":17}}}]},{"date":"2021-01-30","commitResults":[{"hash":"ae1e4ff8ce21f9644cffdf26aa85fc53ff858f85","messageTitle":"Reorganize code and minor bugfix","messageBody":"Add catch for NumberFormatException when \u0027done\u0027 command is used with\nnon-numerical parameters\n","fileTypesAndContributionMap":{"java":{"insertions":107,"deletions":98}}}]},{"date":"2021-02-02","commitResults":[{"hash":"cc2dbb6ec6a2b586a34aef8528707514cd1ce80f","messageTitle":"Add support for tracking three types of tasks","messageBody":"","tags":["Level-4","A-Inheritance"],"fileTypesAndContributionMap":{"java":{"insertions":163,"deletions":39}}},{"hash":"50349cb7d35d0fac7f86a590afa4a3600eab55a4","messageTitle":"Refactor code and minor bugfix","messageBody":"","tags":["A-CodeQuality"],"fileTypesAndContributionMap":{"java":{"insertions":32,"deletions":15}}}]},{"date":"2021-02-03","commitResults":[{"hash":"869cbdbf86b49ab148121cc617cefc50fe25ed60","messageTitle":"Update help message","messageBody":"","fileTypesAndContributionMap":{"java":{"insertions":7,"deletions":1}}}]},{"date":"2021-02-09","commitResults":[{"hash":"900545a1bd172b49ba526d127e0b379d53a6cd71","messageTitle":"Add some exception handling","messageBody":"","tags":["A-Exceptions"],"fileTypesAndContributionMap":{"txt":{"insertions":10,"deletions":0},"java":{"insertions":101,"deletions":78},"bat":{"insertions":1,"deletions":1}}},{"hash":"e271cbb8da8259a5eaeb4580549d4f4f54f1f69d","messageTitle":"Minor code refactoring","messageBody":"","fileTypesAndContributionMap":{"java":{"insertions":15,"deletions":15}}},{"hash":"b2d61255c7fd607b8407c1ee634fa32a069a4c57","messageTitle":"Revert \"Update help message\"","messageBody":"This reverts commit 869cbdbf86b49ab148121cc617cefc50fe25ed60.\n","fileTypesAndContributionMap":{"java":{"insertions":1,"deletions":7}}}]},{"date":"2021-02-16","commitResults":[{"hash":"2b8af22d644d9ef8b828020f753ca5889bc69759","messageTitle":"Use collection to store data instead of array","messageBody":"","tags":["A-Collections"],"fileTypesAndContributionMap":{"java":{"insertions":22,"deletions":20}}},{"hash":"8c4110c85411040b2baf73834f67fa574ecd4550","messageTitle":"Add delete method","messageBody":"","tags":["Level-6"],"fileTypesAndContributionMap":{"java":{"insertions":29,"deletions":2}}},{"hash":"2023e0cbdd23538eb9c06a7c6bae10c95cabfc59","messageTitle":"Add method to load data from file","messageBody":"","fileTypesAndContributionMap":{"java":{"insertions":80,"deletions":3}}},{"hash":"7f8a2db99be1774864b57b8fa760fdc46d80f523","messageTitle":"Add method to save data to file","messageBody":"","fileTypesAndContributionMap":{"java":{"insertions":96,"deletions":25}}}]},{"date":"2021-02-17","commitResults":[{"hash":"e4f7d68cc75f3357dc56864b9db5f1ece4441814","messageTitle":"Add missing \u0027}\u0027","messageBody":"","fileTypesAndContributionMap":{"java":{"insertions":2,"deletions":3}}},{"hash":"4528cb8da1ffd8ecd30376e3954b8276186fc08d","messageTitle":"Modify status symbols","messageBody":"","fileTypesAndContributionMap":{"java":{"insertions":3,"deletions":1}}}]},{"date":"2021-02-25","commitResults":[{"hash":"13261e0ceafa8bdb198f44f4dbaeb13fbee233e1","messageTitle":"Minor code quality updates","messageBody":"","fileTypesAndContributionMap":{"java":{"insertions":11,"deletions":9}}}]},{"date":"2021-02-26","commitResults":[{"hash":"78c8349a1c1f7692a421281d954e1a0c7991b208","messageTitle":"Add duke and duke.task packages","messageBody":"","fileTypesAndContributionMap":{"java":{"insertions":11,"deletions":0}}}]},{"date":"2021-02-27","commitResults":[{"hash":"b5f761ceb6317700af6f7140b58550a488b9097c","messageTitle":"Add input parser","messageBody":"","fileTypesAndContributionMap":{"java":{"insertions":37,"deletions":27}}},{"hash":"303e1155780955e4996b23f79d69151f3640f16a","messageTitle":"Add data parser","messageBody":"","fileTypesAndContributionMap":{"java":{"insertions":33,"deletions":15}}},{"hash":"6fe403830a9e5624de7d89f862b150c7c883edb8","messageTitle":"Move classes, constants and methods to improve code readability","messageBody":"","fileTypesAndContributionMap":{"java":{"insertions":527,"deletions":524}}}]}]},"authorFileTypeContributionMap":{"Emkay16":{"java":524,"md":0,"fxml":0,"sh":0,"bat":0,"gradle":0,"txt":10}},"authorContributionVariance":{"Emkay16":31405.87},"authorDisplayNameMap":{"Emkay16":"CS2113T-W09-4 MABE..AXIN"}}
