{"authorDailyContributionsMap":{"wjchoi0712":[{"date":"2021-01-18","commitResults":[{"hash":"c380181ff9c7396d21406a765b8aa71285075ed4","messageTitle":"Update readme to reflect new IntelliJ version","messageBody":"","fileTypesAndContributionMap":{"md":{"insertions":10,"deletions":10}}},{"hash":"8cf74a9bf270a216eeedae558b9ebe1681ed3386","messageTitle":"Update README.md","messageBody":"","fileTypesAndContributionMap":{"md":{"insertions":2,"deletions":2}}}]},{"date":"2021-01-19","commitResults":[{"hash":"1c3c97f5fd7b00156d61e43b5829cb02770f6bcd","messageTitle":"Level 0. Greet","messageBody":"","tags":["Level-0"],"fileTypesAndContributionMap":{"java":{"insertions":4,"deletions":6}}}]},{"date":"2021-01-26","commitResults":[{"hash":"fe9940fb51d01ac216881642bfbbeefa8075f29d","messageTitle":"Greet, Echo, Exit","messageBody":"","tags":["Level-1"],"fileTypesAndContributionMap":{"java":{"insertions":17,"deletions":4}}},{"hash":"afb108c6bca36abedf0aa779c7e7f374bbfa0d28","messageTitle":"Add, list","messageBody":"","tags":["Level-2"],"fileTypesAndContributionMap":{"java":{"insertions":37,"deletions":10}}},{"hash":"21e95d63db93051d18f43df808d8e4e35261da72","messageTitle":"Mark as done","messageBody":"","tags":["Level-3","A-CodingStandard","A-Classes"],"fileTypesAndContributionMap":{"java":{"insertions":46,"deletions":8}}}]}]},"authorFileTypeContributionMap":{"wjchoi0712":{"java":78,"md":9,"fxml":0,"sh":0,"bat":0,"gradle":0,"txt":0}},"authorContributionVariance":{"wjchoi0712":877.4375},"authorDisplayNameMap":{"wjchoi0712":"CHOI..NJAE"}}
