{"authorDailyContributionsMap":{"beaniestanley":[{"date":"2021-01-27","commitResults":[{"hash":"d8b50296a41fe95df1bb69c6fc7140b9fa811b05","messageTitle":"Added Level-0: Greet.","messageBody":"","tags":["Level-0"],"fileTypesAndContributionMap":{"java":{"insertions":7,"deletions":1}}}]},{"date":"2021-01-28","commitResults":[{"hash":"a710370db4864154f7b615d07d97e255b80b4310","messageTitle":"Added Level-1: Greet, Echo, Exit","messageBody":"","tags":["Level-1"],"fileTypesAndContributionMap":{"java":{"insertions":19,"deletions":6}}},{"hash":"f696b1190095a5c8b7c8a6f5fcd538ca76443742","messageTitle":"Added Level-1: Greet, Echo, Exit","messageBody":"","fileTypesAndContributionMap":{"java":{"insertions":18,"deletions":5}}},{"hash":"236e379e52c4e1fb868a2091b3c3b9cf5fbe872a","messageTitle":"Add Level-3 and comply with coding standard","messageBody":"","tags":["Level-3","A-CodingStandard"],"fileTypesAndContributionMap":{"java":{"insertions":51,"deletions":12}}}]},{"date":"2021-02-04","commitResults":[{"hash":"79b8ee9a21f83f87e3d0f7da5545ad0ee5290ebe","messageTitle":"Comply to coding standards","messageBody":"","fileTypesAndContributionMap":{"java":{"insertions":3,"deletions":3}}},{"hash":"dee65dc4a400ea3edf44de70ab8ed3a85bd85ecd","messageTitle":"Add Level-4: ToDos, Events, Deadlines","messageBody":"","tags":["Level-4"],"fileTypesAndContributionMap":{"java":{"insertions":110,"deletions":23}}},{"hash":"6caaaf4c49e34bf57b5dad54fa60e9cba60b372c","messageTitle":"Add text files for semi-automated test","messageBody":"","tags":["A-TextUiTesting"],"fileTypesAndContributionMap":{"txt":{"insertions":7,"deletions":0}}},{"hash":"e61fbcbfaa82e9248c1b07f6d2226d165c5bb8a4","messageTitle":"Edit comment and check code quality","messageBody":"","tags":["A-CodeQuality"],"fileTypesAndContributionMap":{"java":{"insertions":1,"deletions":1}}},{"hash":"5007ceda977d20271c2094bf508b4a92443d3c01","messageTitle":"Improve coding standard based on comments","messageBody":"","fileTypesAndContributionMap":{"txt":{"insertions":1,"deletions":1},"java":{"insertions":7,"deletions":11}}}]}]},"authorFileTypeContributionMap":{"beaniestanley":{"java":154,"md":0,"fxml":0,"sh":0,"bat":0,"gradle":0,"txt":7}},"authorContributionVariance":{"beaniestanley":1492.5697},"authorDisplayNameMap":{"beaniestanley":"CS2113-F10-3 HO W..NLEY"}}
