[{"path":"README.md","fileType":"md","lines":[{"lineNumber":1,"author":{"gitId":"-"},"content":"# Duke project template"},{"lineNumber":2,"author":{"gitId":"-"},"content":""},{"lineNumber":3,"author":{"gitId":"-"},"content":"This is a project template for a greenfield Java project. It\u0027s named after the Java mascot _Duke_. Given below are instructions on how to use it."},{"lineNumber":4,"author":{"gitId":"-"},"content":""},{"lineNumber":5,"author":{"gitId":"-"},"content":"## Setting up in Intellij"},{"lineNumber":6,"author":{"gitId":"-"},"content":""},{"lineNumber":7,"author":{"gitId":"boonjuey"},"content":"Prerequisites: JDK 11, update IntelliJ to the most recent version."},{"lineNumber":8,"author":{"gitId":"-"},"content":""},{"lineNumber":9,"author":{"gitId":"boonjuey"},"content":"### On IntelliJ version 2020.3.1 (latest) and beyond"},{"lineNumber":10,"author":{"gitId":"boonjuey"},"content":""},{"lineNumber":11,"author":{"gitId":"boonjuey"},"content":"1. Open IntelliJ (if you are not in the welcome screen, click `File` \u003e `Close Project` to close the existing project first)"},{"lineNumber":12,"author":{"gitId":"boonjuey"},"content":"1. Import the project into IntelliJ as follows:"},{"lineNumber":13,"author":{"gitId":"boonjuey"},"content":"   1. Click `Open`"},{"lineNumber":14,"author":{"gitId":"-"},"content":"   1. Select the project directory, and click `OK`"},{"lineNumber":15,"author":{"gitId":"-"},"content":"   1. If there are any further prompts, accept the defaults."},{"lineNumber":16,"author":{"gitId":"boonjuey"},"content":"1. Configure the project to use **JDK 11** (not other versions) as explained in [here](https://www.jetbrains.com/help/idea/sdk.html#set-up-jdk)."},{"lineNumber":17,"author":{"gitId":"boonjuey"},"content":"1. After that, locate the `src/main/java/Duke.java` file, right-click it, and choose `Run Duke.main()`. If the setup is correct, you should see something like the output below."},{"lineNumber":18,"author":{"gitId":"boonjuey"},"content":""},{"lineNumber":19,"author":{"gitId":"-"},"content":"   ```"},{"lineNumber":20,"author":{"gitId":"-"},"content":"   Hello from"},{"lineNumber":21,"author":{"gitId":"-"},"content":"    ____        _        "},{"lineNumber":22,"author":{"gitId":"-"},"content":"   |  _ \\ _   _| | _____ "},{"lineNumber":23,"author":{"gitId":"-"},"content":"   | | | | | | | |/ / _ \\"},{"lineNumber":24,"author":{"gitId":"-"},"content":"   | |_| | |_| |   \u003c  __/"},{"lineNumber":25,"author":{"gitId":"-"},"content":"   |____/ \\__,_|_|\\_\\___|"},{"lineNumber":26,"author":{"gitId":"-"},"content":"   ```"}],"authorContributionMap":{"boonjuey":9,"-":17}},{"path":"src/main/java/Deadline.java","fileType":"java","lines":[{"lineNumber":1,"author":{"gitId":"boonjuey"},"content":"public class Deadline extends Task {"},{"lineNumber":2,"author":{"gitId":"boonjuey"},"content":"    protected String by;"},{"lineNumber":3,"author":{"gitId":"boonjuey"},"content":""},{"lineNumber":4,"author":{"gitId":"boonjuey"},"content":"    public Deadline(String description, String by) {"},{"lineNumber":5,"author":{"gitId":"boonjuey"},"content":"        super(description);"},{"lineNumber":6,"author":{"gitId":"boonjuey"},"content":"        this.by \u003d by;"},{"lineNumber":7,"author":{"gitId":"boonjuey"},"content":"    }"},{"lineNumber":8,"author":{"gitId":"boonjuey"},"content":""},{"lineNumber":9,"author":{"gitId":"boonjuey"},"content":"    @Override"},{"lineNumber":10,"author":{"gitId":"boonjuey"},"content":"    public String toString() {"},{"lineNumber":11,"author":{"gitId":"boonjuey"},"content":"        return \"[D]\" + super.toString() + \" (by: \" + by + \")\";"},{"lineNumber":12,"author":{"gitId":"boonjuey"},"content":"    }"},{"lineNumber":13,"author":{"gitId":"boonjuey"},"content":"}"}],"authorContributionMap":{"boonjuey":13}},{"path":"src/main/java/Duke.java","fileType":"java","lines":[{"lineNumber":1,"author":{"gitId":"boonjuey"},"content":"import java.util.ArrayList;"},{"lineNumber":2,"author":{"gitId":"boonjuey"},"content":"import java.util.Arrays;"},{"lineNumber":3,"author":{"gitId":"boonjuey"},"content":"import java.util.Scanner;"},{"lineNumber":4,"author":{"gitId":"boonjuey"},"content":""},{"lineNumber":5,"author":{"gitId":"-"},"content":"public class Duke {"},{"lineNumber":6,"author":{"gitId":"boonjuey"},"content":""},{"lineNumber":7,"author":{"gitId":"boonjuey"},"content":"    public static final String LINE \u003d \"____________________________________________________________\";"},{"lineNumber":8,"author":{"gitId":"boonjuey"},"content":""},{"lineNumber":9,"author":{"gitId":"boonjuey"},"content":"    public static boolean checkForSubstring(String[] input, String substring){"},{"lineNumber":10,"author":{"gitId":"boonjuey"},"content":"        for(String string : input){"},{"lineNumber":11,"author":{"gitId":"boonjuey"},"content":"            if(string.equals(substring)){"},{"lineNumber":12,"author":{"gitId":"boonjuey"},"content":"                return true;"},{"lineNumber":13,"author":{"gitId":"boonjuey"},"content":"            }"},{"lineNumber":14,"author":{"gitId":"boonjuey"},"content":"        }"},{"lineNumber":15,"author":{"gitId":"boonjuey"},"content":"        return false;"},{"lineNumber":16,"author":{"gitId":"boonjuey"},"content":"    }"},{"lineNumber":17,"author":{"gitId":"boonjuey"},"content":""},{"lineNumber":18,"author":{"gitId":"boonjuey"},"content":"    public static int indexOfSubstring(String[] input, String substring){"},{"lineNumber":19,"author":{"gitId":"boonjuey"},"content":"        int index \u003d 0;"},{"lineNumber":20,"author":{"gitId":"boonjuey"},"content":"        for(String string : input){"},{"lineNumber":21,"author":{"gitId":"boonjuey"},"content":"            if(string.equals(substring)){"},{"lineNumber":22,"author":{"gitId":"boonjuey"},"content":"                return index;"},{"lineNumber":23,"author":{"gitId":"boonjuey"},"content":"            }"},{"lineNumber":24,"author":{"gitId":"boonjuey"},"content":"            index++;"},{"lineNumber":25,"author":{"gitId":"boonjuey"},"content":"        }"},{"lineNumber":26,"author":{"gitId":"boonjuey"},"content":"        return -1;"},{"lineNumber":27,"author":{"gitId":"boonjuey"},"content":"    }"},{"lineNumber":28,"author":{"gitId":"boonjuey"},"content":""},{"lineNumber":29,"author":{"gitId":"boonjuey"},"content":"    public static boolean checkIfInteger(String s) {"},{"lineNumber":30,"author":{"gitId":"boonjuey"},"content":"        try {"},{"lineNumber":31,"author":{"gitId":"boonjuey"},"content":"            Integer.parseInt(s);"},{"lineNumber":32,"author":{"gitId":"boonjuey"},"content":"        } catch (NumberFormatException e) {"},{"lineNumber":33,"author":{"gitId":"boonjuey"},"content":"            return false;"},{"lineNumber":34,"author":{"gitId":"boonjuey"},"content":"        }"},{"lineNumber":35,"author":{"gitId":"boonjuey"},"content":"        return true;"},{"lineNumber":36,"author":{"gitId":"boonjuey"},"content":"    }"},{"lineNumber":37,"author":{"gitId":"boonjuey"},"content":""},{"lineNumber":38,"author":{"gitId":"boonjuey"},"content":"    public static void welcomeMessage(){"},{"lineNumber":39,"author":{"gitId":"boonjuey"},"content":"        String logo \u003d \" _                          \\n\""},{"lineNumber":40,"author":{"gitId":"boonjuey"},"content":"                + \"| |                         \\n\""},{"lineNumber":41,"author":{"gitId":"boonjuey"},"content":"                + \"| |     _   _   ___   _ __  \\n\""},{"lineNumber":42,"author":{"gitId":"boonjuey"},"content":"                + \"| |    | | | | / _ \\\\ | \u0027_ \\\\ \\n\""},{"lineNumber":43,"author":{"gitId":"boonjuey"},"content":"                + \"| |____| |_| || (_) || | | |\\n\""},{"lineNumber":44,"author":{"gitId":"boonjuey"},"content":"                + \"\\\\_____/ \\\\__, | \\\\___/ |_| |_|\\n\""},{"lineNumber":45,"author":{"gitId":"boonjuey"},"content":"                + \"         __/ |              \\n\""},{"lineNumber":46,"author":{"gitId":"boonjuey"},"content":"                + \"        |___/              \\n\";"},{"lineNumber":47,"author":{"gitId":"-"},"content":"        System.out.println(\"Hello from\\n\" + logo);"},{"lineNumber":48,"author":{"gitId":"boonjuey"},"content":""},{"lineNumber":49,"author":{"gitId":"boonjuey"},"content":"        System.out.println();"},{"lineNumber":50,"author":{"gitId":"boonjuey"},"content":"        System.out.println(\"____________________________________________________________\");"},{"lineNumber":51,"author":{"gitId":"boonjuey"},"content":"        System.out.println(\"Hello! I\u0027m Lyon\");"},{"lineNumber":52,"author":{"gitId":"boonjuey"},"content":"        System.out.println(\"What can I do for you?\");"},{"lineNumber":53,"author":{"gitId":"boonjuey"},"content":"    }"},{"lineNumber":54,"author":{"gitId":"boonjuey"},"content":""},{"lineNumber":55,"author":{"gitId":"boonjuey"},"content":"    public static void badUserInputMessage(){"},{"lineNumber":56,"author":{"gitId":"boonjuey"},"content":"        System.out.println(LINE);"},{"lineNumber":57,"author":{"gitId":"boonjuey"},"content":"        System.out.println(\"I\u0027m sorry, your input does not comply with the available features I have\");"},{"lineNumber":58,"author":{"gitId":"boonjuey"},"content":"        System.out.println(\"Kindly try again\");"},{"lineNumber":59,"author":{"gitId":"boonjuey"},"content":"    }"},{"lineNumber":60,"author":{"gitId":"boonjuey"},"content":""},{"lineNumber":61,"author":{"gitId":"boonjuey"},"content":"    public static void markTaskDoneMessage(ArrayList\u003cTask\u003e tasks, int index){"},{"lineNumber":62,"author":{"gitId":"boonjuey"},"content":"        System.out.println(LINE);"},{"lineNumber":63,"author":{"gitId":"boonjuey"},"content":"        System.out.println(\"Nice! I\u0027ve marked this task as done:\");"},{"lineNumber":64,"author":{"gitId":"boonjuey"},"content":"        System.out.println(tasks.get(index).toString());"},{"lineNumber":65,"author":{"gitId":"boonjuey"},"content":"        System.out.println(LINE);"},{"lineNumber":66,"author":{"gitId":"boonjuey"},"content":"    }"},{"lineNumber":67,"author":{"gitId":"boonjuey"},"content":""},{"lineNumber":68,"author":{"gitId":"boonjuey"},"content":""},{"lineNumber":69,"author":{"gitId":"boonjuey"},"content":"    public static void newItemMessage(ArrayList\u003cTask\u003e tasks, Task newItem){"},{"lineNumber":70,"author":{"gitId":"boonjuey"},"content":"        System.out.println(LINE);"},{"lineNumber":71,"author":{"gitId":"boonjuey"},"content":"        System.out.println(\"Got it. I\u0027ve added this task:\");"},{"lineNumber":72,"author":{"gitId":"boonjuey"},"content":"        System.out.println(newItem.toString());"},{"lineNumber":73,"author":{"gitId":"boonjuey"},"content":"        System.out.println(\"Now you have \" + tasks.size() + \" tasks in the list.\");"},{"lineNumber":74,"author":{"gitId":"boonjuey"},"content":"        System.out.println(LINE);"},{"lineNumber":75,"author":{"gitId":"boonjuey"},"content":"    }"},{"lineNumber":76,"author":{"gitId":"boonjuey"},"content":""},{"lineNumber":77,"author":{"gitId":"boonjuey"},"content":"    public static void goodbyeMessage(){"},{"lineNumber":78,"author":{"gitId":"boonjuey"},"content":"        System.out.println(LINE);"},{"lineNumber":79,"author":{"gitId":"boonjuey"},"content":"        System.out.println(\"Bye. Hope to see you again soon!\");"},{"lineNumber":80,"author":{"gitId":"boonjuey"},"content":"        System.out.println(LINE);"},{"lineNumber":81,"author":{"gitId":"boonjuey"},"content":"    }"},{"lineNumber":82,"author":{"gitId":"boonjuey"},"content":""},{"lineNumber":83,"author":{"gitId":"boonjuey"},"content":"    public static void main(String[] args) {"},{"lineNumber":84,"author":{"gitId":"boonjuey"},"content":""},{"lineNumber":85,"author":{"gitId":"boonjuey"},"content":"        welcomeMessage();"},{"lineNumber":86,"author":{"gitId":"boonjuey"},"content":""},{"lineNumber":87,"author":{"gitId":"boonjuey"},"content":"        Scanner in \u003d new Scanner(System.in);"},{"lineNumber":88,"author":{"gitId":"boonjuey"},"content":"        String userInput;"},{"lineNumber":89,"author":{"gitId":"boonjuey"},"content":"        // Instead of using tasks[100], I used an ArrayList."},{"lineNumber":90,"author":{"gitId":"boonjuey"},"content":"        ArrayList\u003cTask\u003e tasks \u003d new ArrayList\u003cTask\u003e();"},{"lineNumber":91,"author":{"gitId":"boonjuey"},"content":"        // Index int is to access elements of the ArrayList"},{"lineNumber":92,"author":{"gitId":"boonjuey"},"content":"        int index;"},{"lineNumber":93,"author":{"gitId":"boonjuey"},"content":"        Task newItem \u003d null;"},{"lineNumber":94,"author":{"gitId":"boonjuey"},"content":""},{"lineNumber":95,"author":{"gitId":"boonjuey"},"content":"        userInput \u003d in.nextLine();"},{"lineNumber":96,"author":{"gitId":"boonjuey"},"content":"        while (!userInput.equals(\"bye\")) {"},{"lineNumber":97,"author":{"gitId":"boonjuey"},"content":"            String[] command \u003d userInput.split(\" \");"},{"lineNumber":98,"author":{"gitId":"boonjuey"},"content":"            String instruction \u003d command[0];"},{"lineNumber":99,"author":{"gitId":"boonjuey"},"content":"            boolean isUserInputGood \u003d true;"},{"lineNumber":100,"author":{"gitId":"boonjuey"},"content":"            boolean isNewItem \u003d false;"},{"lineNumber":101,"author":{"gitId":"boonjuey"},"content":""},{"lineNumber":102,"author":{"gitId":"boonjuey"},"content":"            switch(instruction){"},{"lineNumber":103,"author":{"gitId":"boonjuey"},"content":"            case \"list\":"},{"lineNumber":104,"author":{"gitId":"boonjuey"},"content":"                if(command.length \u003d\u003d 1){"},{"lineNumber":105,"author":{"gitId":"boonjuey"},"content":"                    index \u003d 1;"},{"lineNumber":106,"author":{"gitId":"boonjuey"},"content":"                    System.out.println(LINE);"},{"lineNumber":107,"author":{"gitId":"boonjuey"},"content":"                    for (Task task : tasks) {"},{"lineNumber":108,"author":{"gitId":"boonjuey"},"content":"                        System.out.println(index + \".\" + task.toString());"},{"lineNumber":109,"author":{"gitId":"boonjuey"},"content":"                        index +\u003d 1;"},{"lineNumber":110,"author":{"gitId":"boonjuey"},"content":"                    }"},{"lineNumber":111,"author":{"gitId":"boonjuey"},"content":"                    System.out.println(LINE);"},{"lineNumber":112,"author":{"gitId":"boonjuey"},"content":"                }else{"},{"lineNumber":113,"author":{"gitId":"boonjuey"},"content":"                    isUserInputGood \u003d false;"},{"lineNumber":114,"author":{"gitId":"boonjuey"},"content":"                }"},{"lineNumber":115,"author":{"gitId":"boonjuey"},"content":"                break;"},{"lineNumber":116,"author":{"gitId":"boonjuey"},"content":"            case \"done\":"},{"lineNumber":117,"author":{"gitId":"boonjuey"},"content":"                if(command.length \u003d\u003d 2 \u0026\u0026 checkIfInteger(command[1])){"},{"lineNumber":118,"author":{"gitId":"boonjuey"},"content":"                    index \u003d Integer.parseInt(command[1]) - 1;"},{"lineNumber":119,"author":{"gitId":"boonjuey"},"content":"                    if (0 \u003c\u003d index \u0026\u0026 index \u003c tasks.size()) {"},{"lineNumber":120,"author":{"gitId":"boonjuey"},"content":"                        // If the given value to set as done is an existing index"},{"lineNumber":121,"author":{"gitId":"boonjuey"},"content":"                        tasks.get(index).setAsDone();"},{"lineNumber":122,"author":{"gitId":"boonjuey"},"content":"                        markTaskDoneMessage(tasks, index);"},{"lineNumber":123,"author":{"gitId":"boonjuey"},"content":"                        //TODO"},{"lineNumber":124,"author":{"gitId":"boonjuey"},"content":"                        // Currently a task can be marked as done repeatedly."},{"lineNumber":125,"author":{"gitId":"boonjuey"},"content":"                        // This does not cause any errors, but may be required to fix"},{"lineNumber":126,"author":{"gitId":"boonjuey"},"content":"                    } else {"},{"lineNumber":127,"author":{"gitId":"boonjuey"},"content":"                        System.out.println(\"The input index that you have selected to indicate as done,\"+"},{"lineNumber":128,"author":{"gitId":"boonjuey"},"content":"                                \"is out of the range of existing indexes!\");"},{"lineNumber":129,"author":{"gitId":"boonjuey"},"content":"                    }"},{"lineNumber":130,"author":{"gitId":"boonjuey"},"content":"                } else {"},{"lineNumber":131,"author":{"gitId":"boonjuey"},"content":"                    isUserInputGood \u003d false;"},{"lineNumber":132,"author":{"gitId":"boonjuey"},"content":"                }"},{"lineNumber":133,"author":{"gitId":"boonjuey"},"content":"                break;"},{"lineNumber":134,"author":{"gitId":"boonjuey"},"content":"            case \"todo\":"},{"lineNumber":135,"author":{"gitId":"boonjuey"},"content":"                if(command.length \u003e 1) {"},{"lineNumber":136,"author":{"gitId":"boonjuey"},"content":"                    newItem \u003d new Todo(String.join(\" \", Arrays.copyOfRange(command, 1, command.length)));"},{"lineNumber":137,"author":{"gitId":"boonjuey"},"content":"                    tasks.add(newItem);"},{"lineNumber":138,"author":{"gitId":"boonjuey"},"content":"                    isNewItem \u003d true;"},{"lineNumber":139,"author":{"gitId":"boonjuey"},"content":"                } else {"},{"lineNumber":140,"author":{"gitId":"boonjuey"},"content":"                    isUserInputGood \u003d false;"},{"lineNumber":141,"author":{"gitId":"boonjuey"},"content":"                }"},{"lineNumber":142,"author":{"gitId":"boonjuey"},"content":"                break;"},{"lineNumber":143,"author":{"gitId":"boonjuey"},"content":"            case \"event\":"},{"lineNumber":144,"author":{"gitId":"boonjuey"},"content":"                if(checkForSubstring(command, \"/at\")){"},{"lineNumber":145,"author":{"gitId":"boonjuey"},"content":"                    int separatorIndex \u003d indexOfSubstring(command, \"/at\");"},{"lineNumber":146,"author":{"gitId":"boonjuey"},"content":"                    String description \u003d String.join(\" \", Arrays.copyOfRange(command,"},{"lineNumber":147,"author":{"gitId":"boonjuey"},"content":"                            1, separatorIndex));"},{"lineNumber":148,"author":{"gitId":"boonjuey"},"content":"                    String at \u003d String.join(\" \",Arrays.copyOfRange(command,"},{"lineNumber":149,"author":{"gitId":"boonjuey"},"content":"                            separatorIndex + 1, command.length));"},{"lineNumber":150,"author":{"gitId":"boonjuey"},"content":""},{"lineNumber":151,"author":{"gitId":"boonjuey"},"content":"                    newItem \u003d new Event(description, at);"},{"lineNumber":152,"author":{"gitId":"boonjuey"},"content":"                    tasks.add(newItem);"},{"lineNumber":153,"author":{"gitId":"boonjuey"},"content":"                    isNewItem \u003d true;"},{"lineNumber":154,"author":{"gitId":"boonjuey"},"content":"                } else{"},{"lineNumber":155,"author":{"gitId":"boonjuey"},"content":"                    isUserInputGood \u003d false;"},{"lineNumber":156,"author":{"gitId":"boonjuey"},"content":"                }"},{"lineNumber":157,"author":{"gitId":"boonjuey"},"content":"                break;"},{"lineNumber":158,"author":{"gitId":"boonjuey"},"content":"            case \"deadline\":"},{"lineNumber":159,"author":{"gitId":"boonjuey"},"content":"                if(checkForSubstring(command, \"/by\")){"},{"lineNumber":160,"author":{"gitId":"boonjuey"},"content":"                    int separatorIndex \u003d indexOfSubstring(command, \"/by\");"},{"lineNumber":161,"author":{"gitId":"boonjuey"},"content":"                    String description \u003d String.join(\" \", Arrays.copyOfRange(command,"},{"lineNumber":162,"author":{"gitId":"boonjuey"},"content":"                            1, separatorIndex));"},{"lineNumber":163,"author":{"gitId":"boonjuey"},"content":"                    String by \u003d String.join(\" \",Arrays.copyOfRange(command,"},{"lineNumber":164,"author":{"gitId":"boonjuey"},"content":"                            separatorIndex + 1, command.length));"},{"lineNumber":165,"author":{"gitId":"boonjuey"},"content":""},{"lineNumber":166,"author":{"gitId":"boonjuey"},"content":"                    newItem \u003d new Deadline(description, by);"},{"lineNumber":167,"author":{"gitId":"boonjuey"},"content":"                    tasks.add(newItem);"},{"lineNumber":168,"author":{"gitId":"boonjuey"},"content":"                    isNewItem \u003d true;"},{"lineNumber":169,"author":{"gitId":"boonjuey"},"content":"                } else{"},{"lineNumber":170,"author":{"gitId":"boonjuey"},"content":"                    isUserInputGood \u003d false;"},{"lineNumber":171,"author":{"gitId":"boonjuey"},"content":"                }"},{"lineNumber":172,"author":{"gitId":"boonjuey"},"content":"                break;"},{"lineNumber":173,"author":{"gitId":"boonjuey"},"content":"            default:"},{"lineNumber":174,"author":{"gitId":"boonjuey"},"content":"                isUserInputGood \u003d false;"},{"lineNumber":175,"author":{"gitId":"boonjuey"},"content":"                break;"},{"lineNumber":176,"author":{"gitId":"boonjuey"},"content":"            }"},{"lineNumber":177,"author":{"gitId":"boonjuey"},"content":""},{"lineNumber":178,"author":{"gitId":"boonjuey"},"content":"            if(!isUserInputGood) {"},{"lineNumber":179,"author":{"gitId":"boonjuey"},"content":"                badUserInputMessage();"},{"lineNumber":180,"author":{"gitId":"boonjuey"},"content":"            } else if (isNewItem){"},{"lineNumber":181,"author":{"gitId":"boonjuey"},"content":"                newItemMessage(tasks, newItem);"},{"lineNumber":182,"author":{"gitId":"boonjuey"},"content":"            }"},{"lineNumber":183,"author":{"gitId":"boonjuey"},"content":""},{"lineNumber":184,"author":{"gitId":"boonjuey"},"content":"            userInput \u003d in.nextLine();"},{"lineNumber":185,"author":{"gitId":"boonjuey"},"content":"        }"},{"lineNumber":186,"author":{"gitId":"boonjuey"},"content":"        goodbyeMessage();"},{"lineNumber":187,"author":{"gitId":"-"},"content":"    }"},{"lineNumber":188,"author":{"gitId":"-"},"content":"}"}],"authorContributionMap":{"boonjuey":184,"-":4}},{"path":"src/main/java/Event.java","fileType":"java","lines":[{"lineNumber":1,"author":{"gitId":"boonjuey"},"content":"public class Event extends Task{"},{"lineNumber":2,"author":{"gitId":"boonjuey"},"content":"    protected String at;"},{"lineNumber":3,"author":{"gitId":"boonjuey"},"content":""},{"lineNumber":4,"author":{"gitId":"boonjuey"},"content":"    public Event(String description, String at) {"},{"lineNumber":5,"author":{"gitId":"boonjuey"},"content":"        super(description);"},{"lineNumber":6,"author":{"gitId":"boonjuey"},"content":"        this.at \u003d at;"},{"lineNumber":7,"author":{"gitId":"boonjuey"},"content":"    }"},{"lineNumber":8,"author":{"gitId":"boonjuey"},"content":""},{"lineNumber":9,"author":{"gitId":"boonjuey"},"content":"    @Override"},{"lineNumber":10,"author":{"gitId":"boonjuey"},"content":"    public String toString() {"},{"lineNumber":11,"author":{"gitId":"boonjuey"},"content":"        return \"[E]\" + super.toString() + \" (at: \" + at + \")\";"},{"lineNumber":12,"author":{"gitId":"boonjuey"},"content":"    }"},{"lineNumber":13,"author":{"gitId":"boonjuey"},"content":"}"}],"authorContributionMap":{"boonjuey":13}},{"path":"src/main/java/Task.java","fileType":"java","lines":[{"lineNumber":1,"author":{"gitId":"boonjuey"},"content":"public class Task {"},{"lineNumber":2,"author":{"gitId":"boonjuey"},"content":"    protected String description;"},{"lineNumber":3,"author":{"gitId":"boonjuey"},"content":"    protected boolean isDone;"},{"lineNumber":4,"author":{"gitId":"boonjuey"},"content":""},{"lineNumber":5,"author":{"gitId":"boonjuey"},"content":"    //can create static variable to get number of tasks (the range for indexes for the \"done\" command in main)"},{"lineNumber":6,"author":{"gitId":"boonjuey"},"content":""},{"lineNumber":7,"author":{"gitId":"boonjuey"},"content":"    public Task(String description){"},{"lineNumber":8,"author":{"gitId":"boonjuey"},"content":"        this.description \u003d description;"},{"lineNumber":9,"author":{"gitId":"boonjuey"},"content":"        this.isDone \u003d false;"},{"lineNumber":10,"author":{"gitId":"boonjuey"},"content":"    }"},{"lineNumber":11,"author":{"gitId":"boonjuey"},"content":""},{"lineNumber":12,"author":{"gitId":"boonjuey"},"content":"    public String getStatusIcon(){"},{"lineNumber":13,"author":{"gitId":"boonjuey"},"content":"        //return tick or X symbols"},{"lineNumber":14,"author":{"gitId":"boonjuey"},"content":"        return (isDone ? \"\\u2713\" : \"\\u2718\");"},{"lineNumber":15,"author":{"gitId":"boonjuey"},"content":"    }"},{"lineNumber":16,"author":{"gitId":"boonjuey"},"content":""},{"lineNumber":17,"author":{"gitId":"boonjuey"},"content":"    public void setAsDone(){"},{"lineNumber":18,"author":{"gitId":"boonjuey"},"content":"        this.isDone \u003d true;"},{"lineNumber":19,"author":{"gitId":"boonjuey"},"content":"    }"},{"lineNumber":20,"author":{"gitId":"boonjuey"},"content":""},{"lineNumber":21,"author":{"gitId":"boonjuey"},"content":"    public String toString(){"},{"lineNumber":22,"author":{"gitId":"boonjuey"},"content":"        return \"[\" + getStatusIcon() + \"] \" + this.description;"},{"lineNumber":23,"author":{"gitId":"boonjuey"},"content":"    }"},{"lineNumber":24,"author":{"gitId":"boonjuey"},"content":"}"}],"authorContributionMap":{"boonjuey":24}},{"path":"src/main/java/Todo.java","fileType":"java","lines":[{"lineNumber":1,"author":{"gitId":"boonjuey"},"content":"public class Todo extends Task{"},{"lineNumber":2,"author":{"gitId":"boonjuey"},"content":"    public Todo(String description) {"},{"lineNumber":3,"author":{"gitId":"boonjuey"},"content":"        super(description);"},{"lineNumber":4,"author":{"gitId":"boonjuey"},"content":"    }"},{"lineNumber":5,"author":{"gitId":"boonjuey"},"content":""},{"lineNumber":6,"author":{"gitId":"boonjuey"},"content":"    @Override"},{"lineNumber":7,"author":{"gitId":"boonjuey"},"content":"    public String toString() {"},{"lineNumber":8,"author":{"gitId":"boonjuey"},"content":"        return \"[T]\" + super.toString();"},{"lineNumber":9,"author":{"gitId":"boonjuey"},"content":"    }"},{"lineNumber":10,"author":{"gitId":"boonjuey"},"content":"}"}],"authorContributionMap":{"boonjuey":10}}]
