{"authorDailyContributionsMap":{"boonjuey":[{"date":"2021-01-18","commitResults":[{"hash":"c380181ff9c7396d21406a765b8aa71285075ed4","messageTitle":"Update readme to reflect new IntelliJ version","messageBody":"","fileTypesAndContributionMap":{"md":{"insertions":10,"deletions":10}}},{"hash":"8cf74a9bf270a216eeedae558b9ebe1681ed3386","messageTitle":"Update README.md","messageBody":"","fileTypesAndContributionMap":{"md":{"insertions":2,"deletions":2}}}]},{"date":"2021-01-21","commitResults":[{"hash":"9d6707c23802db624c7d419129ad2772bc8bc74e","messageTitle":"Level-0: Greet","messageBody":"","tags":["Level-0"],"fileTypesAndContributionMap":{"java":{"insertions":10,"deletions":0}}}]},{"date":"2021-01-25","commitResults":[{"hash":"6db9aaec706a058da81a1e4dafba0ddafcd4d864","messageTitle":"add greet, echo, exit commands","messageBody":"","fileTypesAndContributionMap":{"java":{"insertions":26,"deletions":1}}},{"hash":"81930d21fe94417813e80cb2051a2662aa0434d9","messageTitle":"update echo command","messageBody":"","tags":["Level-1"],"fileTypesAndContributionMap":{"java":{"insertions":5,"deletions":18}}},{"hash":"0c3096dff62d1db6c2b55ae75c3255c0e306b0b3","messageTitle":"add \"add\" and list commands","messageBody":"","tags":["Level-2"],"fileTypesAndContributionMap":{"java":{"insertions":19,"deletions":4}}}]},{"date":"2021-01-26","commitResults":[{"hash":"1e4f6a1eb8db8c41ecb17c835a5dcd381a5ae42c","messageTitle":"add task class, \"mark as done\" functionality","messageBody":"","tags":["Level-3"],"fileTypesAndContributionMap":{"java":{"insertions":73,"deletions":11}}},{"hash":"70db0e8572c6270747ce84f34150aa68477d9677","messageTitle":"rename to Lyon","messageBody":"","tags":["A-CodingStandard"],"fileTypesAndContributionMap":{"java":{"insertions":24,"deletions":26}}}]},{"date":"2021-01-27","commitResults":[{"hash":"0d8eb8387f7a4b87696d1558efa14898297b2ff8","messageTitle":"Update format","messageBody":"","fileTypesAndContributionMap":{"java":{"insertions":11,"deletions":6}}}]}]},"authorFileTypeContributionMap":{"boonjuey":{"java":107,"md":9,"fxml":0,"sh":0,"bat":0,"gradle":0,"txt":0}},"authorContributionVariance":{"boonjuey":1196.1455},"authorDisplayNameMap":{"boonjuey":"KOH ..JUEY"}}
