{"authorDailyContributionsMap":{"baggiiiie":[{"date":"2021-02-04","commitResults":[{"hash":"def7bafd61cae598e107cef8b16bc3ecdc5616eb","messageTitle":"test output","messageBody":"","fileTypesAndContributionMap":{"java":{"insertions":1,"deletions":0}}},{"hash":"9b345912ceb75596534d843fdea04756a5550bb0","messageTitle":"push lrq","messageBody":"","fileTypesAndContributionMap":{"java":{"insertions":1,"deletions":0}}},{"hash":"1a255f8d278eb29d8058d372f3b2061ba884fb3d","messageTitle":"Revert \"push lrq\"","messageBody":"This reverts commit 9b345912ceb75596534d843fdea04756a5550bb0.\n","fileTypesAndContributionMap":{"java":{"insertions":0,"deletions":1}}},{"hash":"3bd42ba834747623c3463f504a69782641be88b4","messageTitle":"Revert \"test output\"","messageBody":"This reverts commit def7bafd61cae598e107cef8b16bc3ecdc5616eb.\n","fileTypesAndContributionMap":{"java":{"insertions":0,"deletions":1}}}]},{"date":"2021-02-05","commitResults":[{"hash":"a55de07bd56f722a95d3307a9578e4349f6e611e","messageTitle":"Update Echo","messageBody":"","tags":["Level-1"],"fileTypesAndContributionMap":{"java":{"insertions":32,"deletions":1}}},{"hash":"27b14024566b90973b6d02533e47e0883023b331","messageTitle":"Update \"Add, List\"","messageBody":"","tags":["Level-2"],"fileTypesAndContributionMap":{"java":{"insertions":25,"deletions":3}}},{"hash":"b16501a2f004061ebb6be99b015ebc14a913be85","messageTitle":"Update \"Mark As Done\"","messageBody":"","tags":["Level-3"],"fileTypesAndContributionMap":{"java":{"insertions":32,"deletions":7}}},{"hash":"7007b9d0502a572dadd8e39aa1cebd1a29a5a10e","messageTitle":"Update \"Deadline, ToDo, Event\"","messageBody":"","tags":["Level-4"],"fileTypesAndContributionMap":{"java":{"insertions":93,"deletions":47}}}]},{"date":"2021-02-06","commitResults":[{"hash":"0253ccbf566e54ee89e10ff2706ad5f65b9ea6f1","messageTitle":"Modify \"Deadline, ToDo, Event\"","messageBody":"","fileTypesAndContributionMap":{"java":{"insertions":61,"deletions":70}}},{"hash":"b525596ac2a7e5cd2764b53c16c10a043b2b5372","messageTitle":"Update Level 5","messageBody":"","fileTypesAndContributionMap":{"java":{"insertions":81,"deletions":53}}},{"hash":"a2f6d98c8a79e2ddb0892f89807a0b2c580145f3","messageTitle":"Modify Level 5","messageBody":"","fileTypesAndContributionMap":{"java":{"insertions":33,"deletions":46}}},{"hash":"7a75c08b2ea3ae35fca7b70765e80bd9623b2de7","messageTitle":"Revert \"Modify Level 5\"","messageBody":"This reverts commit a2f6d98c8a79e2ddb0892f89807a0b2c580145f3.\n","fileTypesAndContributionMap":{"java":{"insertions":46,"deletions":33}}},{"hash":"0d39748af3e00be05b55304f1f27795c6d640f1a","messageTitle":"Revert \"Revert \"Modify Level 5\"\"","messageBody":"This reverts commit 7a75c08b2ea3ae35fca7b70765e80bd9623b2de7.\n","fileTypesAndContributionMap":{"java":{"insertions":33,"deletions":46}}},{"hash":"f5a00f8b435050c5947329edef19652cbd1c515a","messageTitle":"Modify Level 5","messageBody":"","tags":["Level-5"],"fileTypesAndContributionMap":{"java":{"insertions":22,"deletions":28}}}]},{"date":"2021-02-11","commitResults":[{"hash":"d0bdb8462d0a2f3bbda52dd017586e80cfb325f9","messageTitle":"Modify Level-5","messageBody":"","fileTypesAndContributionMap":{"java":{"insertions":1,"deletions":1}}}]},{"date":"2021-02-12","commitResults":[{"hash":"63cb05dd8e4669c7c5729c991bab4fc6408d8b3f","messageTitle":"Update A-Exceptions","messageBody":"","fileTypesAndContributionMap":{"java":{"insertions":18,"deletions":11}}},{"hash":"97f2bc994b21c0c1ce113ffa764910e1e18fe713","messageTitle":"Update \"A-Exceptions\"","messageBody":"","tags":["A-Packages","A-Exceptions"],"fileTypesAndContributionMap":{"java":{"insertions":11,"deletions":3},"bat":{"insertions":1,"deletions":1},"md":{"insertions":2,"deletions":2}}},{"hash":"14f1c35c43f31f9124e56d38a23c8a4d6d1375f1","messageTitle":"Update A-Packages","messageBody":"","fileTypesAndContributionMap":{"java":{"insertions":149,"deletions":0}}},{"hash":"4457de7d9fc3221b375df09471921e6dc9412684","messageTitle":"Update A-Packages","messageBody":"","fileTypesAndContributionMap":{"java":{"insertions":0,"deletions":149}}},{"hash":"1712cbcde89bffad4c02e52ffa1ba30eeff9f4a1","messageTitle":"Update A-CodingStandard","messageBody":"","tags":["A-CodingStandard","A-CodeQuality"],"fileTypesAndContributionMap":{"java":{"insertions":3,"deletions":3}}}]},{"date":"2021-02-13","commitResults":[{"hash":"8ed9fd0f4af3a0ab7fd2bbb8a83a7201ad083af4","messageTitle":"Update Level 6","messageBody":"","tags":["Level-6"],"fileTypesAndContributionMap":{"java":{"insertions":88,"deletions":51}}},{"hash":"9e3696969fc6864c310c619e09c6411f95d3b209","messageTitle":"Update A-Collections","messageBody":"","tags":["A-Collections"],"fileTypesAndContributionMap":{"java":{"insertions":141,"deletions":62},"bat":{"insertions":1,"deletions":1},"md":{"insertions":2,"deletions":2}}},{"hash":"f9bdd2108f4f3c0b1916c2027e6a2f41c98d0c96","messageTitle":"Update Level-7","messageBody":"","tags":["Level-7"],"fileTypesAndContributionMap":{"txt":{"insertions":3,"deletions":0},"java":{"insertions":100,"deletions":3}}}]},{"date":"2021-02-21","commitResults":[{"hash":"ec10e0fc9f62e2cc8a52dd1ee2f0b401df8f8083","messageTitle":"Update Level-8","messageBody":"","fileTypesAndContributionMap":{"txt":{"insertions":9,"deletions":3},"java":{"insertions":289,"deletions":156}}},{"hash":"d248b2fafdade5585099ba766675ec3883b44e1e","messageTitle":"Modify Code Quality According to Comments","messageBody":"","tags":["Level-9","Level-8","A-MoreOOP"],"fileTypesAndContributionMap":{"txt":{"insertions":3,"deletions":9},"java":{"insertions":31,"deletions":28}}}]},{"date":"2021-02-22","commitResults":[{"hash":"dd78b1af19388fac3b703acb4a70c86fd6b7d1d0","messageTitle":"Update JavaDoc","messageBody":"","tags":["A-JavaDoc"],"fileTypesAndContributionMap":{"txt":{"insertions":4,"deletions":3},"java":{"insertions":270,"deletions":174}}}]},{"date":"2021-03-01","commitResults":[{"hash":"ba46573d66fec4d227e8ab89a532302f7044967f","messageTitle":"Improve Code Quality","messageBody":"","fileTypesAndContributionMap":{"txt":{"insertions":2,"deletions":3},"java":{"insertions":311,"deletions":242}}}]},{"date":"2021-03-02","commitResults":[{"hash":"de7264dcb213b7fceddec567989fc2a57188d965","messageTitle":"Improve code quality","messageBody":"","fileTypesAndContributionMap":{"txt":{"insertions":1,"deletions":0},"java":{"insertions":53,"deletions":23}}}]},{"date":"2021-03-04","commitResults":[{"hash":"0ff64201445d8e244bfdc7e294265b80efef82ae","messageTitle":"Update README.md","messageBody":"","fileTypesAndContributionMap":{"md":{"insertions":10,"deletions":16}}}]}]},"authorFileTypeContributionMap":{"baggiiiie":{"java":693,"md":10,"fxml":0,"sh":0,"bat":1,"gradle":0,"txt":4}},"authorContributionVariance":{"baggiiiie":24424.967},"authorDisplayNameMap":{"baggiiiie":"CS2113-F10-2 DAI ..CHAO"}}
