{"authorDailyContributionsMap":{"baggiiiie":[{"date":"2021-02-04","commitResults":[{"hash":"def7bafd61cae598e107cef8b16bc3ecdc5616eb","messageTitle":"test output","messageBody":"","fileTypesAndContributionMap":{"java":{"insertions":1,"deletions":0}}},{"hash":"9b345912ceb75596534d843fdea04756a5550bb0","messageTitle":"push lrq","messageBody":"","fileTypesAndContributionMap":{"java":{"insertions":1,"deletions":0}}},{"hash":"1a255f8d278eb29d8058d372f3b2061ba884fb3d","messageTitle":"Revert \"push lrq\"","messageBody":"This reverts commit 9b345912ceb75596534d843fdea04756a5550bb0.\n","fileTypesAndContributionMap":{"java":{"insertions":0,"deletions":1}}},{"hash":"3bd42ba834747623c3463f504a69782641be88b4","messageTitle":"Revert \"test output\"","messageBody":"This reverts commit def7bafd61cae598e107cef8b16bc3ecdc5616eb.\n","fileTypesAndContributionMap":{"java":{"insertions":0,"deletions":1}}}]},{"date":"2021-02-05","commitResults":[{"hash":"a55de07bd56f722a95d3307a9578e4349f6e611e","messageTitle":"Update Echo","messageBody":"","tags":["Level-1"],"fileTypesAndContributionMap":{"java":{"insertions":32,"deletions":1}}},{"hash":"27b14024566b90973b6d02533e47e0883023b331","messageTitle":"Update \"Add, List\"","messageBody":"","tags":["Level-2"],"fileTypesAndContributionMap":{"java":{"insertions":25,"deletions":3}}},{"hash":"b16501a2f004061ebb6be99b015ebc14a913be85","messageTitle":"Update \"Mark As Done\"","messageBody":"","tags":["Level-3"],"fileTypesAndContributionMap":{"java":{"insertions":32,"deletions":7}}},{"hash":"7007b9d0502a572dadd8e39aa1cebd1a29a5a10e","messageTitle":"Update \"Deadline, ToDo, Event\"","messageBody":"","tags":["Level-4"],"fileTypesAndContributionMap":{"java":{"insertions":93,"deletions":47}}}]},{"date":"2021-02-06","commitResults":[{"hash":"0253ccbf566e54ee89e10ff2706ad5f65b9ea6f1","messageTitle":"Modify \"Deadline, ToDo, Event\"","messageBody":"","fileTypesAndContributionMap":{"java":{"insertions":61,"deletions":70}}},{"hash":"b525596ac2a7e5cd2764b53c16c10a043b2b5372","messageTitle":"Update Level 5","messageBody":"","fileTypesAndContributionMap":{"java":{"insertions":81,"deletions":53}}},{"hash":"a2f6d98c8a79e2ddb0892f89807a0b2c580145f3","messageTitle":"Modify Level 5","messageBody":"","fileTypesAndContributionMap":{"java":{"insertions":33,"deletions":46}}},{"hash":"7a75c08b2ea3ae35fca7b70765e80bd9623b2de7","messageTitle":"Revert \"Modify Level 5\"","messageBody":"This reverts commit a2f6d98c8a79e2ddb0892f89807a0b2c580145f3.\n","fileTypesAndContributionMap":{"java":{"insertions":46,"deletions":33}}},{"hash":"0d39748af3e00be05b55304f1f27795c6d640f1a","messageTitle":"Revert \"Revert \"Modify Level 5\"\"","messageBody":"This reverts commit 7a75c08b2ea3ae35fca7b70765e80bd9623b2de7.\n","fileTypesAndContributionMap":{"java":{"insertions":33,"deletions":46}}},{"hash":"f5a00f8b435050c5947329edef19652cbd1c515a","messageTitle":"Modify Level 5","messageBody":"","tags":["Level-5"],"fileTypesAndContributionMap":{"java":{"insertions":22,"deletions":28}}}]},{"date":"2021-02-11","commitResults":[{"hash":"d0bdb8462d0a2f3bbda52dd017586e80cfb325f9","messageTitle":"Modify Level-5","messageBody":"","fileTypesAndContributionMap":{"java":{"insertions":1,"deletions":1}}}]},{"date":"2021-02-12","commitResults":[{"hash":"63cb05dd8e4669c7c5729c991bab4fc6408d8b3f","messageTitle":"Update A-Exceptions","messageBody":"","fileTypesAndContributionMap":{"java":{"insertions":18,"deletions":11}}},{"hash":"97f2bc994b21c0c1ce113ffa764910e1e18fe713","messageTitle":"Update \"A-Exceptions\"","messageBody":"","tags":["A-Packages","A-Exceptions"],"fileTypesAndContributionMap":{"java":{"insertions":11,"deletions":3},"bat":{"insertions":1,"deletions":1},"md":{"insertions":2,"deletions":2}}},{"hash":"14f1c35c43f31f9124e56d38a23c8a4d6d1375f1","messageTitle":"Update A-Packages","messageBody":"","fileTypesAndContributionMap":{"java":{"insertions":149,"deletions":0}}},{"hash":"4457de7d9fc3221b375df09471921e6dc9412684","messageTitle":"Update A-Packages","messageBody":"","fileTypesAndContributionMap":{"java":{"insertions":0,"deletions":149}}},{"hash":"1712cbcde89bffad4c02e52ffa1ba30eeff9f4a1","messageTitle":"Update A-CodingStandard","messageBody":"","tags":["A-CodingStandard","A-CodeQuality"],"fileTypesAndContributionMap":{"java":{"insertions":3,"deletions":3}}}]},{"date":"2021-02-13","commitResults":[{"hash":"8ed9fd0f4af3a0ab7fd2bbb8a83a7201ad083af4","messageTitle":"Update Level 6","messageBody":"","tags":["Level-6"],"fileTypesAndContributionMap":{"java":{"insertions":88,"deletions":51}}},{"hash":"9e3696969fc6864c310c619e09c6411f95d3b209","messageTitle":"Update A-Collections","messageBody":"","tags":["A-Collections"],"fileTypesAndContributionMap":{"java":{"insertions":141,"deletions":62},"bat":{"insertions":1,"deletions":1},"md":{"insertions":2,"deletions":2}}},{"hash":"f9bdd2108f4f3c0b1916c2027e6a2f41c98d0c96","messageTitle":"Update Level-7","messageBody":"","tags":["Level-7"],"fileTypesAndContributionMap":{"txt":{"insertions":3,"deletions":0},"java":{"insertions":100,"deletions":3}}}]},{"date":"2021-02-21","commitResults":[{"hash":"ec10e0fc9f62e2cc8a52dd1ee2f0b401df8f8083","messageTitle":"Update Level-8","messageBody":"","fileTypesAndContributionMap":{"txt":{"insertions":9,"deletions":3},"java":{"insertions":289,"deletions":156}}},{"hash":"d248b2fafdade5585099ba766675ec3883b44e1e","messageTitle":"Modify Code Quality According to Comments","messageBody":"","tags":["Level-9","Level-8","A-MoreOOP"],"fileTypesAndContributionMap":{"txt":{"insertions":3,"deletions":9},"java":{"insertions":31,"deletions":28}}}]},{"date":"2021-02-22","commitResults":[{"hash":"dd78b1af19388fac3b703acb4a70c86fd6b7d1d0","messageTitle":"Update JavaDoc","messageBody":"","tags":["A-JavaDoc"],"fileTypesAndContributionMap":{"txt":{"insertions":4,"deletions":3},"java":{"insertions":270,"deletions":174}}}]},{"date":"2021-03-01","commitResults":[{"hash":"ba46573d66fec4d227e8ab89a532302f7044967f","messageTitle":"Improve Code Quality","messageBody":"","fileTypesAndContributionMap":{"txt":{"insertions":2,"deletions":3},"java":{"insertions":311,"deletions":242}}}]},{"date":"2021-03-02","commitResults":[{"hash":"de7264dcb213b7fceddec567989fc2a57188d965","messageTitle":"Improve code quality","messageBody":"","fileTypesAndContributionMap":{"txt":{"insertions":1,"deletions":0},"java":{"insertions":53,"deletions":23}}}]},{"date":"2021-03-04","commitResults":[{"hash":"0ff64201445d8e244bfdc7e294265b80efef82ae","messageTitle":"Update README.md","messageBody":"","fileTypesAndContributionMap":{"md":{"insertions":10,"deletions":16}}}]},{"date":"2021-03-05","commitResults":[{"hash":"7b20dc500d53bcb38e4b684d65c076aa7d525da4","messageTitle":"Update README.md","messageBody":"","fileTypesAndContributionMap":{"md":{"insertions":5,"deletions":2}}},{"hash":"08e9118613f291c3d6737bc6f0849ce0c9a6a677","messageTitle":"Update README.md","messageBody":"","fileTypesAndContributionMap":{"md":{"insertions":16,"deletions":10}}},{"hash":"e3cbe418697fc094d95a46ccc8e76086ae833fab","messageTitle":"Update README.md","messageBody":"","fileTypesAndContributionMap":{"md":{"insertions":22,"deletions":1}}},{"hash":"836b59b88a7025af1a0eabac381544f1484cab43","messageTitle":"Update README.md","messageBody":"","fileTypesAndContributionMap":{"md":{"insertions":20,"deletions":1}}},{"hash":"bb1244cbb73eecb4a4de909046b4aeb836d9dd4f","messageTitle":"Update README.md","messageBody":"","fileTypesAndContributionMap":{"md":{"insertions":7,"deletions":4}}},{"hash":"f39678aaec17c395746c45fe8e57e81e34a338e7","messageTitle":"Update README.md","messageBody":"","fileTypesAndContributionMap":{"md":{"insertions":140,"deletions":4}}},{"hash":"641a4cbacb8fe479a042e4cb8f002fcd1bf6e4b7","messageTitle":"Update README.md","messageBody":"","fileTypesAndContributionMap":{"md":{"insertions":6,"deletions":0}}},{"hash":"d4d097704cdb88a4d7c0b56681f017ab0ee7a863","messageTitle":"Update README.md","messageBody":"","fileTypesAndContributionMap":{"md":{"insertions":29,"deletions":2}}},{"hash":"33e34ddd17a13c00e1549d8389f991f8d47ee3af","messageTitle":"Update README.md","messageBody":"","fileTypesAndContributionMap":{"md":{"insertions":2,"deletions":2}}},{"hash":"58865d4c475f1bba65394c8a7e596d458d32aec6","messageTitle":"Update README.md","messageBody":"","fileTypesAndContributionMap":{"md":{"insertions":12,"deletions":1}}},{"hash":"e127425811643f7adcd6cbb20a33d6c479b76149","messageTitle":"Update README.md","messageBody":"","fileTypesAndContributionMap":{"md":{"insertions":7,"deletions":6}}},{"hash":"0b51dac071457718362d41ba96bbe33195c5d18b","messageTitle":"Update README.md","messageBody":"","fileTypesAndContributionMap":{"md":{"insertions":0,"deletions":2}}},{"hash":"4eb4055784f92a7fd2fa9ac2a4938fd80919b365","messageTitle":"Update README.md","messageBody":"","fileTypesAndContributionMap":{"md":{"insertions":14,"deletions":14}}},{"hash":"d72cf254ad994223fc752479f2fa884280e9742c","messageTitle":"Update README.md","messageBody":"","fileTypesAndContributionMap":{"md":{"insertions":19,"deletions":1}}},{"hash":"52193034731315889ac25b17466627444624e3bb","messageTitle":"Update README.md","messageBody":"","fileTypesAndContributionMap":{"md":{"insertions":28,"deletions":7}}},{"hash":"e42cfe4e643a18542da4eb66f6ec52db971e15a3","messageTitle":"Update README.md","messageBody":"","fileTypesAndContributionMap":{"md":{"insertions":0,"deletions":1}}},{"hash":"1848bcccfcd8c44641caf61ef27c217d637211d6","messageTitle":"Update README.md","messageBody":"","fileTypesAndContributionMap":{"md":{"insertions":1,"deletions":1}}},{"hash":"2424950089a2a88233b2007ee89be16bafd108f9","messageTitle":"Update README.md","messageBody":"","fileTypesAndContributionMap":{"md":{"insertions":3,"deletions":3}}},{"hash":"0b12d0c0adb66d3ee28f1acc49eba9e6c3d59469","messageTitle":"Update Code","messageBody":"","tags":["A-UserGuide"],"fileTypesAndContributionMap":{"txt":{"insertions":4,"deletions":4},"java":{"insertions":118,"deletions":101},"bat":{"insertions":1,"deletions":1},"md":{"insertions":2,"deletions":2}}},{"hash":"98800369f4d15d42a5b180e68cd42658ee02e299","messageTitle":"Update README.md","messageBody":"","fileTypesAndContributionMap":{"md":{"insertions":280,"deletions":11}}},{"hash":"a6256277fb86c104080eb3c168bc40c2080cb301","messageTitle":"Update README.md","messageBody":"","fileTypesAndContributionMap":{"md":{"insertions":12,"deletions":12}}},{"hash":"03e0e8110f5df2b1df2e6e7c7b464a3f0f53f252","messageTitle":"Update README.md","messageBody":"","fileTypesAndContributionMap":{"md":{"insertions":1,"deletions":1}}},{"hash":"7ec955628bfc90c712d4148349f137970b4d2783","messageTitle":"Update README.md","messageBody":"","fileTypesAndContributionMap":{"md":{"insertions":1,"deletions":1}}},{"hash":"9fa6204f9b2984426ace2c22dfe2a0020537bb0f","messageTitle":"Update README.md","messageBody":"","fileTypesAndContributionMap":{"md":{"insertions":11,"deletions":0}}},{"hash":"091da1bd441a45344a95207f554b066311d030d6","messageTitle":"Update README.md","messageBody":"","fileTypesAndContributionMap":{"md":{"insertions":0,"deletions":11}}},{"hash":"69a467a2240f194e4f75213d300c39e3f6144213","messageTitle":"Update README.md","messageBody":"","fileTypesAndContributionMap":{"md":{"insertions":12,"deletions":12}}},{"hash":"270eff011fdf3071a08bdc82be208e19cccb1991","messageTitle":"Update README.md","messageBody":"","fileTypesAndContributionMap":{"md":{"insertions":1,"deletions":1}}}]},{"date":"2021-03-06","commitResults":[{"hash":"37014de17ccd56d89308c68c55b6a7908b466433","messageTitle":"Update README.md","messageBody":"","fileTypesAndContributionMap":{"md":{"insertions":1,"deletions":1}}},{"hash":"916bb03c43c8dc72247fead7bf144f3af660f0c2","messageTitle":"Update README.md","messageBody":"","fileTypesAndContributionMap":{"md":{"insertions":1,"deletions":1}}},{"hash":"f1d674ed6442b156d134666a90b56a5d1c462862","messageTitle":"Update README.md","messageBody":"","fileTypesAndContributionMap":{"md":{"insertions":0,"deletions":17}}},{"hash":"853af6889a1b230bfb227900dfb46109348514dd","messageTitle":"Update README.md","messageBody":"","fileTypesAndContributionMap":{"md":{"insertions":1,"deletions":1}}},{"hash":"14940c0d6b2aeda8a4b092897b283f386af2ec73","messageTitle":"Update README.md","messageBody":"","tags":["v0.2","test"],"fileTypesAndContributionMap":{"md":{"insertions":2,"deletions":1}}},{"hash":"474da62afe61674b8ffbcf1e3ef48d4961e73fea","messageTitle":"Update README.md","messageBody":"","fileTypesAndContributionMap":{"md":{"insertions":2,"deletions":0}}},{"hash":"c7ed7b8a7234a4f2737a316ec550e841618c8f20","messageTitle":"Update README.md","messageBody":"","fileTypesAndContributionMap":{"md":{"insertions":2,"deletions":0}}},{"hash":"f8581ebfb939c107fad6c08fda6b110f9401b5aa","messageTitle":"Update README.md","messageBody":"","fileTypesAndContributionMap":{"md":{"insertions":4,"deletions":1}}},{"hash":"c5fd66b049e839b882134632bb9a38d1b15ada2c","messageTitle":"Update README.md","messageBody":"","fileTypesAndContributionMap":{"md":{"insertions":2,"deletions":2}}},{"hash":"edbb18e60adf543b17592978b441de7cb59047a8","messageTitle":"Update README.md","messageBody":"","fileTypesAndContributionMap":{"md":{"insertions":1,"deletions":1}}},{"hash":"9a6080a2d6e60e9564fab8cd5e08f1331ad5f3f8","messageTitle":"Update README.md","messageBody":"","fileTypesAndContributionMap":{"md":{"insertions":3,"deletions":2}}},{"hash":"09e680e6513128c3d4b08ab3017f645df8a18d7c","messageTitle":"Update README.md","messageBody":"","fileTypesAndContributionMap":{"md":{"insertions":1,"deletions":1}}}]},{"date":"2021-03-25","commitResults":[{"hash":"c4b812ef2684cbd629b82bf4f3d6d37946efdf71","messageTitle":"Update Code","messageBody":"","tags":["v3.0"],"fileTypesAndContributionMap":{"txt":{"insertions":5,"deletions":4},"java":{"insertions":482,"deletions":157}}}]},{"date":"2021-04-12","commitResults":[{"hash":"ba3f6b7669eedb9384c718885f1446544c7153ce","messageTitle":"Update README.md","messageBody":"","fileTypesAndContributionMap":{"md":{"insertions":17,"deletions":285}}},{"hash":"207ba5860d3d0e08e1d7c38c1a221e22d4287f4a","messageTitle":"Update README.md","messageBody":"","fileTypesAndContributionMap":{"md":{"insertions":17,"deletions":289}}},{"hash":"ea8aa3fe8bf2a93cbfa09110256774be4d849ec9","messageTitle":"Update README.md","messageBody":"","fileTypesAndContributionMap":{"md":{"insertions":290,"deletions":17}}},{"hash":"11b75a47f0ac68bb9c282e0093db8095480b1f58","messageTitle":"Update README.md","messageBody":"","fileTypesAndContributionMap":{"md":{"insertions":290,"deletions":17}}}]}]},"authorFileTypeContributionMap":{"baggiiiie":{"java":1035,"md":577,"fxml":0,"sh":0,"bat":1,"gradle":0,"txt":5}},"authorContributionVariance":{"baggiiiie":43291.562},"authorDisplayNameMap":{"baggiiiie":"CS2113-F10-2 DAI ..CHAO"}}
