{"authorDailyContributionsMap":{"CabbageTime":[{"date":"2021-01-22","commitResults":[{"hash":"d9db24e8d8cbfb0841f13839437dda12d42b85cc","messageTitle":"Lv 0 code.","messageBody":"","tags":["Level-0"],"fileTypesAndContributionMap":{"java":{"insertions":3,"deletions":6}}}]},{"date":"2021-01-28","commitResults":[{"hash":"678a715d5c96b5d43018c63e0d5bfeb7d7ea413a","messageTitle":"Add skeletal version of Duke that greets, echo the users and exit when \"bye\" is input.","messageBody":"","tags":["Level-1"],"fileTypesAndContributionMap":{"java":{"insertions":9,"deletions":1}}}]},{"date":"2021-01-29","commitResults":[{"hash":"00f334b70545c180d5dbd2d8ab61faaea5a6ce8a","messageTitle":"Add the ability to store inputs and display them when requested.","messageBody":"","tags":["Level-2"],"fileTypesAndContributionMap":{"java":{"insertions":24,"deletions":2}}}]},{"date":"2021-02-02","commitResults":[{"hash":"4ce471d1b13eb7d0b0f9e201eac01955ddef3fa6","messageTitle":"Add code for mark tasks as done, and change tasks to a custom class.","messageBody":"","tags":["Level-3","A-class"],"fileTypesAndContributionMap":{"java":{"insertions":54,"deletions":17}}},{"hash":"fc306974ea080183f37e9a1eeaec991440be8965","messageTitle":"Adjust code to coding standards.","messageBody":"","tags":["A-CodingStandard"],"fileTypesAndContributionMap":{"java":{"insertions":2,"deletions":2}}}]},{"date":"2021-02-06","commitResults":[{"hash":"e2b7140b2b8e44ebfb7281849b0a9f6ef63032e5","messageTitle":"Add subclass Deadline, Event and Todo to the code. Change the layout of user interface.","messageBody":"","tags":["Level-4","A-CodeQuality"],"fileTypesAndContributionMap":{"java":{"insertions":85,"deletions":11}}}]},{"date":"2021-02-09","commitResults":[{"hash":"db93c3132b0cfbd6e760343001381a32f7e6fd1f","messageTitle":"Small changes to how the code handles input.","messageBody":"","tags":["Level-5"],"fileTypesAndContributionMap":{"txt":{"insertions":11,"deletions":0},"java":{"insertions":0,"deletions":3}}}]},{"date":"2021-02-19","commitResults":[{"hash":"7d765329cb647fa60a5c1ca264c4281a2622ba56","messageTitle":"Added error handling.","messageBody":"","tags":["A-Exceptions"],"fileTypesAndContributionMap":{"java":{"insertions":48,"deletions":15}}},{"hash":"e8627a1bec5efd1782cb002ada261bbe52190efa","messageTitle":"Put all classes into one package.","messageBody":"","tags":["A-Packages"],"fileTypesAndContributionMap":{"java":{"insertions":14,"deletions":0}}},{"hash":"7f8c6e6ede21673c440c2fb911e6d1ff82f692ae","messageTitle":"Allocate class to respective packages.","messageBody":"","fileTypesAndContributionMap":{"java":{"insertions":11,"deletions":10},"md":{"insertions":2,"deletions":2}}},{"hash":"517a2eb57d6981c2c806f30df2fd1ed09f7740f0","messageTitle":"Add delete method.","messageBody":"","tags":["Level-6","A-Collections"],"fileTypesAndContributionMap":{"java":{"insertions":12,"deletions":3}}},{"hash":"9cdd7f28dc531b0a3c5b5b07dc077e9a085c8076","messageTitle":"Add a very crude save file method.","messageBody":"","fileTypesAndContributionMap":{"txt":{"insertions":2,"deletions":0},"java":{"insertions":100,"deletions":6}}},{"hash":"e874c584ce612798a905bc159fe8aee1352a749c","messageTitle":"Adjusting how the code read from file input.","messageBody":"","fileTypesAndContributionMap":{"java":{"insertions":50,"deletions":18}}}]},{"date":"2021-02-22","commitResults":[{"hash":"f30f597b93527e3cafc6741ed2a8f17e721ef6b4","messageTitle":"Change on how the code process commands and add read/write files.","messageBody":"","tags":["Level-7"],"fileTypesAndContributionMap":{"txt":{"insertions":4,"deletions":2},"java":{"insertions":232,"deletions":161}}},{"hash":"423e14230addbe41a6e0bef497da132d884c133c","messageTitle":"Fix a small bug on reading files.","messageBody":"","fileTypesAndContributionMap":{"txt":{"insertions":4,"deletions":4},"java":{"insertions":15,"deletions":30}}},{"hash":"ab71eca40c5a7aa1fde466091bb2e90b6c846fdc","messageTitle":"Testing .jar file.","messageBody":"","fileTypesAndContributionMap":{"txt":{"insertions":4,"deletions":0}}}]},{"date":"2021-03-05","commitResults":[{"hash":"48ff3a91da0ce15a78828d94c4e6ee0cc8424d0b","messageTitle":"Add the find method.","messageBody":"","tags":["v0.2","Level-9"],"fileTypesAndContributionMap":{"java":{"insertions":10,"deletions":0}}},{"hash":"034b021ea083898813106b77d0524c8213898395","messageTitle":"Fix some small bug when running \"find\".","messageBody":"","tags":["v0.3"],"fileTypesAndContributionMap":{"java":{"insertions":7,"deletions":6}}}]}]},"authorFileTypeContributionMap":{"CabbageTime":{"java":393,"md":2,"fxml":0,"sh":0,"bat":0,"gradle":0,"txt":19}},"authorContributionVariance":{"CabbageTime":5400.285},"authorDisplayNameMap":{"CabbageTime":"CS2113-F10-1 TAN .. HOW"}}
