[{"path":"src/main/java/Duke.java","fileType":"java","lines":[{"lineNumber":1,"author":{"gitId":"seangoats"},"content":"import java.util.Arrays;"},{"lineNumber":2,"author":{"gitId":"seangoats"},"content":"import java.util.Scanner;"},{"lineNumber":3,"author":{"gitId":"seangoats"},"content":""},{"lineNumber":4,"author":{"gitId":"-"},"content":"public class Duke {"},{"lineNumber":5,"author":{"gitId":"seangoats"},"content":""},{"lineNumber":6,"author":{"gitId":"seangoats"},"content":"    public static Task[] tasks \u003d new Task[100];"},{"lineNumber":7,"author":{"gitId":"seangoats"},"content":"    public static int taskCount \u003d 0;"},{"lineNumber":8,"author":{"gitId":"seangoats"},"content":""},{"lineNumber":9,"author":{"gitId":"seangoats"},"content":"    public static void printStartUpMessage() {"},{"lineNumber":10,"author":{"gitId":"seangoats"},"content":"        System.out.println(\"____________________________________________________________\");"},{"lineNumber":11,"author":{"gitId":"seangoats"},"content":"        System.out.println(\"Hello I\u0027m Duke\");"},{"lineNumber":12,"author":{"gitId":"seangoats"},"content":"        System.out.println(\"What can I do for you?\");"},{"lineNumber":13,"author":{"gitId":"seangoats"},"content":"        System.out.println(\"____________________________________________________________\");"},{"lineNumber":14,"author":{"gitId":"seangoats"},"content":"    }"},{"lineNumber":15,"author":{"gitId":"seangoats"},"content":""},{"lineNumber":16,"author":{"gitId":"seangoats"},"content":"    public static void printExitMessage() {"},{"lineNumber":17,"author":{"gitId":"seangoats"},"content":"        System.out.println(\"____________________________________________________________\");"},{"lineNumber":18,"author":{"gitId":"seangoats"},"content":"        System.out.println(\"Bye. Hope to see you again soon!\");"},{"lineNumber":19,"author":{"gitId":"seangoats"},"content":"        System.out.println(\"____________________________________________________________\");"},{"lineNumber":20,"author":{"gitId":"seangoats"},"content":"    }"},{"lineNumber":21,"author":{"gitId":"seangoats"},"content":""},{"lineNumber":22,"author":{"gitId":"seangoats"},"content":"    public static void run(Scanner scanner) {"},{"lineNumber":23,"author":{"gitId":"seangoats"},"content":"        while (true) {"},{"lineNumber":24,"author":{"gitId":"seangoats"},"content":"            String input \u003d scanner.nextLine();"},{"lineNumber":25,"author":{"gitId":"seangoats"},"content":"            if (input.equals(\"bye\")) {"},{"lineNumber":26,"author":{"gitId":"seangoats"},"content":"                return;"},{"lineNumber":27,"author":{"gitId":"seangoats"},"content":"            } else if (input.equals(\"list\")) {"},{"lineNumber":28,"author":{"gitId":"seangoats"},"content":"                printTaskList();"},{"lineNumber":29,"author":{"gitId":"seangoats"},"content":"            } else if (input.contains(\"done\")) {"},{"lineNumber":30,"author":{"gitId":"seangoats"},"content":"                markTaskDone(input);"},{"lineNumber":31,"author":{"gitId":"seangoats"},"content":"            } else {"},{"lineNumber":32,"author":{"gitId":"seangoats"},"content":"                addNewTask(input);"},{"lineNumber":33,"author":{"gitId":"seangoats"},"content":"            }"},{"lineNumber":34,"author":{"gitId":"seangoats"},"content":"        }"},{"lineNumber":35,"author":{"gitId":"seangoats"},"content":"    }"},{"lineNumber":36,"author":{"gitId":"seangoats"},"content":""},{"lineNumber":37,"author":{"gitId":"seangoats"},"content":"    public static void markTaskDone(String input) {"},{"lineNumber":38,"author":{"gitId":"seangoats"},"content":"        String[] parts \u003d input.split(\" \");"},{"lineNumber":39,"author":{"gitId":"seangoats"},"content":"        int taskIndex \u003d Integer.parseInt(parts[1]) - 1;"},{"lineNumber":40,"author":{"gitId":"seangoats"},"content":"        tasks[taskIndex].markDone();"},{"lineNumber":41,"author":{"gitId":"seangoats"},"content":"        System.out.println(\"____________________________________________________________\");"},{"lineNumber":42,"author":{"gitId":"seangoats"},"content":"        System.out.println(\"Nice! I\u0027ve marked this task as done:\");"},{"lineNumber":43,"author":{"gitId":"seangoats"},"content":"        System.out.println(tasks[taskIndex]);"},{"lineNumber":44,"author":{"gitId":"seangoats"},"content":"        System.out.println(\"____________________________________________________________\");"},{"lineNumber":45,"author":{"gitId":"seangoats"},"content":"    }"},{"lineNumber":46,"author":{"gitId":"seangoats"},"content":""},{"lineNumber":47,"author":{"gitId":"seangoats"},"content":"    public static void addNewTask(String input) {"},{"lineNumber":48,"author":{"gitId":"seangoats"},"content":"        tasks[taskCount] \u003d new Task(input);"},{"lineNumber":49,"author":{"gitId":"seangoats"},"content":"        taskCount++;"},{"lineNumber":50,"author":{"gitId":"seangoats"},"content":"        System.out.println(\"____________________________________________________________\");"},{"lineNumber":51,"author":{"gitId":"seangoats"},"content":"        System.out.println(\"added: \" + input);"},{"lineNumber":52,"author":{"gitId":"seangoats"},"content":"        System.out.println(\"____________________________________________________________\");"},{"lineNumber":53,"author":{"gitId":"seangoats"},"content":"    }"},{"lineNumber":54,"author":{"gitId":"seangoats"},"content":""},{"lineNumber":55,"author":{"gitId":"seangoats"},"content":"    public static void printTaskList() {"},{"lineNumber":56,"author":{"gitId":"seangoats"},"content":"        Task[] taskList \u003d Arrays.copyOf(tasks, taskCount);"},{"lineNumber":57,"author":{"gitId":"seangoats"},"content":"        System.out.println(\"____________________________________________________________\");"},{"lineNumber":58,"author":{"gitId":"seangoats"},"content":"        System.out.println(\"Here are the tasks in your list:\");"},{"lineNumber":59,"author":{"gitId":"seangoats"},"content":"        for (int i \u003d 0; i \u003c taskList.length; i++) {"},{"lineNumber":60,"author":{"gitId":"seangoats"},"content":"            System.out.printf(\"%d. %s%n\", i + 1, taskList[i]);"},{"lineNumber":61,"author":{"gitId":"seangoats"},"content":"        }"},{"lineNumber":62,"author":{"gitId":"seangoats"},"content":"        System.out.println(\"____________________________________________________________\");"},{"lineNumber":63,"author":{"gitId":"seangoats"},"content":"    }"},{"lineNumber":64,"author":{"gitId":"seangoats"},"content":""},{"lineNumber":65,"author":{"gitId":"-"},"content":"    public static void main(String[] args) {"},{"lineNumber":66,"author":{"gitId":"seangoats"},"content":""},{"lineNumber":67,"author":{"gitId":"seangoats"},"content":"        Scanner scanner \u003d new Scanner(System.in);"},{"lineNumber":68,"author":{"gitId":"seangoats"},"content":""},{"lineNumber":69,"author":{"gitId":"-"},"content":"        String logo \u003d \" ____        _        \\n\""},{"lineNumber":70,"author":{"gitId":"-"},"content":"                + \"|  _ \\\\ _   _| | _____ \\n\""},{"lineNumber":71,"author":{"gitId":"-"},"content":"                + \"| | | | | | | |/ / _ \\\\\\n\""},{"lineNumber":72,"author":{"gitId":"-"},"content":"                + \"| |_| | |_| |   \u003c  __/\\n\""},{"lineNumber":73,"author":{"gitId":"-"},"content":"                + \"|____/ \\\\__,_|_|\\\\_\\\\___|\\n\";"},{"lineNumber":74,"author":{"gitId":"-"},"content":"        System.out.println(\"Hello from\\n\" + logo);"},{"lineNumber":75,"author":{"gitId":"seangoats"},"content":"        printStartUpMessage();"},{"lineNumber":76,"author":{"gitId":"seangoats"},"content":"        run(scanner);"},{"lineNumber":77,"author":{"gitId":"seangoats"},"content":"        printExitMessage();"},{"lineNumber":78,"author":{"gitId":"-"},"content":"    }"},{"lineNumber":79,"author":{"gitId":"-"},"content":"}"}],"authorContributionMap":{"seangoats":69,"-":10}},{"path":"src/main/java/Task.java","fileType":"java","lines":[{"lineNumber":1,"author":{"gitId":"seangoats"},"content":"public class Task {"},{"lineNumber":2,"author":{"gitId":"seangoats"},"content":"    protected String description;"},{"lineNumber":3,"author":{"gitId":"seangoats"},"content":"    protected boolean isDone;"},{"lineNumber":4,"author":{"gitId":"seangoats"},"content":""},{"lineNumber":5,"author":{"gitId":"seangoats"},"content":"    public Task(String description) {"},{"lineNumber":6,"author":{"gitId":"seangoats"},"content":"        this.description \u003d description;"},{"lineNumber":7,"author":{"gitId":"seangoats"},"content":"        this.isDone \u003d false;"},{"lineNumber":8,"author":{"gitId":"seangoats"},"content":"    }"},{"lineNumber":9,"author":{"gitId":"seangoats"},"content":""},{"lineNumber":10,"author":{"gitId":"seangoats"},"content":"    public String getStatusIcon() {"},{"lineNumber":11,"author":{"gitId":"seangoats"},"content":"        return (isDone ? \"\\u2713\" : \"\\u2718\");"},{"lineNumber":12,"author":{"gitId":"seangoats"},"content":"    }"},{"lineNumber":13,"author":{"gitId":"seangoats"},"content":""},{"lineNumber":14,"author":{"gitId":"seangoats"},"content":"    public String getDescription() {"},{"lineNumber":15,"author":{"gitId":"seangoats"},"content":"        return description;"},{"lineNumber":16,"author":{"gitId":"seangoats"},"content":"    }"},{"lineNumber":17,"author":{"gitId":"seangoats"},"content":""},{"lineNumber":18,"author":{"gitId":"seangoats"},"content":"    public void markDone() {"},{"lineNumber":19,"author":{"gitId":"seangoats"},"content":"        this.isDone \u003d true;"},{"lineNumber":20,"author":{"gitId":"seangoats"},"content":"    }"},{"lineNumber":21,"author":{"gitId":"seangoats"},"content":""},{"lineNumber":22,"author":{"gitId":"seangoats"},"content":"    @Override"},{"lineNumber":23,"author":{"gitId":"seangoats"},"content":"    public String toString() {"},{"lineNumber":24,"author":{"gitId":"seangoats"},"content":"        return String.format(\"[%s] %s\", getStatusIcon(), getDescription());"},{"lineNumber":25,"author":{"gitId":"seangoats"},"content":"    }"},{"lineNumber":26,"author":{"gitId":"seangoats"},"content":"}"}],"authorContributionMap":{"seangoats":26}}]
