[{"path":"src/main/java/Duke.java","fileType":"java","lines":[{"lineNumber":1,"author":{"gitId":"NoorSarrah"},"content":"import java.util.Scanner;"},{"lineNumber":2,"author":{"gitId":"-"},"content":"public class Duke {"},{"lineNumber":3,"author":{"gitId":"-"},"content":"    public static void main(String[] args) {"},{"lineNumber":4,"author":{"gitId":"NoorSarrah"},"content":"        List list \u003d new List();"},{"lineNumber":5,"author":{"gitId":"NoorSarrah"},"content":"        //boolean isExit \u003d false;"},{"lineNumber":6,"author":{"gitId":"NoorSarrah"},"content":""},{"lineNumber":7,"author":{"gitId":"-"},"content":"        String logo \u003d \" ____        _        \\n\""},{"lineNumber":8,"author":{"gitId":"-"},"content":"                + \"|  _ \\\\ _   _| | _____ \\n\""},{"lineNumber":9,"author":{"gitId":"-"},"content":"                + \"| | | | | | | |/ / _ \\\\\\n\""},{"lineNumber":10,"author":{"gitId":"-"},"content":"                + \"| |_| | |_| |   \u003c  __/\\n\""},{"lineNumber":11,"author":{"gitId":"-"},"content":"                + \"|____/ \\\\__,_|_|\\\\_\\\\___|\\n\";"},{"lineNumber":12,"author":{"gitId":"NoorSarrah"},"content":""},{"lineNumber":13,"author":{"gitId":"NoorSarrah"},"content":"        String dash \u003d \"-\";"},{"lineNumber":14,"author":{"gitId":"NoorSarrah"},"content":""},{"lineNumber":15,"author":{"gitId":"NoorSarrah"},"content":"        // print welcome message"},{"lineNumber":16,"author":{"gitId":"-"},"content":"        System.out.println(\"Hello from\\n\" + logo);"},{"lineNumber":17,"author":{"gitId":"NoorSarrah"},"content":"        System.out.println(dash.repeat(50));"},{"lineNumber":18,"author":{"gitId":"NoorSarrah"},"content":"        System.out.println(\"Hello! I\u0027m Duke\");"},{"lineNumber":19,"author":{"gitId":"NoorSarrah"},"content":"        System.out.println(\"What can I do for you?\");"},{"lineNumber":20,"author":{"gitId":"NoorSarrah"},"content":"        System.out.println(dash.repeat(50));"},{"lineNumber":21,"author":{"gitId":"NoorSarrah"},"content":""},{"lineNumber":22,"author":{"gitId":"NoorSarrah"},"content":"        Scanner myObj \u003d new Scanner(System.in);"},{"lineNumber":23,"author":{"gitId":"NoorSarrah"},"content":"        String command \u003d myObj.nextLine();"},{"lineNumber":24,"author":{"gitId":"NoorSarrah"},"content":"        //Task[] tasks \u003d new Task[100];"},{"lineNumber":25,"author":{"gitId":"NoorSarrah"},"content":"        while (!command.equals(\"bye\")) {"},{"lineNumber":26,"author":{"gitId":"NoorSarrah"},"content":"            // prints a checklist"},{"lineNumber":27,"author":{"gitId":"NoorSarrah"},"content":"            if (command.equals(\"list\")) {"},{"lineNumber":28,"author":{"gitId":"NoorSarrah"},"content":"                list.printList();"},{"lineNumber":29,"author":{"gitId":"NoorSarrah"},"content":"            }"},{"lineNumber":30,"author":{"gitId":"NoorSarrah"},"content":"            // marks current task as completed"},{"lineNumber":31,"author":{"gitId":"NoorSarrah"},"content":"            else if (command.contains(\"done\")) {"},{"lineNumber":32,"author":{"gitId":"NoorSarrah"},"content":"                list.taskCompleted(command);"},{"lineNumber":33,"author":{"gitId":"NoorSarrah"},"content":"            }"},{"lineNumber":34,"author":{"gitId":"NoorSarrah"},"content":"            // adds tasks into list"},{"lineNumber":35,"author":{"gitId":"NoorSarrah"},"content":"            else if (!command.equals(\"list\") \u0026\u0026 !command.equals(\"done\") \u0026\u0026 !command.equals(\"bye\")) {"},{"lineNumber":36,"author":{"gitId":"NoorSarrah"},"content":"                System.out.println(\"added: \" + command);"},{"lineNumber":37,"author":{"gitId":"NoorSarrah"},"content":"                list.addTasks(command);"},{"lineNumber":38,"author":{"gitId":"NoorSarrah"},"content":"            }"},{"lineNumber":39,"author":{"gitId":"NoorSarrah"},"content":"            command \u003d myObj.nextLine();"},{"lineNumber":40,"author":{"gitId":"NoorSarrah"},"content":"        }"},{"lineNumber":41,"author":{"gitId":"NoorSarrah"},"content":"        // exit program when input\u003dbye"},{"lineNumber":42,"author":{"gitId":"NoorSarrah"},"content":"        if (command.equals(\"bye\")) {"},{"lineNumber":43,"author":{"gitId":"NoorSarrah"},"content":"            System.out.println(dash.repeat(50));"},{"lineNumber":44,"author":{"gitId":"NoorSarrah"},"content":"            System.out.println(\"Bye. Hope to see you again soon!\");"},{"lineNumber":45,"author":{"gitId":"NoorSarrah"},"content":"            System.out.println(dash.repeat(50));"},{"lineNumber":46,"author":{"gitId":"-"},"content":"        }"},{"lineNumber":47,"author":{"gitId":"-"},"content":"    }"},{"lineNumber":48,"author":{"gitId":"NoorSarrah"},"content":""},{"lineNumber":49,"author":{"gitId":"-"},"content":"}"}],"authorContributionMap":{"NoorSarrah":38,"-":11}},{"path":"src/main/java/List.java","fileType":"java","lines":[{"lineNumber":1,"author":{"gitId":"NoorSarrah"},"content":"public class List {"},{"lineNumber":2,"author":{"gitId":"NoorSarrah"},"content":"    private Task[] list;"},{"lineNumber":3,"author":{"gitId":"NoorSarrah"},"content":"    private static int size;"},{"lineNumber":4,"author":{"gitId":"NoorSarrah"},"content":""},{"lineNumber":5,"author":{"gitId":"NoorSarrah"},"content":"    // list struct"},{"lineNumber":6,"author":{"gitId":"NoorSarrah"},"content":"    public List() {"},{"lineNumber":7,"author":{"gitId":"NoorSarrah"},"content":"        this.list \u003d new Task[100];"},{"lineNumber":8,"author":{"gitId":"NoorSarrah"},"content":"        this.size \u003d 0;"},{"lineNumber":9,"author":{"gitId":"NoorSarrah"},"content":"    }"},{"lineNumber":10,"author":{"gitId":"NoorSarrah"},"content":""},{"lineNumber":11,"author":{"gitId":"NoorSarrah"},"content":"    // add items to the list"},{"lineNumber":12,"author":{"gitId":"NoorSarrah"},"content":"    public void addTasks(String description) {"},{"lineNumber":13,"author":{"gitId":"NoorSarrah"},"content":"        this.list[size] \u003d new Task(description);"},{"lineNumber":14,"author":{"gitId":"NoorSarrah"},"content":"        ++this.size;"},{"lineNumber":15,"author":{"gitId":"NoorSarrah"},"content":"    }"},{"lineNumber":16,"author":{"gitId":"NoorSarrah"},"content":""},{"lineNumber":17,"author":{"gitId":"NoorSarrah"},"content":"    // mark and display task that is completed"},{"lineNumber":18,"author":{"gitId":"NoorSarrah"},"content":"    public void taskCompleted(String command) {"},{"lineNumber":19,"author":{"gitId":"NoorSarrah"},"content":"        // remove done from string"},{"lineNumber":20,"author":{"gitId":"NoorSarrah"},"content":"        command \u003d command.replace(\"done\", \" \");"},{"lineNumber":21,"author":{"gitId":"NoorSarrah"},"content":"        command \u003d command.strip();"},{"lineNumber":22,"author":{"gitId":"NoorSarrah"},"content":"        // convert string 2 into int 2"},{"lineNumber":23,"author":{"gitId":"NoorSarrah"},"content":"        int count \u003d Integer.parseInt(command);"},{"lineNumber":24,"author":{"gitId":"NoorSarrah"},"content":"        --count; // array starts from 0"},{"lineNumber":25,"author":{"gitId":"NoorSarrah"},"content":"        this.list[count].markAsDone();"},{"lineNumber":26,"author":{"gitId":"NoorSarrah"},"content":"        printDash();"},{"lineNumber":27,"author":{"gitId":"NoorSarrah"},"content":"        System.out.println(\"Nice! I\u0027ve marked this task as done: \");"},{"lineNumber":28,"author":{"gitId":"NoorSarrah"},"content":"        System.out.println(this.list[count].getStatusIcon());"},{"lineNumber":29,"author":{"gitId":"NoorSarrah"},"content":"        printDash();"},{"lineNumber":30,"author":{"gitId":"NoorSarrah"},"content":"    }"},{"lineNumber":31,"author":{"gitId":"NoorSarrah"},"content":""},{"lineNumber":32,"author":{"gitId":"NoorSarrah"},"content":"    // print list as a checklist when command\u003dlist"},{"lineNumber":33,"author":{"gitId":"NoorSarrah"},"content":"    public void printList() {"},{"lineNumber":34,"author":{"gitId":"NoorSarrah"},"content":"        printDash();"},{"lineNumber":35,"author":{"gitId":"NoorSarrah"},"content":"        System.out.println(\"Here are the tasks in your list: \");"},{"lineNumber":36,"author":{"gitId":"NoorSarrah"},"content":"        for (int i \u003d 0; i \u003c size; ++i) {"},{"lineNumber":37,"author":{"gitId":"NoorSarrah"},"content":"            System.out.println((i + 1) + \".\" + \" \" + this.list[i].getStatusIcon());"},{"lineNumber":38,"author":{"gitId":"NoorSarrah"},"content":"        }"},{"lineNumber":39,"author":{"gitId":"NoorSarrah"},"content":"        printDash();"},{"lineNumber":40,"author":{"gitId":"NoorSarrah"},"content":"    }"},{"lineNumber":41,"author":{"gitId":"NoorSarrah"},"content":"    public void printDash() {"},{"lineNumber":42,"author":{"gitId":"NoorSarrah"},"content":"        System.out.println(\"-\".repeat(50));"},{"lineNumber":43,"author":{"gitId":"NoorSarrah"},"content":"    }"},{"lineNumber":44,"author":{"gitId":"NoorSarrah"},"content":"}"},{"lineNumber":45,"author":{"gitId":"NoorSarrah"},"content":""}],"authorContributionMap":{"NoorSarrah":45}},{"path":"src/main/java/Task.java","fileType":"java","lines":[{"lineNumber":1,"author":{"gitId":"NoorSarrah"},"content":"public class Task {"},{"lineNumber":2,"author":{"gitId":"NoorSarrah"},"content":"    protected String description;"},{"lineNumber":3,"author":{"gitId":"NoorSarrah"},"content":"    protected boolean isDone;"},{"lineNumber":4,"author":{"gitId":"NoorSarrah"},"content":""},{"lineNumber":5,"author":{"gitId":"NoorSarrah"},"content":"    public Task(String description) {"},{"lineNumber":6,"author":{"gitId":"NoorSarrah"},"content":"        this.description \u003d description;"},{"lineNumber":7,"author":{"gitId":"NoorSarrah"},"content":"        this.isDone \u003d false;"},{"lineNumber":8,"author":{"gitId":"NoorSarrah"},"content":"    }"},{"lineNumber":9,"author":{"gitId":"NoorSarrah"},"content":""},{"lineNumber":10,"author":{"gitId":"NoorSarrah"},"content":"    public String getStatusIcon() {"},{"lineNumber":11,"author":{"gitId":"NoorSarrah"},"content":"        return (isDone ? \"[X]\" + \" \" + description : \"[ ]\" + \" \" + description); //return tick or X symbols"},{"lineNumber":12,"author":{"gitId":"NoorSarrah"},"content":"    }"},{"lineNumber":13,"author":{"gitId":"NoorSarrah"},"content":""},{"lineNumber":14,"author":{"gitId":"NoorSarrah"},"content":"    public void markAsDone(){"},{"lineNumber":15,"author":{"gitId":"NoorSarrah"},"content":"        isDone \u003d true;"},{"lineNumber":16,"author":{"gitId":"NoorSarrah"},"content":"    }"},{"lineNumber":17,"author":{"gitId":"NoorSarrah"},"content":"}"}],"authorContributionMap":{"NoorSarrah":17}}]
