[{"path":"README.md","fileType":"md","lines":[{"lineNumber":1,"author":{"gitId":"-"},"content":"# Duke project template"},{"lineNumber":2,"author":{"gitId":"-"},"content":""},{"lineNumber":3,"author":{"gitId":"-"},"content":"This is a project template for a greenfield Java project. It\u0027s named after the Java mascot _Duke_. Given below are instructions on how to use it."},{"lineNumber":4,"author":{"gitId":"-"},"content":""},{"lineNumber":5,"author":{"gitId":"-"},"content":"## Setting up in Intellij"},{"lineNumber":6,"author":{"gitId":"-"},"content":""},{"lineNumber":7,"author":{"gitId":"-"},"content":"Prerequisites: JDK 11, update IntelliJ to the most recent version."},{"lineNumber":8,"author":{"gitId":"-"},"content":""},{"lineNumber":9,"author":{"gitId":"-"},"content":"### On IntelliJ version 2020.3.1 (latest) and beyond"},{"lineNumber":10,"author":{"gitId":"-"},"content":""},{"lineNumber":11,"author":{"gitId":"-"},"content":"1. Open IntelliJ (if you are not in the welcome screen, click `File` \u003e `Close Project` to close the existing project first)"},{"lineNumber":12,"author":{"gitId":"-"},"content":"1. Import the project into IntelliJ as follows:"},{"lineNumber":13,"author":{"gitId":"-"},"content":"   1. Click `Open`"},{"lineNumber":14,"author":{"gitId":"-"},"content":"   1. Select the project directory, and click `OK`"},{"lineNumber":15,"author":{"gitId":"-"},"content":"   1. If there are any further prompts, accept the defaults."},{"lineNumber":16,"author":{"gitId":"-"},"content":"1. Configure the project to use **JDK 11** (not other versions) as explained in [here](https://www.jetbrains.com/help/idea/sdk.html#set-up-jdk)."},{"lineNumber":17,"author":{"gitId":"-"},"content":"1. After that, locate the `src/main/java/Duke.java` file, right-click it, and choose `Run Duke.main()`. If the setup is correct, you should see something like the output below."},{"lineNumber":18,"author":{"gitId":"-"},"content":""},{"lineNumber":19,"author":{"gitId":"-"},"content":"   ```"},{"lineNumber":20,"author":{"gitId":"-"},"content":"   Hello from"},{"lineNumber":21,"author":{"gitId":"-"},"content":"    ____        _        "},{"lineNumber":22,"author":{"gitId":"-"},"content":"   |  _ \\ _   _| | _____ "},{"lineNumber":23,"author":{"gitId":"-"},"content":"   | | | | | | | |/ / _ \\"},{"lineNumber":24,"author":{"gitId":"-"},"content":"   | |_| | |_| |   \u003c  __/"},{"lineNumber":25,"author":{"gitId":"-"},"content":"   |____/ \\__,_|_|\\_\\___|"},{"lineNumber":26,"author":{"gitId":"-"},"content":"   ```"},{"lineNumber":27,"author":{"gitId":"zhangyongzhe20"},"content":""},{"lineNumber":28,"author":{"gitId":"zhangyongzhe20"},"content":""},{"lineNumber":29,"author":{"gitId":"zhangyongzhe20"},"content":"## Run and test the program"},{"lineNumber":30,"author":{"gitId":"zhangyongzhe20"},"content":"1. Open a terminal"},{"lineNumber":31,"author":{"gitId":"zhangyongzhe20"},"content":"2. Change directory path to the root of the package, which contains jar `ip.jar`"},{"lineNumber":32,"author":{"gitId":"zhangyongzhe20"},"content":"3. Run command `java -jar ip.jar` in terminal"}],"authorContributionMap":{"zhangyongzhe20":6,"-":26}},{"path":"docs/README.md","fileType":"md","lines":[{"lineNumber":1,"author":{"gitId":"zhangyongzhe20"},"content":"# Duke project template"},{"lineNumber":2,"author":{"gitId":"-"},"content":""},{"lineNumber":3,"author":{"gitId":"zhangyongzhe20"},"content":"This is a project template for a greenfield Java project. It\u0027s named after the Java mascot _Duke_. Given below are instructions on how to use it."},{"lineNumber":4,"author":{"gitId":"-"},"content":""},{"lineNumber":5,"author":{"gitId":"zhangyongzhe20"},"content":"## Setting up in Intellij"},{"lineNumber":6,"author":{"gitId":"-"},"content":""},{"lineNumber":7,"author":{"gitId":"zhangyongzhe20"},"content":"Prerequisites: JDK 11, update IntelliJ to the most recent version."},{"lineNumber":8,"author":{"gitId":"-"},"content":""},{"lineNumber":9,"author":{"gitId":"zhangyongzhe20"},"content":"### On IntelliJ version 2020.3.1 (latest) and beyond"},{"lineNumber":10,"author":{"gitId":"-"},"content":""},{"lineNumber":11,"author":{"gitId":"zhangyongzhe20"},"content":"1. Open IntelliJ (if you are not in the welcome screen, click `File` \u003e `Close Project` to close the existing project first)"},{"lineNumber":12,"author":{"gitId":"zhangyongzhe20"},"content":"1. Import the project into IntelliJ as follows:"},{"lineNumber":13,"author":{"gitId":"zhangyongzhe20"},"content":"   1. Click `Open`"},{"lineNumber":14,"author":{"gitId":"zhangyongzhe20"},"content":"   1. Select the project directory, and click `OK`"},{"lineNumber":15,"author":{"gitId":"zhangyongzhe20"},"content":"   1. If there are any further prompts, accept the defaults."},{"lineNumber":16,"author":{"gitId":"zhangyongzhe20"},"content":"1. Configure the project to use **JDK 11** (not other versions) as explained in [here](https://www.jetbrains.com/help/idea/sdk.html#set-up-jdk)."},{"lineNumber":17,"author":{"gitId":"zhangyongzhe20"},"content":"1. After that, locate the `src/main/java/Duke.java` file, right-click it, and choose `Run Duke.main()`. If the setup is correct, you should see something like the output below."},{"lineNumber":18,"author":{"gitId":"-"},"content":""},{"lineNumber":19,"author":{"gitId":"zhangyongzhe20"},"content":"   ```"},{"lineNumber":20,"author":{"gitId":"zhangyongzhe20"},"content":"   Hello from"},{"lineNumber":21,"author":{"gitId":"zhangyongzhe20"},"content":"    ____        _        "},{"lineNumber":22,"author":{"gitId":"zhangyongzhe20"},"content":"   |  _ \\ _   _| | _____ "},{"lineNumber":23,"author":{"gitId":"zhangyongzhe20"},"content":"   | | | | | | | |/ / _ \\"},{"lineNumber":24,"author":{"gitId":"zhangyongzhe20"},"content":"   | |_| | |_| |   \u003c  __/"},{"lineNumber":25,"author":{"gitId":"zhangyongzhe20"},"content":"   |____/ \\__,_|_|\\_\\___|"},{"lineNumber":26,"author":{"gitId":"zhangyongzhe20"},"content":"   ```"},{"lineNumber":27,"author":{"gitId":"-"},"content":""},{"lineNumber":28,"author":{"gitId":"-"},"content":""},{"lineNumber":29,"author":{"gitId":"zhangyongzhe20"},"content":"## Run and test the program"},{"lineNumber":30,"author":{"gitId":"zhangyongzhe20"},"content":"1. Open a terminal"},{"lineNumber":31,"author":{"gitId":"zhangyongzhe20"},"content":"2. Change directory path to the root of the package, which contains jar `ip.jar`"},{"lineNumber":32,"author":{"gitId":"zhangyongzhe20"},"content":"3. Run command `java -jar ip.jar` in terminal"}],"authorContributionMap":{"zhangyongzhe20":24,"-":8}},{"path":"src/main/java/Duke.java","fileType":"java","lines":[{"lineNumber":1,"author":{"gitId":"zhangyongzhe20"},"content":"import duke.Deadline;"},{"lineNumber":2,"author":{"gitId":"zhangyongzhe20"},"content":"import duke.Event;"},{"lineNumber":3,"author":{"gitId":"zhangyongzhe20"},"content":"import duke.Task;"},{"lineNumber":4,"author":{"gitId":"zhangyongzhe20"},"content":"import duke.Todo;"},{"lineNumber":5,"author":{"gitId":"zhangyongzhe20"},"content":"import exception.DukeException;"},{"lineNumber":6,"author":{"gitId":"zhangyongzhe20"},"content":""},{"lineNumber":7,"author":{"gitId":"zhangyongzhe20"},"content":"import java.io.FileNotFoundException;"},{"lineNumber":8,"author":{"gitId":"zhangyongzhe20"},"content":"import java.io.IOException;"},{"lineNumber":9,"author":{"gitId":"zhangyongzhe20"},"content":"import java.nio.file.Path;"},{"lineNumber":10,"author":{"gitId":"zhangyongzhe20"},"content":"import java.nio.file.Paths;"},{"lineNumber":11,"author":{"gitId":"zhangyongzhe20"},"content":"import java.util.ArrayList;"},{"lineNumber":12,"author":{"gitId":"zhangyongzhe20"},"content":"import java.util.List;"},{"lineNumber":13,"author":{"gitId":"zhangyongzhe20"},"content":"import java.util.Scanner;"},{"lineNumber":14,"author":{"gitId":"zhangyongzhe20"},"content":""},{"lineNumber":15,"author":{"gitId":"zhangyongzhe20"},"content":""},{"lineNumber":16,"author":{"gitId":"-"},"content":"public class Duke {"},{"lineNumber":17,"author":{"gitId":"zhangyongzhe20"},"content":"    //collection"},{"lineNumber":18,"author":{"gitId":"zhangyongzhe20"},"content":"    static List\u003cTask\u003e tasks;"},{"lineNumber":19,"author":{"gitId":"zhangyongzhe20"},"content":"    static Boolean notBye;"},{"lineNumber":20,"author":{"gitId":"zhangyongzhe20"},"content":"    static fileManager fm;"},{"lineNumber":21,"author":{"gitId":"zhangyongzhe20"},"content":""},{"lineNumber":22,"author":{"gitId":"zhangyongzhe20"},"content":"    public Duke(String filePath) {"},{"lineNumber":23,"author":{"gitId":"zhangyongzhe20"},"content":"        tasks \u003d new ArrayList\u003c\u003e();"},{"lineNumber":24,"author":{"gitId":"zhangyongzhe20"},"content":"        notBye \u003d true;"},{"lineNumber":25,"author":{"gitId":"zhangyongzhe20"},"content":"        fm \u003d new fileManager(filePath);"},{"lineNumber":26,"author":{"gitId":"zhangyongzhe20"},"content":"        try{"},{"lineNumber":27,"author":{"gitId":"zhangyongzhe20"},"content":"            tasks \u003d fm.readFile();"},{"lineNumber":28,"author":{"gitId":"zhangyongzhe20"},"content":"        } catch (FileNotFoundException e) {"},{"lineNumber":29,"author":{"gitId":"zhangyongzhe20"},"content":"            e.printStackTrace();"},{"lineNumber":30,"author":{"gitId":"zhangyongzhe20"},"content":"        }"},{"lineNumber":31,"author":{"gitId":"zhangyongzhe20"},"content":"    }"},{"lineNumber":32,"author":{"gitId":"zhangyongzhe20"},"content":""},{"lineNumber":33,"author":{"gitId":"zhangyongzhe20"},"content":"    /**"},{"lineNumber":34,"author":{"gitId":"zhangyongzhe20"},"content":"     * Initial the Duke class"},{"lineNumber":35,"author":{"gitId":"zhangyongzhe20"},"content":"     */"},{"lineNumber":36,"author":{"gitId":"zhangyongzhe20"},"content":"    public void run() {"},{"lineNumber":37,"author":{"gitId":"zhangyongzhe20"},"content":"        String greeting \u003d \"Hello I\u0027m Duke\\n\""},{"lineNumber":38,"author":{"gitId":"zhangyongzhe20"},"content":"                + \"What can I do for you?\";"},{"lineNumber":39,"author":{"gitId":"zhangyongzhe20"},"content":"        System.out.println(greeting);"},{"lineNumber":40,"author":{"gitId":"zhangyongzhe20"},"content":""},{"lineNumber":41,"author":{"gitId":"zhangyongzhe20"},"content":"        Scanner sc \u003d new Scanner(System.in);"},{"lineNumber":42,"author":{"gitId":"zhangyongzhe20"},"content":"        String userInput;"},{"lineNumber":43,"author":{"gitId":"zhangyongzhe20"},"content":"        while (notBye) {"},{"lineNumber":44,"author":{"gitId":"zhangyongzhe20"},"content":"            userInput \u003d sc.nextLine();"},{"lineNumber":45,"author":{"gitId":"zhangyongzhe20"},"content":"            try {"},{"lineNumber":46,"author":{"gitId":"zhangyongzhe20"},"content":"                processUserInput(userInput);"},{"lineNumber":47,"author":{"gitId":"zhangyongzhe20"},"content":"            } catch (DukeException | IOException e) {"},{"lineNumber":48,"author":{"gitId":"zhangyongzhe20"},"content":"                System.out.println(e.toString());"},{"lineNumber":49,"author":{"gitId":"zhangyongzhe20"},"content":"            }"},{"lineNumber":50,"author":{"gitId":"zhangyongzhe20"},"content":"            System.out.println(\"-----------------------------\");"},{"lineNumber":51,"author":{"gitId":"zhangyongzhe20"},"content":""},{"lineNumber":52,"author":{"gitId":"zhangyongzhe20"},"content":"        }"},{"lineNumber":53,"author":{"gitId":"zhangyongzhe20"},"content":"    }"},{"lineNumber":54,"author":{"gitId":"zhangyongzhe20"},"content":""},{"lineNumber":55,"author":{"gitId":"zhangyongzhe20"},"content":"    /**"},{"lineNumber":56,"author":{"gitId":"zhangyongzhe20"},"content":"     * process the user input and understand the command"},{"lineNumber":57,"author":{"gitId":"zhangyongzhe20"},"content":"     *"},{"lineNumber":58,"author":{"gitId":"zhangyongzhe20"},"content":"     * @param userInput: value input by a user"},{"lineNumber":59,"author":{"gitId":"zhangyongzhe20"},"content":"     */"},{"lineNumber":60,"author":{"gitId":"zhangyongzhe20"},"content":"    private static void processUserInput(String userInput) throws DukeException, IOException {"},{"lineNumber":61,"author":{"gitId":"zhangyongzhe20"},"content":"        String description \u003d null;"},{"lineNumber":62,"author":{"gitId":"zhangyongzhe20"},"content":"        if (userInput.startsWith(\"todo\")) {"},{"lineNumber":63,"author":{"gitId":"zhangyongzhe20"},"content":"            if (userInput.equals(\"todo\")) {"},{"lineNumber":64,"author":{"gitId":"zhangyongzhe20"},"content":"                throw new DukeException(\"OOPS!!! The description of a todo cannot be empty.\");"},{"lineNumber":65,"author":{"gitId":"zhangyongzhe20"},"content":"            } else {"},{"lineNumber":66,"author":{"gitId":"zhangyongzhe20"},"content":"                description \u003d userInput.substring(5);"},{"lineNumber":67,"author":{"gitId":"zhangyongzhe20"},"content":"                tasks.add(new Todo(description));"},{"lineNumber":68,"author":{"gitId":"zhangyongzhe20"},"content":"            }"},{"lineNumber":69,"author":{"gitId":"zhangyongzhe20"},"content":"        } else if (userInput.startsWith(\"deadline\")) {"},{"lineNumber":70,"author":{"gitId":"zhangyongzhe20"},"content":"            String[] split \u003d userInput.split(\"/\");"},{"lineNumber":71,"author":{"gitId":"zhangyongzhe20"},"content":"            description \u003d split[0].substring(8);"},{"lineNumber":72,"author":{"gitId":"zhangyongzhe20"},"content":"            String by \u003d split[1];"},{"lineNumber":73,"author":{"gitId":"zhangyongzhe20"},"content":"            tasks.add(new Deadline(description, by));"},{"lineNumber":74,"author":{"gitId":"zhangyongzhe20"},"content":"        } else if (userInput.startsWith(\"event\")) {"},{"lineNumber":75,"author":{"gitId":"zhangyongzhe20"},"content":"            String[] split \u003d userInput.split(\"/\");"},{"lineNumber":76,"author":{"gitId":"zhangyongzhe20"},"content":"            description \u003d split[0].substring(5);"},{"lineNumber":77,"author":{"gitId":"zhangyongzhe20"},"content":"            String at \u003d split[1];"},{"lineNumber":78,"author":{"gitId":"zhangyongzhe20"},"content":"            tasks.add(new Event(description, at));"},{"lineNumber":79,"author":{"gitId":"zhangyongzhe20"},"content":"        } else if (userInput.equalsIgnoreCase(\"list\")) {"},{"lineNumber":80,"author":{"gitId":"zhangyongzhe20"},"content":"            int i \u003d 1;"},{"lineNumber":81,"author":{"gitId":"zhangyongzhe20"},"content":"            for (Task task : tasks) {"},{"lineNumber":82,"author":{"gitId":"zhangyongzhe20"},"content":"                System.out.println(i + \".\" + task.toString());"},{"lineNumber":83,"author":{"gitId":"zhangyongzhe20"},"content":"                i++;"},{"lineNumber":84,"author":{"gitId":"zhangyongzhe20"},"content":"            }"},{"lineNumber":85,"author":{"gitId":"zhangyongzhe20"},"content":"            // save data to file"},{"lineNumber":86,"author":{"gitId":"zhangyongzhe20"},"content":"            fm.writeFile((ArrayList\u003cTask\u003e) tasks);"},{"lineNumber":87,"author":{"gitId":"zhangyongzhe20"},"content":"        } else if (userInput.startsWith(\"done\")) {"},{"lineNumber":88,"author":{"gitId":"zhangyongzhe20"},"content":"            int taskIndex \u003d Integer.parseInt(userInput.split(\" \")[1]) - 1;"},{"lineNumber":89,"author":{"gitId":"zhangyongzhe20"},"content":"            Task task_ \u003d tasks.get(taskIndex);"},{"lineNumber":90,"author":{"gitId":"zhangyongzhe20"},"content":"            task_.markAsDone();"},{"lineNumber":91,"author":{"gitId":"zhangyongzhe20"},"content":"            System.out.println(\"Nice! I\u0027ve marked this task as done:\\n\" +"},{"lineNumber":92,"author":{"gitId":"zhangyongzhe20"},"content":"                    task_.toString());"},{"lineNumber":93,"author":{"gitId":"zhangyongzhe20"},"content":"        } else if (userInput.equalsIgnoreCase(\"bye\")) {"},{"lineNumber":94,"author":{"gitId":"zhangyongzhe20"},"content":"            String bye \u003d \"Bye. Hope to see you again soon!\";"},{"lineNumber":95,"author":{"gitId":"zhangyongzhe20"},"content":"            System.out.println(bye);"},{"lineNumber":96,"author":{"gitId":"zhangyongzhe20"},"content":"            notBye \u003d false;"},{"lineNumber":97,"author":{"gitId":"zhangyongzhe20"},"content":"        } else if (userInput.startsWith(\"delete\")) {"},{"lineNumber":98,"author":{"gitId":"zhangyongzhe20"},"content":"            int deleteIndex \u003d Integer.parseInt(userInput.split(\" \")[1]) - 1;"},{"lineNumber":99,"author":{"gitId":"zhangyongzhe20"},"content":"            Task removedTask \u003d tasks.remove(deleteIndex);"},{"lineNumber":100,"author":{"gitId":"zhangyongzhe20"},"content":"            System.out.println(\"-----------------------------\");"},{"lineNumber":101,"author":{"gitId":"zhangyongzhe20"},"content":"            System.out.println(\"Noted. I\u0027ve removed this task: \\n\" +"},{"lineNumber":102,"author":{"gitId":"zhangyongzhe20"},"content":"                    removedTask.toString() + \"\\n\" +"},{"lineNumber":103,"author":{"gitId":"zhangyongzhe20"},"content":"                    \"Now you have \" + tasks.size() + \" in the list.\");"},{"lineNumber":104,"author":{"gitId":"zhangyongzhe20"},"content":"        } else if(userInput.startsWith(\"find\")){"},{"lineNumber":105,"author":{"gitId":"zhangyongzhe20"},"content":"            String findText \u003d userInput.split(\" \")[1];"},{"lineNumber":106,"author":{"gitId":"zhangyongzhe20"},"content":"            int i \u003d 1;"},{"lineNumber":107,"author":{"gitId":"zhangyongzhe20"},"content":"            // loop every task"},{"lineNumber":108,"author":{"gitId":"zhangyongzhe20"},"content":"            for(Task task : tasks){"},{"lineNumber":109,"author":{"gitId":"zhangyongzhe20"},"content":"                if(task.toString().contains(findText)){"},{"lineNumber":110,"author":{"gitId":"zhangyongzhe20"},"content":"                    System.out.println(i + \".\" + task.toString());"},{"lineNumber":111,"author":{"gitId":"zhangyongzhe20"},"content":"                    i++;"},{"lineNumber":112,"author":{"gitId":"zhangyongzhe20"},"content":"                }"},{"lineNumber":113,"author":{"gitId":"zhangyongzhe20"},"content":"            }"},{"lineNumber":114,"author":{"gitId":"zhangyongzhe20"},"content":"            }"},{"lineNumber":115,"author":{"gitId":"zhangyongzhe20"},"content":""},{"lineNumber":116,"author":{"gitId":"zhangyongzhe20"},"content":"        else {"},{"lineNumber":117,"author":{"gitId":"zhangyongzhe20"},"content":"            throw new DukeException(\"OOPS!!! I\u0027m sorry, but I don\u0027t know what that means :-(\");"},{"lineNumber":118,"author":{"gitId":"zhangyongzhe20"},"content":"        }"},{"lineNumber":119,"author":{"gitId":"-"},"content":"    }"},{"lineNumber":120,"author":{"gitId":"zhangyongzhe20"},"content":""},{"lineNumber":121,"author":{"gitId":"zhangyongzhe20"},"content":""},{"lineNumber":122,"author":{"gitId":"zhangyongzhe20"},"content":"    public static void main(String[] args) throws FileNotFoundException {"},{"lineNumber":123,"author":{"gitId":"zhangyongzhe20"},"content":"        // get the path of project_root"},{"lineNumber":124,"author":{"gitId":"zhangyongzhe20"},"content":"        String home \u003d System.getProperty(\"user.dir\");"},{"lineNumber":125,"author":{"gitId":"zhangyongzhe20"},"content":"        // concatenate folder data"},{"lineNumber":126,"author":{"gitId":"zhangyongzhe20"},"content":"        Path path \u003d Paths.get(home, \"duke.txt\");"},{"lineNumber":127,"author":{"gitId":"zhangyongzhe20"},"content":""},{"lineNumber":128,"author":{"gitId":"zhangyongzhe20"},"content":"        new Duke(path.toString()).run();"},{"lineNumber":129,"author":{"gitId":"-"},"content":"    }"},{"lineNumber":130,"author":{"gitId":"-"},"content":"}"}],"authorContributionMap":{"zhangyongzhe20":126,"-":4}},{"path":"src/main/java/duke/Deadline.java","fileType":"java","lines":[{"lineNumber":1,"author":{"gitId":"zhangyongzhe20"},"content":"package duke;"},{"lineNumber":2,"author":{"gitId":"zhangyongzhe20"},"content":""},{"lineNumber":3,"author":{"gitId":"zhangyongzhe20"},"content":"public class Deadline extends Task {"},{"lineNumber":4,"author":{"gitId":"zhangyongzhe20"},"content":"    protected String by;"},{"lineNumber":5,"author":{"gitId":"zhangyongzhe20"},"content":""},{"lineNumber":6,"author":{"gitId":"zhangyongzhe20"},"content":"    public Deadline(String description, String by) {"},{"lineNumber":7,"author":{"gitId":"zhangyongzhe20"},"content":"        super(description);"},{"lineNumber":8,"author":{"gitId":"zhangyongzhe20"},"content":"        this.by \u003d by;"},{"lineNumber":9,"author":{"gitId":"zhangyongzhe20"},"content":"    }"},{"lineNumber":10,"author":{"gitId":"zhangyongzhe20"},"content":""},{"lineNumber":11,"author":{"gitId":"zhangyongzhe20"},"content":"    @Override"},{"lineNumber":12,"author":{"gitId":"zhangyongzhe20"},"content":"    public String toString() {"},{"lineNumber":13,"author":{"gitId":"zhangyongzhe20"},"content":"        return \"[D]\" + super.toString() + \" (by: \" + by + \")\";"},{"lineNumber":14,"author":{"gitId":"zhangyongzhe20"},"content":"    }"},{"lineNumber":15,"author":{"gitId":"zhangyongzhe20"},"content":"}"}],"authorContributionMap":{"zhangyongzhe20":15}},{"path":"src/main/java/duke/Event.java","fileType":"java","lines":[{"lineNumber":1,"author":{"gitId":"zhangyongzhe20"},"content":"package duke;"},{"lineNumber":2,"author":{"gitId":"zhangyongzhe20"},"content":""},{"lineNumber":3,"author":{"gitId":"zhangyongzhe20"},"content":"public class Event extends Task {"},{"lineNumber":4,"author":{"gitId":"zhangyongzhe20"},"content":"    protected String at;"},{"lineNumber":5,"author":{"gitId":"zhangyongzhe20"},"content":""},{"lineNumber":6,"author":{"gitId":"zhangyongzhe20"},"content":"    public Event(String description, String at) {"},{"lineNumber":7,"author":{"gitId":"zhangyongzhe20"},"content":"        super(description);"},{"lineNumber":8,"author":{"gitId":"zhangyongzhe20"},"content":"        this.at \u003d at;"},{"lineNumber":9,"author":{"gitId":"zhangyongzhe20"},"content":"    }"},{"lineNumber":10,"author":{"gitId":"zhangyongzhe20"},"content":""},{"lineNumber":11,"author":{"gitId":"zhangyongzhe20"},"content":"    @Override"},{"lineNumber":12,"author":{"gitId":"zhangyongzhe20"},"content":"    public String toString() {"},{"lineNumber":13,"author":{"gitId":"zhangyongzhe20"},"content":"        return \"[E]\" + super.toString() + \" (at: \" + at + \")\";"},{"lineNumber":14,"author":{"gitId":"zhangyongzhe20"},"content":"    }"},{"lineNumber":15,"author":{"gitId":"zhangyongzhe20"},"content":"}"}],"authorContributionMap":{"zhangyongzhe20":15}},{"path":"src/main/java/duke/Task.java","fileType":"java","lines":[{"lineNumber":1,"author":{"gitId":"zhangyongzhe20"},"content":"package duke;"},{"lineNumber":2,"author":{"gitId":"zhangyongzhe20"},"content":"import java.io.Serializable;"},{"lineNumber":3,"author":{"gitId":"zhangyongzhe20"},"content":""},{"lineNumber":4,"author":{"gitId":"zhangyongzhe20"},"content":"public class Task implements Serializable {"},{"lineNumber":5,"author":{"gitId":"zhangyongzhe20"},"content":"    protected String description;"},{"lineNumber":6,"author":{"gitId":"zhangyongzhe20"},"content":"    protected boolean isDone;"},{"lineNumber":7,"author":{"gitId":"zhangyongzhe20"},"content":""},{"lineNumber":8,"author":{"gitId":"zhangyongzhe20"},"content":"    public Task(String description) {"},{"lineNumber":9,"author":{"gitId":"zhangyongzhe20"},"content":"        this.description \u003d description;"},{"lineNumber":10,"author":{"gitId":"zhangyongzhe20"},"content":"        this.isDone \u003d false;"},{"lineNumber":11,"author":{"gitId":"zhangyongzhe20"},"content":"    }"},{"lineNumber":12,"author":{"gitId":"zhangyongzhe20"},"content":""},{"lineNumber":13,"author":{"gitId":"zhangyongzhe20"},"content":"    public String toString(){"},{"lineNumber":14,"author":{"gitId":"zhangyongzhe20"},"content":"        return (isDone ? \"[\\u2718]\" : \"[ ]\") + this.description;"},{"lineNumber":15,"author":{"gitId":"zhangyongzhe20"},"content":"    }"},{"lineNumber":16,"author":{"gitId":"zhangyongzhe20"},"content":""},{"lineNumber":17,"author":{"gitId":"zhangyongzhe20"},"content":"    /**"},{"lineNumber":18,"author":{"gitId":"zhangyongzhe20"},"content":"     * Mark a task done"},{"lineNumber":19,"author":{"gitId":"zhangyongzhe20"},"content":"     */"},{"lineNumber":20,"author":{"gitId":"zhangyongzhe20"},"content":"    public void markAsDone(){"},{"lineNumber":21,"author":{"gitId":"zhangyongzhe20"},"content":"        this.isDone \u003d true;"},{"lineNumber":22,"author":{"gitId":"zhangyongzhe20"},"content":"    }"},{"lineNumber":23,"author":{"gitId":"zhangyongzhe20"},"content":"}"}],"authorContributionMap":{"zhangyongzhe20":23}},{"path":"src/main/java/duke/Todo.java","fileType":"java","lines":[{"lineNumber":1,"author":{"gitId":"zhangyongzhe20"},"content":"package duke;"},{"lineNumber":2,"author":{"gitId":"zhangyongzhe20"},"content":""},{"lineNumber":3,"author":{"gitId":"zhangyongzhe20"},"content":"public class Todo extends Task {"},{"lineNumber":4,"author":{"gitId":"zhangyongzhe20"},"content":""},{"lineNumber":5,"author":{"gitId":"zhangyongzhe20"},"content":"    public Todo(String description) {"},{"lineNumber":6,"author":{"gitId":"zhangyongzhe20"},"content":"        super(description);"},{"lineNumber":7,"author":{"gitId":"zhangyongzhe20"},"content":"    }"},{"lineNumber":8,"author":{"gitId":"zhangyongzhe20"},"content":""},{"lineNumber":9,"author":{"gitId":"zhangyongzhe20"},"content":"    @Override"},{"lineNumber":10,"author":{"gitId":"zhangyongzhe20"},"content":"    public String toString() {"},{"lineNumber":11,"author":{"gitId":"zhangyongzhe20"},"content":"        return \"[T]\" + super.toString() ;"},{"lineNumber":12,"author":{"gitId":"zhangyongzhe20"},"content":"    }"},{"lineNumber":13,"author":{"gitId":"zhangyongzhe20"},"content":"}"}],"authorContributionMap":{"zhangyongzhe20":13}},{"path":"src/main/java/exception/DukeException.java","fileType":"java","lines":[{"lineNumber":1,"author":{"gitId":"zhangyongzhe20"},"content":"package exception;"},{"lineNumber":2,"author":{"gitId":"zhangyongzhe20"},"content":""},{"lineNumber":3,"author":{"gitId":"zhangyongzhe20"},"content":"public class DukeException extends Exception{"},{"lineNumber":4,"author":{"gitId":"zhangyongzhe20"},"content":"    String errmsg;"},{"lineNumber":5,"author":{"gitId":"zhangyongzhe20"},"content":"    public DukeException(String s) {"},{"lineNumber":6,"author":{"gitId":"zhangyongzhe20"},"content":"        this.errmsg \u003d s;"},{"lineNumber":7,"author":{"gitId":"zhangyongzhe20"},"content":"    }"},{"lineNumber":8,"author":{"gitId":"zhangyongzhe20"},"content":"    @Override"},{"lineNumber":9,"author":{"gitId":"zhangyongzhe20"},"content":"    public String toString(){"},{"lineNumber":10,"author":{"gitId":"zhangyongzhe20"},"content":"        return this.errmsg;"},{"lineNumber":11,"author":{"gitId":"zhangyongzhe20"},"content":"    }"},{"lineNumber":12,"author":{"gitId":"zhangyongzhe20"},"content":"}"}],"authorContributionMap":{"zhangyongzhe20":12}},{"path":"src/main/java/fileManager.java","fileType":"java","lines":[{"lineNumber":1,"author":{"gitId":"zhangyongzhe20"},"content":"import duke.Task;"},{"lineNumber":2,"author":{"gitId":"zhangyongzhe20"},"content":"import java.io.*;"},{"lineNumber":3,"author":{"gitId":"zhangyongzhe20"},"content":"import java.util.ArrayList;"},{"lineNumber":4,"author":{"gitId":"zhangyongzhe20"},"content":"import java.util.List;"},{"lineNumber":5,"author":{"gitId":"zhangyongzhe20"},"content":""},{"lineNumber":6,"author":{"gitId":"zhangyongzhe20"},"content":"public class fileManager implements Serializable{"},{"lineNumber":7,"author":{"gitId":"zhangyongzhe20"},"content":"    private String filePath;"},{"lineNumber":8,"author":{"gitId":"zhangyongzhe20"},"content":"    private String file \u003d \"duke.txt\";"},{"lineNumber":9,"author":{"gitId":"zhangyongzhe20"},"content":"    private FileOutputStream fWrite;"},{"lineNumber":10,"author":{"gitId":"zhangyongzhe20"},"content":"    private ObjectOutputStream oos;"},{"lineNumber":11,"author":{"gitId":"zhangyongzhe20"},"content":"    private FileInputStream fRead;"},{"lineNumber":12,"author":{"gitId":"zhangyongzhe20"},"content":"    private ObjectInputStream ois;"},{"lineNumber":13,"author":{"gitId":"zhangyongzhe20"},"content":""},{"lineNumber":14,"author":{"gitId":"zhangyongzhe20"},"content":"    public fileManager(String filePath) {"},{"lineNumber":15,"author":{"gitId":"zhangyongzhe20"},"content":"        this.filePath \u003d filePath;"},{"lineNumber":16,"author":{"gitId":"zhangyongzhe20"},"content":"    }"},{"lineNumber":17,"author":{"gitId":"zhangyongzhe20"},"content":""},{"lineNumber":18,"author":{"gitId":"zhangyongzhe20"},"content":"    /**"},{"lineNumber":19,"author":{"gitId":"zhangyongzhe20"},"content":"     * Write objects into file"},{"lineNumber":20,"author":{"gitId":"zhangyongzhe20"},"content":"     * @param tasks serialized data"},{"lineNumber":21,"author":{"gitId":"zhangyongzhe20"},"content":"     */"},{"lineNumber":22,"author":{"gitId":"zhangyongzhe20"},"content":"    public void writeFile(ArrayList\u003cTask\u003e tasks){"},{"lineNumber":23,"author":{"gitId":"zhangyongzhe20"},"content":"        try {"},{"lineNumber":24,"author":{"gitId":"zhangyongzhe20"},"content":"            fWrite \u003d new FileOutputStream(filePath);"},{"lineNumber":25,"author":{"gitId":"zhangyongzhe20"},"content":"            oos \u003d new ObjectOutputStream(fWrite);"},{"lineNumber":26,"author":{"gitId":"zhangyongzhe20"},"content":"            oos.writeObject(tasks);"},{"lineNumber":27,"author":{"gitId":"zhangyongzhe20"},"content":"            oos.close();"},{"lineNumber":28,"author":{"gitId":"zhangyongzhe20"},"content":"        } catch (IOException e) {"},{"lineNumber":29,"author":{"gitId":"zhangyongzhe20"},"content":"                e.printStackTrace();"},{"lineNumber":30,"author":{"gitId":"zhangyongzhe20"},"content":"            }"},{"lineNumber":31,"author":{"gitId":"zhangyongzhe20"},"content":"        }"},{"lineNumber":32,"author":{"gitId":"zhangyongzhe20"},"content":""},{"lineNumber":33,"author":{"gitId":"zhangyongzhe20"},"content":"    /**"},{"lineNumber":34,"author":{"gitId":"zhangyongzhe20"},"content":"     * Load data from file"},{"lineNumber":35,"author":{"gitId":"zhangyongzhe20"},"content":"     * @return  the deserialized data from file and store in a list"},{"lineNumber":36,"author":{"gitId":"zhangyongzhe20"},"content":"     * @throws FileNotFoundException"},{"lineNumber":37,"author":{"gitId":"zhangyongzhe20"},"content":"     */"},{"lineNumber":38,"author":{"gitId":"zhangyongzhe20"},"content":"    public List\u003cTask\u003e readFile() throws FileNotFoundException{"},{"lineNumber":39,"author":{"gitId":"zhangyongzhe20"},"content":"        List\u003cTask\u003e readTasks \u003d new ArrayList\u003c\u003e();"},{"lineNumber":40,"author":{"gitId":"zhangyongzhe20"},"content":"        try {"},{"lineNumber":41,"author":{"gitId":"zhangyongzhe20"},"content":"            File file \u003d new File(filePath);"},{"lineNumber":42,"author":{"gitId":"zhangyongzhe20"},"content":"        if(!file.exists()){"},{"lineNumber":43,"author":{"gitId":"zhangyongzhe20"},"content":"                file.createNewFile();"},{"lineNumber":44,"author":{"gitId":"zhangyongzhe20"},"content":"                return readTasks;"},{"lineNumber":45,"author":{"gitId":"zhangyongzhe20"},"content":"            }"},{"lineNumber":46,"author":{"gitId":"zhangyongzhe20"},"content":"        fRead \u003d new FileInputStream(filePath);"},{"lineNumber":47,"author":{"gitId":"zhangyongzhe20"},"content":"            if(fRead.available()\u003e0) {"},{"lineNumber":48,"author":{"gitId":"zhangyongzhe20"},"content":"                ois \u003d new ObjectInputStream(fRead);"},{"lineNumber":49,"author":{"gitId":"zhangyongzhe20"},"content":"                if (fRead !\u003d null) {"},{"lineNumber":50,"author":{"gitId":"zhangyongzhe20"},"content":"                    readTasks \u003d (List\u003cTask\u003e) ois.readObject();"},{"lineNumber":51,"author":{"gitId":"zhangyongzhe20"},"content":"                }"},{"lineNumber":52,"author":{"gitId":"zhangyongzhe20"},"content":"                ois.close();"},{"lineNumber":53,"author":{"gitId":"zhangyongzhe20"},"content":"            }"},{"lineNumber":54,"author":{"gitId":"zhangyongzhe20"},"content":"        } catch (IOException | ClassNotFoundException e) {"},{"lineNumber":55,"author":{"gitId":"zhangyongzhe20"},"content":"            e.printStackTrace();"},{"lineNumber":56,"author":{"gitId":"zhangyongzhe20"},"content":"        }"},{"lineNumber":57,"author":{"gitId":"zhangyongzhe20"},"content":"        return readTasks;"},{"lineNumber":58,"author":{"gitId":"zhangyongzhe20"},"content":"    }"},{"lineNumber":59,"author":{"gitId":"zhangyongzhe20"},"content":""},{"lineNumber":60,"author":{"gitId":"zhangyongzhe20"},"content":""},{"lineNumber":61,"author":{"gitId":"zhangyongzhe20"},"content":"}"}],"authorContributionMap":{"zhangyongzhe20":61}}]
