{"authorDailyContributionsMap":{"bryanwhl":[{"date":"2021-01-20","commitResults":[{"hash":"c0f717264480fff0320a0ac664409112afa05da4","messageTitle":"add increment level-0","messageBody":"","tags":["Level-0"],"fileTypesAndContributionMap":{"java":{"insertions":42,"deletions":7}}}]},{"date":"2021-01-23","commitResults":[{"hash":"071ea578d828a9174da5ce827d15e349125156f5","messageTitle":"add echo function","messageBody":"","tags":["Level-2","Level-1"],"fileTypesAndContributionMap":{"java":{"insertions":1,"deletions":0}}},{"hash":"bbde6ed82ba7a86167e68b4ac6433854cc6f3f7a","messageTitle":"add list function and add function","messageBody":"","fileTypesAndContributionMap":{"java":{"insertions":39,"deletions":3}}},{"hash":"ac50623fcc8664c20261b1fb670031aeab75c2bb","messageTitle":"add done function","messageBody":"","tags":["Level-3","A-CodingStandard"],"fileTypesAndContributionMap":{"java":{"insertions":28,"deletions":4}}},{"hash":"419698b5f355c3aec4e6e1d91a125a785f861fc3","messageTitle":"add coding standard","messageBody":"","fileTypesAndContributionMap":{"java":{"insertions":14,"deletions":11}}}]},{"date":"2021-01-30","commitResults":[{"hash":"2ea6262f62b61919fda22bc27c00b64366842204","messageTitle":"add multiple types of tasks","messageBody":"","tags":["Level-4"],"fileTypesAndContributionMap":{"java":{"insertions":165,"deletions":71}}},{"hash":"a59885f586736eb83670bbf714bb8694aae23969","messageTitle":"add coding standard by privating and protecting object attributes","messageBody":"","fileTypesAndContributionMap":{"java":{"insertions":9,"deletions":5}}},{"hash":"30b5eff6b4c581090cd35b5256a18ef0171793ff","messageTitle":"improve code quality","messageBody":"","tags":["A-CodeQuality"],"fileTypesAndContributionMap":{"java":{"insertions":2,"deletions":4}}}]},{"date":"2021-02-07","commitResults":[{"hash":"6c00fd5a65f5a01229e46898324e20e444f80a82","messageTitle":"add error handling for three different errors","messageBody":"","fileTypesAndContributionMap":{"java":{"insertions":119,"deletions":61},"bat":{"insertions":1,"deletions":1}}},{"hash":"6a32276dec935d8b972666761dd95d1f1492954e","messageTitle":"add packages","messageBody":"","tags":["A-Packages"],"fileTypesAndContributionMap":{"java":{"insertions":22,"deletions":0},"bat":{"insertions":2,"deletions":2},"md":{"insertions":2,"deletions":2}}}]},{"date":"2021-02-17","commitResults":[{"hash":"0f474265bc1346e208d89f05cb04ac4d02dc4a38","messageTitle":"add delete feature","messageBody":"","tags":["A-Collections"],"fileTypesAndContributionMap":{"java":{"insertions":32,"deletions":1}}},{"hash":"da51a6a7c70967fdb8042b7ad0c95a637aec6c9a","messageTitle":"add save and load features","messageBody":"","fileTypesAndContributionMap":{"txt":{"insertions":1,"deletions":0},"java":{"insertions":165,"deletions":6}}}]},{"date":"2021-02-21","commitResults":[{"hash":"3d8eab92ac3a77647c7ae8c71cd927cddaed32fa","messageTitle":"reformat my code to add more OOP and exception","messageBody":"","tags":["A-MoreOOP","A-Exceptions"],"fileTypesAndContributionMap":{"txt":{"insertions":2,"deletions":1},"java":{"insertions":560,"deletions":213}}}]},{"date":"2021-02-27","commitResults":[{"hash":"18d48d6fa7482de5424c5de6ddb235f3dca89065","messageTitle":"update remote repository","messageBody":"","fileTypesAndContributionMap":{"java":{"insertions":104,"deletions":104}}},{"hash":"04b35145a8b031aa8d67fd420efa3eb4a9450038","messageTitle":"implement find function","messageBody":"","fileTypesAndContributionMap":{"txt":{"insertions":4,"deletions":1},"java":{"insertions":91,"deletions":13}}},{"hash":"0ddab03006fbb563410adccd1efebb2407737bc5","messageTitle":"remove saved data","messageBody":"","fileTypesAndContributionMap":{"txt":{"insertions":0,"deletions":5}}}]},{"date":"2021-03-03","commitResults":[{"hash":"dd4e66d0ba287d7a2d6ff600b4fbefdb2385df39","messageTitle":"add javadoc","messageBody":"","fileTypesAndContributionMap":{"java":{"insertions":438,"deletions":26}}},{"hash":"479422b20281c1748bd3f257db2fec14e21901c7","messageTitle":"add user guide","messageBody":"","fileTypesAndContributionMap":{"md":{"insertions":59,"deletions":11}}},{"hash":"26b5609c5ac644dee5fb993659fc4e38cb0c6793","messageTitle":"update readme","messageBody":"","fileTypesAndContributionMap":{"md":{"insertions":12,"deletions":12}}},{"hash":"e50186bcc1758f1e9e1187aebb139b7696ed65d1","messageTitle":"update readme again","messageBody":"","fileTypesAndContributionMap":{"md":{"insertions":10,"deletions":10}}}]},{"date":"2021-03-04","commitResults":[{"hash":"aab4681ddea5ca8e0807f968520a1a7c6a4dac3e","messageTitle":"update pictures on readme","messageBody":"","fileTypesAndContributionMap":{"md":{"insertions":5,"deletions":5}}},{"hash":"e52cdbd4e03ac088c0ea376bf420e22b4b6cdad6","messageTitle":"add screenshots","messageBody":"","fileTypesAndContributionMap":{"md":{"insertions":5,"deletions":5}}},{"hash":"121498c22b9138d35de79340a70cc9f32fa94ee9","messageTitle":"add screenshots","messageBody":"","fileTypesAndContributionMap":{"md":{"insertions":5,"deletions":5}}},{"hash":"c137fb3b597c40fa34ea8535c1e23c9506690404","messageTitle":"fix bug on date command","messageBody":"","fileTypesAndContributionMap":{"java":{"insertions":9,"deletions":5}}},{"hash":"37f76f6d655b91425957f6ed1887cddef1bcbeff","messageTitle":"Update README.md","messageBody":"","fileTypesAndContributionMap":{"md":{"insertions":28,"deletions":20}}},{"hash":"3a940deac1ea72b29da623bd58ffd01d073ec381","messageTitle":"finish final version","messageBody":"","fileTypesAndContributionMap":{"java":{"insertions":15,"deletions":15}}}]}]},"authorFileTypeContributionMap":{"bryanwhl":{"java":1312,"md":69,"fxml":0,"sh":0,"bat":2,"gradle":0,"txt":0}},"authorContributionVariance":{"bryanwhl":20570.129},"authorDisplayNameMap":{"bryanwhl":"CS2113T-F08-1 BRYA..IANG"}}
