{"authorDailyContributionsMap":{"s-t-e-f":[{"date":"2021-01-18","commitResults":[{"hash":"c380181ff9c7396d21406a765b8aa71285075ed4","messageTitle":"Update readme to reflect new IntelliJ version","messageBody":"","fileTypesAndContributionMap":{"md":{"insertions":10,"deletions":10}}},{"hash":"8cf74a9bf270a216eeedae558b9ebe1681ed3386","messageTitle":"Update README.md","messageBody":"","fileTypesAndContributionMap":{"md":{"insertions":2,"deletions":2}}}]},{"date":"2021-01-20","commitResults":[{"hash":"4ccdf3bf83f411cb68ce5f9bf76ad426c136a42a","messageTitle":"Level 0 : Greet","messageBody":"","fileTypesAndContributionMap":{"java":{"insertions":3,"deletions":0}}}]},{"date":"2021-01-27","commitResults":[{"hash":"eda2506f1e6c209075575e10e134a2c8769b7e27","messageTitle":"Level-1. Greet, Echo, Exit","messageBody":"","fileTypesAndContributionMap":{"java":{"insertions":17,"deletions":0}}},{"hash":"9bb17e0cd55ebf7eed626225bdd52363b1dc5bb9","messageTitle":"Level -1. Greet, Echo, Exit (Edited)","messageBody":"","fileTypesAndContributionMap":{"java":{"insertions":20,"deletions":9}}},{"hash":"8752a459b06768c34c6f5aee0de85e9b86864197","messageTitle":"Level -2. Add, List","messageBody":"","fileTypesAndContributionMap":{"java":{"insertions":16,"deletions":10}}}]},{"date":"2021-01-28","commitResults":[{"hash":"3c0e9208892a981e27c9dcc368b9dc38a8f8b896","messageTitle":"Level-3. Mark as Done","messageBody":"","fileTypesAndContributionMap":{"java":{"insertions":45,"deletions":8}}}]},{"date":"2021-01-30","commitResults":[{"hash":"2c5336ec221b802986a5e8432be325792ac0f439","messageTitle":"Level-4. ToDos, Events, Deadlines","messageBody":"","tags":["Level-4","Level-3","Level-2","Level-1","Level-0"],"fileTypesAndContributionMap":{"java":{"insertions":89,"deletions":11}}}]},{"date":"2021-02-01","commitResults":[{"hash":"f25754be50cacebd850498bec9a870c6ce6ae079","messageTitle":"Follow Coding Standard","messageBody":"","tags":["A-CodingStandard"],"fileTypesAndContributionMap":{"java":{"insertions":11,"deletions":11}}},{"hash":"b104ba9772a6bf7da4f14e5259778c3fed950d2b","messageTitle":"Improve code quality","messageBody":"","tags":["A-CodeQuality"],"fileTypesAndContributionMap":{"java":{"insertions":15,"deletions":9}}}]},{"date":"2021-02-03","commitResults":[{"hash":"1c72124d5655431836839565f06f6ae91a867541","messageTitle":"Make \u0027marking as done\u0027 consistent","messageBody":"","fileTypesAndContributionMap":{"java":{"insertions":2,"deletions":2}}}]}]},"authorFileTypeContributionMap":{"s-t-e-f":{"java":158,"md":9,"fxml":0,"sh":0,"bat":0,"gradle":0,"txt":0}},"authorContributionVariance":{"s-t-e-f":704.57635},"authorDisplayNameMap":{"s-t-e-f":"STEF..TING"}}
