[{"path":"src/main/java/duke/Duke.java","fileType":"java","lines":[{"lineNumber":1,"author":{"gitId":"aliciatay-zls"},"content":"package duke;"},{"lineNumber":2,"author":{"gitId":"aliciatay-zls"},"content":""},{"lineNumber":3,"author":{"gitId":"aliciatay-zls"},"content":"import duke.commands.Command;"},{"lineNumber":4,"author":{"gitId":"aliciatay-zls"},"content":""},{"lineNumber":5,"author":{"gitId":"-"},"content":"public class Duke {"},{"lineNumber":6,"author":{"gitId":"aliciatay-zls"},"content":"    private Storage storage;"},{"lineNumber":7,"author":{"gitId":"aliciatay-zls"},"content":"    private TaskList tasks;"},{"lineNumber":8,"author":{"gitId":"aliciatay-zls"},"content":"    private Ui ui;"},{"lineNumber":9,"author":{"gitId":"aliciatay-zls"},"content":"    private Parser parser;"},{"lineNumber":10,"author":{"gitId":"aliciatay-zls"},"content":""},{"lineNumber":11,"author":{"gitId":"aliciatay-zls"},"content":"    public Duke(String filePath) {"},{"lineNumber":12,"author":{"gitId":"aliciatay-zls"},"content":"        storage \u003d new Storage(filePath);"},{"lineNumber":13,"author":{"gitId":"aliciatay-zls"},"content":"        tasks \u003d storage.loadFromDisk();"},{"lineNumber":14,"author":{"gitId":"aliciatay-zls"},"content":"        ui \u003d new Ui();"},{"lineNumber":15,"author":{"gitId":"aliciatay-zls"},"content":"        parser \u003d new Parser(tasks);"},{"lineNumber":16,"author":{"gitId":"aliciatay-zls"},"content":"    }"},{"lineNumber":17,"author":{"gitId":"aliciatay-zls"},"content":""},{"lineNumber":18,"author":{"gitId":"aliciatay-zls"},"content":"    public static void main(String[] args) {"},{"lineNumber":19,"author":{"gitId":"aliciatay-zls"},"content":"        new Duke(\"data/tasks.txt\").run();"},{"lineNumber":20,"author":{"gitId":"aliciatay-zls"},"content":"    }"},{"lineNumber":21,"author":{"gitId":"aliciatay-zls"},"content":""},{"lineNumber":22,"author":{"gitId":"aliciatay-zls"},"content":"    public void run() {"},{"lineNumber":23,"author":{"gitId":"aliciatay-zls"},"content":"        ui.printGreeting();"},{"lineNumber":24,"author":{"gitId":"aliciatay-zls"},"content":"        boolean isExit \u003d false;"},{"lineNumber":25,"author":{"gitId":"aliciatay-zls"},"content":"        while (!isExit) {"},{"lineNumber":26,"author":{"gitId":"aliciatay-zls"},"content":"            String userInput \u003d ui.readCommand();"},{"lineNumber":27,"author":{"gitId":"aliciatay-zls"},"content":"            Command userCommand \u003d parser.processInput(userInput);"},{"lineNumber":28,"author":{"gitId":"aliciatay-zls"},"content":"            userCommand.execute();"},{"lineNumber":29,"author":{"gitId":"aliciatay-zls"},"content":"            isExit \u003d userCommand.isExit();"},{"lineNumber":30,"author":{"gitId":"aliciatay-zls"},"content":"        }"},{"lineNumber":31,"author":{"gitId":"aliciatay-zls"},"content":"        storage.saveToDisk(tasks);"},{"lineNumber":32,"author":{"gitId":"-"},"content":"    }"},{"lineNumber":33,"author":{"gitId":"-"},"content":"}"}],"authorContributionMap":{"aliciatay-zls":30,"-":3}},{"path":"src/main/java/duke/Parser.java","fileType":"java","lines":[{"lineNumber":1,"author":{"gitId":"aliciatay-zls"},"content":"package duke;"},{"lineNumber":2,"author":{"gitId":"aliciatay-zls"},"content":""},{"lineNumber":3,"author":{"gitId":"aliciatay-zls"},"content":"import static duke.Ui.INVALID_INDEX_MESSAGE;"},{"lineNumber":4,"author":{"gitId":"aliciatay-zls"},"content":"import static duke.Ui.INVALID_TASK_MESSAGE;"},{"lineNumber":5,"author":{"gitId":"aliciatay-zls"},"content":"import static duke.Ui.MISSING_FIELDS_MESSAGE;"},{"lineNumber":6,"author":{"gitId":"aliciatay-zls"},"content":"import static duke.Ui.OUTSIDE_RANGE_INDEX_MESSAGE;"},{"lineNumber":7,"author":{"gitId":"aliciatay-zls"},"content":"import static duke.common.Constants.DEFAULT_STATUS;"},{"lineNumber":8,"author":{"gitId":"aliciatay-zls"},"content":""},{"lineNumber":9,"author":{"gitId":"aliciatay-zls"},"content":"import duke.commands.ByeCommand;"},{"lineNumber":10,"author":{"gitId":"aliciatay-zls"},"content":"import duke.commands.Command;"},{"lineNumber":11,"author":{"gitId":"aliciatay-zls"},"content":"import duke.commands.DeadlineCommand;"},{"lineNumber":12,"author":{"gitId":"aliciatay-zls"},"content":"import duke.commands.DeleteCommand;"},{"lineNumber":13,"author":{"gitId":"aliciatay-zls"},"content":"import duke.commands.DoneCommand;"},{"lineNumber":14,"author":{"gitId":"aliciatay-zls"},"content":"import duke.commands.EventCommand;"},{"lineNumber":15,"author":{"gitId":"aliciatay-zls"},"content":"import duke.commands.HelpCommand;"},{"lineNumber":16,"author":{"gitId":"aliciatay-zls"},"content":"import duke.commands.InvalidCommand;"},{"lineNumber":17,"author":{"gitId":"aliciatay-zls"},"content":"import duke.commands.ListCommand;"},{"lineNumber":18,"author":{"gitId":"aliciatay-zls"},"content":"import duke.commands.TodoCommand;"},{"lineNumber":19,"author":{"gitId":"aliciatay-zls"},"content":"import duke.exceptions.DukeException;"},{"lineNumber":20,"author":{"gitId":"aliciatay-zls"},"content":""},{"lineNumber":21,"author":{"gitId":"aliciatay-zls"},"content":"/** Parses user\u0027s input"},{"lineNumber":22,"author":{"gitId":"aliciatay-zls"},"content":" * and determines command to be run"},{"lineNumber":23,"author":{"gitId":"aliciatay-zls"},"content":"*/"},{"lineNumber":24,"author":{"gitId":"aliciatay-zls"},"content":"public class Parser {"},{"lineNumber":25,"author":{"gitId":"aliciatay-zls"},"content":"    private TaskList tasks;"},{"lineNumber":26,"author":{"gitId":"aliciatay-zls"},"content":""},{"lineNumber":27,"author":{"gitId":"aliciatay-zls"},"content":"    public Parser(TaskList tasks) {"},{"lineNumber":28,"author":{"gitId":"aliciatay-zls"},"content":"        this.tasks \u003d tasks;"},{"lineNumber":29,"author":{"gitId":"aliciatay-zls"},"content":"    }"},{"lineNumber":30,"author":{"gitId":"aliciatay-zls"},"content":""},{"lineNumber":31,"author":{"gitId":"aliciatay-zls"},"content":"    public Command processInput(String userInput) {"},{"lineNumber":32,"author":{"gitId":"aliciatay-zls"},"content":"        if (userInput.equals(\"bye\")) {"},{"lineNumber":33,"author":{"gitId":"aliciatay-zls"},"content":"            return new ByeCommand();"},{"lineNumber":34,"author":{"gitId":"aliciatay-zls"},"content":"        }"},{"lineNumber":35,"author":{"gitId":"aliciatay-zls"},"content":"        if (userInput.equals(\"list\")) {"},{"lineNumber":36,"author":{"gitId":"aliciatay-zls"},"content":"            return new ListCommand(tasks);"},{"lineNumber":37,"author":{"gitId":"aliciatay-zls"},"content":"        }"},{"lineNumber":38,"author":{"gitId":"aliciatay-zls"},"content":"        if (userInput.equals(\"help\")) {"},{"lineNumber":39,"author":{"gitId":"aliciatay-zls"},"content":"            return new HelpCommand();"},{"lineNumber":40,"author":{"gitId":"aliciatay-zls"},"content":"        }"},{"lineNumber":41,"author":{"gitId":"aliciatay-zls"},"content":"        String[] userCommand;"},{"lineNumber":42,"author":{"gitId":"aliciatay-zls"},"content":"        try {"},{"lineNumber":43,"author":{"gitId":"aliciatay-zls"},"content":"            userCommand \u003d prepareCommand(userInput);"},{"lineNumber":44,"author":{"gitId":"aliciatay-zls"},"content":"        } catch (DukeException e) {"},{"lineNumber":45,"author":{"gitId":"aliciatay-zls"},"content":"            return new InvalidCommand(null);"},{"lineNumber":46,"author":{"gitId":"aliciatay-zls"},"content":"        }"},{"lineNumber":47,"author":{"gitId":"aliciatay-zls"},"content":"        switch(userCommand[0]) {"},{"lineNumber":48,"author":{"gitId":"aliciatay-zls"},"content":"        case \"todo\":"},{"lineNumber":49,"author":{"gitId":"aliciatay-zls"},"content":"            return prepareTodoCommand(userCommand[1]);"},{"lineNumber":50,"author":{"gitId":"aliciatay-zls"},"content":"        case \"deadline\":"},{"lineNumber":51,"author":{"gitId":"aliciatay-zls"},"content":"            return prepareDeadlineCommand(userCommand[1]);"},{"lineNumber":52,"author":{"gitId":"aliciatay-zls"},"content":"        case \"event\":"},{"lineNumber":53,"author":{"gitId":"aliciatay-zls"},"content":"            return prepareEventCommand(userCommand[1]);"},{"lineNumber":54,"author":{"gitId":"aliciatay-zls"},"content":"        case \"done\":"},{"lineNumber":55,"author":{"gitId":"aliciatay-zls"},"content":"            return prepareDoneCommand(userCommand[1]);"},{"lineNumber":56,"author":{"gitId":"aliciatay-zls"},"content":"        case \"delete\":"},{"lineNumber":57,"author":{"gitId":"aliciatay-zls"},"content":"            return prepareDeleteCommand(userCommand[1]);"},{"lineNumber":58,"author":{"gitId":"aliciatay-zls"},"content":"        default:"},{"lineNumber":59,"author":{"gitId":"aliciatay-zls"},"content":"            return new InvalidCommand(null);"},{"lineNumber":60,"author":{"gitId":"aliciatay-zls"},"content":"        }"},{"lineNumber":61,"author":{"gitId":"aliciatay-zls"},"content":"    }"},{"lineNumber":62,"author":{"gitId":"aliciatay-zls"},"content":""},{"lineNumber":63,"author":{"gitId":"aliciatay-zls"},"content":"    public String[] prepareCommand(String userInput) throws DukeException {"},{"lineNumber":64,"author":{"gitId":"aliciatay-zls"},"content":"        userInput \u003d userInput.trim();"},{"lineNumber":65,"author":{"gitId":"aliciatay-zls"},"content":"        String[] tokens \u003d userInput.split(\" \", 2);"},{"lineNumber":66,"author":{"gitId":"aliciatay-zls"},"content":"        if (tokens.length \u003c 2) {"},{"lineNumber":67,"author":{"gitId":"aliciatay-zls"},"content":"            throw new DukeException();"},{"lineNumber":68,"author":{"gitId":"aliciatay-zls"},"content":"        }"},{"lineNumber":69,"author":{"gitId":"aliciatay-zls"},"content":"        return tokens;"},{"lineNumber":70,"author":{"gitId":"aliciatay-zls"},"content":"    }"},{"lineNumber":71,"author":{"gitId":"aliciatay-zls"},"content":""},{"lineNumber":72,"author":{"gitId":"aliciatay-zls"},"content":"    public Command prepareTodoCommand(String description) {"},{"lineNumber":73,"author":{"gitId":"aliciatay-zls"},"content":"        try {"},{"lineNumber":74,"author":{"gitId":"aliciatay-zls"},"content":"            String taskDescription \u003d getTodoDescription(description);"},{"lineNumber":75,"author":{"gitId":"aliciatay-zls"},"content":"            return new TodoCommand(tasks, taskDescription, DEFAULT_STATUS);"},{"lineNumber":76,"author":{"gitId":"aliciatay-zls"},"content":"        } catch (ArrayIndexOutOfBoundsException e) {"},{"lineNumber":77,"author":{"gitId":"aliciatay-zls"},"content":"            return new InvalidCommand(MISSING_FIELDS_MESSAGE);"},{"lineNumber":78,"author":{"gitId":"aliciatay-zls"},"content":"        } catch (DukeException e) {"},{"lineNumber":79,"author":{"gitId":"aliciatay-zls"},"content":"            return new InvalidCommand(INVALID_TASK_MESSAGE);"},{"lineNumber":80,"author":{"gitId":"aliciatay-zls"},"content":"        }"},{"lineNumber":81,"author":{"gitId":"aliciatay-zls"},"content":"    }"},{"lineNumber":82,"author":{"gitId":"aliciatay-zls"},"content":""},{"lineNumber":83,"author":{"gitId":"aliciatay-zls"},"content":"    public String getTodoDescription(String description) throws DukeException {"},{"lineNumber":84,"author":{"gitId":"aliciatay-zls"},"content":"        try {"},{"lineNumber":85,"author":{"gitId":"aliciatay-zls"},"content":"            /* Task description contains only numbers */"},{"lineNumber":86,"author":{"gitId":"aliciatay-zls"},"content":"            Long.parseLong(description);"},{"lineNumber":87,"author":{"gitId":"aliciatay-zls"},"content":"            throw new DukeException();"},{"lineNumber":88,"author":{"gitId":"aliciatay-zls"},"content":"        } catch (NumberFormatException e) {"},{"lineNumber":89,"author":{"gitId":"aliciatay-zls"},"content":"            return description;"},{"lineNumber":90,"author":{"gitId":"aliciatay-zls"},"content":"        }"},{"lineNumber":91,"author":{"gitId":"aliciatay-zls"},"content":"    }"},{"lineNumber":92,"author":{"gitId":"aliciatay-zls"},"content":""},{"lineNumber":93,"author":{"gitId":"aliciatay-zls"},"content":"    public Command prepareDeadlineCommand(String description) {"},{"lineNumber":94,"author":{"gitId":"aliciatay-zls"},"content":"        try {"},{"lineNumber":95,"author":{"gitId":"aliciatay-zls"},"content":"            String[] words \u003d getDeadlineOrEventDescription(\" /by \", description);"},{"lineNumber":96,"author":{"gitId":"aliciatay-zls"},"content":"            return new DeadlineCommand(tasks, words[0], DEFAULT_STATUS, words[1]);"},{"lineNumber":97,"author":{"gitId":"aliciatay-zls"},"content":"        } catch (ArrayIndexOutOfBoundsException | DukeException e) {"},{"lineNumber":98,"author":{"gitId":"aliciatay-zls"},"content":"            return new InvalidCommand(MISSING_FIELDS_MESSAGE);"},{"lineNumber":99,"author":{"gitId":"aliciatay-zls"},"content":"        }"},{"lineNumber":100,"author":{"gitId":"aliciatay-zls"},"content":"    }"},{"lineNumber":101,"author":{"gitId":"aliciatay-zls"},"content":""},{"lineNumber":102,"author":{"gitId":"aliciatay-zls"},"content":"    public Command prepareEventCommand(String description) {"},{"lineNumber":103,"author":{"gitId":"aliciatay-zls"},"content":"        try {"},{"lineNumber":104,"author":{"gitId":"aliciatay-zls"},"content":"            String[] words \u003d getDeadlineOrEventDescription(\" /at \", description);"},{"lineNumber":105,"author":{"gitId":"aliciatay-zls"},"content":"            return new EventCommand(tasks, words[0], DEFAULT_STATUS, words[1]);"},{"lineNumber":106,"author":{"gitId":"aliciatay-zls"},"content":"        } catch (ArrayIndexOutOfBoundsException | DukeException e) {"},{"lineNumber":107,"author":{"gitId":"aliciatay-zls"},"content":"            return new InvalidCommand(MISSING_FIELDS_MESSAGE);"},{"lineNumber":108,"author":{"gitId":"aliciatay-zls"},"content":"        }"},{"lineNumber":109,"author":{"gitId":"aliciatay-zls"},"content":"    }"},{"lineNumber":110,"author":{"gitId":"aliciatay-zls"},"content":""},{"lineNumber":111,"author":{"gitId":"aliciatay-zls"},"content":"    public Command prepareDoneCommand (String description) {"},{"lineNumber":112,"author":{"gitId":"aliciatay-zls"},"content":"        try {"},{"lineNumber":113,"author":{"gitId":"aliciatay-zls"},"content":"            int index \u003d getTaskIndex(description);"},{"lineNumber":114,"author":{"gitId":"aliciatay-zls"},"content":"            return new DoneCommand(tasks, index);"},{"lineNumber":115,"author":{"gitId":"aliciatay-zls"},"content":"        } catch (ArrayIndexOutOfBoundsException e) {"},{"lineNumber":116,"author":{"gitId":"aliciatay-zls"},"content":"            return new InvalidCommand(MISSING_FIELDS_MESSAGE);"},{"lineNumber":117,"author":{"gitId":"aliciatay-zls"},"content":"        } catch (NumberFormatException e) {"},{"lineNumber":118,"author":{"gitId":"aliciatay-zls"},"content":"            return new InvalidCommand(INVALID_INDEX_MESSAGE);"},{"lineNumber":119,"author":{"gitId":"aliciatay-zls"},"content":"        } catch (DukeException e) {"},{"lineNumber":120,"author":{"gitId":"aliciatay-zls"},"content":"            return new InvalidCommand(OUTSIDE_RANGE_INDEX_MESSAGE + description);"},{"lineNumber":121,"author":{"gitId":"aliciatay-zls"},"content":"        }"},{"lineNumber":122,"author":{"gitId":"aliciatay-zls"},"content":"    }"},{"lineNumber":123,"author":{"gitId":"aliciatay-zls"},"content":""},{"lineNumber":124,"author":{"gitId":"aliciatay-zls"},"content":"    public Command prepareDeleteCommand(String description) {"},{"lineNumber":125,"author":{"gitId":"aliciatay-zls"},"content":"        try {"},{"lineNumber":126,"author":{"gitId":"aliciatay-zls"},"content":"            int index \u003d getTaskIndex(description);"},{"lineNumber":127,"author":{"gitId":"aliciatay-zls"},"content":"            return new DeleteCommand(tasks, index);"},{"lineNumber":128,"author":{"gitId":"aliciatay-zls"},"content":"        } catch (ArrayIndexOutOfBoundsException e) {"},{"lineNumber":129,"author":{"gitId":"aliciatay-zls"},"content":"            return new InvalidCommand(MISSING_FIELDS_MESSAGE);"},{"lineNumber":130,"author":{"gitId":"aliciatay-zls"},"content":"        } catch (NumberFormatException e) {"},{"lineNumber":131,"author":{"gitId":"aliciatay-zls"},"content":"            return new InvalidCommand(INVALID_INDEX_MESSAGE);"},{"lineNumber":132,"author":{"gitId":"aliciatay-zls"},"content":"        } catch (DukeException e) {"},{"lineNumber":133,"author":{"gitId":"aliciatay-zls"},"content":"            return new InvalidCommand(OUTSIDE_RANGE_INDEX_MESSAGE + description);"},{"lineNumber":134,"author":{"gitId":"aliciatay-zls"},"content":"        }"},{"lineNumber":135,"author":{"gitId":"aliciatay-zls"},"content":"    }"},{"lineNumber":136,"author":{"gitId":"aliciatay-zls"},"content":""},{"lineNumber":137,"author":{"gitId":"aliciatay-zls"},"content":"    public int getTaskIndex(String description) throws DukeException {"},{"lineNumber":138,"author":{"gitId":"aliciatay-zls"},"content":"        int index \u003d Integer.parseInt(description);"},{"lineNumber":139,"author":{"gitId":"aliciatay-zls"},"content":"        boolean isPossibleIndex \u003d index \u003e 0;"},{"lineNumber":140,"author":{"gitId":"aliciatay-zls"},"content":"        boolean isValidIndex \u003d index \u003c\u003d tasks.getTasksCount();"},{"lineNumber":141,"author":{"gitId":"aliciatay-zls"},"content":"        if (!isPossibleIndex || !isValidIndex) {"},{"lineNumber":142,"author":{"gitId":"aliciatay-zls"},"content":"            throw new DukeException();"},{"lineNumber":143,"author":{"gitId":"aliciatay-zls"},"content":"        }"},{"lineNumber":144,"author":{"gitId":"aliciatay-zls"},"content":"        return index;"},{"lineNumber":145,"author":{"gitId":"aliciatay-zls"},"content":"    }"},{"lineNumber":146,"author":{"gitId":"aliciatay-zls"},"content":""},{"lineNumber":147,"author":{"gitId":"aliciatay-zls"},"content":"    public String[] getDeadlineOrEventDescription(String keyword, String sentence) throws DukeException {"},{"lineNumber":148,"author":{"gitId":"aliciatay-zls"},"content":"        String[] words \u003d sentence.split(keyword, 2);"},{"lineNumber":149,"author":{"gitId":"aliciatay-zls"},"content":"        if (words.length \u003c 2) {"},{"lineNumber":150,"author":{"gitId":"aliciatay-zls"},"content":"            throw new DukeException();"},{"lineNumber":151,"author":{"gitId":"aliciatay-zls"},"content":"        }"},{"lineNumber":152,"author":{"gitId":"aliciatay-zls"},"content":"        return words;"},{"lineNumber":153,"author":{"gitId":"aliciatay-zls"},"content":"    }"},{"lineNumber":154,"author":{"gitId":"aliciatay-zls"},"content":"}"}],"authorContributionMap":{"aliciatay-zls":154}},{"path":"src/main/java/duke/Storage.java","fileType":"java","lines":[{"lineNumber":1,"author":{"gitId":"aliciatay-zls"},"content":"package duke;"},{"lineNumber":2,"author":{"gitId":"aliciatay-zls"},"content":""},{"lineNumber":3,"author":{"gitId":"aliciatay-zls"},"content":"import static duke.common.Constants.DEFAULT_STATUS;"},{"lineNumber":4,"author":{"gitId":"aliciatay-zls"},"content":"import static duke.common.Constants.DONE_STATUS;"},{"lineNumber":5,"author":{"gitId":"aliciatay-zls"},"content":"import static duke.common.Constants.TODO_TASK_TYPE;"},{"lineNumber":6,"author":{"gitId":"aliciatay-zls"},"content":"import static duke.common.Constants.DEADLINE_TASK_TYPE;"},{"lineNumber":7,"author":{"gitId":"aliciatay-zls"},"content":"import static duke.common.Constants.EVENT_TASK_TYPE;"},{"lineNumber":8,"author":{"gitId":"aliciatay-zls"},"content":""},{"lineNumber":9,"author":{"gitId":"aliciatay-zls"},"content":"import java.util.Scanner;"},{"lineNumber":10,"author":{"gitId":"aliciatay-zls"},"content":"import java.io.File;"},{"lineNumber":11,"author":{"gitId":"aliciatay-zls"},"content":"import java.io.FileWriter;"},{"lineNumber":12,"author":{"gitId":"aliciatay-zls"},"content":"import java.io.IOException;"},{"lineNumber":13,"author":{"gitId":"aliciatay-zls"},"content":""},{"lineNumber":14,"author":{"gitId":"aliciatay-zls"},"content":"import duke.commands.DeadlineCommand;"},{"lineNumber":15,"author":{"gitId":"aliciatay-zls"},"content":"import duke.commands.EventCommand;"},{"lineNumber":16,"author":{"gitId":"aliciatay-zls"},"content":"import duke.commands.TodoCommand;"},{"lineNumber":17,"author":{"gitId":"aliciatay-zls"},"content":""},{"lineNumber":18,"author":{"gitId":"aliciatay-zls"},"content":"/**"},{"lineNumber":19,"author":{"gitId":"aliciatay-zls"},"content":" * Methods to load from and save to disk"},{"lineNumber":20,"author":{"gitId":"aliciatay-zls"},"content":" */"},{"lineNumber":21,"author":{"gitId":"aliciatay-zls"},"content":"public class Storage {"},{"lineNumber":22,"author":{"gitId":"aliciatay-zls"},"content":"    private String filePath;"},{"lineNumber":23,"author":{"gitId":"aliciatay-zls"},"content":"    private TaskList tasks;"},{"lineNumber":24,"author":{"gitId":"aliciatay-zls"},"content":"    private Ui ui;"},{"lineNumber":25,"author":{"gitId":"aliciatay-zls"},"content":""},{"lineNumber":26,"author":{"gitId":"aliciatay-zls"},"content":"    public Storage(String filePath) {"},{"lineNumber":27,"author":{"gitId":"aliciatay-zls"},"content":"        tasks \u003d new TaskList();"},{"lineNumber":28,"author":{"gitId":"aliciatay-zls"},"content":"        this.filePath \u003d filePath;"},{"lineNumber":29,"author":{"gitId":"aliciatay-zls"},"content":"        ui \u003d new Ui();"},{"lineNumber":30,"author":{"gitId":"aliciatay-zls"},"content":"    }"},{"lineNumber":31,"author":{"gitId":"aliciatay-zls"},"content":""},{"lineNumber":32,"author":{"gitId":"aliciatay-zls"},"content":"    public TaskList loadFromDisk() {"},{"lineNumber":33,"author":{"gitId":"aliciatay-zls"},"content":"        File f \u003d new File(filePath);"},{"lineNumber":34,"author":{"gitId":"aliciatay-zls"},"content":"        try {"},{"lineNumber":35,"author":{"gitId":"aliciatay-zls"},"content":"            if (!f.getParentFile().exists()) {"},{"lineNumber":36,"author":{"gitId":"aliciatay-zls"},"content":"                f.getParentFile().mkdir();"},{"lineNumber":37,"author":{"gitId":"aliciatay-zls"},"content":"            }"},{"lineNumber":38,"author":{"gitId":"aliciatay-zls"},"content":"            if (!f.exists()) {"},{"lineNumber":39,"author":{"gitId":"aliciatay-zls"},"content":"                f.createNewFile();"},{"lineNumber":40,"author":{"gitId":"aliciatay-zls"},"content":"            }"},{"lineNumber":41,"author":{"gitId":"aliciatay-zls"},"content":"            return convertLinesToList(f);"},{"lineNumber":42,"author":{"gitId":"aliciatay-zls"},"content":"        } catch (IOException e) {"},{"lineNumber":43,"author":{"gitId":"aliciatay-zls"},"content":"            ui.printErrorMessage(ui.LOADING_ERROR_MESSAGE);"},{"lineNumber":44,"author":{"gitId":"aliciatay-zls"},"content":"            return new TaskList();"},{"lineNumber":45,"author":{"gitId":"aliciatay-zls"},"content":"        }"},{"lineNumber":46,"author":{"gitId":"aliciatay-zls"},"content":"    }"},{"lineNumber":47,"author":{"gitId":"aliciatay-zls"},"content":""},{"lineNumber":48,"author":{"gitId":"aliciatay-zls"},"content":"    public void saveToDisk(TaskList tasks) {"},{"lineNumber":49,"author":{"gitId":"aliciatay-zls"},"content":"        String textToOverwrite \u003d tasks.convertToText();"},{"lineNumber":50,"author":{"gitId":"aliciatay-zls"},"content":"        try {"},{"lineNumber":51,"author":{"gitId":"aliciatay-zls"},"content":"            FileWriter fw \u003d new FileWriter(filePath);"},{"lineNumber":52,"author":{"gitId":"aliciatay-zls"},"content":"            fw.write(textToOverwrite);"},{"lineNumber":53,"author":{"gitId":"aliciatay-zls"},"content":"            fw.close();"},{"lineNumber":54,"author":{"gitId":"aliciatay-zls"},"content":"        } catch (IOException e) {"},{"lineNumber":55,"author":{"gitId":"aliciatay-zls"},"content":"            ui.printErrorMessage(ui.SAVING_ERROR_MESSAGE);"},{"lineNumber":56,"author":{"gitId":"aliciatay-zls"},"content":"        }"},{"lineNumber":57,"author":{"gitId":"aliciatay-zls"},"content":"    }"},{"lineNumber":58,"author":{"gitId":"aliciatay-zls"},"content":""},{"lineNumber":59,"author":{"gitId":"aliciatay-zls"},"content":"    public TaskList convertLinesToList(File f) throws IOException {"},{"lineNumber":60,"author":{"gitId":"aliciatay-zls"},"content":"        Scanner scan \u003d new Scanner(f);"},{"lineNumber":61,"author":{"gitId":"aliciatay-zls"},"content":"        while (scan.hasNext()) {"},{"lineNumber":62,"author":{"gitId":"aliciatay-zls"},"content":"            convertLineToListItem(scan.nextLine());"},{"lineNumber":63,"author":{"gitId":"aliciatay-zls"},"content":"        }"},{"lineNumber":64,"author":{"gitId":"aliciatay-zls"},"content":"        return tasks;"},{"lineNumber":65,"author":{"gitId":"aliciatay-zls"},"content":"    }"},{"lineNumber":66,"author":{"gitId":"aliciatay-zls"},"content":""},{"lineNumber":67,"author":{"gitId":"aliciatay-zls"},"content":"    public void convertLineToListItem(String line) {"},{"lineNumber":68,"author":{"gitId":"aliciatay-zls"},"content":"        line \u003d line.trim();"},{"lineNumber":69,"author":{"gitId":"aliciatay-zls"},"content":"        String[] tokens \u003d line.split(\" \\\\| \");"},{"lineNumber":70,"author":{"gitId":"aliciatay-zls"},"content":"        switch (tokens[0]) {"},{"lineNumber":71,"author":{"gitId":"aliciatay-zls"},"content":"        case TODO_TASK_TYPE:"},{"lineNumber":72,"author":{"gitId":"aliciatay-zls"},"content":"            try {"},{"lineNumber":73,"author":{"gitId":"aliciatay-zls"},"content":"                String status \u003d Integer.parseInt(tokens[1]) \u003d\u003d 1 ? DONE_STATUS : DEFAULT_STATUS;"},{"lineNumber":74,"author":{"gitId":"aliciatay-zls"},"content":"                TodoCommand addTodo \u003d new TodoCommand(tasks, tokens[2], status);"},{"lineNumber":75,"author":{"gitId":"aliciatay-zls"},"content":"                addTodo.execute();"},{"lineNumber":76,"author":{"gitId":"aliciatay-zls"},"content":"            } catch (NumberFormatException e) {"},{"lineNumber":77,"author":{"gitId":"aliciatay-zls"},"content":"                return;"},{"lineNumber":78,"author":{"gitId":"aliciatay-zls"},"content":"            }"},{"lineNumber":79,"author":{"gitId":"aliciatay-zls"},"content":"            break;"},{"lineNumber":80,"author":{"gitId":"aliciatay-zls"},"content":"        case DEADLINE_TASK_TYPE:"},{"lineNumber":81,"author":{"gitId":"aliciatay-zls"},"content":"            try {"},{"lineNumber":82,"author":{"gitId":"aliciatay-zls"},"content":"                String status \u003d Integer.parseInt(tokens[1]) \u003d\u003d 1 ? DONE_STATUS : DEFAULT_STATUS;"},{"lineNumber":83,"author":{"gitId":"aliciatay-zls"},"content":"                DeadlineCommand addDeadline \u003d new DeadlineCommand(tasks, tokens[2], status, tokens[3]);"},{"lineNumber":84,"author":{"gitId":"aliciatay-zls"},"content":"                addDeadline.execute();"},{"lineNumber":85,"author":{"gitId":"aliciatay-zls"},"content":"            } catch (NumberFormatException e) {"},{"lineNumber":86,"author":{"gitId":"aliciatay-zls"},"content":"                return;"},{"lineNumber":87,"author":{"gitId":"aliciatay-zls"},"content":"            }"},{"lineNumber":88,"author":{"gitId":"aliciatay-zls"},"content":"            break;"},{"lineNumber":89,"author":{"gitId":"aliciatay-zls"},"content":"        case EVENT_TASK_TYPE:"},{"lineNumber":90,"author":{"gitId":"aliciatay-zls"},"content":"            try {"},{"lineNumber":91,"author":{"gitId":"aliciatay-zls"},"content":"                String status \u003d Integer.parseInt(tokens[1]) \u003d\u003d 1 ? DONE_STATUS : DEFAULT_STATUS;"},{"lineNumber":92,"author":{"gitId":"aliciatay-zls"},"content":"                EventCommand addEvent \u003d new EventCommand(tasks, tokens[2], status, tokens[3]);"},{"lineNumber":93,"author":{"gitId":"aliciatay-zls"},"content":"                addEvent.execute();"},{"lineNumber":94,"author":{"gitId":"aliciatay-zls"},"content":"            } catch (NumberFormatException e) {"},{"lineNumber":95,"author":{"gitId":"aliciatay-zls"},"content":"                return;"},{"lineNumber":96,"author":{"gitId":"aliciatay-zls"},"content":"            }"},{"lineNumber":97,"author":{"gitId":"aliciatay-zls"},"content":"            break;"},{"lineNumber":98,"author":{"gitId":"aliciatay-zls"},"content":"        default:"},{"lineNumber":99,"author":{"gitId":"aliciatay-zls"},"content":"            break;"},{"lineNumber":100,"author":{"gitId":"aliciatay-zls"},"content":"        }"},{"lineNumber":101,"author":{"gitId":"aliciatay-zls"},"content":"    }"},{"lineNumber":102,"author":{"gitId":"aliciatay-zls"},"content":"}"}],"authorContributionMap":{"aliciatay-zls":102}},{"path":"src/main/java/duke/TaskList.java","fileType":"java","lines":[{"lineNumber":1,"author":{"gitId":"aliciatay-zls"},"content":"package duke;"},{"lineNumber":2,"author":{"gitId":"aliciatay-zls"},"content":""},{"lineNumber":3,"author":{"gitId":"aliciatay-zls"},"content":"import static duke.common.Constants.NEWLINE;"},{"lineNumber":4,"author":{"gitId":"aliciatay-zls"},"content":""},{"lineNumber":5,"author":{"gitId":"aliciatay-zls"},"content":"import java.util.ArrayList;"},{"lineNumber":6,"author":{"gitId":"aliciatay-zls"},"content":""},{"lineNumber":7,"author":{"gitId":"aliciatay-zls"},"content":"import duke.tasks.Task;"},{"lineNumber":8,"author":{"gitId":"aliciatay-zls"},"content":""},{"lineNumber":9,"author":{"gitId":"aliciatay-zls"},"content":"/** List of tasks being maintained"},{"lineNumber":10,"author":{"gitId":"aliciatay-zls"},"content":" * and number of tasks it has"},{"lineNumber":11,"author":{"gitId":"aliciatay-zls"},"content":"*/"},{"lineNumber":12,"author":{"gitId":"aliciatay-zls"},"content":"public class TaskList {"},{"lineNumber":13,"author":{"gitId":"aliciatay-zls"},"content":"    private ArrayList\u003cTask\u003e tasks \u003d new ArrayList\u003c\u003e();"},{"lineNumber":14,"author":{"gitId":"aliciatay-zls"},"content":"    private int tasksCount \u003d 0;"},{"lineNumber":15,"author":{"gitId":"aliciatay-zls"},"content":""},{"lineNumber":16,"author":{"gitId":"aliciatay-zls"},"content":"    public void addTaskToList(Task task) {"},{"lineNumber":17,"author":{"gitId":"aliciatay-zls"},"content":"        tasks.add(task);"},{"lineNumber":18,"author":{"gitId":"aliciatay-zls"},"content":"        tasksCount++;"},{"lineNumber":19,"author":{"gitId":"aliciatay-zls"},"content":"    }"},{"lineNumber":20,"author":{"gitId":"aliciatay-zls"},"content":""},{"lineNumber":21,"author":{"gitId":"aliciatay-zls"},"content":"    public void deleteTaskFromList(int taskIndex) {"},{"lineNumber":22,"author":{"gitId":"aliciatay-zls"},"content":"        tasks.remove(taskIndex);"},{"lineNumber":23,"author":{"gitId":"aliciatay-zls"},"content":"        tasksCount--;"},{"lineNumber":24,"author":{"gitId":"aliciatay-zls"},"content":"    }"},{"lineNumber":25,"author":{"gitId":"aliciatay-zls"},"content":""},{"lineNumber":26,"author":{"gitId":"aliciatay-zls"},"content":"    public int getTasksCount() {"},{"lineNumber":27,"author":{"gitId":"aliciatay-zls"},"content":"        return tasksCount;"},{"lineNumber":28,"author":{"gitId":"aliciatay-zls"},"content":"    }"},{"lineNumber":29,"author":{"gitId":"aliciatay-zls"},"content":""},{"lineNumber":30,"author":{"gitId":"aliciatay-zls"},"content":"    public Task getTaskAtIndex(int taskIndex) {"},{"lineNumber":31,"author":{"gitId":"aliciatay-zls"},"content":"        return tasks.get(taskIndex);"},{"lineNumber":32,"author":{"gitId":"aliciatay-zls"},"content":"    }"},{"lineNumber":33,"author":{"gitId":"aliciatay-zls"},"content":""},{"lineNumber":34,"author":{"gitId":"aliciatay-zls"},"content":"    public String convertToText() {"},{"lineNumber":35,"author":{"gitId":"aliciatay-zls"},"content":"        StringBuilder text \u003d new StringBuilder();"},{"lineNumber":36,"author":{"gitId":"aliciatay-zls"},"content":"        for (int i \u003d 0; i \u003c tasksCount; i++) {"},{"lineNumber":37,"author":{"gitId":"aliciatay-zls"},"content":"            text.append(tasks.get(i).toString());"},{"lineNumber":38,"author":{"gitId":"aliciatay-zls"},"content":"            text.append(NEWLINE);"},{"lineNumber":39,"author":{"gitId":"aliciatay-zls"},"content":"        }"},{"lineNumber":40,"author":{"gitId":"aliciatay-zls"},"content":"        return text.toString();"},{"lineNumber":41,"author":{"gitId":"aliciatay-zls"},"content":"    }"},{"lineNumber":42,"author":{"gitId":"aliciatay-zls"},"content":"}"}],"authorContributionMap":{"aliciatay-zls":42}},{"path":"src/main/java/duke/Ui.java","fileType":"java","lines":[{"lineNumber":1,"author":{"gitId":"aliciatay-zls"},"content":"package duke;"},{"lineNumber":2,"author":{"gitId":"aliciatay-zls"},"content":""},{"lineNumber":3,"author":{"gitId":"aliciatay-zls"},"content":"import static duke.common.Constants.BORDER;"},{"lineNumber":4,"author":{"gitId":"aliciatay-zls"},"content":"import static duke.common.Constants.NEWLINE;"},{"lineNumber":5,"author":{"gitId":"aliciatay-zls"},"content":""},{"lineNumber":6,"author":{"gitId":"aliciatay-zls"},"content":"import java.util.Scanner;"},{"lineNumber":7,"author":{"gitId":"aliciatay-zls"},"content":""},{"lineNumber":8,"author":{"gitId":"aliciatay-zls"},"content":"public class Ui {"},{"lineNumber":9,"author":{"gitId":"aliciatay-zls"},"content":"    /** Constants used for displaying messages */"},{"lineNumber":10,"author":{"gitId":"aliciatay-zls"},"content":"    public static final String LOGO \u003d"},{"lineNumber":11,"author":{"gitId":"aliciatay-zls"},"content":"            \"                                      ,::::,\" + \"\\n\""},{"lineNumber":12,"author":{"gitId":"aliciatay-zls"},"content":"                    + \"                          ,,,,:::::::\u0027:::::::\" + \"\\n\""},{"lineNumber":13,"author":{"gitId":"aliciatay-zls"},"content":"                    + \"        ,::::.     ..:::~~           \\\\::::::\" + \"\\n\""},{"lineNumber":14,"author":{"gitId":"aliciatay-zls"},"content":"                    + \"       ::::::::::~\u0027\u0027      \u0027:       __     \u0027:.\" + \"\\n\""},{"lineNumber":15,"author":{"gitId":"aliciatay-zls"},"content":"                    + \"       ::::::/        __    .o.. : u ::     \u0027:.\" + \"\\n\""},{"lineNumber":16,"author":{"gitId":"aliciatay-zls"},"content":"                    + \"         :::,       :: u :.\u0027 \u0027. \u0027 \u0027:::\u0027     \u0027::    ,, .::,,\" + \"\\n\""},{"lineNumber":17,"author":{"gitId":"aliciatay-zls"},"content":"                    + \"          `::       \u0027:::\u0027 /.  : .\\\\         .::   ::::::::::\" + \"\\n\""},{"lineNumber":18,"author":{"gitId":"aliciatay-zls"},"content":"                    + \"          ::.               \u0027\u0027:\u0027            ::\u0027  :::,\u0027\u0027\u0027.:::\u0027\" + \"\\n\""},{"lineNumber":19,"author":{"gitId":"aliciatay-zls"},"content":"                    + \"          `::                  :          ,::\u0027  ,:::\u0027,,,\u0027:::\u0027\" + \"\\n\""},{"lineNumber":20,"author":{"gitId":"aliciatay-zls"},"content":"                    + \"           `::,                 .     ..:::.   ::::::::::::\u0027\" + \"\\n\""},{"lineNumber":21,"author":{"gitId":"aliciatay-zls"},"content":"                    + \"              \u0027:::::,,,....     :..::::~    ``:::::::::::\u0027\" + \"\\n\""},{"lineNumber":22,"author":{"gitId":"aliciatay-zls"},"content":"                    + \"              :::::::::::::::::\u0027~   .          \u0027\u0027::::::\u0027\" + \"\\n\""},{"lineNumber":23,"author":{"gitId":"aliciatay-zls"},"content":"                    + \"              ::::::::::::::::::.      .         `::::\u0027\" + \"\\n\""},{"lineNumber":24,"author":{"gitId":"aliciatay-zls"},"content":"                    + \"              ::::::::::::::::::::,     .          ::\" + \"\\n\""},{"lineNumber":25,"author":{"gitId":"aliciatay-zls"},"content":"                    + \"               ::::::::::::::::::::      :         ::\" + \"\\n\""},{"lineNumber":26,"author":{"gitId":"aliciatay-zls"},"content":"                    + \"                  ::::::::::::::::\u0027      .       .::\u0027\" + \"\\n\""},{"lineNumber":27,"author":{"gitId":"aliciatay-zls"},"content":"                    + \"                  :: \u0027::::::::::::\u0027       .     .:\u0027:\" + \"\\n\""},{"lineNumber":28,"author":{"gitId":"aliciatay-zls"},"content":"                    + \"                   ::    ~~::::\u0027\u0027        . ,,,::::,,:::::\" + \"\\n\""},{"lineNumber":29,"author":{"gitId":"aliciatay-zls"},"content":"                    + \"                   :::,,,,,,,,,,,....:::::::::::::::::::::\" + \"\\n\""},{"lineNumber":30,"author":{"gitId":"aliciatay-zls"},"content":"                    + \"                  :::::::::::::::::   :::::::::::::::::::::\" + \"\\n\""},{"lineNumber":31,"author":{"gitId":"aliciatay-zls"},"content":"                    + \"                 .:::::::::::::::::,,  :::::::::::::::::\u0027\u0027\" + \"\\n\""},{"lineNumber":32,"author":{"gitId":"aliciatay-zls"},"content":"                    + \"                .::::::::::::::::::::,   :::::::::::::\u0027\" + \"\\n\""},{"lineNumber":33,"author":{"gitId":"aliciatay-zls"},"content":"                    + \"                `:::::::::::::::::::::,\u0027\" + \"\\n\";"},{"lineNumber":34,"author":{"gitId":"aliciatay-zls"},"content":"    public static final String GREET_MESSAGE \u003d BORDER"},{"lineNumber":35,"author":{"gitId":"aliciatay-zls"},"content":"            + LOGO + NEWLINE"},{"lineNumber":36,"author":{"gitId":"aliciatay-zls"},"content":"            + \"Hello, I\u0027m Panda!\" + NEWLINE"},{"lineNumber":37,"author":{"gitId":"aliciatay-zls"},"content":"            + \"What would you like to do today?\" + NEWLINE"},{"lineNumber":38,"author":{"gitId":"aliciatay-zls"},"content":"            + \"Tip: use \\\"help\\\" to view all valid commands\" + NEWLINE"},{"lineNumber":39,"author":{"gitId":"aliciatay-zls"},"content":"            + BORDER + NEWLINE;"},{"lineNumber":40,"author":{"gitId":"aliciatay-zls"},"content":"    public static final String GOODBYE_MESSAGE \u003d BORDER"},{"lineNumber":41,"author":{"gitId":"aliciatay-zls"},"content":"            + \"Alright! Goodbye :)\" + NEWLINE"},{"lineNumber":42,"author":{"gitId":"aliciatay-zls"},"content":"            + BORDER;"},{"lineNumber":43,"author":{"gitId":"aliciatay-zls"},"content":"    public static final String HELP_PAGE \u003d BORDER"},{"lineNumber":44,"author":{"gitId":"aliciatay-zls"},"content":"            + \"HELP PAGE\" + NEWLINE"},{"lineNumber":45,"author":{"gitId":"aliciatay-zls"},"content":"            + \"This is the list of all valid commands:\" + NEWLINE + NEWLINE"},{"lineNumber":46,"author":{"gitId":"aliciatay-zls"},"content":"            + \"\\thelp\" + NEWLINE"},{"lineNumber":47,"author":{"gitId":"aliciatay-zls"},"content":"            + \"\\t - displays all valid commands\" + NEWLINE + NEWLINE"},{"lineNumber":48,"author":{"gitId":"aliciatay-zls"},"content":"            +\"\\tbye\" + NEWLINE"},{"lineNumber":49,"author":{"gitId":"aliciatay-zls"},"content":"            + \"\\t- stops the task manager\" + NEWLINE + NEWLINE"},{"lineNumber":50,"author":{"gitId":"aliciatay-zls"},"content":"            + \"\\tlist\" + NEWLINE"},{"lineNumber":51,"author":{"gitId":"aliciatay-zls"},"content":"            + \"\\t- displays all tasks in the list\" + NEWLINE + NEWLINE"},{"lineNumber":52,"author":{"gitId":"aliciatay-zls"},"content":"            + \"\\ttodo     | \u003ctask\u003e\" + NEWLINE"},{"lineNumber":53,"author":{"gitId":"aliciatay-zls"},"content":"            + \"\\t- adds specified task to the list\" + NEWLINE + NEWLINE"},{"lineNumber":54,"author":{"gitId":"aliciatay-zls"},"content":"            + \"\\tdeadline | \u003ctask\u003e  | /by | \u003cdeadline\u003e\" + NEWLINE"},{"lineNumber":55,"author":{"gitId":"aliciatay-zls"},"content":"            + \"\\t- adds specified task and deadline and to the list\" + NEWLINE + NEWLINE"},{"lineNumber":56,"author":{"gitId":"aliciatay-zls"},"content":"            + \"\\tevent    | \u003ctask\u003e  | /at | \u003ctiming\u003e\" + NEWLINE"},{"lineNumber":57,"author":{"gitId":"aliciatay-zls"},"content":"            + \"\\t- adds specified task and timing to the list\" + NEWLINE + NEWLINE"},{"lineNumber":58,"author":{"gitId":"aliciatay-zls"},"content":"            + \"\\tdone     | \u003cindex\u003e\" + NEWLINE"},{"lineNumber":59,"author":{"gitId":"aliciatay-zls"},"content":"            + \"\\t- marks existing task matching the specified index\""},{"lineNumber":60,"author":{"gitId":"aliciatay-zls"},"content":"            + \"as completed in the list\" + NEWLINE  + NEWLINE"},{"lineNumber":61,"author":{"gitId":"aliciatay-zls"},"content":"            + \"\u003c\u003e indicates an input field and | is a field separator.\" + NEWLINE"},{"lineNumber":62,"author":{"gitId":"aliciatay-zls"},"content":"            + BORDER + NEWLINE;"},{"lineNumber":63,"author":{"gitId":"aliciatay-zls"},"content":""},{"lineNumber":64,"author":{"gitId":"aliciatay-zls"},"content":""},{"lineNumber":65,"author":{"gitId":"aliciatay-zls"},"content":"    /** Invalid command error messages */"},{"lineNumber":66,"author":{"gitId":"aliciatay-zls"},"content":"    public static final String DEFAULT_INVALID_MESSAGE"},{"lineNumber":67,"author":{"gitId":"aliciatay-zls"},"content":"            \u003d \"I\u0027m sorry, I don\u0027t quite understand :( Could you try again?\";"},{"lineNumber":68,"author":{"gitId":"aliciatay-zls"},"content":"    public static final String MISSING_FIELDS_MESSAGE"},{"lineNumber":69,"author":{"gitId":"aliciatay-zls"},"content":"            \u003d \"I think you missed some fields! Try again?\";"},{"lineNumber":70,"author":{"gitId":"aliciatay-zls"},"content":"    public static final String INVALID_INDEX_MESSAGE"},{"lineNumber":71,"author":{"gitId":"aliciatay-zls"},"content":"            \u003d \"Squeal! Second field must be a number.\";"},{"lineNumber":72,"author":{"gitId":"aliciatay-zls"},"content":"    public static final String OUTSIDE_RANGE_INDEX_MESSAGE"},{"lineNumber":73,"author":{"gitId":"aliciatay-zls"},"content":"            \u003d \"Squeal? There is no task in the list with index \";"},{"lineNumber":74,"author":{"gitId":"aliciatay-zls"},"content":"    public static final String INVALID_TASK_MESSAGE"},{"lineNumber":75,"author":{"gitId":"aliciatay-zls"},"content":"            \u003d \"Squeal... Are you sure that is a task?\";"},{"lineNumber":76,"author":{"gitId":"aliciatay-zls"},"content":""},{"lineNumber":77,"author":{"gitId":"aliciatay-zls"},"content":""},{"lineNumber":78,"author":{"gitId":"aliciatay-zls"},"content":"    /** Other error messages */"},{"lineNumber":79,"author":{"gitId":"aliciatay-zls"},"content":"    public static final String LOADING_ERROR_MESSAGE"},{"lineNumber":80,"author":{"gitId":"aliciatay-zls"},"content":"            \u003d \"Failed to load from disk, creating a new file!\";"},{"lineNumber":81,"author":{"gitId":"aliciatay-zls"},"content":"    public static final String SAVING_ERROR_MESSAGE"},{"lineNumber":82,"author":{"gitId":"aliciatay-zls"},"content":"            \u003d \"Failed to save to disk.\";"},{"lineNumber":83,"author":{"gitId":"aliciatay-zls"},"content":""},{"lineNumber":84,"author":{"gitId":"aliciatay-zls"},"content":""},{"lineNumber":85,"author":{"gitId":"aliciatay-zls"},"content":"    /** Read in input */"},{"lineNumber":86,"author":{"gitId":"aliciatay-zls"},"content":"    public String readCommand() {"},{"lineNumber":87,"author":{"gitId":"aliciatay-zls"},"content":"        Scanner in \u003d new Scanner(System.in);"},{"lineNumber":88,"author":{"gitId":"aliciatay-zls"},"content":"        return in.nextLine();"},{"lineNumber":89,"author":{"gitId":"aliciatay-zls"},"content":"    }"},{"lineNumber":90,"author":{"gitId":"aliciatay-zls"},"content":""},{"lineNumber":91,"author":{"gitId":"aliciatay-zls"},"content":""},{"lineNumber":92,"author":{"gitId":"aliciatay-zls"},"content":"    /** Methods that display messages */"},{"lineNumber":93,"author":{"gitId":"aliciatay-zls"},"content":"    public void printGreeting() {"},{"lineNumber":94,"author":{"gitId":"aliciatay-zls"},"content":"        System.out.print(GREET_MESSAGE);"},{"lineNumber":95,"author":{"gitId":"aliciatay-zls"},"content":"    }"},{"lineNumber":96,"author":{"gitId":"aliciatay-zls"},"content":""},{"lineNumber":97,"author":{"gitId":"aliciatay-zls"},"content":"    public void printGoodbye() {"},{"lineNumber":98,"author":{"gitId":"aliciatay-zls"},"content":"        System.out.print(GOODBYE_MESSAGE);"},{"lineNumber":99,"author":{"gitId":"aliciatay-zls"},"content":"    }"},{"lineNumber":100,"author":{"gitId":"aliciatay-zls"},"content":""},{"lineNumber":101,"author":{"gitId":"aliciatay-zls"},"content":"    public void printErrorMessage(String errorMessage) {"},{"lineNumber":102,"author":{"gitId":"aliciatay-zls"},"content":"        String closeString \u003d NEWLINE + BORDER + NEWLINE;"},{"lineNumber":103,"author":{"gitId":"aliciatay-zls"},"content":"        if (errorMessage \u003d\u003d null) {"},{"lineNumber":104,"author":{"gitId":"aliciatay-zls"},"content":"            System.out.print(BORDER + DEFAULT_INVALID_MESSAGE + closeString);"},{"lineNumber":105,"author":{"gitId":"aliciatay-zls"},"content":"            return;"},{"lineNumber":106,"author":{"gitId":"aliciatay-zls"},"content":"        }"},{"lineNumber":107,"author":{"gitId":"aliciatay-zls"},"content":"        System.out.print(BORDER + errorMessage + closeString);"},{"lineNumber":108,"author":{"gitId":"aliciatay-zls"},"content":"    }"},{"lineNumber":109,"author":{"gitId":"aliciatay-zls"},"content":""},{"lineNumber":110,"author":{"gitId":"aliciatay-zls"},"content":"    public void printHelpPage() {"},{"lineNumber":111,"author":{"gitId":"aliciatay-zls"},"content":"        System.out.print(HELP_PAGE);"},{"lineNumber":112,"author":{"gitId":"aliciatay-zls"},"content":"    }"},{"lineNumber":113,"author":{"gitId":"aliciatay-zls"},"content":""},{"lineNumber":114,"author":{"gitId":"aliciatay-zls"},"content":""},{"lineNumber":115,"author":{"gitId":"aliciatay-zls"},"content":"    /** Methods that print part of or full list */"},{"lineNumber":116,"author":{"gitId":"aliciatay-zls"},"content":"    public void echo(TaskList tasks) {"},{"lineNumber":117,"author":{"gitId":"aliciatay-zls"},"content":"        System.out.print(BORDER);"},{"lineNumber":118,"author":{"gitId":"aliciatay-zls"},"content":"        System.out.print(\"New task added: \" + NEWLINE);"},{"lineNumber":119,"author":{"gitId":"aliciatay-zls"},"content":"        System.out.print(\"\\t\");"},{"lineNumber":120,"author":{"gitId":"aliciatay-zls"},"content":"        tasks.getTaskAtIndex(tasks.getTasksCount()-1).printTask();"},{"lineNumber":121,"author":{"gitId":"aliciatay-zls"},"content":"        printNumberOfTasks(tasks.getTasksCount());"},{"lineNumber":122,"author":{"gitId":"aliciatay-zls"},"content":"    }"},{"lineNumber":123,"author":{"gitId":"aliciatay-zls"},"content":""},{"lineNumber":124,"author":{"gitId":"aliciatay-zls"},"content":"    public void printNumberOfTasks(int tasksCount) {"},{"lineNumber":125,"author":{"gitId":"aliciatay-zls"},"content":"        System.out.print(NEWLINE + \"There \");"},{"lineNumber":126,"author":{"gitId":"aliciatay-zls"},"content":"        System.out.print(tasksCount \u003e 1 ? \"are \" : \"is \");"},{"lineNumber":127,"author":{"gitId":"aliciatay-zls"},"content":"        System.out.print(tasksCount);"},{"lineNumber":128,"author":{"gitId":"aliciatay-zls"},"content":"        System.out.print(tasksCount \u003e 1 ? \" tasks\" : \" task\");"},{"lineNumber":129,"author":{"gitId":"aliciatay-zls"},"content":"        System.out.print(\" in your list.\" + NEWLINE);"},{"lineNumber":130,"author":{"gitId":"aliciatay-zls"},"content":"        System.out.print(BORDER + NEWLINE);"},{"lineNumber":131,"author":{"gitId":"aliciatay-zls"},"content":"    }"},{"lineNumber":132,"author":{"gitId":"aliciatay-zls"},"content":""},{"lineNumber":133,"author":{"gitId":"aliciatay-zls"},"content":"    public void printList(TaskList tasks) {"},{"lineNumber":134,"author":{"gitId":"aliciatay-zls"},"content":"        System.out.print(BORDER);"},{"lineNumber":135,"author":{"gitId":"aliciatay-zls"},"content":"        System.out.print(\"Here are the tasks in your list:\" + NEWLINE);"},{"lineNumber":136,"author":{"gitId":"aliciatay-zls"},"content":"        for (int i\u003d0; i\u003ctasks.getTasksCount(); i++) {"},{"lineNumber":137,"author":{"gitId":"aliciatay-zls"},"content":"            System.out.print(\"\\t\" + (i + 1) + \". \");"},{"lineNumber":138,"author":{"gitId":"aliciatay-zls"},"content":"            tasks.getTaskAtIndex(i).printTask();"},{"lineNumber":139,"author":{"gitId":"aliciatay-zls"},"content":"            System.out.print(NEWLINE);"},{"lineNumber":140,"author":{"gitId":"aliciatay-zls"},"content":"        }"},{"lineNumber":141,"author":{"gitId":"aliciatay-zls"},"content":"        System.out.print(BORDER + NEWLINE);"},{"lineNumber":142,"author":{"gitId":"aliciatay-zls"},"content":"    }"},{"lineNumber":143,"author":{"gitId":"aliciatay-zls"},"content":"}"}],"authorContributionMap":{"aliciatay-zls":143}},{"path":"src/main/java/duke/commands/ByeCommand.java","fileType":"java","lines":[{"lineNumber":1,"author":{"gitId":"aliciatay-zls"},"content":"package duke.commands;"},{"lineNumber":2,"author":{"gitId":"aliciatay-zls"},"content":""},{"lineNumber":3,"author":{"gitId":"aliciatay-zls"},"content":"public class ByeCommand extends Command {"},{"lineNumber":4,"author":{"gitId":"aliciatay-zls"},"content":""},{"lineNumber":5,"author":{"gitId":"aliciatay-zls"},"content":"    public ByeCommand() {"},{"lineNumber":6,"author":{"gitId":"aliciatay-zls"},"content":"        super.shouldExit \u003d true;"},{"lineNumber":7,"author":{"gitId":"aliciatay-zls"},"content":"    }"},{"lineNumber":8,"author":{"gitId":"aliciatay-zls"},"content":""},{"lineNumber":9,"author":{"gitId":"aliciatay-zls"},"content":"    @Override"},{"lineNumber":10,"author":{"gitId":"aliciatay-zls"},"content":"    public void execute() {"},{"lineNumber":11,"author":{"gitId":"aliciatay-zls"},"content":"        ui.printGoodbye();"},{"lineNumber":12,"author":{"gitId":"aliciatay-zls"},"content":"    }"},{"lineNumber":13,"author":{"gitId":"aliciatay-zls"},"content":"}"}],"authorContributionMap":{"aliciatay-zls":13}},{"path":"src/main/java/duke/commands/Command.java","fileType":"java","lines":[{"lineNumber":1,"author":{"gitId":"aliciatay-zls"},"content":"package duke.commands;"},{"lineNumber":2,"author":{"gitId":"aliciatay-zls"},"content":""},{"lineNumber":3,"author":{"gitId":"aliciatay-zls"},"content":"import duke.TaskList;"},{"lineNumber":4,"author":{"gitId":"aliciatay-zls"},"content":"import duke.Ui;"},{"lineNumber":5,"author":{"gitId":"aliciatay-zls"},"content":""},{"lineNumber":6,"author":{"gitId":"aliciatay-zls"},"content":"public abstract class Command {"},{"lineNumber":7,"author":{"gitId":"aliciatay-zls"},"content":"    protected TaskList tasks \u003d new TaskList();"},{"lineNumber":8,"author":{"gitId":"aliciatay-zls"},"content":"    protected Ui ui \u003d new Ui();"},{"lineNumber":9,"author":{"gitId":"aliciatay-zls"},"content":"    protected boolean shouldExit \u003d false;"},{"lineNumber":10,"author":{"gitId":"aliciatay-zls"},"content":""},{"lineNumber":11,"author":{"gitId":"aliciatay-zls"},"content":"    public abstract void execute();"},{"lineNumber":12,"author":{"gitId":"aliciatay-zls"},"content":""},{"lineNumber":13,"author":{"gitId":"aliciatay-zls"},"content":"    public boolean isExit() {"},{"lineNumber":14,"author":{"gitId":"aliciatay-zls"},"content":"        return this.shouldExit;"},{"lineNumber":15,"author":{"gitId":"aliciatay-zls"},"content":"    }"},{"lineNumber":16,"author":{"gitId":"aliciatay-zls"},"content":"}"}],"authorContributionMap":{"aliciatay-zls":16}},{"path":"src/main/java/duke/commands/DeadlineCommand.java","fileType":"java","lines":[{"lineNumber":1,"author":{"gitId":"aliciatay-zls"},"content":"package duke.commands;"},{"lineNumber":2,"author":{"gitId":"aliciatay-zls"},"content":""},{"lineNumber":3,"author":{"gitId":"aliciatay-zls"},"content":"import static duke.common.Constants.DEADLINE_TASK_TYPE;"},{"lineNumber":4,"author":{"gitId":"aliciatay-zls"},"content":""},{"lineNumber":5,"author":{"gitId":"aliciatay-zls"},"content":"import duke.TaskList;"},{"lineNumber":6,"author":{"gitId":"aliciatay-zls"},"content":"import duke.tasks.Deadline;"},{"lineNumber":7,"author":{"gitId":"aliciatay-zls"},"content":"import duke.tasks.Task;"},{"lineNumber":8,"author":{"gitId":"aliciatay-zls"},"content":""},{"lineNumber":9,"author":{"gitId":"aliciatay-zls"},"content":"public class DeadlineCommand extends Command {"},{"lineNumber":10,"author":{"gitId":"aliciatay-zls"},"content":"    private String taskDescription;"},{"lineNumber":11,"author":{"gitId":"aliciatay-zls"},"content":"    private String taskStatus;"},{"lineNumber":12,"author":{"gitId":"aliciatay-zls"},"content":"    private String taskDeadline;"},{"lineNumber":13,"author":{"gitId":"aliciatay-zls"},"content":""},{"lineNumber":14,"author":{"gitId":"aliciatay-zls"},"content":"    public DeadlineCommand(TaskList tasks, String taskDescription, String taskStatus, String taskDeadline) {"},{"lineNumber":15,"author":{"gitId":"aliciatay-zls"},"content":"        super.tasks \u003d tasks;"},{"lineNumber":16,"author":{"gitId":"aliciatay-zls"},"content":"        this.taskDescription \u003d taskDescription;"},{"lineNumber":17,"author":{"gitId":"aliciatay-zls"},"content":"        this.taskStatus \u003d taskStatus;"},{"lineNumber":18,"author":{"gitId":"aliciatay-zls"},"content":"        this.taskDeadline \u003d taskDeadline;"},{"lineNumber":19,"author":{"gitId":"aliciatay-zls"},"content":"    }"},{"lineNumber":20,"author":{"gitId":"aliciatay-zls"},"content":""},{"lineNumber":21,"author":{"gitId":"aliciatay-zls"},"content":"    @Override"},{"lineNumber":22,"author":{"gitId":"aliciatay-zls"},"content":"    public void execute() {"},{"lineNumber":23,"author":{"gitId":"aliciatay-zls"},"content":"        Task task \u003d new Deadline(taskDescription, taskDeadline);"},{"lineNumber":24,"author":{"gitId":"aliciatay-zls"},"content":"        task.setStatus(taskStatus);"},{"lineNumber":25,"author":{"gitId":"aliciatay-zls"},"content":"        task.setType(DEADLINE_TASK_TYPE);"},{"lineNumber":26,"author":{"gitId":"aliciatay-zls"},"content":"        tasks.addTaskToList(task);"},{"lineNumber":27,"author":{"gitId":"aliciatay-zls"},"content":"        ui.echo(tasks);"},{"lineNumber":28,"author":{"gitId":"aliciatay-zls"},"content":"    }"},{"lineNumber":29,"author":{"gitId":"aliciatay-zls"},"content":"}"}],"authorContributionMap":{"aliciatay-zls":29}},{"path":"src/main/java/duke/commands/DeleteCommand.java","fileType":"java","lines":[{"lineNumber":1,"author":{"gitId":"aliciatay-zls"},"content":"package duke.commands;"},{"lineNumber":2,"author":{"gitId":"aliciatay-zls"},"content":""},{"lineNumber":3,"author":{"gitId":"aliciatay-zls"},"content":"import static duke.common.Constants.BORDER;"},{"lineNumber":4,"author":{"gitId":"aliciatay-zls"},"content":"import static duke.common.Constants.NEWLINE;"},{"lineNumber":5,"author":{"gitId":"aliciatay-zls"},"content":""},{"lineNumber":6,"author":{"gitId":"aliciatay-zls"},"content":"import duke.TaskList;"},{"lineNumber":7,"author":{"gitId":"aliciatay-zls"},"content":""},{"lineNumber":8,"author":{"gitId":"aliciatay-zls"},"content":"public class DeleteCommand extends Command {"},{"lineNumber":9,"author":{"gitId":"aliciatay-zls"},"content":"    private int taskIndex;"},{"lineNumber":10,"author":{"gitId":"aliciatay-zls"},"content":""},{"lineNumber":11,"author":{"gitId":"aliciatay-zls"},"content":"    public DeleteCommand(TaskList tasks, int taskIndex) {"},{"lineNumber":12,"author":{"gitId":"aliciatay-zls"},"content":"        super.tasks \u003d tasks;"},{"lineNumber":13,"author":{"gitId":"aliciatay-zls"},"content":"        this.taskIndex \u003d taskIndex;"},{"lineNumber":14,"author":{"gitId":"aliciatay-zls"},"content":"    }"},{"lineNumber":15,"author":{"gitId":"aliciatay-zls"},"content":""},{"lineNumber":16,"author":{"gitId":"aliciatay-zls"},"content":"    @Override"},{"lineNumber":17,"author":{"gitId":"aliciatay-zls"},"content":"    public void execute() {"},{"lineNumber":18,"author":{"gitId":"aliciatay-zls"},"content":"        System.out.print(BORDER);"},{"lineNumber":19,"author":{"gitId":"aliciatay-zls"},"content":"        System.out.print(\"This task has been removed:\" + NEWLINE);"},{"lineNumber":20,"author":{"gitId":"aliciatay-zls"},"content":"        System.out.print(\"\\t\");"},{"lineNumber":21,"author":{"gitId":"aliciatay-zls"},"content":"        tasks.getTaskAtIndex(taskIndex-1).printTask();"},{"lineNumber":22,"author":{"gitId":"aliciatay-zls"},"content":"        tasks.deleteTaskFromList(taskIndex-1);"},{"lineNumber":23,"author":{"gitId":"aliciatay-zls"},"content":"        ui.printNumberOfTasks(tasks.getTasksCount());"},{"lineNumber":24,"author":{"gitId":"aliciatay-zls"},"content":"    }"},{"lineNumber":25,"author":{"gitId":"aliciatay-zls"},"content":""},{"lineNumber":26,"author":{"gitId":"aliciatay-zls"},"content":"    public boolean isExit() {"},{"lineNumber":27,"author":{"gitId":"aliciatay-zls"},"content":"        return super.isExit();"},{"lineNumber":28,"author":{"gitId":"aliciatay-zls"},"content":"    }"},{"lineNumber":29,"author":{"gitId":"aliciatay-zls"},"content":"}"}],"authorContributionMap":{"aliciatay-zls":29}},{"path":"src/main/java/duke/commands/DoneCommand.java","fileType":"java","lines":[{"lineNumber":1,"author":{"gitId":"aliciatay-zls"},"content":"package duke.commands;"},{"lineNumber":2,"author":{"gitId":"aliciatay-zls"},"content":""},{"lineNumber":3,"author":{"gitId":"aliciatay-zls"},"content":"import static duke.common.Constants.BORDER;"},{"lineNumber":4,"author":{"gitId":"aliciatay-zls"},"content":"import static duke.common.Constants.DONE_STATUS;"},{"lineNumber":5,"author":{"gitId":"aliciatay-zls"},"content":"import static duke.common.Constants.NEWLINE;"},{"lineNumber":6,"author":{"gitId":"aliciatay-zls"},"content":""},{"lineNumber":7,"author":{"gitId":"aliciatay-zls"},"content":"import duke.TaskList;"},{"lineNumber":8,"author":{"gitId":"aliciatay-zls"},"content":""},{"lineNumber":9,"author":{"gitId":"aliciatay-zls"},"content":"public class DoneCommand extends Command {"},{"lineNumber":10,"author":{"gitId":"aliciatay-zls"},"content":"    private int taskIndex;"},{"lineNumber":11,"author":{"gitId":"aliciatay-zls"},"content":""},{"lineNumber":12,"author":{"gitId":"aliciatay-zls"},"content":"    public DoneCommand(TaskList tasks, int taskIndex) {"},{"lineNumber":13,"author":{"gitId":"aliciatay-zls"},"content":"        super.tasks \u003d tasks;"},{"lineNumber":14,"author":{"gitId":"aliciatay-zls"},"content":"        this.taskIndex \u003d taskIndex;"},{"lineNumber":15,"author":{"gitId":"aliciatay-zls"},"content":"    }"},{"lineNumber":16,"author":{"gitId":"aliciatay-zls"},"content":""},{"lineNumber":17,"author":{"gitId":"aliciatay-zls"},"content":"    @Override"},{"lineNumber":18,"author":{"gitId":"aliciatay-zls"},"content":"    public void execute() {"},{"lineNumber":19,"author":{"gitId":"aliciatay-zls"},"content":"        tasks.getTaskAtIndex(taskIndex-1).setStatus(DONE_STATUS);"},{"lineNumber":20,"author":{"gitId":"aliciatay-zls"},"content":"        System.out.print(BORDER);"},{"lineNumber":21,"author":{"gitId":"aliciatay-zls"},"content":"        System.out.print(\"Nice! This task is now done:\" + NEWLINE);"},{"lineNumber":22,"author":{"gitId":"aliciatay-zls"},"content":"        System.out.print(\"\\t\");"},{"lineNumber":23,"author":{"gitId":"aliciatay-zls"},"content":"        tasks.getTaskAtIndex(taskIndex-1).printTask();"},{"lineNumber":24,"author":{"gitId":"aliciatay-zls"},"content":"        ui.printNumberOfTasks(tasks.getTasksCount());"},{"lineNumber":25,"author":{"gitId":"aliciatay-zls"},"content":"    }"},{"lineNumber":26,"author":{"gitId":"aliciatay-zls"},"content":"}"}],"authorContributionMap":{"aliciatay-zls":26}},{"path":"src/main/java/duke/commands/EventCommand.java","fileType":"java","lines":[{"lineNumber":1,"author":{"gitId":"aliciatay-zls"},"content":"package duke.commands;"},{"lineNumber":2,"author":{"gitId":"aliciatay-zls"},"content":""},{"lineNumber":3,"author":{"gitId":"aliciatay-zls"},"content":"import static duke.common.Constants.EVENT_TASK_TYPE;"},{"lineNumber":4,"author":{"gitId":"aliciatay-zls"},"content":""},{"lineNumber":5,"author":{"gitId":"aliciatay-zls"},"content":"import duke.TaskList;"},{"lineNumber":6,"author":{"gitId":"aliciatay-zls"},"content":"import duke.tasks.Event;"},{"lineNumber":7,"author":{"gitId":"aliciatay-zls"},"content":"import duke.tasks.Task;"},{"lineNumber":8,"author":{"gitId":"aliciatay-zls"},"content":""},{"lineNumber":9,"author":{"gitId":"aliciatay-zls"},"content":"public class EventCommand extends Command {"},{"lineNumber":10,"author":{"gitId":"aliciatay-zls"},"content":"    private String taskDescription;"},{"lineNumber":11,"author":{"gitId":"aliciatay-zls"},"content":"    private String taskStatus;"},{"lineNumber":12,"author":{"gitId":"aliciatay-zls"},"content":"    private String taskTiming;"},{"lineNumber":13,"author":{"gitId":"aliciatay-zls"},"content":""},{"lineNumber":14,"author":{"gitId":"aliciatay-zls"},"content":"    public EventCommand(TaskList tasks, String taskDescription, String taskStatus, String taskTiming) {"},{"lineNumber":15,"author":{"gitId":"aliciatay-zls"},"content":"        super.tasks \u003d tasks;"},{"lineNumber":16,"author":{"gitId":"aliciatay-zls"},"content":"        this.taskDescription \u003d taskDescription;"},{"lineNumber":17,"author":{"gitId":"aliciatay-zls"},"content":"        this.taskStatus \u003d taskStatus;"},{"lineNumber":18,"author":{"gitId":"aliciatay-zls"},"content":"        this.taskTiming \u003d taskTiming;"},{"lineNumber":19,"author":{"gitId":"aliciatay-zls"},"content":"    }"},{"lineNumber":20,"author":{"gitId":"aliciatay-zls"},"content":""},{"lineNumber":21,"author":{"gitId":"aliciatay-zls"},"content":"    @Override"},{"lineNumber":22,"author":{"gitId":"aliciatay-zls"},"content":"    public void execute() {"},{"lineNumber":23,"author":{"gitId":"aliciatay-zls"},"content":"        Task task \u003d new Event(taskDescription, taskTiming);"},{"lineNumber":24,"author":{"gitId":"aliciatay-zls"},"content":"        task.setStatus(taskStatus);"},{"lineNumber":25,"author":{"gitId":"aliciatay-zls"},"content":"        task.setType(EVENT_TASK_TYPE);"},{"lineNumber":26,"author":{"gitId":"aliciatay-zls"},"content":"        tasks.addTaskToList(task);"},{"lineNumber":27,"author":{"gitId":"aliciatay-zls"},"content":"        ui.echo(tasks);"},{"lineNumber":28,"author":{"gitId":"aliciatay-zls"},"content":"    }"},{"lineNumber":29,"author":{"gitId":"aliciatay-zls"},"content":"}"}],"authorContributionMap":{"aliciatay-zls":29}},{"path":"src/main/java/duke/commands/HelpCommand.java","fileType":"java","lines":[{"lineNumber":1,"author":{"gitId":"aliciatay-zls"},"content":"package duke.commands;"},{"lineNumber":2,"author":{"gitId":"aliciatay-zls"},"content":""},{"lineNumber":3,"author":{"gitId":"aliciatay-zls"},"content":"public class HelpCommand extends Command {"},{"lineNumber":4,"author":{"gitId":"aliciatay-zls"},"content":""},{"lineNumber":5,"author":{"gitId":"aliciatay-zls"},"content":"    @Override"},{"lineNumber":6,"author":{"gitId":"aliciatay-zls"},"content":"    public void execute() {"},{"lineNumber":7,"author":{"gitId":"aliciatay-zls"},"content":"        ui.printHelpPage();"},{"lineNumber":8,"author":{"gitId":"aliciatay-zls"},"content":"    }"},{"lineNumber":9,"author":{"gitId":"aliciatay-zls"},"content":"}"}],"authorContributionMap":{"aliciatay-zls":9}},{"path":"src/main/java/duke/commands/InvalidCommand.java","fileType":"java","lines":[{"lineNumber":1,"author":{"gitId":"aliciatay-zls"},"content":"package duke.commands;"},{"lineNumber":2,"author":{"gitId":"aliciatay-zls"},"content":""},{"lineNumber":3,"author":{"gitId":"aliciatay-zls"},"content":"public class InvalidCommand extends Command {"},{"lineNumber":4,"author":{"gitId":"aliciatay-zls"},"content":"    private String errorMessage;"},{"lineNumber":5,"author":{"gitId":"aliciatay-zls"},"content":""},{"lineNumber":6,"author":{"gitId":"aliciatay-zls"},"content":"    public InvalidCommand(String errorMessage) {"},{"lineNumber":7,"author":{"gitId":"aliciatay-zls"},"content":"        this.errorMessage \u003d errorMessage;"},{"lineNumber":8,"author":{"gitId":"aliciatay-zls"},"content":"    }"},{"lineNumber":9,"author":{"gitId":"aliciatay-zls"},"content":""},{"lineNumber":10,"author":{"gitId":"aliciatay-zls"},"content":"    @Override"},{"lineNumber":11,"author":{"gitId":"aliciatay-zls"},"content":"    public void execute() {"},{"lineNumber":12,"author":{"gitId":"aliciatay-zls"},"content":"        ui.printErrorMessage(errorMessage);"},{"lineNumber":13,"author":{"gitId":"aliciatay-zls"},"content":"    }"},{"lineNumber":14,"author":{"gitId":"aliciatay-zls"},"content":"}"}],"authorContributionMap":{"aliciatay-zls":14}},{"path":"src/main/java/duke/commands/ListCommand.java","fileType":"java","lines":[{"lineNumber":1,"author":{"gitId":"aliciatay-zls"},"content":"package duke.commands;"},{"lineNumber":2,"author":{"gitId":"aliciatay-zls"},"content":""},{"lineNumber":3,"author":{"gitId":"aliciatay-zls"},"content":"import duke.TaskList;"},{"lineNumber":4,"author":{"gitId":"aliciatay-zls"},"content":""},{"lineNumber":5,"author":{"gitId":"aliciatay-zls"},"content":"public class ListCommand extends Command {"},{"lineNumber":6,"author":{"gitId":"aliciatay-zls"},"content":""},{"lineNumber":7,"author":{"gitId":"aliciatay-zls"},"content":"    public ListCommand(TaskList tasks) {"},{"lineNumber":8,"author":{"gitId":"aliciatay-zls"},"content":"        super.tasks \u003d tasks;"},{"lineNumber":9,"author":{"gitId":"aliciatay-zls"},"content":"    }"},{"lineNumber":10,"author":{"gitId":"aliciatay-zls"},"content":""},{"lineNumber":11,"author":{"gitId":"aliciatay-zls"},"content":"    @Override"},{"lineNumber":12,"author":{"gitId":"aliciatay-zls"},"content":"    public void execute() {"},{"lineNumber":13,"author":{"gitId":"aliciatay-zls"},"content":"        ui.printList(tasks);"},{"lineNumber":14,"author":{"gitId":"aliciatay-zls"},"content":"    }"},{"lineNumber":15,"author":{"gitId":"aliciatay-zls"},"content":"}"}],"authorContributionMap":{"aliciatay-zls":15}},{"path":"src/main/java/duke/commands/TodoCommand.java","fileType":"java","lines":[{"lineNumber":1,"author":{"gitId":"aliciatay-zls"},"content":"package duke.commands;"},{"lineNumber":2,"author":{"gitId":"aliciatay-zls"},"content":""},{"lineNumber":3,"author":{"gitId":"aliciatay-zls"},"content":"import static duke.common.Constants.TODO_TASK_TYPE;"},{"lineNumber":4,"author":{"gitId":"aliciatay-zls"},"content":""},{"lineNumber":5,"author":{"gitId":"aliciatay-zls"},"content":"import duke.TaskList;"},{"lineNumber":6,"author":{"gitId":"aliciatay-zls"},"content":"import duke.tasks.Task;"},{"lineNumber":7,"author":{"gitId":"aliciatay-zls"},"content":""},{"lineNumber":8,"author":{"gitId":"aliciatay-zls"},"content":"public class TodoCommand extends Command {"},{"lineNumber":9,"author":{"gitId":"aliciatay-zls"},"content":"    private String taskDescription;"},{"lineNumber":10,"author":{"gitId":"aliciatay-zls"},"content":"    private String taskStatus;"},{"lineNumber":11,"author":{"gitId":"aliciatay-zls"},"content":""},{"lineNumber":12,"author":{"gitId":"aliciatay-zls"},"content":"    public TodoCommand(TaskList tasks, String taskDescription, String taskStatus) {"},{"lineNumber":13,"author":{"gitId":"aliciatay-zls"},"content":"        super.tasks \u003d tasks;"},{"lineNumber":14,"author":{"gitId":"aliciatay-zls"},"content":"        this.taskDescription \u003d taskDescription;"},{"lineNumber":15,"author":{"gitId":"aliciatay-zls"},"content":"        this.taskStatus \u003d taskStatus;"},{"lineNumber":16,"author":{"gitId":"aliciatay-zls"},"content":"    }"},{"lineNumber":17,"author":{"gitId":"aliciatay-zls"},"content":""},{"lineNumber":18,"author":{"gitId":"aliciatay-zls"},"content":"    @Override"},{"lineNumber":19,"author":{"gitId":"aliciatay-zls"},"content":"    public void execute() {"},{"lineNumber":20,"author":{"gitId":"aliciatay-zls"},"content":"        Task task \u003d new Task(taskDescription);"},{"lineNumber":21,"author":{"gitId":"aliciatay-zls"},"content":"        task.setStatus(taskStatus);"},{"lineNumber":22,"author":{"gitId":"aliciatay-zls"},"content":"        task.setType(TODO_TASK_TYPE);"},{"lineNumber":23,"author":{"gitId":"aliciatay-zls"},"content":"        tasks.addTaskToList(task);"},{"lineNumber":24,"author":{"gitId":"aliciatay-zls"},"content":"        ui.echo(tasks);"},{"lineNumber":25,"author":{"gitId":"aliciatay-zls"},"content":"    }"},{"lineNumber":26,"author":{"gitId":"aliciatay-zls"},"content":"}"}],"authorContributionMap":{"aliciatay-zls":26}},{"path":"src/main/java/duke/common/Constants.java","fileType":"java","lines":[{"lineNumber":1,"author":{"gitId":"aliciatay-zls"},"content":"package duke.common;"},{"lineNumber":2,"author":{"gitId":"aliciatay-zls"},"content":""},{"lineNumber":3,"author":{"gitId":"aliciatay-zls"},"content":"public class Constants {"},{"lineNumber":4,"author":{"gitId":"aliciatay-zls"},"content":"    /** Constants used for displaying messages */"},{"lineNumber":5,"author":{"gitId":"aliciatay-zls"},"content":"    public static final String NEWLINE \u003d System.lineSeparator();"},{"lineNumber":6,"author":{"gitId":"aliciatay-zls"},"content":"    public static final String BORDER \u003d \"____________________________________________________________\" + NEWLINE;"},{"lineNumber":7,"author":{"gitId":"aliciatay-zls"},"content":""},{"lineNumber":8,"author":{"gitId":"aliciatay-zls"},"content":"    /** Constants used to set status of a task */"},{"lineNumber":9,"author":{"gitId":"aliciatay-zls"},"content":"    public static final String DEFAULT_STATUS \u003d \" \";"},{"lineNumber":10,"author":{"gitId":"aliciatay-zls"},"content":"    public static final String DONE_STATUS \u003d \"X\";"},{"lineNumber":11,"author":{"gitId":"aliciatay-zls"},"content":"    public static final int DEFAULT_STATUS_AS_INT \u003d 0;"},{"lineNumber":12,"author":{"gitId":"aliciatay-zls"},"content":"    public static final int DONE_STATUS_AS_INT \u003d 1;"},{"lineNumber":13,"author":{"gitId":"aliciatay-zls"},"content":""},{"lineNumber":14,"author":{"gitId":"aliciatay-zls"},"content":"    /** Constants used to set type of a task */"},{"lineNumber":15,"author":{"gitId":"aliciatay-zls"},"content":"    public static final String TODO_TASK_TYPE \u003d \"T\";"},{"lineNumber":16,"author":{"gitId":"aliciatay-zls"},"content":"    public static final String DEADLINE_TASK_TYPE \u003d \"D\";"},{"lineNumber":17,"author":{"gitId":"aliciatay-zls"},"content":"    public static final String EVENT_TASK_TYPE \u003d \"E\";"},{"lineNumber":18,"author":{"gitId":"aliciatay-zls"},"content":"}"}],"authorContributionMap":{"aliciatay-zls":18}},{"path":"src/main/java/duke/exceptions/DukeException.java","fileType":"java","lines":[{"lineNumber":1,"author":{"gitId":"aliciatay-zls"},"content":"package duke.exceptions;"},{"lineNumber":2,"author":{"gitId":"aliciatay-zls"},"content":""},{"lineNumber":3,"author":{"gitId":"aliciatay-zls"},"content":"public class DukeException extends Exception {"},{"lineNumber":4,"author":{"gitId":"aliciatay-zls"},"content":"}"}],"authorContributionMap":{"aliciatay-zls":4}},{"path":"src/main/java/duke/tasks/Deadline.java","fileType":"java","lines":[{"lineNumber":1,"author":{"gitId":"aliciatay-zls"},"content":"package duke.tasks;"},{"lineNumber":2,"author":{"gitId":"aliciatay-zls"},"content":""},{"lineNumber":3,"author":{"gitId":"aliciatay-zls"},"content":"public class Deadline extends Task {"},{"lineNumber":4,"author":{"gitId":"aliciatay-zls"},"content":"    private String deadline;"},{"lineNumber":5,"author":{"gitId":"aliciatay-zls"},"content":""},{"lineNumber":6,"author":{"gitId":"aliciatay-zls"},"content":"    public Deadline(String item, String deadline) {"},{"lineNumber":7,"author":{"gitId":"aliciatay-zls"},"content":"        super(item);"},{"lineNumber":8,"author":{"gitId":"aliciatay-zls"},"content":"        this.deadline \u003d deadline;"},{"lineNumber":9,"author":{"gitId":"aliciatay-zls"},"content":"    }"},{"lineNumber":10,"author":{"gitId":"aliciatay-zls"},"content":""},{"lineNumber":11,"author":{"gitId":"aliciatay-zls"},"content":"    @Override"},{"lineNumber":12,"author":{"gitId":"aliciatay-zls"},"content":"    public void printTask() {"},{"lineNumber":13,"author":{"gitId":"aliciatay-zls"},"content":"        super.printTask();"},{"lineNumber":14,"author":{"gitId":"aliciatay-zls"},"content":"        System.out.print(\" (by: \" + this.getDeadline() + \")\");"},{"lineNumber":15,"author":{"gitId":"aliciatay-zls"},"content":"    }"},{"lineNumber":16,"author":{"gitId":"aliciatay-zls"},"content":""},{"lineNumber":17,"author":{"gitId":"aliciatay-zls"},"content":"    @Override"},{"lineNumber":18,"author":{"gitId":"aliciatay-zls"},"content":"    public String toString() {"},{"lineNumber":19,"author":{"gitId":"aliciatay-zls"},"content":"        return super.toString() + \" | \""},{"lineNumber":20,"author":{"gitId":"aliciatay-zls"},"content":"                + this.getDeadline();"},{"lineNumber":21,"author":{"gitId":"aliciatay-zls"},"content":"    }"},{"lineNumber":22,"author":{"gitId":"aliciatay-zls"},"content":""},{"lineNumber":23,"author":{"gitId":"aliciatay-zls"},"content":"    public String getDeadline() {"},{"lineNumber":24,"author":{"gitId":"aliciatay-zls"},"content":"        return deadline;"},{"lineNumber":25,"author":{"gitId":"aliciatay-zls"},"content":"    }"},{"lineNumber":26,"author":{"gitId":"aliciatay-zls"},"content":""},{"lineNumber":27,"author":{"gitId":"aliciatay-zls"},"content":"}"}],"authorContributionMap":{"aliciatay-zls":27}},{"path":"src/main/java/duke/tasks/Event.java","fileType":"java","lines":[{"lineNumber":1,"author":{"gitId":"aliciatay-zls"},"content":"package duke.tasks;"},{"lineNumber":2,"author":{"gitId":"aliciatay-zls"},"content":""},{"lineNumber":3,"author":{"gitId":"aliciatay-zls"},"content":"public class Event extends Task {"},{"lineNumber":4,"author":{"gitId":"aliciatay-zls"},"content":"    private String time;"},{"lineNumber":5,"author":{"gitId":"aliciatay-zls"},"content":""},{"lineNumber":6,"author":{"gitId":"aliciatay-zls"},"content":"    public Event(String item, String time) {"},{"lineNumber":7,"author":{"gitId":"aliciatay-zls"},"content":"        super(item);"},{"lineNumber":8,"author":{"gitId":"aliciatay-zls"},"content":"        this.time \u003d time;"},{"lineNumber":9,"author":{"gitId":"aliciatay-zls"},"content":"    }"},{"lineNumber":10,"author":{"gitId":"aliciatay-zls"},"content":""},{"lineNumber":11,"author":{"gitId":"aliciatay-zls"},"content":"    @Override"},{"lineNumber":12,"author":{"gitId":"aliciatay-zls"},"content":"    public void printTask() {"},{"lineNumber":13,"author":{"gitId":"aliciatay-zls"},"content":"        super.printTask();"},{"lineNumber":14,"author":{"gitId":"aliciatay-zls"},"content":"        System.out.print(\" (at: \" + this.getTime() + \")\");"},{"lineNumber":15,"author":{"gitId":"aliciatay-zls"},"content":"    }"},{"lineNumber":16,"author":{"gitId":"aliciatay-zls"},"content":""},{"lineNumber":17,"author":{"gitId":"aliciatay-zls"},"content":"    @Override"},{"lineNumber":18,"author":{"gitId":"aliciatay-zls"},"content":"    public String toString() {"},{"lineNumber":19,"author":{"gitId":"aliciatay-zls"},"content":"        return super.toString() + \" | \""},{"lineNumber":20,"author":{"gitId":"aliciatay-zls"},"content":"                + this.getTime();"},{"lineNumber":21,"author":{"gitId":"aliciatay-zls"},"content":"    }"},{"lineNumber":22,"author":{"gitId":"aliciatay-zls"},"content":""},{"lineNumber":23,"author":{"gitId":"aliciatay-zls"},"content":"    public String getTime() {"},{"lineNumber":24,"author":{"gitId":"aliciatay-zls"},"content":"        return time;"},{"lineNumber":25,"author":{"gitId":"aliciatay-zls"},"content":"    }"},{"lineNumber":26,"author":{"gitId":"aliciatay-zls"},"content":"}"}],"authorContributionMap":{"aliciatay-zls":26}},{"path":"src/main/java/duke/tasks/Task.java","fileType":"java","lines":[{"lineNumber":1,"author":{"gitId":"aliciatay-zls"},"content":"package duke.tasks;"},{"lineNumber":2,"author":{"gitId":"aliciatay-zls"},"content":""},{"lineNumber":3,"author":{"gitId":"aliciatay-zls"},"content":"import static duke.common.Constants.DEFAULT_STATUS_AS_INT;"},{"lineNumber":4,"author":{"gitId":"aliciatay-zls"},"content":"import static duke.common.Constants.DONE_STATUS_AS_INT;"},{"lineNumber":5,"author":{"gitId":"aliciatay-zls"},"content":""},{"lineNumber":6,"author":{"gitId":"aliciatay-zls"},"content":"public class Task {"},{"lineNumber":7,"author":{"gitId":"aliciatay-zls"},"content":"    private String item;"},{"lineNumber":8,"author":{"gitId":"aliciatay-zls"},"content":"    private String status;"},{"lineNumber":9,"author":{"gitId":"aliciatay-zls"},"content":"    private String type;"},{"lineNumber":10,"author":{"gitId":"aliciatay-zls"},"content":""},{"lineNumber":11,"author":{"gitId":"aliciatay-zls"},"content":"    public Task(String item) {"},{"lineNumber":12,"author":{"gitId":"aliciatay-zls"},"content":"        this.item \u003d item;"},{"lineNumber":13,"author":{"gitId":"aliciatay-zls"},"content":"    }"},{"lineNumber":14,"author":{"gitId":"aliciatay-zls"},"content":""},{"lineNumber":15,"author":{"gitId":"aliciatay-zls"},"content":"    public void printTask() {"},{"lineNumber":16,"author":{"gitId":"aliciatay-zls"},"content":"        System.out.print(\"[\" + this.getType() + \"] \""},{"lineNumber":17,"author":{"gitId":"aliciatay-zls"},"content":"                + \"[\" + this.getStatus() + \"] \""},{"lineNumber":18,"author":{"gitId":"aliciatay-zls"},"content":"                + this.getItem());"},{"lineNumber":19,"author":{"gitId":"aliciatay-zls"},"content":"    }"},{"lineNumber":20,"author":{"gitId":"aliciatay-zls"},"content":""},{"lineNumber":21,"author":{"gitId":"aliciatay-zls"},"content":"    @Override"},{"lineNumber":22,"author":{"gitId":"aliciatay-zls"},"content":"    public String toString() {"},{"lineNumber":23,"author":{"gitId":"aliciatay-zls"},"content":"        int statusAsInt \u003d this.getStatus().equals(\"X\") ? DONE_STATUS_AS_INT : DEFAULT_STATUS_AS_INT;"},{"lineNumber":24,"author":{"gitId":"aliciatay-zls"},"content":"        return this.getType() + \" | \""},{"lineNumber":25,"author":{"gitId":"aliciatay-zls"},"content":"                + statusAsInt + \" | \""},{"lineNumber":26,"author":{"gitId":"aliciatay-zls"},"content":"                + this.getItem();"},{"lineNumber":27,"author":{"gitId":"aliciatay-zls"},"content":"    }"},{"lineNumber":28,"author":{"gitId":"aliciatay-zls"},"content":""},{"lineNumber":29,"author":{"gitId":"aliciatay-zls"},"content":"    public String getItem() {"},{"lineNumber":30,"author":{"gitId":"aliciatay-zls"},"content":"        return item;"},{"lineNumber":31,"author":{"gitId":"aliciatay-zls"},"content":"    }"},{"lineNumber":32,"author":{"gitId":"aliciatay-zls"},"content":""},{"lineNumber":33,"author":{"gitId":"aliciatay-zls"},"content":"    public String getStatus() {"},{"lineNumber":34,"author":{"gitId":"aliciatay-zls"},"content":"        return status;"},{"lineNumber":35,"author":{"gitId":"aliciatay-zls"},"content":"    }"},{"lineNumber":36,"author":{"gitId":"aliciatay-zls"},"content":""},{"lineNumber":37,"author":{"gitId":"aliciatay-zls"},"content":"    public String getType() {"},{"lineNumber":38,"author":{"gitId":"aliciatay-zls"},"content":"        return type;"},{"lineNumber":39,"author":{"gitId":"aliciatay-zls"},"content":"    }"},{"lineNumber":40,"author":{"gitId":"aliciatay-zls"},"content":""},{"lineNumber":41,"author":{"gitId":"aliciatay-zls"},"content":"    public void setStatus(String status) {"},{"lineNumber":42,"author":{"gitId":"aliciatay-zls"},"content":"        this.status \u003d status;"},{"lineNumber":43,"author":{"gitId":"aliciatay-zls"},"content":"    }"},{"lineNumber":44,"author":{"gitId":"aliciatay-zls"},"content":""},{"lineNumber":45,"author":{"gitId":"aliciatay-zls"},"content":"    public void setType(String type) {"},{"lineNumber":46,"author":{"gitId":"aliciatay-zls"},"content":"        this.type \u003d type;"},{"lineNumber":47,"author":{"gitId":"aliciatay-zls"},"content":"    }"},{"lineNumber":48,"author":{"gitId":"aliciatay-zls"},"content":"}"}],"authorContributionMap":{"aliciatay-zls":48}}]
