{"authorDailyContributionsMap":{"aliciatay-zls":[{"date":"2021-01-20","commitResults":[{"hash":"341456761b7498c6513176707949489867ae87b1","messageTitle":"Add greet and goodbye methods","messageBody":"","fileTypesAndContributionMap":{"java":{"insertions":14,"deletions":1}}}]},{"date":"2021-01-26","commitResults":[{"hash":"ac52ed11fc7ee4d8f65afbeb2e5fcb983790d89c","messageTitle":"Add echo method","messageBody":"","tags":["Level-1"],"fileTypesAndContributionMap":{"java":{"insertions":27,"deletions":13}}},{"hash":"e86a4cd43c99aec7541697363aa627846e2a45f9","messageTitle":"Add Task class and add, list methods","messageBody":"","tags":["Level-2"],"fileTypesAndContributionMap":{"java":{"insertions":40,"deletions":3}}},{"hash":"c54f85a89eb11698701a700444a15ff4fad1de7f","messageTitle":"Add ability to mark tasks as done","messageBody":"Add input validation check for done commands\nModify Task class constructor\nAdd getters and setters to Task class\nRearrange order of methods in Duke class\n","tags":["Level-3"],"fileTypesAndContributionMap":{"java":{"insertions":75,"deletions":10}}},{"hash":"f52bcbd3cfb400107e1ad5b167aaf9ffebe4a249","messageTitle":"Modify code to comply with Java coding standard","messageBody":"","tags":["A-CodingStandard"],"fileTypesAndContributionMap":{"java":{"insertions":37,"deletions":40}}}]},{"date":"2021-02-02","commitResults":[{"hash":"6e892fa7849be0c2094dd64fcb063d6550f650cc","messageTitle":"Add support for tracking ToDos, Deadlines, Events","messageBody":"","tags":["Level-4"],"fileTypesAndContributionMap":{"java":{"insertions":180,"deletions":38}}},{"hash":"d2a830557b947194d5bc1449cb6903fbe7f87ea3","messageTitle":"Refactor code and increase readability","messageBody":"Edit messages displayed\nEdit getters in Task class\n","tags":["A-CodeQuality"],"fileTypesAndContributionMap":{"java":{"insertions":87,"deletions":48}}}]},{"date":"2021-02-09","commitResults":[{"hash":"52e1818a0beebc8ae547bffafb638388e21a27ce","messageTitle":"Refactor code, increase readability after PR review","messageBody":"","fileTypesAndContributionMap":{"java":{"insertions":84,"deletions":80}}},{"hash":"a6e043c537f8e6879492ec27bbbabca495da6151","messageTitle":"Add Level 5","messageBody":"","fileTypesAndContributionMap":{"java":{"insertions":53,"deletions":34}}}]},{"date":"2021-02-14","commitResults":[{"hash":"42f3f0af1d76390d4b98b60af7a2e593b6adbccd","messageTitle":"Update exception handling methods for done, todo, deadline, event commands","messageBody":"","fileTypesAndContributionMap":{"java":{"insertions":56,"deletions":49}}},{"hash":"e5d5dbc1805389e270b30a32eac1894ffdc91d3b","messageTitle":"Refactor code","messageBody":"Shift constant invalid input messages up\nChange parameter names\n","fileTypesAndContributionMap":{"java":{"insertions":21,"deletions":20}}},{"hash":"33bd0971527ced462414870d14e67bbe1498593a","messageTitle":"Divide classes into packages","messageBody":"duke and duke.exceptions\n","fileTypesAndContributionMap":{"java":{"insertions":11,"deletions":0}}}]},{"date":"2021-02-16","commitResults":[{"hash":"470f6aa3a647c0bc50a57104f9ab226ea744fe81","messageTitle":"Add ability to delete tasks","messageBody":"Use ArrayList instead of Array to store tasks\nRemove index attribute for Task, Deadline, Event classes\nRefactor code\n","fileTypesAndContributionMap":{"java":{"insertions":48,"deletions":29}}},{"hash":"b6ee7ac482ade10fbfb999da2446f3eca3ad38b4","messageTitle":"Refactor code","messageBody":"","fileTypesAndContributionMap":{"java":{"insertions":14,"deletions":13}}}]},{"date":"2021-02-17","commitResults":[{"hash":"60ef5827ba6c3226a51d78eb232c0a8f28d38e6d","messageTitle":"Add ability to load from and save to disk","messageBody":"","fileTypesAndContributionMap":{"java":{"insertions":121,"deletions":13}}},{"hash":"13f327d24639b505c8459e77cda3c1f316cba7f6","messageTitle":"Divide classes into further packages within duke","messageBody":"Delete redundant new .gitignore file\n","fileTypesAndContributionMap":{"java":{"insertions":8,"deletions":4}}},{"hash":"875c29c3f47fcee7d5a9b6d1717a8ecdf5f8a28a","messageTitle":"Edit logo and other messages to be displayed","messageBody":"Add manifest file\nReorganise code\n","tags":["v0.1","A-Jar"],"fileTypesAndContributionMap":{"java":{"insertions":30,"deletions":30}}}]},{"date":"2021-02-26","commitResults":[{"hash":"51d96f7ea5002b4f624a2c75ee049396e41223e8","messageTitle":"Refactor code, improve readability after TA review","messageBody":"(Mainly messages displayed, minor edits)\nCorrect the indentation of the code as well\n","fileTypesAndContributionMap":{"java":{"insertions":72,"deletions":70}}},{"hash":"2bc4dbdd838d9cdc7c6ed1ccfa4f153d32f47e04","messageTitle":"Refactor code, improve readability after TA review","messageBody":"(Mainly code reordering, processInput method in Duke)\nFix line wrapping for the other classes\n","fileTypesAndContributionMap":{"java":{"insertions":107,"deletions":91}}}]},{"date":"2021-02-28","commitResults":[{"hash":"22a2062abc7b03cf57136bd1af0bdf00321c5ba4","messageTitle":"Refactor code to extract classes","messageBody":"- UI, Storage, Parser, TaskList in duke package\n- *Command classes in new commands package\n- Constants class in new common package\n","tags":["A-MoreOOP"],"fileTypesAndContributionMap":{"java":{"insertions":689,"deletions":395}}},{"hash":"8a0ba86266ef71bdb94e5b3372fff52db2ba16e0","messageTitle":"Add ability to parse deadline in deadline commands","messageBody":"Update help page in UI.java to reflect this\n","fileTypesAndContributionMap":{"java":{"insertions":42,"deletions":15}}},{"hash":"e48e33d0fd4ffea18ded40839e4047c048e9c482","messageTitle":"Revert \"Add ability to parse deadline in deadline commands\"","messageBody":"This reverts commit 8a0ba86266ef71bdb94e5b3372fff52db2ba16e0.\n","fileTypesAndContributionMap":{"java":{"insertions":15,"deletions":42}}},{"hash":"f888706f3046fb7095c0ca036ad39dfe117bb0cd","messageTitle":"Add ability to parse deadline in deadline commands","messageBody":"Update help page in UI.java to reflect this\n","fileTypesAndContributionMap":{"java":{"insertions":41,"deletions":16}}}]},{"date":"2021-03-01","commitResults":[{"hash":"a238c53292afa6915be94a13eb76cd274190488c","messageTitle":"Add Filter command to print deadlines on given date","messageBody":"- Improve ability to parse deadline in deadline commands\n(store date and time instead of entire deadline)\n- Update help page for Deadline, Filter, Delete\n","fileTypesAndContributionMap":{"java":{"insertions":159,"deletions":45}}},{"hash":"75bcaf6c1fc0b4bb184b92e516a442786f898e62","messageTitle":"Add Find command to get tasks containing given keyword","messageBody":"","fileTypesAndContributionMap":{"java":{"insertions":50,"deletions":6}}},{"hash":"95f0049b7d6156fc337e2f819967cd12a7135cec","messageTitle":"Add JavaDoc header comments","messageBody":"Duke, Parser, Storage, TaskList, Ui\n","fileTypesAndContributionMap":{"java":{"insertions":138,"deletions":20}}},{"hash":"ba31011a5d75ce8e71f27de29f2ffbd3186eb031","messageTitle":"Add JavaDoc header comments","messageBody":"- Classes in commands and tasks packages\n- Edit JavaDoc comments in Ui class\n","fileTypesAndContributionMap":{"java":{"insertions":70,"deletions":9}}}]},{"date":"2021-03-02","commitResults":[{"hash":"f1bc435887100a0ba9a2c4d5acf77297337886e1","messageTitle":"Apply DRY principle to echo latest task modified","messageBody":"- Update help page in Ui to include Find command\n- Reorganise code in Parser for better flow\n","fileTypesAndContributionMap":{"java":{"insertions":55,"deletions":52}}},{"hash":"814a972e95676701aa851d6b8d9d5b0a5dac4a08","messageTitle":"Add and modify JavaDoc header comments","messageBody":"","fileTypesAndContributionMap":{"java":{"insertions":40,"deletions":21}}},{"hash":"81c1244d896ae782e2b2608dbcbe60988552bed0","messageTitle":"Clean up code, fix execute() in Delete and Done commands","messageBody":"- Modify methods in Ui\n- Add/modify JavaDoc header comments\n","fileTypesAndContributionMap":{"java":{"insertions":58,"deletions":42}}},{"hash":"2835a6b11b13832ea13841e90f9634ced9c53f67","messageTitle":"Apply SLAP in Storage class, fix echo bug when loading from disk","messageBody":"- Correct error messages for loading and saving errors\n- Add/edit JavaDoc header comments\n","fileTypesAndContributionMap":{"java":{"insertions":136,"deletions":52}}},{"hash":"9e89ed3c54018867482130ac93e934fa817bedf6","messageTitle":"Create user guide in README","messageBody":"- Make Find command case-insensitive\n- Make minor edits on displayed messages\n","tags":["A-UserGuide"],"fileTypesAndContributionMap":{"java":{"insertions":6,"deletions":5},"md":{"insertions":287,"deletions":9}}},{"hash":"f3c5f5a734e9af8e7d48882b787123335f285186","messageTitle":"Edit README","messageBody":"","fileTypesAndContributionMap":{"md":{"insertions":2,"deletions":3}}},{"hash":"a02323f3f83e2639ae96a5142b4840052418abfd","messageTitle":"Edit README","messageBody":"Update help page in Ui to reflect order in user guide\n","fileTypesAndContributionMap":{"java":{"insertions":14,"deletions":14},"md":{"insertions":73,"deletions":98}}},{"hash":"fb2f6e10cb048ee7290556f6104d9af98ced2b1e","messageTitle":"Edit README, update screenshot used","messageBody":"","fileTypesAndContributionMap":{"md":{"insertions":24,"deletions":24}}},{"hash":"2ef13751ad4e7250e9869f99879edd69593f0c0a","messageTitle":"Edit README, error message and help page in Ui","messageBody":"","tags":["v0.2","A-Release"],"fileTypesAndContributionMap":{"java":{"insertions":11,"deletions":7},"md":{"insertions":9,"deletions":8}}}]}]},"authorFileTypeContributionMap":{"aliciatay-zls":{"java":1287,"md":255,"fxml":0,"sh":0,"bat":0,"gradle":0,"txt":0}},"authorContributionVariance":{"aliciatay-zls":58305.613},"authorDisplayNameMap":{"aliciatay-zls":"CS2113T-W09-3 ALIC.. TAY"}}
