{"authorDailyContributionsMap":{"aliciatay-zls":[{"date":"2021-01-20","commitResults":[{"hash":"341456761b7498c6513176707949489867ae87b1","messageTitle":"Add greet and goodbye methods","messageBody":"","fileTypesAndContributionMap":{"java":{"insertions":14,"deletions":1}}}]},{"date":"2021-01-26","commitResults":[{"hash":"ac52ed11fc7ee4d8f65afbeb2e5fcb983790d89c","messageTitle":"Add echo method","messageBody":"","tags":["Level-1"],"fileTypesAndContributionMap":{"java":{"insertions":27,"deletions":13}}},{"hash":"e86a4cd43c99aec7541697363aa627846e2a45f9","messageTitle":"Add Task class and add, list methods","messageBody":"","tags":["Level-2"],"fileTypesAndContributionMap":{"java":{"insertions":40,"deletions":3}}},{"hash":"c54f85a89eb11698701a700444a15ff4fad1de7f","messageTitle":"Add ability to mark tasks as done","messageBody":"Add input validation check for done commands\nModify Task class constructor\nAdd getters and setters to Task class\nRearrange order of methods in Duke class\n","tags":["Level-3"],"fileTypesAndContributionMap":{"java":{"insertions":75,"deletions":10}}},{"hash":"f52bcbd3cfb400107e1ad5b167aaf9ffebe4a249","messageTitle":"Modify code to comply with Java coding standard","messageBody":"","tags":["A-CodingStandard"],"fileTypesAndContributionMap":{"java":{"insertions":37,"deletions":40}}}]},{"date":"2021-02-02","commitResults":[{"hash":"6e892fa7849be0c2094dd64fcb063d6550f650cc","messageTitle":"Add support for tracking ToDos, Deadlines, Events","messageBody":"","tags":["Level-4"],"fileTypesAndContributionMap":{"java":{"insertions":180,"deletions":38}}},{"hash":"d2a830557b947194d5bc1449cb6903fbe7f87ea3","messageTitle":"Refactor code and increase readability","messageBody":"Edit messages displayed\nEdit getters in Task class\n","tags":["A-CodeQuality"],"fileTypesAndContributionMap":{"java":{"insertions":87,"deletions":48}}}]},{"date":"2021-02-09","commitResults":[{"hash":"52e1818a0beebc8ae547bffafb638388e21a27ce","messageTitle":"Refactor code, increase readability after PR review","messageBody":"","fileTypesAndContributionMap":{"java":{"insertions":84,"deletions":80}}},{"hash":"a6e043c537f8e6879492ec27bbbabca495da6151","messageTitle":"Add Level 5","messageBody":"","fileTypesAndContributionMap":{"java":{"insertions":53,"deletions":34}}}]},{"date":"2021-02-14","commitResults":[{"hash":"42f3f0af1d76390d4b98b60af7a2e593b6adbccd","messageTitle":"Update exception handling methods for done, todo, deadline, event commands","messageBody":"","fileTypesAndContributionMap":{"java":{"insertions":56,"deletions":49}}},{"hash":"e5d5dbc1805389e270b30a32eac1894ffdc91d3b","messageTitle":"Refactor code","messageBody":"Shift constant invalid input messages up\nChange parameter names\n","fileTypesAndContributionMap":{"java":{"insertions":21,"deletions":20}}},{"hash":"33bd0971527ced462414870d14e67bbe1498593a","messageTitle":"Divide classes into packages","messageBody":"duke and duke.exceptions\n","fileTypesAndContributionMap":{"java":{"insertions":11,"deletions":0}}}]}]},"authorFileTypeContributionMap":{"aliciatay-zls":{"java":356,"md":0,"fxml":0,"sh":0,"bat":0,"gradle":0,"txt":0}},"authorContributionVariance":{"aliciatay-zls":6934.998},"authorDisplayNameMap":{"aliciatay-zls":"CS2113T-W09-3 ALIC.. TAY"}}
