{"authorDailyContributionsMap":{"aliciatay-zls":[{"date":"2021-01-20","commitResults":[{"hash":"341456761b7498c6513176707949489867ae87b1","messageTitle":"Add greet and goodbye methods","messageBody":"","fileTypesAndContributionMap":{"java":{"insertions":14,"deletions":1}}}]},{"date":"2021-01-26","commitResults":[{"hash":"ac52ed11fc7ee4d8f65afbeb2e5fcb983790d89c","messageTitle":"Add echo method","messageBody":"","tags":["Level-1"],"fileTypesAndContributionMap":{"java":{"insertions":27,"deletions":13}}},{"hash":"e86a4cd43c99aec7541697363aa627846e2a45f9","messageTitle":"Add Task class and add, list methods","messageBody":"","tags":["Level-2"],"fileTypesAndContributionMap":{"java":{"insertions":40,"deletions":3}}},{"hash":"c54f85a89eb11698701a700444a15ff4fad1de7f","messageTitle":"Add ability to mark tasks as done","messageBody":"Add input validation check for done commands\nModify Task class constructor\nAdd getters and setters to Task class\nRearrange order of methods in Duke class\n","tags":["Level-3"],"fileTypesAndContributionMap":{"java":{"insertions":75,"deletions":10}}},{"hash":"f52bcbd3cfb400107e1ad5b167aaf9ffebe4a249","messageTitle":"Modify code to comply with Java coding standard","messageBody":"","tags":["A-CodingStandard"],"fileTypesAndContributionMap":{"java":{"insertions":37,"deletions":40}}}]},{"date":"2021-02-02","commitResults":[{"hash":"6e892fa7849be0c2094dd64fcb063d6550f650cc","messageTitle":"Add support for tracking ToDos, Deadlines, Events","messageBody":"","tags":["Level-4"],"fileTypesAndContributionMap":{"java":{"insertions":180,"deletions":38}}},{"hash":"d2a830557b947194d5bc1449cb6903fbe7f87ea3","messageTitle":"Refactor code and increase readability","messageBody":"Edit messages displayed\nEdit getters in Task class\n","tags":["A-CodeQuality"],"fileTypesAndContributionMap":{"java":{"insertions":87,"deletions":48}}}]},{"date":"2021-02-09","commitResults":[{"hash":"52e1818a0beebc8ae547bffafb638388e21a27ce","messageTitle":"Refactor code, increase readability after PR review","messageBody":"","fileTypesAndContributionMap":{"java":{"insertions":84,"deletions":80}}},{"hash":"a6e043c537f8e6879492ec27bbbabca495da6151","messageTitle":"Add Level 5","messageBody":"","fileTypesAndContributionMap":{"java":{"insertions":53,"deletions":34}}}]},{"date":"2021-02-14","commitResults":[{"hash":"42f3f0af1d76390d4b98b60af7a2e593b6adbccd","messageTitle":"Update exception handling methods for done, todo, deadline, event commands","messageBody":"","fileTypesAndContributionMap":{"java":{"insertions":56,"deletions":49}}},{"hash":"e5d5dbc1805389e270b30a32eac1894ffdc91d3b","messageTitle":"Refactor code","messageBody":"Shift constant invalid input messages up\nChange parameter names\n","fileTypesAndContributionMap":{"java":{"insertions":21,"deletions":20}}},{"hash":"33bd0971527ced462414870d14e67bbe1498593a","messageTitle":"Divide classes into packages","messageBody":"duke and duke.exceptions\n","fileTypesAndContributionMap":{"java":{"insertions":11,"deletions":0}}}]},{"date":"2021-02-16","commitResults":[{"hash":"470f6aa3a647c0bc50a57104f9ab226ea744fe81","messageTitle":"Add ability to delete tasks","messageBody":"Use ArrayList instead of Array to store tasks\nRemove index attribute for Task, Deadline, Event classes\nRefactor code\n","fileTypesAndContributionMap":{"java":{"insertions":48,"deletions":29}}},{"hash":"b6ee7ac482ade10fbfb999da2446f3eca3ad38b4","messageTitle":"Refactor code","messageBody":"","fileTypesAndContributionMap":{"java":{"insertions":14,"deletions":13}}}]},{"date":"2021-02-17","commitResults":[{"hash":"60ef5827ba6c3226a51d78eb232c0a8f28d38e6d","messageTitle":"Add ability to load from and save to disk","messageBody":"","fileTypesAndContributionMap":{"java":{"insertions":121,"deletions":13}}},{"hash":"13f327d24639b505c8459e77cda3c1f316cba7f6","messageTitle":"Divide classes into further packages within duke","messageBody":"Delete redundant new .gitignore file\n","fileTypesAndContributionMap":{"java":{"insertions":8,"deletions":4}}},{"hash":"875c29c3f47fcee7d5a9b6d1717a8ecdf5f8a28a","messageTitle":"Edit logo and other messages to be displayed","messageBody":"Add manifest file\nReorganise code\n","tags":["v0.1","A-Jar"],"fileTypesAndContributionMap":{"java":{"insertions":30,"deletions":30}}}]},{"date":"2021-02-26","commitResults":[{"hash":"51d96f7ea5002b4f624a2c75ee049396e41223e8","messageTitle":"Refactor code, improve readability after TA review","messageBody":"(Mainly messages displayed, minor edits)\nCorrect the indentation of the code as well\n","fileTypesAndContributionMap":{"java":{"insertions":72,"deletions":70}}},{"hash":"2bc4dbdd838d9cdc7c6ed1ccfa4f153d32f47e04","messageTitle":"Refactor code, improve readability after TA review","messageBody":"(Mainly code reordering, processInput method in Duke)\nFix line wrapping for the other classes\n","fileTypesAndContributionMap":{"java":{"insertions":107,"deletions":91}}}]},{"date":"2021-02-28","commitResults":[{"hash":"22a2062abc7b03cf57136bd1af0bdf00321c5ba4","messageTitle":"Refactor code to extract classes","messageBody":"- UI, Storage, Parser, TaskList in duke package\n- *Command classes in new commands package\n- Constants class in new common package\n","tags":["A-MoreOOP"],"fileTypesAndContributionMap":{"java":{"insertions":689,"deletions":395}}}]}]},"authorFileTypeContributionMap":{"aliciatay-zls":{"java":800,"md":0,"fxml":0,"sh":0,"bat":0,"gradle":0,"txt":0}},"authorContributionVariance":{"aliciatay-zls":29826.908},"authorDisplayNameMap":{"aliciatay-zls":"CS2113T-W09-3 ALIC.. TAY"}}
