[{"path":"src/main/java/Controller/DukeController.java","fileType":"java","lines":[{"lineNumber":1,"author":{"gitId":"JethroPhuah"},"content":"package Controller;"},{"lineNumber":2,"author":{"gitId":"JethroPhuah"},"content":"import Tasks.*;"},{"lineNumber":3,"author":{"gitId":"JethroPhuah"},"content":"import java.util.ArrayList;"},{"lineNumber":4,"author":{"gitId":"JethroPhuah"},"content":""},{"lineNumber":5,"author":{"gitId":"JethroPhuah"},"content":"import java.io.FileWriter;   // Import the FileWriter class"},{"lineNumber":6,"author":{"gitId":"JethroPhuah"},"content":"import java.io.IOException;"},{"lineNumber":7,"author":{"gitId":"JethroPhuah"},"content":"import java.io.File;"},{"lineNumber":8,"author":{"gitId":"JethroPhuah"},"content":"import java.io.FileNotFoundException;"},{"lineNumber":9,"author":{"gitId":"JethroPhuah"},"content":"import java.util.Scanner;"},{"lineNumber":10,"author":{"gitId":"JethroPhuah"},"content":""},{"lineNumber":11,"author":{"gitId":"JethroPhuah"},"content":"public class DukeController {"},{"lineNumber":12,"author":{"gitId":"JethroPhuah"},"content":""},{"lineNumber":13,"author":{"gitId":"JethroPhuah"},"content":"    public DukeController() {};"},{"lineNumber":14,"author":{"gitId":"JethroPhuah"},"content":""},{"lineNumber":15,"author":{"gitId":"JethroPhuah"},"content":"    public String[] processInput(String in) {"},{"lineNumber":16,"author":{"gitId":"JethroPhuah"},"content":"        String[] strings \u003d new String[2];"},{"lineNumber":17,"author":{"gitId":"JethroPhuah"},"content":"        int index \u003d in.indexOf(\" \");"},{"lineNumber":18,"author":{"gitId":"JethroPhuah"},"content":"        String subString1 \u003d in.substring(index+1);"},{"lineNumber":19,"author":{"gitId":"JethroPhuah"},"content":"        if (!subString1.contains(\"/\")) {"},{"lineNumber":20,"author":{"gitId":"JethroPhuah"},"content":"            strings[0] \u003d subString1;"},{"lineNumber":21,"author":{"gitId":"JethroPhuah"},"content":"            return strings;"},{"lineNumber":22,"author":{"gitId":"JethroPhuah"},"content":"        }"},{"lineNumber":23,"author":{"gitId":"JethroPhuah"},"content":"        else {"},{"lineNumber":24,"author":{"gitId":"JethroPhuah"},"content":"            int index1 \u003d subString1.indexOf(\"/\");"},{"lineNumber":25,"author":{"gitId":"JethroPhuah"},"content":"            String subString2 \u003d subString1.substring(0, index1-1);"},{"lineNumber":26,"author":{"gitId":"JethroPhuah"},"content":"            String subString3 \u003d subString1.substring(index1);"},{"lineNumber":27,"author":{"gitId":"JethroPhuah"},"content":"            int index2 \u003d subString3.indexOf(\" \");"},{"lineNumber":28,"author":{"gitId":"JethroPhuah"},"content":"            String subString4 \u003d subString3.substring(index2+1);"},{"lineNumber":29,"author":{"gitId":"JethroPhuah"},"content":"            strings[0] \u003d subString2;"},{"lineNumber":30,"author":{"gitId":"JethroPhuah"},"content":"            strings[1] \u003d subString4;"},{"lineNumber":31,"author":{"gitId":"JethroPhuah"},"content":"            return strings;"},{"lineNumber":32,"author":{"gitId":"JethroPhuah"},"content":"        }"},{"lineNumber":33,"author":{"gitId":"JethroPhuah"},"content":"    }"},{"lineNumber":34,"author":{"gitId":"JethroPhuah"},"content":""},{"lineNumber":35,"author":{"gitId":"JethroPhuah"},"content":""},{"lineNumber":36,"author":{"gitId":"JethroPhuah"},"content":"    public int charNumber(String in) {"},{"lineNumber":37,"author":{"gitId":"JethroPhuah"},"content":"        char ch1, ch2;"},{"lineNumber":38,"author":{"gitId":"JethroPhuah"},"content":"        for (int i \u003d 0; i \u003cin.length(); i++){"},{"lineNumber":39,"author":{"gitId":"JethroPhuah"},"content":"            ch1 \u003d in.charAt(i);"},{"lineNumber":40,"author":{"gitId":"JethroPhuah"},"content":"            int index \u003d i;"},{"lineNumber":41,"author":{"gitId":"JethroPhuah"},"content":"            if (++index \u003d\u003d in.length()){"},{"lineNumber":42,"author":{"gitId":"JethroPhuah"},"content":"                if(Character.isDigit(ch1)) {"},{"lineNumber":43,"author":{"gitId":"JethroPhuah"},"content":"                    return Character.getNumericValue(ch1);"},{"lineNumber":44,"author":{"gitId":"JethroPhuah"},"content":"                }"},{"lineNumber":45,"author":{"gitId":"JethroPhuah"},"content":"            }"},{"lineNumber":46,"author":{"gitId":"JethroPhuah"},"content":"            ch2 \u003d in.charAt(index);"},{"lineNumber":47,"author":{"gitId":"JethroPhuah"},"content":"            if(Character.isDigit(ch1)\u0026\u0026Character.isDigit(ch2)) {"},{"lineNumber":48,"author":{"gitId":"JethroPhuah"},"content":"                return Character.getNumericValue(ch1)*10 + Character.getNumericValue(ch2);"},{"lineNumber":49,"author":{"gitId":"JethroPhuah"},"content":"            }"},{"lineNumber":50,"author":{"gitId":"JethroPhuah"},"content":"        }"},{"lineNumber":51,"author":{"gitId":"JethroPhuah"},"content":"        return 0;"},{"lineNumber":52,"author":{"gitId":"JethroPhuah"},"content":"    }"},{"lineNumber":53,"author":{"gitId":"JethroPhuah"},"content":""},{"lineNumber":54,"author":{"gitId":"JethroPhuah"},"content":"    public void welcomeMessage() {"},{"lineNumber":55,"author":{"gitId":"JethroPhuah"},"content":"        String logo \u003d \" ____        _        \\n\""},{"lineNumber":56,"author":{"gitId":"JethroPhuah"},"content":"                + \"|  _ \\\\ _   _| | _____ \\n\""},{"lineNumber":57,"author":{"gitId":"JethroPhuah"},"content":"                + \"| | | | | | | |/ / _ \\\\\\n\""},{"lineNumber":58,"author":{"gitId":"JethroPhuah"},"content":"                + \"| |_| | |_| |   \u003c  __/\\n\""},{"lineNumber":59,"author":{"gitId":"JethroPhuah"},"content":"                + \"|____/ \\\\__,_|_|\\\\_\\\\___|\\n\";"},{"lineNumber":60,"author":{"gitId":"JethroPhuah"},"content":"        System.out.println(\"Hello from\\n\" + logo);"},{"lineNumber":61,"author":{"gitId":"JethroPhuah"},"content":"        System.out.println(\"--------------------------------------------\");"},{"lineNumber":62,"author":{"gitId":"JethroPhuah"},"content":"        System.out.println(\"Hello! I\u0027m Duke\\n\" + \"What can I do for you?\");"},{"lineNumber":63,"author":{"gitId":"JethroPhuah"},"content":"        System.out.println(\"--------------------------------------------\");"},{"lineNumber":64,"author":{"gitId":"JethroPhuah"},"content":"    }"},{"lineNumber":65,"author":{"gitId":"JethroPhuah"},"content":""},{"lineNumber":66,"author":{"gitId":"JethroPhuah"},"content":"    public void saveOutput(ArrayList\u003cTask\u003e tasks){"},{"lineNumber":67,"author":{"gitId":"JethroPhuah"},"content":"        try {"},{"lineNumber":68,"author":{"gitId":"JethroPhuah"},"content":"            FileWriter myWriter \u003d new FileWriter(\"duke.txt\");"},{"lineNumber":69,"author":{"gitId":"JethroPhuah"},"content":"            for (Task task : tasks) {"},{"lineNumber":70,"author":{"gitId":"JethroPhuah"},"content":"                if (task instanceof Deadline) {"},{"lineNumber":71,"author":{"gitId":"JethroPhuah"},"content":"                    myWriter.write(((Deadline) task).getType() + \" | \" + task.getDone() + \" | \" + task.getDescription() + \" | \" + ((Deadline) task).getBy());"},{"lineNumber":72,"author":{"gitId":"JethroPhuah"},"content":"                }"},{"lineNumber":73,"author":{"gitId":"JethroPhuah"},"content":"                else if (task instanceof Event) {"},{"lineNumber":74,"author":{"gitId":"JethroPhuah"},"content":"                    myWriter.write(((Event) task).getType() + \" | \" + task.getDone() + \" | \" + task.getDescription() + \" | \" + ((Event) task).getAt());"},{"lineNumber":75,"author":{"gitId":"JethroPhuah"},"content":"                }"},{"lineNumber":76,"author":{"gitId":"JethroPhuah"},"content":"                else if (task instanceof ToDo) {"},{"lineNumber":77,"author":{"gitId":"JethroPhuah"},"content":"                    myWriter.write(((ToDo) task).getType() + \" | \" + task.getDone() + \" | \" + task.getDescription());"},{"lineNumber":78,"author":{"gitId":"JethroPhuah"},"content":"                }"},{"lineNumber":79,"author":{"gitId":"JethroPhuah"},"content":"                //myWriter.write(((Deadline) task).getBy());"},{"lineNumber":80,"author":{"gitId":"JethroPhuah"},"content":"                myWriter.write(\"\\n\");"},{"lineNumber":81,"author":{"gitId":"JethroPhuah"},"content":"            }"},{"lineNumber":82,"author":{"gitId":"JethroPhuah"},"content":"            myWriter.close();"},{"lineNumber":83,"author":{"gitId":"JethroPhuah"},"content":"            System.out.println(\"Successfully wrote to the file.\");"},{"lineNumber":84,"author":{"gitId":"JethroPhuah"},"content":"        } catch (IOException e) {"},{"lineNumber":85,"author":{"gitId":"JethroPhuah"},"content":"            System.out.println(\"An error occurred.\");"},{"lineNumber":86,"author":{"gitId":"JethroPhuah"},"content":"            e.printStackTrace();"},{"lineNumber":87,"author":{"gitId":"JethroPhuah"},"content":"        }"},{"lineNumber":88,"author":{"gitId":"JethroPhuah"},"content":"    }"},{"lineNumber":89,"author":{"gitId":"JethroPhuah"},"content":""},{"lineNumber":90,"author":{"gitId":"JethroPhuah"},"content":"    public ArrayList\u003cTask\u003e loadFile() {"},{"lineNumber":91,"author":{"gitId":"JethroPhuah"},"content":"        ArrayList\u003cTask\u003e tasks \u003d new ArrayList\u003cTask\u003e();"},{"lineNumber":92,"author":{"gitId":"JethroPhuah"},"content":"        try {"},{"lineNumber":93,"author":{"gitId":"JethroPhuah"},"content":"            File myObj \u003d new File(\"duke.txt\");"},{"lineNumber":94,"author":{"gitId":"JethroPhuah"},"content":"            Scanner myReader \u003d new Scanner(myObj);"},{"lineNumber":95,"author":{"gitId":"JethroPhuah"},"content":"            while (myReader.hasNextLine()) {"},{"lineNumber":96,"author":{"gitId":"JethroPhuah"},"content":"                String data \u003d myReader.nextLine();"},{"lineNumber":97,"author":{"gitId":"JethroPhuah"},"content":"                String[] strings \u003d data.split(\" | \");"},{"lineNumber":98,"author":{"gitId":"JethroPhuah"},"content":"                if (strings[0].equals(\"T\")) {"},{"lineNumber":99,"author":{"gitId":"JethroPhuah"},"content":"                    Task task \u003d new ToDo(strings[4]);"},{"lineNumber":100,"author":{"gitId":"JethroPhuah"},"content":"                    if (strings[2].equals(\"1\")) {"},{"lineNumber":101,"author":{"gitId":"JethroPhuah"},"content":"                        task.setDone(true);"},{"lineNumber":102,"author":{"gitId":"JethroPhuah"},"content":"                    }"},{"lineNumber":103,"author":{"gitId":"JethroPhuah"},"content":"                    else {"},{"lineNumber":104,"author":{"gitId":"JethroPhuah"},"content":"                        task.setDone(false);"},{"lineNumber":105,"author":{"gitId":"JethroPhuah"},"content":"                    }"},{"lineNumber":106,"author":{"gitId":"JethroPhuah"},"content":"                    tasks.add(task);"},{"lineNumber":107,"author":{"gitId":"JethroPhuah"},"content":"                }"},{"lineNumber":108,"author":{"gitId":"JethroPhuah"},"content":"                else if (strings[0].equals(\"D\")) {"},{"lineNumber":109,"author":{"gitId":"JethroPhuah"},"content":"                    Task task \u003d new Deadline(strings[4], strings[6]);"},{"lineNumber":110,"author":{"gitId":"JethroPhuah"},"content":"                    if (strings[2].equals(\"1\")) {"},{"lineNumber":111,"author":{"gitId":"JethroPhuah"},"content":"                        task.setDone(true);"},{"lineNumber":112,"author":{"gitId":"JethroPhuah"},"content":"                    }"},{"lineNumber":113,"author":{"gitId":"JethroPhuah"},"content":"                    else {"},{"lineNumber":114,"author":{"gitId":"JethroPhuah"},"content":"                        task.setDone(false);"},{"lineNumber":115,"author":{"gitId":"JethroPhuah"},"content":"                    }"},{"lineNumber":116,"author":{"gitId":"JethroPhuah"},"content":"                    tasks.add(task);"},{"lineNumber":117,"author":{"gitId":"JethroPhuah"},"content":"                }"},{"lineNumber":118,"author":{"gitId":"JethroPhuah"},"content":"                else if (strings[0].equals(\"E\")) {"},{"lineNumber":119,"author":{"gitId":"JethroPhuah"},"content":"                    Task task \u003d new Event(strings[4], strings[6]);"},{"lineNumber":120,"author":{"gitId":"JethroPhuah"},"content":"                    if (strings[2].equals(\"1\")) {"},{"lineNumber":121,"author":{"gitId":"JethroPhuah"},"content":"                        task.setDone(true);"},{"lineNumber":122,"author":{"gitId":"JethroPhuah"},"content":"                    }"},{"lineNumber":123,"author":{"gitId":"JethroPhuah"},"content":"                    else {"},{"lineNumber":124,"author":{"gitId":"JethroPhuah"},"content":"                        task.setDone(false);"},{"lineNumber":125,"author":{"gitId":"JethroPhuah"},"content":"                    }"},{"lineNumber":126,"author":{"gitId":"JethroPhuah"},"content":"                    tasks.add(task);"},{"lineNumber":127,"author":{"gitId":"JethroPhuah"},"content":"                }"},{"lineNumber":128,"author":{"gitId":"JethroPhuah"},"content":"            }"},{"lineNumber":129,"author":{"gitId":"JethroPhuah"},"content":"            myReader.close();"},{"lineNumber":130,"author":{"gitId":"JethroPhuah"},"content":"        } catch (FileNotFoundException e) {"},{"lineNumber":131,"author":{"gitId":"JethroPhuah"},"content":"            System.out.println(\"Cannot load file as no such file exists. Create new list.\");"},{"lineNumber":132,"author":{"gitId":"JethroPhuah"},"content":"            System.out.println(\"--------------------------------------------\");"},{"lineNumber":133,"author":{"gitId":"JethroPhuah"},"content":"            return null;"},{"lineNumber":134,"author":{"gitId":"JethroPhuah"},"content":"        }"},{"lineNumber":135,"author":{"gitId":"JethroPhuah"},"content":"        return tasks;"},{"lineNumber":136,"author":{"gitId":"JethroPhuah"},"content":"    }"},{"lineNumber":137,"author":{"gitId":"JethroPhuah"},"content":""},{"lineNumber":138,"author":{"gitId":"JethroPhuah"},"content":"    public void printTask(ArrayList\u003cTask\u003e tasks, int count) {"},{"lineNumber":139,"author":{"gitId":"JethroPhuah"},"content":"        System.out.println(\"--------------------------------------------\");"},{"lineNumber":140,"author":{"gitId":"JethroPhuah"},"content":"        System.out.println(\"Got it. I\u0027ve added this task: \");"},{"lineNumber":141,"author":{"gitId":"JethroPhuah"},"content":"        System.out.println(tasks.get(count).getPrintedLine());"},{"lineNumber":142,"author":{"gitId":"JethroPhuah"},"content":"        System.out.println(\"Now you have \" + tasks.size() + \" tasks in the list.\");"},{"lineNumber":143,"author":{"gitId":"JethroPhuah"},"content":"        System.out.println(\"--------------------------------------------\");"},{"lineNumber":144,"author":{"gitId":"JethroPhuah"},"content":"    }"},{"lineNumber":145,"author":{"gitId":"JethroPhuah"},"content":""},{"lineNumber":146,"author":{"gitId":"JethroPhuah"},"content":"    public void printList(ArrayList\u003cTask\u003e tasks) {"},{"lineNumber":147,"author":{"gitId":"JethroPhuah"},"content":"        int count \u003d 1;"},{"lineNumber":148,"author":{"gitId":"JethroPhuah"},"content":"        System.out.println(\"--------------------------------------------\");"},{"lineNumber":149,"author":{"gitId":"JethroPhuah"},"content":"        System.out.println(\"Here are the tasks in your list:\");"},{"lineNumber":150,"author":{"gitId":"JethroPhuah"},"content":"        for (Task task: tasks) {"},{"lineNumber":151,"author":{"gitId":"JethroPhuah"},"content":"            System.out.println(count+ \". \" + task.getPrintedLine());"},{"lineNumber":152,"author":{"gitId":"JethroPhuah"},"content":"            count++;"},{"lineNumber":153,"author":{"gitId":"JethroPhuah"},"content":"        }"},{"lineNumber":154,"author":{"gitId":"JethroPhuah"},"content":"        System.out.println(\"--------------------------------------------\");"},{"lineNumber":155,"author":{"gitId":"JethroPhuah"},"content":"    }"},{"lineNumber":156,"author":{"gitId":"JethroPhuah"},"content":""},{"lineNumber":157,"author":{"gitId":"JethroPhuah"},"content":"    public void printDone(ArrayList\u003cTask\u003e tasks, String in) {"},{"lineNumber":158,"author":{"gitId":"JethroPhuah"},"content":"        int numerate;"},{"lineNumber":159,"author":{"gitId":"JethroPhuah"},"content":"        numerate \u003d charNumber(in);"},{"lineNumber":160,"author":{"gitId":"JethroPhuah"},"content":"        try {"},{"lineNumber":161,"author":{"gitId":"JethroPhuah"},"content":"            if (numerate \u003e tasks.size() || numerate \u003d\u003d 0) {"},{"lineNumber":162,"author":{"gitId":"JethroPhuah"},"content":"                throw new NullPointerException(\"There is no such event in your list\");"},{"lineNumber":163,"author":{"gitId":"JethroPhuah"},"content":"            }"},{"lineNumber":164,"author":{"gitId":"JethroPhuah"},"content":"            System.out.println(\"--------------------------------------------\");"},{"lineNumber":165,"author":{"gitId":"JethroPhuah"},"content":"            tasks.get(numerate-1).markAsDone();"},{"lineNumber":166,"author":{"gitId":"JethroPhuah"},"content":"            System.out.println(tasks.get(numerate-1).getPrintedLine());"},{"lineNumber":167,"author":{"gitId":"JethroPhuah"},"content":"            System.out.println(\"--------------------------------------------\");"},{"lineNumber":168,"author":{"gitId":"JethroPhuah"},"content":"        }"},{"lineNumber":169,"author":{"gitId":"JethroPhuah"},"content":"        catch (NullPointerException e) {"},{"lineNumber":170,"author":{"gitId":"JethroPhuah"},"content":"            System.out.println(e.getMessage());"},{"lineNumber":171,"author":{"gitId":"JethroPhuah"},"content":"            System.out.println(\"--------------------------------------------\");"},{"lineNumber":172,"author":{"gitId":"JethroPhuah"},"content":"        }"},{"lineNumber":173,"author":{"gitId":"JethroPhuah"},"content":"    }"},{"lineNumber":174,"author":{"gitId":"JethroPhuah"},"content":""},{"lineNumber":175,"author":{"gitId":"JethroPhuah"},"content":"    public void printTodo(ArrayList\u003cTask\u003e tasks, String in, String[] strings, int count1) {"},{"lineNumber":176,"author":{"gitId":"JethroPhuah"},"content":"        try{"},{"lineNumber":177,"author":{"gitId":"JethroPhuah"},"content":"            if (in.equals(\"todo\")) {"},{"lineNumber":178,"author":{"gitId":"JethroPhuah"},"content":"                throw new DukeException(\"todo\");"},{"lineNumber":179,"author":{"gitId":"JethroPhuah"},"content":"            }"},{"lineNumber":180,"author":{"gitId":"JethroPhuah"},"content":"            Task task \u003d new ToDo(strings[0]);"},{"lineNumber":181,"author":{"gitId":"JethroPhuah"},"content":"            tasks.add(task);"},{"lineNumber":182,"author":{"gitId":"JethroPhuah"},"content":"            printTask(tasks, count1);"},{"lineNumber":183,"author":{"gitId":"JethroPhuah"},"content":"        }"},{"lineNumber":184,"author":{"gitId":"JethroPhuah"},"content":"        catch(DukeException e) {"},{"lineNumber":185,"author":{"gitId":"JethroPhuah"},"content":"            System.out.println(e.getMessage());"},{"lineNumber":186,"author":{"gitId":"JethroPhuah"},"content":"            System.out.println(\"--------------------------------------------\");"},{"lineNumber":187,"author":{"gitId":"JethroPhuah"},"content":"        }"},{"lineNumber":188,"author":{"gitId":"JethroPhuah"},"content":"    }"},{"lineNumber":189,"author":{"gitId":"JethroPhuah"},"content":""},{"lineNumber":190,"author":{"gitId":"JethroPhuah"},"content":"    public void printDeadline(ArrayList\u003cTask\u003e tasks, String in, String[] strings, int count1) {"},{"lineNumber":191,"author":{"gitId":"JethroPhuah"},"content":"        try{"},{"lineNumber":192,"author":{"gitId":"JethroPhuah"},"content":"            if (in.equals(\"deadline\")) {"},{"lineNumber":193,"author":{"gitId":"JethroPhuah"},"content":"                throw new DukeException(\"deadline\");"},{"lineNumber":194,"author":{"gitId":"JethroPhuah"},"content":"            }"},{"lineNumber":195,"author":{"gitId":"JethroPhuah"},"content":"            Task task \u003d new Deadline(strings[0], strings[1]);"},{"lineNumber":196,"author":{"gitId":"JethroPhuah"},"content":"            tasks.add(task);"},{"lineNumber":197,"author":{"gitId":"JethroPhuah"},"content":"            printTask(tasks, count1);"},{"lineNumber":198,"author":{"gitId":"JethroPhuah"},"content":"        }"},{"lineNumber":199,"author":{"gitId":"JethroPhuah"},"content":"        catch (DukeException e) {"},{"lineNumber":200,"author":{"gitId":"JethroPhuah"},"content":"            System.out.println(e.getMessage());"},{"lineNumber":201,"author":{"gitId":"JethroPhuah"},"content":"            System.out.println(\"--------------------------------------------\");"},{"lineNumber":202,"author":{"gitId":"JethroPhuah"},"content":"        }"},{"lineNumber":203,"author":{"gitId":"JethroPhuah"},"content":"    }"},{"lineNumber":204,"author":{"gitId":"JethroPhuah"},"content":""},{"lineNumber":205,"author":{"gitId":"JethroPhuah"},"content":"    public void printEvent(ArrayList\u003cTask\u003e tasks, String in, String[] strings, int count1) {"},{"lineNumber":206,"author":{"gitId":"JethroPhuah"},"content":"        try{"},{"lineNumber":207,"author":{"gitId":"JethroPhuah"},"content":"            if (in.equals(\"event\")) {"},{"lineNumber":208,"author":{"gitId":"JethroPhuah"},"content":"                throw new DukeException(\"event\");"},{"lineNumber":209,"author":{"gitId":"JethroPhuah"},"content":"            }"},{"lineNumber":210,"author":{"gitId":"JethroPhuah"},"content":"            Task task \u003d new Event(strings[0], strings[1]);"},{"lineNumber":211,"author":{"gitId":"JethroPhuah"},"content":"            tasks.add(task);"},{"lineNumber":212,"author":{"gitId":"JethroPhuah"},"content":"            printTask(tasks, count1);"},{"lineNumber":213,"author":{"gitId":"JethroPhuah"},"content":"        }"},{"lineNumber":214,"author":{"gitId":"JethroPhuah"},"content":"        catch (DukeException e) {"},{"lineNumber":215,"author":{"gitId":"JethroPhuah"},"content":"            System.out.println(e.getMessage());"},{"lineNumber":216,"author":{"gitId":"JethroPhuah"},"content":"            System.out.println(\"--------------------------------------------\");"},{"lineNumber":217,"author":{"gitId":"JethroPhuah"},"content":"        }"},{"lineNumber":218,"author":{"gitId":"JethroPhuah"},"content":"    }"},{"lineNumber":219,"author":{"gitId":"JethroPhuah"},"content":""},{"lineNumber":220,"author":{"gitId":"JethroPhuah"},"content":"    public void printDK(String in) {"},{"lineNumber":221,"author":{"gitId":"JethroPhuah"},"content":"        try {"},{"lineNumber":222,"author":{"gitId":"JethroPhuah"},"content":"            if (!in.contains(\"deadline\") || !in.contains(\"event\") || !in.contains(\"todo\")) {"},{"lineNumber":223,"author":{"gitId":"JethroPhuah"},"content":"                throw new DukeException();"},{"lineNumber":224,"author":{"gitId":"JethroPhuah"},"content":"            }"},{"lineNumber":225,"author":{"gitId":"JethroPhuah"},"content":"        }"},{"lineNumber":226,"author":{"gitId":"JethroPhuah"},"content":"        catch (DukeException e) {"},{"lineNumber":227,"author":{"gitId":"JethroPhuah"},"content":"            System.out.println(\"OOPS!!! I\u0027m sorry, but I don\u0027t know what that means :-(\");"},{"lineNumber":228,"author":{"gitId":"JethroPhuah"},"content":"            System.out.println(\"--------------------------------------------\");"},{"lineNumber":229,"author":{"gitId":"JethroPhuah"},"content":"        }"},{"lineNumber":230,"author":{"gitId":"JethroPhuah"},"content":"    }"},{"lineNumber":231,"author":{"gitId":"JethroPhuah"},"content":""},{"lineNumber":232,"author":{"gitId":"JethroPhuah"},"content":"    public void deleteTask(ArrayList\u003cTask\u003e tasks, String in){"},{"lineNumber":233,"author":{"gitId":"JethroPhuah"},"content":"        int numerate;"},{"lineNumber":234,"author":{"gitId":"JethroPhuah"},"content":"        numerate \u003d charNumber(in);"},{"lineNumber":235,"author":{"gitId":"JethroPhuah"},"content":"        try {"},{"lineNumber":236,"author":{"gitId":"JethroPhuah"},"content":"            if (numerate \u003e tasks.size() || numerate \u003d\u003d 0) {"},{"lineNumber":237,"author":{"gitId":"JethroPhuah"},"content":"                throw new NullPointerException(\"There is no such event in your list\");"},{"lineNumber":238,"author":{"gitId":"JethroPhuah"},"content":"            }"},{"lineNumber":239,"author":{"gitId":"JethroPhuah"},"content":"            System.out.println(\"--------------------------------------------\");"},{"lineNumber":240,"author":{"gitId":"JethroPhuah"},"content":"            System.out.println(\"Noted. I\u0027ve removed this task: \");"},{"lineNumber":241,"author":{"gitId":"JethroPhuah"},"content":"            System.out.println(tasks.get(numerate-1).getPrintedLine());"},{"lineNumber":242,"author":{"gitId":"JethroPhuah"},"content":"            tasks.remove(numerate-1);"},{"lineNumber":243,"author":{"gitId":"JethroPhuah"},"content":"            System.out.println(\"Now you have \" + tasks.size() + \" tasks in the list.\");"},{"lineNumber":244,"author":{"gitId":"JethroPhuah"},"content":"            System.out.println(\"--------------------------------------------\");"},{"lineNumber":245,"author":{"gitId":"JethroPhuah"},"content":""},{"lineNumber":246,"author":{"gitId":"JethroPhuah"},"content":"        }"},{"lineNumber":247,"author":{"gitId":"JethroPhuah"},"content":"        catch (NullPointerException e) {"},{"lineNumber":248,"author":{"gitId":"JethroPhuah"},"content":"            System.out.println(e.getMessage());"},{"lineNumber":249,"author":{"gitId":"JethroPhuah"},"content":"            System.out.println(\"--------------------------------------------\");"},{"lineNumber":250,"author":{"gitId":"JethroPhuah"},"content":"        }"},{"lineNumber":251,"author":{"gitId":"JethroPhuah"},"content":"    }"},{"lineNumber":252,"author":{"gitId":"JethroPhuah"},"content":"}"}],"authorContributionMap":{"JethroPhuah":252}},{"path":"src/main/java/Controller/DukeException.java","fileType":"java","lines":[{"lineNumber":1,"author":{"gitId":"JethroPhuah"},"content":"package Controller;"},{"lineNumber":2,"author":{"gitId":"JethroPhuah"},"content":"public class DukeException extends Exception {"},{"lineNumber":3,"author":{"gitId":"JethroPhuah"},"content":"    public DukeException(String message) {"},{"lineNumber":4,"author":{"gitId":"JethroPhuah"},"content":"        super(\"OOPS!!! The description of a/an \" + message + \" cannot be empty.\");"},{"lineNumber":5,"author":{"gitId":"JethroPhuah"},"content":"    }"},{"lineNumber":6,"author":{"gitId":"JethroPhuah"},"content":""},{"lineNumber":7,"author":{"gitId":"JethroPhuah"},"content":"    public DukeException() {"},{"lineNumber":8,"author":{"gitId":"JethroPhuah"},"content":"        super();"},{"lineNumber":9,"author":{"gitId":"JethroPhuah"},"content":"    }"},{"lineNumber":10,"author":{"gitId":"JethroPhuah"},"content":"}"}],"authorContributionMap":{"JethroPhuah":10}},{"path":"src/main/java/Duke.java","fileType":"java","lines":[{"lineNumber":1,"author":{"gitId":"JethroPhuah"},"content":"import java.util.Scanner;"},{"lineNumber":2,"author":{"gitId":"JethroPhuah"},"content":"import Controller.DukeController;"},{"lineNumber":3,"author":{"gitId":"JethroPhuah"},"content":"import Tasks.*;"},{"lineNumber":4,"author":{"gitId":"JethroPhuah"},"content":"import java.util.ArrayList;"},{"lineNumber":5,"author":{"gitId":"-"},"content":"public class Duke {"},{"lineNumber":6,"author":{"gitId":"JethroPhuah"},"content":""},{"lineNumber":7,"author":{"gitId":"-"},"content":"    public static void main(String[] args) {"},{"lineNumber":8,"author":{"gitId":"JethroPhuah"},"content":"        DukeController dc \u003d new DukeController();"},{"lineNumber":9,"author":{"gitId":"JethroPhuah"},"content":"        dc.welcomeMessage();"},{"lineNumber":10,"author":{"gitId":"JethroPhuah"},"content":"        ArrayList \u003cTask\u003e tasks \u003d dc.loadFile();"},{"lineNumber":11,"author":{"gitId":"JethroPhuah"},"content":"        if (tasks \u003d\u003d null) {"},{"lineNumber":12,"author":{"gitId":"JethroPhuah"},"content":"            tasks \u003d new ArrayList\u003cTask\u003e();"},{"lineNumber":13,"author":{"gitId":"JethroPhuah"},"content":"        }"},{"lineNumber":14,"author":{"gitId":"JethroPhuah"},"content":"        Scanner sc \u003d new Scanner(System.in);"},{"lineNumber":15,"author":{"gitId":"JethroPhuah"},"content":"        String in \u003d sc.nextLine();"},{"lineNumber":16,"author":{"gitId":"JethroPhuah"},"content":"        String[] strings \u003d new String[3];"},{"lineNumber":17,"author":{"gitId":"JethroPhuah"},"content":"        strings \u003d dc.processInput(in);"},{"lineNumber":18,"author":{"gitId":"JethroPhuah"},"content":"        int count1 \u003d tasks.size();"},{"lineNumber":19,"author":{"gitId":"JethroPhuah"},"content":"        do {"},{"lineNumber":20,"author":{"gitId":"JethroPhuah"},"content":"            int numerate \u003d 0;"},{"lineNumber":21,"author":{"gitId":"JethroPhuah"},"content":"            if (in.equals(\"list\")) {"},{"lineNumber":22,"author":{"gitId":"JethroPhuah"},"content":"                dc.printList(tasks);"},{"lineNumber":23,"author":{"gitId":"-"},"content":"            }"},{"lineNumber":24,"author":{"gitId":"JethroPhuah"},"content":""},{"lineNumber":25,"author":{"gitId":"JethroPhuah"},"content":"            else if (in.contains(\"delete\")) {"},{"lineNumber":26,"author":{"gitId":"JethroPhuah"},"content":"                dc.deleteTask(tasks, in);"},{"lineNumber":27,"author":{"gitId":"JethroPhuah"},"content":"            }"},{"lineNumber":28,"author":{"gitId":"JethroPhuah"},"content":""},{"lineNumber":29,"author":{"gitId":"JethroPhuah"},"content":"            else if (in.contains(\"done\")) {"},{"lineNumber":30,"author":{"gitId":"JethroPhuah"},"content":"                dc.printDone(tasks, in);"},{"lineNumber":31,"author":{"gitId":"-"},"content":"            }"},{"lineNumber":32,"author":{"gitId":"JethroPhuah"},"content":""},{"lineNumber":33,"author":{"gitId":"JethroPhuah"},"content":"            else if (in.contains(\"todo\")) {"},{"lineNumber":34,"author":{"gitId":"JethroPhuah"},"content":"                dc.printTodo(tasks, in, strings, count1);"},{"lineNumber":35,"author":{"gitId":"JethroPhuah"},"content":"                count1++;"},{"lineNumber":36,"author":{"gitId":"JethroPhuah"},"content":""},{"lineNumber":37,"author":{"gitId":"JethroPhuah"},"content":"            }"},{"lineNumber":38,"author":{"gitId":"JethroPhuah"},"content":""},{"lineNumber":39,"author":{"gitId":"JethroPhuah"},"content":"            else if (in.contains(\"deadline\")) {"},{"lineNumber":40,"author":{"gitId":"JethroPhuah"},"content":"                dc.printDeadline(tasks, in, strings, count1);"},{"lineNumber":41,"author":{"gitId":"JethroPhuah"},"content":"                count1++;"},{"lineNumber":42,"author":{"gitId":"JethroPhuah"},"content":"            }"},{"lineNumber":43,"author":{"gitId":"JethroPhuah"},"content":""},{"lineNumber":44,"author":{"gitId":"JethroPhuah"},"content":"            else if (in.contains(\"event\")) {"},{"lineNumber":45,"author":{"gitId":"JethroPhuah"},"content":"                dc.printEvent(tasks, in, strings, count1);"},{"lineNumber":46,"author":{"gitId":"JethroPhuah"},"content":"                count1++;"},{"lineNumber":47,"author":{"gitId":"JethroPhuah"},"content":"            }"},{"lineNumber":48,"author":{"gitId":"JethroPhuah"},"content":""},{"lineNumber":49,"author":{"gitId":"JethroPhuah"},"content":"            else if (in.contains(\"save\")) {"},{"lineNumber":50,"author":{"gitId":"JethroPhuah"},"content":"                dc.saveOutput(tasks);"},{"lineNumber":51,"author":{"gitId":"JethroPhuah"},"content":"            }"},{"lineNumber":52,"author":{"gitId":"JethroPhuah"},"content":""},{"lineNumber":53,"author":{"gitId":"JethroPhuah"},"content":"            else {"},{"lineNumber":54,"author":{"gitId":"JethroPhuah"},"content":"                dc.printDK(in);"},{"lineNumber":55,"author":{"gitId":"JethroPhuah"},"content":"            }"},{"lineNumber":56,"author":{"gitId":"JethroPhuah"},"content":"            in \u003d sc.nextLine();"},{"lineNumber":57,"author":{"gitId":"JethroPhuah"},"content":"            strings \u003d dc.processInput(in);"},{"lineNumber":58,"author":{"gitId":"JethroPhuah"},"content":""},{"lineNumber":59,"author":{"gitId":"JethroPhuah"},"content":"        } while (!in.equals(\"bye\"));"},{"lineNumber":60,"author":{"gitId":"JethroPhuah"},"content":""},{"lineNumber":61,"author":{"gitId":"JethroPhuah"},"content":"        System.out.println(\"--------------------------------------------\");"},{"lineNumber":62,"author":{"gitId":"JethroPhuah"},"content":"        System.out.println(\"Bye. Hope to see you again soon!\");"},{"lineNumber":63,"author":{"gitId":"JethroPhuah"},"content":"        System.out.println(\"--------------------------------------------\");"},{"lineNumber":64,"author":{"gitId":"-"},"content":"    }"},{"lineNumber":65,"author":{"gitId":"-"},"content":"}"},{"lineNumber":66,"author":{"gitId":"JethroPhuah"},"content":""},{"lineNumber":67,"author":{"gitId":"JethroPhuah"},"content":""},{"lineNumber":68,"author":{"gitId":"JethroPhuah"},"content":""},{"lineNumber":69,"author":{"gitId":"JethroPhuah"},"content":""},{"lineNumber":70,"author":{"gitId":"JethroPhuah"},"content":""}],"authorContributionMap":{"JethroPhuah":64,"-":6}},{"path":"src/main/java/Tasks/Deadline.java","fileType":"java","lines":[{"lineNumber":1,"author":{"gitId":"JethroPhuah"},"content":"package Tasks;"},{"lineNumber":2,"author":{"gitId":"JethroPhuah"},"content":"public class Deadline extends Task {"},{"lineNumber":3,"author":{"gitId":"JethroPhuah"},"content":"    protected String by;"},{"lineNumber":4,"author":{"gitId":"JethroPhuah"},"content":"    protected String type \u003d \"D\";"},{"lineNumber":5,"author":{"gitId":"JethroPhuah"},"content":""},{"lineNumber":6,"author":{"gitId":"JethroPhuah"},"content":"    public Deadline() {};"},{"lineNumber":7,"author":{"gitId":"JethroPhuah"},"content":""},{"lineNumber":8,"author":{"gitId":"JethroPhuah"},"content":"    public Deadline(String description, String by) {"},{"lineNumber":9,"author":{"gitId":"JethroPhuah"},"content":"        super(description);"},{"lineNumber":10,"author":{"gitId":"JethroPhuah"},"content":"        this.by \u003d by;"},{"lineNumber":11,"author":{"gitId":"JethroPhuah"},"content":"    }"},{"lineNumber":12,"author":{"gitId":"JethroPhuah"},"content":""},{"lineNumber":13,"author":{"gitId":"JethroPhuah"},"content":"    public String getBy() {"},{"lineNumber":14,"author":{"gitId":"JethroPhuah"},"content":"        return by;"},{"lineNumber":15,"author":{"gitId":"JethroPhuah"},"content":"    }"},{"lineNumber":16,"author":{"gitId":"JethroPhuah"},"content":""},{"lineNumber":17,"author":{"gitId":"JethroPhuah"},"content":"    public String getType() {"},{"lineNumber":18,"author":{"gitId":"JethroPhuah"},"content":"        return type;"},{"lineNumber":19,"author":{"gitId":"JethroPhuah"},"content":"    }"},{"lineNumber":20,"author":{"gitId":"JethroPhuah"},"content":""},{"lineNumber":21,"author":{"gitId":"JethroPhuah"},"content":"    public String getPrintedLine() {"},{"lineNumber":22,"author":{"gitId":"JethroPhuah"},"content":"        return \"[D]\" + super.getPrintedLine() + \" (by: \" + by + \")\";"},{"lineNumber":23,"author":{"gitId":"JethroPhuah"},"content":"    }"},{"lineNumber":24,"author":{"gitId":"JethroPhuah"},"content":"}"}],"authorContributionMap":{"JethroPhuah":24}},{"path":"src/main/java/Tasks/Event.java","fileType":"java","lines":[{"lineNumber":1,"author":{"gitId":"JethroPhuah"},"content":"package Tasks;"},{"lineNumber":2,"author":{"gitId":"JethroPhuah"},"content":"public class Event extends Task {"},{"lineNumber":3,"author":{"gitId":"JethroPhuah"},"content":"    protected String at;"},{"lineNumber":4,"author":{"gitId":"JethroPhuah"},"content":"    protected String type \u003d \"E\";"},{"lineNumber":5,"author":{"gitId":"JethroPhuah"},"content":""},{"lineNumber":6,"author":{"gitId":"JethroPhuah"},"content":"    public Event() {};"},{"lineNumber":7,"author":{"gitId":"JethroPhuah"},"content":""},{"lineNumber":8,"author":{"gitId":"JethroPhuah"},"content":"    public Event(String description, String at) {"},{"lineNumber":9,"author":{"gitId":"JethroPhuah"},"content":"        super(description);"},{"lineNumber":10,"author":{"gitId":"JethroPhuah"},"content":"        this.at \u003d at;"},{"lineNumber":11,"author":{"gitId":"JethroPhuah"},"content":"    }"},{"lineNumber":12,"author":{"gitId":"JethroPhuah"},"content":""},{"lineNumber":13,"author":{"gitId":"JethroPhuah"},"content":"    public String getAt() {"},{"lineNumber":14,"author":{"gitId":"JethroPhuah"},"content":"        return at;"},{"lineNumber":15,"author":{"gitId":"JethroPhuah"},"content":"    }"},{"lineNumber":16,"author":{"gitId":"JethroPhuah"},"content":""},{"lineNumber":17,"author":{"gitId":"JethroPhuah"},"content":"    public String getType() {"},{"lineNumber":18,"author":{"gitId":"JethroPhuah"},"content":"        return type;"},{"lineNumber":19,"author":{"gitId":"JethroPhuah"},"content":"    }"},{"lineNumber":20,"author":{"gitId":"JethroPhuah"},"content":""},{"lineNumber":21,"author":{"gitId":"JethroPhuah"},"content":"    public String getPrintedLine() {"},{"lineNumber":22,"author":{"gitId":"JethroPhuah"},"content":"        return \"[E]\" + super.getPrintedLine() + \" (at: \" + at + \")\";"},{"lineNumber":23,"author":{"gitId":"JethroPhuah"},"content":"    }"},{"lineNumber":24,"author":{"gitId":"JethroPhuah"},"content":"}"}],"authorContributionMap":{"JethroPhuah":24}},{"path":"src/main/java/Tasks/Task.java","fileType":"java","lines":[{"lineNumber":1,"author":{"gitId":"JethroPhuah"},"content":"package Tasks;"},{"lineNumber":2,"author":{"gitId":"JethroPhuah"},"content":"public class Task {"},{"lineNumber":3,"author":{"gitId":"JethroPhuah"},"content":"    protected String description;"},{"lineNumber":4,"author":{"gitId":"JethroPhuah"},"content":"    protected boolean isDone;"},{"lineNumber":5,"author":{"gitId":"JethroPhuah"},"content":""},{"lineNumber":6,"author":{"gitId":"JethroPhuah"},"content":"    public Task(String description) {"},{"lineNumber":7,"author":{"gitId":"JethroPhuah"},"content":"        this.description \u003d description;"},{"lineNumber":8,"author":{"gitId":"JethroPhuah"},"content":"        this.isDone \u003d false;"},{"lineNumber":9,"author":{"gitId":"JethroPhuah"},"content":"    }"},{"lineNumber":10,"author":{"gitId":"JethroPhuah"},"content":""},{"lineNumber":11,"author":{"gitId":"JethroPhuah"},"content":"    public Task() {"},{"lineNumber":12,"author":{"gitId":"JethroPhuah"},"content":"    }"},{"lineNumber":13,"author":{"gitId":"JethroPhuah"},"content":""},{"lineNumber":14,"author":{"gitId":"JethroPhuah"},"content":"    ;"},{"lineNumber":15,"author":{"gitId":"JethroPhuah"},"content":""},{"lineNumber":16,"author":{"gitId":"JethroPhuah"},"content":"    public void setDescription(String description) {"},{"lineNumber":17,"author":{"gitId":"JethroPhuah"},"content":"        this.description \u003d description;"},{"lineNumber":18,"author":{"gitId":"JethroPhuah"},"content":"    }"},{"lineNumber":19,"author":{"gitId":"JethroPhuah"},"content":""},{"lineNumber":20,"author":{"gitId":"JethroPhuah"},"content":"    public void setDone(boolean done) {"},{"lineNumber":21,"author":{"gitId":"JethroPhuah"},"content":"        isDone \u003d done;"},{"lineNumber":22,"author":{"gitId":"JethroPhuah"},"content":"    }"},{"lineNumber":23,"author":{"gitId":"JethroPhuah"},"content":""},{"lineNumber":24,"author":{"gitId":"JethroPhuah"},"content":"    public void markAsDone() {"},{"lineNumber":25,"author":{"gitId":"JethroPhuah"},"content":"        if (isDone \u003d\u003d false) {"},{"lineNumber":26,"author":{"gitId":"JethroPhuah"},"content":"            isDone \u003d true;"},{"lineNumber":27,"author":{"gitId":"JethroPhuah"},"content":"            System.out.println(\"Nice! I\u0027ve marked this task as done: \");"},{"lineNumber":28,"author":{"gitId":"JethroPhuah"},"content":"        } else {"},{"lineNumber":29,"author":{"gitId":"JethroPhuah"},"content":"            System.out.println(\"This task is already marked as done.\");"},{"lineNumber":30,"author":{"gitId":"JethroPhuah"},"content":"        }"},{"lineNumber":31,"author":{"gitId":"JethroPhuah"},"content":"    }"},{"lineNumber":32,"author":{"gitId":"JethroPhuah"},"content":""},{"lineNumber":33,"author":{"gitId":"JethroPhuah"},"content":"    public int getDone() {"},{"lineNumber":34,"author":{"gitId":"JethroPhuah"},"content":"            return(isDone? 1:0);"},{"lineNumber":35,"author":{"gitId":"JethroPhuah"},"content":"    }"},{"lineNumber":36,"author":{"gitId":"JethroPhuah"},"content":""},{"lineNumber":37,"author":{"gitId":"JethroPhuah"},"content":"    public String getDescription() {"},{"lineNumber":38,"author":{"gitId":"JethroPhuah"},"content":"        return this.description;"},{"lineNumber":39,"author":{"gitId":"JethroPhuah"},"content":"    }"},{"lineNumber":40,"author":{"gitId":"JethroPhuah"},"content":""},{"lineNumber":41,"author":{"gitId":"JethroPhuah"},"content":"    public String getStatusIcon() {"},{"lineNumber":42,"author":{"gitId":"JethroPhuah"},"content":"        return (isDone ? \"\\u2713\" : \"\\u2718\"); //return tick or X symbols"},{"lineNumber":43,"author":{"gitId":"JethroPhuah"},"content":"    }"},{"lineNumber":44,"author":{"gitId":"JethroPhuah"},"content":""},{"lineNumber":45,"author":{"gitId":"JethroPhuah"},"content":"    public String getPrintedLine(){"},{"lineNumber":46,"author":{"gitId":"JethroPhuah"},"content":"        return (\"[\" + this.getStatusIcon() + \"] \" + this.description);"},{"lineNumber":47,"author":{"gitId":"JethroPhuah"},"content":"    }"},{"lineNumber":48,"author":{"gitId":"JethroPhuah"},"content":""},{"lineNumber":49,"author":{"gitId":"JethroPhuah"},"content":"}"}],"authorContributionMap":{"JethroPhuah":49}},{"path":"src/main/java/Tasks/ToDo.java","fileType":"java","lines":[{"lineNumber":1,"author":{"gitId":"JethroPhuah"},"content":"package Tasks;"},{"lineNumber":2,"author":{"gitId":"JethroPhuah"},"content":"public class ToDo extends Task {"},{"lineNumber":3,"author":{"gitId":"JethroPhuah"},"content":"    protected String type \u003d \"T\";"},{"lineNumber":4,"author":{"gitId":"JethroPhuah"},"content":""},{"lineNumber":5,"author":{"gitId":"JethroPhuah"},"content":"    public ToDo() {};"},{"lineNumber":6,"author":{"gitId":"JethroPhuah"},"content":"    public ToDo(String description) {"},{"lineNumber":7,"author":{"gitId":"JethroPhuah"},"content":"        super(description);"},{"lineNumber":8,"author":{"gitId":"JethroPhuah"},"content":"    }"},{"lineNumber":9,"author":{"gitId":"JethroPhuah"},"content":""},{"lineNumber":10,"author":{"gitId":"JethroPhuah"},"content":"    public String getType() {"},{"lineNumber":11,"author":{"gitId":"JethroPhuah"},"content":"        return type;"},{"lineNumber":12,"author":{"gitId":"JethroPhuah"},"content":"    }"},{"lineNumber":13,"author":{"gitId":"JethroPhuah"},"content":""},{"lineNumber":14,"author":{"gitId":"JethroPhuah"},"content":"    public String getPrintedLine() {"},{"lineNumber":15,"author":{"gitId":"JethroPhuah"},"content":"        return \"[T]\" + super.getPrintedLine();"},{"lineNumber":16,"author":{"gitId":"JethroPhuah"},"content":"    }"},{"lineNumber":17,"author":{"gitId":"JethroPhuah"},"content":"}"}],"authorContributionMap":{"JethroPhuah":17}},{"path":"text-ui-test/input.txt","fileType":"txt","lines":[{"lineNumber":1,"author":{"gitId":"JethroPhuah"},"content":"todo borrow book"},{"lineNumber":2,"author":{"gitId":"JethroPhuah"},"content":"deadline return book /by Sunday"},{"lineNumber":3,"author":{"gitId":"JethroPhuah"},"content":"event project meeting /at Mon 2-4pm"},{"lineNumber":4,"author":{"gitId":"JethroPhuah"},"content":"list"},{"lineNumber":5,"author":{"gitId":"JethroPhuah"},"content":"bye"}],"authorContributionMap":{"JethroPhuah":5}}]
