{"repoSenseVersion":"b8ef118c74","reportGeneratedTime":"Thu Mar 18 08:11:34 2021 UTC+08:00","reportGenerationTime":" 35.26 second(s)","zoneId":"UTC+08:00","reportTitle":"RepoSense Report","repos":[{"location":{"location":"https://github.com/beaniestanley/ip.git","repoName":"ip","organization":"beaniestanley"},"branch":"master","displayName":"beaniestanley/ip[master]","outputFolderName":"beaniestanley_ip_master"},{"location":{"location":"https://github.com/CabbageTime/ip.git","repoName":"ip","organization":"CabbageTime"},"branch":"master","displayName":"CabbageTime/ip[master]","outputFolderName":"CabbageTime_ip_master"},{"location":{"location":"https://github.com/FarmZH98/ip.git","repoName":"ip","organization":"FarmZH98"},"branch":"master","displayName":"FarmZH98/ip[master]","outputFolderName":"FarmZH98_ip_master"},{"location":{"location":"https://github.com/jalvinchan/ip.git","repoName":"ip","organization":"jalvinchan"},"branch":"master","displayName":"jalvinchan/ip[master]","outputFolderName":"jalvinchan_ip_master"},{"location":{"location":"https://github.com/heyjinwei/ip.git","repoName":"ip","organization":"heyjinwei"},"branch":"master","displayName":"heyjinwei/ip[master]","outputFolderName":"heyjinwei_ip_master"},{"location":{"location":"https://github.com/jadenwjh/ip.git","repoName":"ip","organization":"jadenwjh"},"branch":"master","displayName":"jadenwjh/ip[master]","outputFolderName":"jadenwjh_ip_master"},{"location":{"location":"https://github.com/joohwan58/ip.git","repoName":"ip","organization":"joohwan58"},"branch":"master","displayName":"joohwan58/ip[master]","outputFolderName":"joohwan58_ip_master"},{"location":{"location":"https://github.com/SimJJ96/ip.git","repoName":"ip","organization":"SimJJ96"},"branch":"master","displayName":"SimJJ96/ip[master]","outputFolderName":"SimJJ96_ip_master"},{"location":{"location":"https://github.com/Leeyp/ip.git","repoName":"ip","organization":"Leeyp"},"branch":"master","displayName":"Leeyp/ip[master]","outputFolderName":"Leeyp_ip_master"},{"location":{"location":"https://github.com/JoviYeung92/ip.git","repoName":"ip","organization":"JoviYeung92"},"branch":"master","displayName":"JoviYeung92/ip[master]","outputFolderName":"JoviYeung92_ip_master"},{"location":{"location":"https://github.com/nagiteja/ip.git","repoName":"ip","organization":"nagiteja"},"branch":"master","displayName":"nagiteja/ip[master]","outputFolderName":"nagiteja_ip_master"},{"location":{"location":"https://github.com/kwokyto/ip.git","repoName":"ip","organization":"kwokyto"},"branch":"master","displayName":"kwokyto/ip[master]","outputFolderName":"kwokyto_ip_master"},{"location":{"location":"https://github.com/tehtea/ip.git","repoName":"ip","organization":"tehtea"},"branch":"master","displayName":"tehtea/ip[master]","outputFolderName":"tehtea_ip_master"},{"location":{"location":"https://github.com/Song0180/ip.git","repoName":"ip","organization":"Song0180"},"branch":"master","displayName":"Song0180/ip[master]","outputFolderName":"Song0180_ip_master"},{"location":{"location":"https://github.com/lihaoyangML/ip.git","repoName":"ip","organization":"lihaoyangML"},"branch":"master","displayName":"lihaoyangML/ip[master]","outputFolderName":"lihaoyangML_ip_master"},{"location":{"location":"https://github.com/violinyap/ip.git","repoName":"ip","organization":"violinyap"},"branch":"master","displayName":"violinyap/ip[master]","outputFolderName":"violinyap_ip_master"},{"location":{"location":"https://github.com/L-Irvin/ip.git","repoName":"ip","organization":"L-Irvin"},"branch":"master","displayName":"L-Irvin/ip[master]","outputFolderName":"L-Irvin_ip_master"},{"location":{"location":"https://github.com/jovanhuang/ip.git","repoName":"ip","organization":"jovanhuang"},"branch":"master","displayName":"jovanhuang/ip[master]","outputFolderName":"jovanhuang_ip_master"},{"location":{"location":"https://github.com/chenling1022/ip.git","repoName":"ip","organization":"chenling1022"},"branch":"master","displayName":"chenling1022/ip[master]","outputFolderName":"chenling1022_ip_master"},{"location":{"location":"https://github.com/Zufiqqar/ip.git","repoName":"ip","organization":"Zufiqqar"},"branch":"master","displayName":"Zufiqqar/ip[master]","outputFolderName":"Zufiqqar_ip_master"},{"location":{"location":"https://github.com/geezzzyyy/ip.git","repoName":"ip","organization":"geezzzyyy"},"branch":"master","displayName":"geezzzyyy/ip[master]","outputFolderName":"geezzzyyy_ip_master"},{"location":{"location":"https://github.com/JethroPhuah/ip.git","repoName":"ip","organization":"JethroPhuah"},"branch":"master","displayName":"JethroPhuah/ip[master]","outputFolderName":"JethroPhuah_ip_master"},{"location":{"location":"https://github.com/zhangyongzhe20/ip.git","repoName":"ip","organization":"zhangyongzhe20"},"branch":"master","displayName":"zhangyongzhe20/ip[master]","outputFolderName":"zhangyongzhe20_ip_master"},{"location":{"location":"https://github.com/lowwilliam/ip.git","repoName":"ip","organization":"lowwilliam"},"branch":"master","displayName":"lowwilliam/ip[master]","outputFolderName":"lowwilliam_ip_master"},{"location":{"location":"https://github.com/cloudy3/ip.git","repoName":"ip","organization":"cloudy3"},"branch":"master","displayName":"cloudy3/ip[master]","outputFolderName":"cloudy3_ip_master"},{"location":{"location":"https://github.com/baggiiiie/ip.git","repoName":"ip","organization":"baggiiiie"},"branch":"master","displayName":"baggiiiie/ip[master]","outputFolderName":"baggiiiie_ip_master"},{"location":{"location":"https://github.com/boonjuey/ip.git","repoName":"ip","organization":"boonjuey"},"branch":"master","displayName":"boonjuey/ip[master]","outputFolderName":"boonjuey_ip_master"},{"location":{"location":"https://github.com/KevinNgWK/ip.git","repoName":"ip","organization":"KevinNgWK"},"branch":"master","displayName":"KevinNgWK/ip[master]","outputFolderName":"KevinNgWK_ip_master"},{"location":{"location":"https://github.com/PingruiLi/ip.git","repoName":"ip","organization":"PingruiLi"},"branch":"master","displayName":"PingruiLi/ip[master]","outputFolderName":"PingruiLi_ip_master"},{"location":{"location":"https://github.com/NgManSing/ip.git","repoName":"ip","organization":"NgManSing"},"branch":"master","displayName":"NgManSing/ip[master]","outputFolderName":"NgManSing_ip_master"},{"location":{"location":"https://github.com/Tyuanyuan/ip.git","repoName":"ip","organization":"Tyuanyuan"},"branch":"master","displayName":"Tyuanyuan/ip[master]","outputFolderName":"Tyuanyuan_ip_master"},{"location":{"location":"https://github.com/ManikaHennedige/ip.git","repoName":"ip","organization":"ManikaHennedige"},"branch":"master","displayName":"ManikaHennedige/ip[master]","outputFolderName":"ManikaHennedige_ip_master"},{"location":{"location":"https://github.com/s-t-e-f/ip.git","repoName":"ip","organization":"s-t-e-f"},"branch":"master","displayName":"s-t-e-f/ip[master]","outputFolderName":"s-t-e-f_ip_master"},{"location":{"location":"https://github.com/yanli1215/ip.git","repoName":"ip","organization":"yanli1215"},"branch":"master","displayName":"yanli1215/ip[master]","outputFolderName":"yanli1215_ip_master"},{"location":{"location":"https://github.com/averliz/ip.git","repoName":"ip","organization":"averliz"},"branch":"master","displayName":"averliz/ip[master]","outputFolderName":"averliz_ip_master"},{"location":{"location":"https://github.com/brynagoh/ip.git","repoName":"ip","organization":"brynagoh"},"branch":"master","displayName":"brynagoh/ip[master]","outputFolderName":"brynagoh_ip_master"},{"location":{"location":"https://github.com/yyixue/ip.git","repoName":"ip","organization":"yyixue"},"branch":"master","displayName":"yyixue/ip[master]","outputFolderName":"yyixue_ip_master"},{"location":{"location":"https://github.com/cswbibibi/ip.git","repoName":"ip","organization":"cswbibibi"},"branch":"master","displayName":"cswbibibi/ip[master]","outputFolderName":"cswbibibi_ip_master"},{"location":{"location":"https://github.com/warmwhalefy/ip.git","repoName":"ip","organization":"warmwhalefy"},"branch":"master","displayName":"warmwhalefy/ip[master]","outputFolderName":"warmwhalefy_ip_master"},{"location":{"location":"https://github.com/kangxinwang/ip.git","repoName":"ip","organization":"kangxinwang"},"branch":"master","displayName":"kangxinwang/ip[master]","outputFolderName":"kangxinwang_ip_master"},{"location":{"location":"https://github.com/Vinci-Hu/ip.git","repoName":"ip","organization":"Vinci-Hu"},"branch":"master","displayName":"Vinci-Hu/ip[master]","outputFolderName":"Vinci-Hu_ip_master"},{"location":{"location":"https://github.com/lamzf1998/ip.git","repoName":"ip","organization":"lamzf1998"},"branch":"master","displayName":"lamzf1998/ip[master]","outputFolderName":"lamzf1998_ip_master"},{"location":{"location":"https://github.com/justinaquak/ip.git","repoName":"ip","organization":"justinaquak"},"branch":"master","displayName":"justinaquak/ip[master]","outputFolderName":"justinaquak_ip_master"},{"location":{"location":"https://github.com/Chihui8199/ip.git","repoName":"ip","organization":"Chihui8199"},"branch":"master","displayName":"Chihui8199/ip[master]","outputFolderName":"Chihui8199_ip_master"},{"location":{"location":"https://github.com/seangoats/ip.git","repoName":"ip","organization":"seangoats"},"branch":"master","displayName":"seangoats/ip[master]","outputFolderName":"seangoats_ip_master"},{"location":{"location":"https://github.com/e0699194/ip.git","repoName":"ip","organization":"e0699194"},"branch":"master","displayName":"e0699194/ip[master]","outputFolderName":"e0699194_ip_master"},{"location":{"location":"https://github.com/brandonfoong/ip.git","repoName":"ip","organization":"brandonfoong"},"branch":"master","displayName":"brandonfoong/ip[master]","outputFolderName":"brandonfoong_ip_master"},{"location":{"location":"https://github.com/gerardtwk/ip.git","repoName":"ip","organization":"gerardtwk"},"branch":"master","displayName":"gerardtwk/ip[master]","outputFolderName":"gerardtwk_ip_master"},{"location":{"location":"https://github.com/kewenlok/ip.git","repoName":"ip","organization":"kewenlok"},"branch":"master","displayName":"kewenlok/ip[master]","outputFolderName":"kewenlok_ip_master"},{"location":{"location":"https://github.com/wjchoi0712/ip.git","repoName":"ip","organization":"wjchoi0712"},"branch":"master","displayName":"wjchoi0712/ip[master]","outputFolderName":"wjchoi0712_ip_master"},{"location":{"location":"https://github.com/fangxinjia0203/ip.git","repoName":"ip","organization":"fangxinjia0203"},"branch":"master","displayName":"fangxinjia0203/ip[master]","outputFolderName":"fangxinjia0203_ip_master"},{"location":{"location":"https://github.com/JonathanKhooTY/ip.git","repoName":"ip","organization":"JonathanKhooTY"},"branch":"master","displayName":"JonathanKhooTY/ip[master]","outputFolderName":"JonathanKhooTY_ip_master"},{"location":{"location":"https://github.com/AlexanderTanJunAn/ip.git","repoName":"ip","organization":"AlexanderTanJunAn"},"branch":"master","displayName":"AlexanderTanJunAn/ip[master]","outputFolderName":"AlexanderTanJunAn_ip_master"},{"location":{"location":"https://github.com/BlubberMonster/ip.git","repoName":"ip","organization":"BlubberMonster"},"branch":"master","displayName":"BlubberMonster/ip[master]","outputFolderName":"BlubberMonster_ip_master"},{"location":{"location":"https://github.com/iamakilahamed/ip.git","repoName":"ip","organization":"iamakilahamed"},"branch":"master","displayName":"iamakilahamed/ip[master]","outputFolderName":"iamakilahamed_ip_master"},{"location":{"location":"https://github.com/hussain1998/ip.git","repoName":"ip","organization":"hussain1998"},"branch":"master","displayName":"hussain1998/ip[master]","outputFolderName":"hussain1998_ip_master"},{"location":{"location":"https://github.com/limwenfeng/ip.git","repoName":"ip","organization":"limwenfeng"},"branch":"master","displayName":"limwenfeng/ip[master]","outputFolderName":"limwenfeng_ip_master"},{"location":{"location":"https://github.com/soepaingzaw/ip.git","repoName":"ip","organization":"soepaingzaw"},"branch":"master","displayName":"soepaingzaw/ip[master]","outputFolderName":"soepaingzaw_ip_master"},{"location":{"location":"https://github.com/LJ-37/ip.git","repoName":"ip","organization":"LJ-37"},"branch":"master","displayName":"LJ-37/ip[master]","outputFolderName":"LJ-37_ip_master"},{"location":{"location":"https://github.com/blank-bank/ip.git","repoName":"ip","organization":"blank-bank"},"branch":"master","displayName":"blank-bank/ip[master]","outputFolderName":"blank-bank_ip_master"},{"location":{"location":"https://github.com/hiongkaihan/ip.git","repoName":"ip","organization":"hiongkaihan"},"branch":"master","displayName":"hiongkaihan/ip[master]","outputFolderName":"hiongkaihan_ip_master"},{"location":{"location":"https://github.com/sarzorwyn/ip.git","repoName":"ip","organization":"sarzorwyn"},"branch":"master","displayName":"sarzorwyn/ip[master]","outputFolderName":"sarzorwyn_ip_master"},{"location":{"location":"https://github.com/LeeHanYongAndy/ip.git","repoName":"ip","organization":"LeeHanYongAndy"},"branch":"master","displayName":"LeeHanYongAndy/ip[master]","outputFolderName":"LeeHanYongAndy_ip_master"},{"location":{"location":"https://github.com/jonahtwl/ip.git","repoName":"ip","organization":"jonahtwl"},"branch":"master","displayName":"jonahtwl/ip[master]","outputFolderName":"jonahtwl_ip_master"},{"location":{"location":"https://github.com/Cocokkkk/ip.git","repoName":"ip","organization":"Cocokkkk"},"branch":"master","displayName":"Cocokkkk/ip[master]","outputFolderName":"Cocokkkk_ip_master"},{"location":{"location":"https://github.com/tzexern/ip.git","repoName":"ip","organization":"tzexern"},"branch":"master","displayName":"tzexern/ip[master]","outputFolderName":"tzexern_ip_master"},{"location":{"location":"https://github.com/ivanchongzhien/ip.git","repoName":"ip","organization":"ivanchongzhien"},"branch":"master","displayName":"ivanchongzhien/ip[master]","outputFolderName":"ivanchongzhien_ip_master"},{"location":{"location":"https://github.com/H-horizon/ip.git","repoName":"ip","organization":"H-horizon"},"branch":"master","displayName":"H-horizon/ip[master]","outputFolderName":"H-horizon_ip_master"},{"location":{"location":"https://github.com/Rye98/ip.git","repoName":"ip","organization":"Rye98"},"branch":"master","displayName":"Rye98/ip[master]","outputFolderName":"Rye98_ip_master"},{"location":{"location":"https://github.com/Rizavur/ip.git","repoName":"ip","organization":"Rizavur"},"branch":"master","displayName":"Rizavur/ip[master]","outputFolderName":"Rizavur_ip_master"},{"location":{"location":"https://github.com/SimBowen/ip.git","repoName":"ip","organization":"SimBowen"},"branch":"master","displayName":"SimBowen/ip[master]","outputFolderName":"SimBowen_ip_master"},{"location":{"location":"https://github.com/huachen24/ip.git","repoName":"ip","organization":"huachen24"},"branch":"master","displayName":"huachen24/ip[master]","outputFolderName":"huachen24_ip_master"},{"location":{"location":"https://github.com/rageqqq/ip.git","repoName":"ip","organization":"rageqqq"},"branch":"master","displayName":"rageqqq/ip[master]","outputFolderName":"rageqqq_ip_master"},{"location":{"location":"https://github.com/marklowsk/ip.git","repoName":"ip","organization":"marklowsk"},"branch":"master","displayName":"marklowsk/ip[master]","outputFolderName":"marklowsk_ip_master"},{"location":{"location":"https://github.com/leowxx/ip.git","repoName":"ip","organization":"leowxx"},"branch":"master","displayName":"leowxx/ip[master]","outputFolderName":"leowxx_ip_master"},{"location":{"location":"https://github.com/isaharon/ip.git","repoName":"ip","organization":"isaharon"},"branch":"master","displayName":"isaharon/ip[master]","outputFolderName":"isaharon_ip_master"},{"location":{"location":"https://github.com/oscarlai1998/ip.git","repoName":"ip","organization":"oscarlai1998"},"branch":"master","displayName":"oscarlai1998/ip[master]","outputFolderName":"oscarlai1998_ip_master"},{"location":{"location":"https://github.com/951553394/ip.git","repoName":"ip","organization":"951553394"},"branch":"master","displayName":"951553394/ip[master]","outputFolderName":"951553394_ip_master"},{"location":{"location":"https://github.com/fsgmhoward/ip.git","repoName":"ip","organization":"fsgmhoward"},"branch":"master","displayName":"fsgmhoward/ip[master]","outputFolderName":"fsgmhoward_ip_master"},{"location":{"location":"https://github.com/aliciatay-zls/ip.git","repoName":"ip","organization":"aliciatay-zls"},"branch":"master","displayName":"aliciatay-zls/ip[master]","outputFolderName":"aliciatay-zls_ip_master"},{"location":{"location":"https://github.com/jhjhajh/ip.git","repoName":"ip","organization":"jhjhajh"},"branch":"master","displayName":"jhjhajh/ip[master]","outputFolderName":"jhjhajh_ip_master"},{"location":{"location":"https://github.com/EmilyTJX/ip.git","repoName":"ip","organization":"EmilyTJX"},"branch":"master","displayName":"EmilyTJX/ip[master]","outputFolderName":"EmilyTJX_ip_master"},{"location":{"location":"https://github.com/hazelhedmine/ip.git","repoName":"ip","organization":"hazelhedmine"},"branch":"master","displayName":"hazelhedmine/ip[master]","outputFolderName":"hazelhedmine_ip_master"},{"location":{"location":"https://github.com/NoorSarrah/ip.git","repoName":"ip","organization":"NoorSarrah"},"branch":"master","displayName":"NoorSarrah/ip[master]","outputFolderName":"NoorSarrah_ip_master"},{"location":{"location":"https://github.com/nivikcivik/ip.git","repoName":"ip","organization":"nivikcivik"},"branch":"master","displayName":"nivikcivik/ip[master]","outputFolderName":"nivikcivik_ip_master"},{"location":{"location":"https://github.com/Krithigha24/ip.git","repoName":"ip","organization":"Krithigha24"},"branch":"master","displayName":"Krithigha24/ip[master]","outputFolderName":"Krithigha24_ip_master"},{"location":{"location":"https://github.com/Emkay16/ip.git","repoName":"ip","organization":"Emkay16"},"branch":"master","displayName":"Emkay16/ip[master]","outputFolderName":"Emkay16_ip_master"},{"location":{"location":"https://github.com/KimIdeas8/ip.git","repoName":"ip","organization":"KimIdeas8"},"branch":"master","displayName":"KimIdeas8/ip[master]","outputFolderName":"KimIdeas8_ip_master"},{"location":{"location":"https://github.com/liping-eng/ip.git","repoName":"ip","organization":"liping-eng"},"branch":"master","displayName":"liping-eng/ip[master]","outputFolderName":"liping-eng_ip_master"},{"location":{"location":"https://github.com/zikunz/ip.git","repoName":"ip","organization":"zikunz"},"branch":"master","displayName":"zikunz/ip[master]","outputFolderName":"zikunz_ip_master"},{"location":{"location":"https://github.com/MingShun98/ip.git","repoName":"ip","organization":"MingShun98"},"branch":"master","displayName":"MingShun98/ip[master]","outputFolderName":"MingShun98_ip_master"},{"location":{"location":"https://github.com/ongweisheng/ip.git","repoName":"ip","organization":"ongweisheng"},"branch":"master","displayName":"ongweisheng/ip[master]","outputFolderName":"ongweisheng_ip_master"},{"location":{"location":"https://github.com/e00426142/ip.git","repoName":"ip","organization":"e00426142"},"branch":"master","displayName":"e00426142/ip[master]","outputFolderName":"e00426142_ip_master"},{"location":{"location":"https://github.com/douglaslewpc/ip.git","repoName":"ip","organization":"douglaslewpc"},"branch":"master","displayName":"douglaslewpc/ip[master]","outputFolderName":"douglaslewpc_ip_master"},{"location":{"location":"https://github.com/fupernova/ip.git","repoName":"ip","organization":"fupernova"},"branch":"master","displayName":"fupernova/ip[master]","outputFolderName":"fupernova_ip_master"},{"location":{"location":"https://github.com/Chiamjiaen/ip.git","repoName":"ip","organization":"Chiamjiaen"},"branch":"master","displayName":"Chiamjiaen/ip[master]","outputFolderName":"Chiamjiaen_ip_master"},{"location":{"location":"https://github.com/vaiish371/ip.git","repoName":"ip","organization":"vaiish371"},"branch":"master","displayName":"vaiish371/ip[master]","outputFolderName":"vaiish371_ip_master"},{"location":{"location":"https://github.com/xseh/ip.git","repoName":"ip","organization":"xseh"},"branch":"master","displayName":"xseh/ip[master]","outputFolderName":"xseh_ip_master"},{"location":{"location":"https://github.com/zihan9485/ip.git","repoName":"ip","organization":"zihan9485"},"branch":"master","displayName":"zihan9485/ip[master]","outputFolderName":"zihan9485_ip_master"},{"location":{"location":"https://github.com/vvvvh123/ip.git","repoName":"ip","organization":"vvvvh123"},"branch":"master","displayName":"vvvvh123/ip[master]","outputFolderName":"vvvvh123_ip_master"},{"location":{"location":"https://github.com/jianningzhuang/ip.git","repoName":"ip","organization":"jianningzhuang"},"branch":"master","displayName":"jianningzhuang/ip[master]","outputFolderName":"jianningzhuang_ip_master"},{"location":{"location":"https://github.com/bryanwhl/ip.git","repoName":"ip","organization":"bryanwhl"},"branch":"master","displayName":"bryanwhl/ip[master]","outputFolderName":"bryanwhl_ip_master"},{"location":{"location":"https://github.com/8kdesign/ip.git","repoName":"ip","organization":"8kdesign"},"branch":"master","displayName":"8kdesign/ip[master]","outputFolderName":"8kdesign_ip_master"}],"errorList":[],"sinceDate":"2021-01-11","untilDate":"2021-03-18","isSinceDateProvided":true,"isUntilDateProvided":false}
