{"authorDailyContributionsMap":{"limwenfeng":[{"date":"2021-01-18","commitResults":[{"hash":"c380181ff9c7396d21406a765b8aa71285075ed4","messageTitle":"Update readme to reflect new IntelliJ version","messageBody":"","fileTypesAndContributionMap":{"md":{"insertions":10,"deletions":10}}},{"hash":"8cf74a9bf270a216eeedae558b9ebe1681ed3386","messageTitle":"Update README.md","messageBody":"","fileTypesAndContributionMap":{"md":{"insertions":2,"deletions":2}}}]},{"date":"2021-01-29","commitResults":[{"hash":"26db012ebbc87c66d3b8ca3ac1befc4d6c4b7a8a","messageTitle":"level 1","messageBody":"Finish implementing level 1\n","tags":["Level-1"],"fileTypesAndContributionMap":{"java":{"insertions":37,"deletions":0}}},{"hash":"862b1f09e620092af9d4bec43681893ca052c05b","messageTitle":"Level 2","messageBody":"Add, List\n","tags":["Level-2"],"fileTypesAndContributionMap":{"java":{"insertions":23,"deletions":3}}},{"hash":"6a661ddab9d70a7140c066978101f0dc4e1fd65f","messageTitle":"Level 3","messageBody":"Mark as Done\n","tags":["Level-3"],"fileTypesAndContributionMap":{"java":{"insertions":47,"deletions":20}}},{"hash":"3f0aa7b722965f3d6b6ea1234fdd3296276516f0","messageTitle":"A-CodingStandard","messageBody":"Follow coding standard\n","tags":["A-CodingStandard"],"fileTypesAndContributionMap":{"java":{"insertions":35,"deletions":25}}}]}]},"authorFileTypeContributionMap":{"limwenfeng":{"java":95,"md":9,"fxml":0,"sh":0,"bat":0,"gradle":0,"txt":0}},"authorContributionVariance":{"limwenfeng":1803.4573},"authorDisplayNameMap":{"limwenfeng":"LIM ..FENG"}}
