{"authorDailyContributionsMap":{"Rizavur":[{"date":"2021-01-17","commitResults":[{"hash":"a5d28bd50780bab2c4d6dbbd9354cf85cda33a70","messageTitle":"Duke Level 0: Greet \u0026 bye","messageBody":"","tags":["Level-0"],"fileTypesAndContributionMap":{"java":{"insertions":23,"deletions":6}}}]},{"date":"2021-01-24","commitResults":[{"hash":"79a600ab9bf057542beafe4d12b3782f07320f9b","messageTitle":"Add features to echo user input and exit when \u0027bye\u0027 input is given.","messageBody":"- Get user input using java scanner utility.\n- Also made minor change to \u0027breakline\u0027 constant as the previous version was not centred.\n","tags":["Level-1"],"fileTypesAndContributionMap":{"java":{"insertions":27,"deletions":6}}},{"hash":"8d424019154e6fc4c156e2e345d434d7112d0105","messageTitle":"Add the feature to store text entered by the user and display it back to them upon request.","messageBody":"","tags":["Level-2"],"fileTypesAndContributionMap":{"java":{"insertions":20,"deletions":4}}},{"hash":"b8e658b82af8d39ccd0709869cf6909e1fd2d632","messageTitle":"Add ability to mark tasks as done.","messageBody":"- Created a new class for tasks.\n","tags":["Level-3"],"fileTypesAndContributionMap":{"java":{"insertions":38,"deletions":5}}},{"hash":"48c90f0ef1b4be48fb811f55e4c65cdf7f170c64","messageTitle":"Edit code to adhere to CS2113T coding standard.","messageBody":"","tags":["A-CodingStandard"],"fileTypesAndContributionMap":{"java":{"insertions":26,"deletions":26}}}]},{"date":"2021-01-31","commitResults":[{"hash":"ff0725d0fd785c170c07e146b509ffd5ce882978","messageTitle":"Add support for tracking three types of tasks.","messageBody":"Types of tasks are:\n1. ToDos: tasks without any date/time attached to it e.g., visit new theme park\n2. Deadlines: tasks that need to be done before a specific date/time e.g., submit report by 11/10/2019 5pm\n3. Events: tasks that start at a specific time and ends at a specific time e.g., team project meeting on 2/10/2019 2-4pm\n","tags":["Level-4"],"fileTypesAndContributionMap":{"java":{"insertions":100,"deletions":6}}},{"hash":"97b09d43409abc143155309861eff4cf683207a1","messageTitle":"Add checker for invalid task indices when marking done.","messageBody":"","fileTypesAndContributionMap":{"java":{"insertions":8,"deletions":4}}}]},{"date":"2021-02-02","commitResults":[{"hash":"2e32574ec0a7c6b0dceff3c0f0240c8e226e33a7","messageTitle":"Refactor code and split code into respective class files.","messageBody":"","fileTypesAndContributionMap":{"txt":{"insertions":1,"deletions":0},"java":{"insertions":216,"deletions":134}}},{"hash":"b46efef8daf3ee7231e3f6672aec87eae22e8ccd","messageTitle":"Add comments and some minor tweaks.","messageBody":"- Included comments in Command.java and TaskManager.java.\n- Minor change in help message for mark as done.\n- Refactored print number of tasks method to be able to reuse when \u0027done \u003ctask number\u003e\u0027 command by user is out of range for the index.\n","tags":["A-CodeQuality"],"fileTypesAndContributionMap":{"java":{"insertions":20,"deletions":15}}}]}]},"authorFileTypeContributionMap":{"Rizavur":{"java":278,"md":0,"fxml":0,"sh":0,"bat":0,"gradle":0,"txt":1}},"authorContributionVariance":{"Rizavur":7237.562},"authorDisplayNameMap":{"Rizavur":"RIZA..HMAN"}}
