{"authorDailyContributionsMap":{"FarmZH98":[{"date":"2021-01-21","commitResults":[{"hash":"94686768c3ebada70730082259ddd2bb6b1568a3","messageTitle":"Level - 0","messageBody":"","fileTypesAndContributionMap":{"java":{"insertions":12,"deletions":0}}}]},{"date":"2021-01-26","commitResults":[{"hash":"262e009c79f1e94af56ffdaa0c544db8b26786b6","messageTitle":"Level 1 - Greet Echo Exit","messageBody":"","tags":["Level-1"],"fileTypesAndContributionMap":{"java":{"insertions":22,"deletions":10}}},{"hash":"21c6cb59a1e8f551074800906e7de81883e0cb72","messageTitle":"Level 2 - Add, List","messageBody":"","tags":["Level-2"],"fileTypesAndContributionMap":{"java":{"insertions":31,"deletions":6}}},{"hash":"873f7d3b37b4c17f0ab9371fc3ff82477c1007d8","messageTitle":"Level 3 - Mark as Done","messageBody":"","tags":["Level-3","A-classes"],"fileTypesAndContributionMap":{"java":{"insertions":73,"deletions":27}}}]},{"date":"2021-02-01","commitResults":[{"hash":"9ba7d00dbde9a8abab989f47a10862a4bdc68abd","messageTitle":"A-CodingStandard","messageBody":"","tags":["A-CodingStandard"],"fileTypesAndContributionMap":{"java":{"insertions":39,"deletions":49}}}]},{"date":"2021-02-02","commitResults":[{"hash":"1ebc4d720153960ffc2ea6b862f3a3297f8e6d06","messageTitle":"Level-4","messageBody":"","tags":["Level-4","A-Inheritance"],"fileTypesAndContributionMap":{"java":{"insertions":69,"deletions":24}}},{"hash":"b7a06b1ee63c65a1188f57feaf5a47b0199cc301","messageTitle":"A-TextUiTesting","messageBody":"","tags":["A-TextUiTesting"],"fileTypesAndContributionMap":{"txt":{"insertions":10,"deletions":0},"java":{"insertions":1,"deletions":1}}}]},{"date":"2021-02-09","commitResults":[{"hash":"77a498521d9397d6e39b4e5b41e88f2e51605d40","messageTitle":"Improve code quality","messageBody":"","tags":["A-CodeQuality"],"fileTypesAndContributionMap":{"java":{"insertions":38,"deletions":36}}},{"hash":"29c67347459161e647842ab36bf569e422b5a0a6","messageTitle":"Level-5","messageBody":"","tags":["Level-5"],"fileTypesAndContributionMap":{"java":{"insertions":33,"deletions":12}}},{"hash":"6b988c30bceda588d97556f5fc57ca56194c8b10","messageTitle":"implemented minimal packages","messageBody":"","tags":["A-packages"],"fileTypesAndContributionMap":{"java":{"insertions":21,"deletions":9}}}]},{"date":"2021-02-17","commitResults":[{"hash":"1786c81c1621463873917efd690bc01e926221b2","messageTitle":"Corrected Alphabet icon when printing list and inputting tasks","messageBody":"","fileTypesAndContributionMap":{"java":{"insertions":24,"deletions":8}}},{"hash":"6fa7e0f7ebd1ec6c078dcab624d83f266bc80637","messageTitle":"Implemented Level-6 and changed to ArrayList","messageBody":"","fileTypesAndContributionMap":{"java":{"insertions":39,"deletions":18}}}]},{"date":"2021-02-18","commitResults":[{"hash":"302ee18e09aedb8df6b7d1a7b8566b9424cf7bd4","messageTitle":"Level-7, implemented file saving","messageBody":"","fileTypesAndContributionMap":{"java":{"insertions":52,"deletions":1}}},{"hash":"2de6fb60923f2717afd65eb7c09368e3755f8fca","messageTitle":"Fixed minor bugs while implementing JAR","messageBody":"","tags":["v0.1","A-Jar"],"fileTypesAndContributionMap":{"java":{"insertions":14,"deletions":11}}}]},{"date":"2021-03-02","commitResults":[{"hash":"cc0963a4d4613375f18ed7a4a63eae18225463cc","messageTitle":"implemented changes for A-MoreOOP","messageBody":"","tags":["A-MoreOOP"],"fileTypesAndContributionMap":{"java":{"insertions":284,"deletions":183}}}]},{"date":"2021-03-03","commitResults":[{"hash":"c87ee5e82fc8f29bc82399e0a6a6310f2639d6c5","messageTitle":"Implemented Level-9 Find command","messageBody":"","fileTypesAndContributionMap":{"java":{"insertions":34,"deletions":0}}},{"hash":"c9e5d107b24751c49b50ae1d019c531bfe0d6090","messageTitle":"Implemented JavaDoc for 4 classes:","messageBody":"Parser, Storage, Ui, and TaskList\n","fileTypesAndContributionMap":{"java":{"insertions":63,"deletions":1}}},{"hash":"5e40f5f75b06e7c4a23c1c46e7fc040abf8939ef","messageTitle":"extracted method uploadTasksProcess(), fixed some comments and minor issues","messageBody":"","fileTypesAndContributionMap":{"java":{"insertions":49,"deletions":25}}}]},{"date":"2021-03-04","commitResults":[{"hash":"644fab6e8817490f4fa12a58c68f6af339f9af8a","messageTitle":"modified code to save file everytime a user entered an input","messageBody":"","fileTypesAndContributionMap":{"java":{"insertions":2,"deletions":4}}},{"hash":"dd1f4cc4bac84b6318522a40fa5cd58e2ddbced2","messageTitle":"Updated docs/README.md and some minor bug","messageBody":"","tags":["A-UserGuide"],"fileTypesAndContributionMap":{"java":{"insertions":2,"deletions":5},"md":{"insertions":147,"deletions":10}}}]}]},"authorFileTypeContributionMap":{"FarmZH98":{"java":489,"md":138,"fxml":0,"sh":0,"bat":0,"gradle":0,"txt":10}},"authorContributionVariance":{"FarmZH98":5997.2974},"authorDisplayNameMap":{"FarmZH98":"CS2113-W10-2 FARM.. HAO"}}
