{"authorDailyContributionsMap":{"FarmZH98":[{"date":"2021-01-21","commitResults":[{"hash":"94686768c3ebada70730082259ddd2bb6b1568a3","messageTitle":"Level - 0","messageBody":"","fileTypesAndContributionMap":{"java":{"insertions":12,"deletions":0}}}]},{"date":"2021-01-26","commitResults":[{"hash":"262e009c79f1e94af56ffdaa0c544db8b26786b6","messageTitle":"Level 1 - Greet Echo Exit","messageBody":"","tags":["Level-1"],"fileTypesAndContributionMap":{"java":{"insertions":22,"deletions":10}}},{"hash":"21c6cb59a1e8f551074800906e7de81883e0cb72","messageTitle":"Level 2 - Add, List","messageBody":"","tags":["Level-2"],"fileTypesAndContributionMap":{"java":{"insertions":31,"deletions":6}}},{"hash":"873f7d3b37b4c17f0ab9371fc3ff82477c1007d8","messageTitle":"Level 3 - Mark as Done","messageBody":"","tags":["Level-3","A-classes"],"fileTypesAndContributionMap":{"java":{"insertions":73,"deletions":27}}}]},{"date":"2021-02-01","commitResults":[{"hash":"9ba7d00dbde9a8abab989f47a10862a4bdc68abd","messageTitle":"A-CodingStandard","messageBody":"","tags":["A-CodingStandard"],"fileTypesAndContributionMap":{"java":{"insertions":39,"deletions":49}}}]},{"date":"2021-02-02","commitResults":[{"hash":"1ebc4d720153960ffc2ea6b862f3a3297f8e6d06","messageTitle":"Level-4","messageBody":"","tags":["Level-4","A-Inheritance"],"fileTypesAndContributionMap":{"java":{"insertions":69,"deletions":24}}},{"hash":"b7a06b1ee63c65a1188f57feaf5a47b0199cc301","messageTitle":"A-TextUiTesting","messageBody":"","tags":["A-TextUiTesting"],"fileTypesAndContributionMap":{"txt":{"insertions":10,"deletions":0},"java":{"insertions":1,"deletions":1}}}]},{"date":"2021-02-09","commitResults":[{"hash":"77a498521d9397d6e39b4e5b41e88f2e51605d40","messageTitle":"Improve code quality","messageBody":"","tags":["A-CodeQuality"],"fileTypesAndContributionMap":{"java":{"insertions":38,"deletions":36}}},{"hash":"29c67347459161e647842ab36bf569e422b5a0a6","messageTitle":"Level-5","messageBody":"","tags":["Level-5"],"fileTypesAndContributionMap":{"java":{"insertions":33,"deletions":12}}},{"hash":"6b988c30bceda588d97556f5fc57ca56194c8b10","messageTitle":"implemented minimal packages","messageBody":"","tags":["A-packages"],"fileTypesAndContributionMap":{"java":{"insertions":21,"deletions":9}}}]}]},"authorFileTypeContributionMap":{"FarmZH98":{"java":172,"md":0,"fxml":0,"sh":0,"bat":0,"gradle":0,"txt":10}},"authorContributionVariance":{"FarmZH98":2018.5793},"authorDisplayNameMap":{"FarmZH98":"CS2113-W10-2 FARM.. HAO"}}
