[{"path":"src/main/java/Duke.java","fileType":"java","lines":[{"lineNumber":1,"author":{"gitId":"jadenwjh"},"content":"import java.util.Arrays;"},{"lineNumber":2,"author":{"gitId":"jadenwjh"},"content":"import java.util.HashMap;"},{"lineNumber":3,"author":{"gitId":"jadenwjh"},"content":"import java.util.Scanner;"},{"lineNumber":4,"author":{"gitId":"jadenwjh"},"content":"import java.util.HashMap;"},{"lineNumber":5,"author":{"gitId":"jadenwjh"},"content":"import java.util.ArrayList;"},{"lineNumber":6,"author":{"gitId":"jadenwjh"},"content":"import java.util.List;"},{"lineNumber":7,"author":{"gitId":"jadenwjh"},"content":""},{"lineNumber":8,"author":{"gitId":"-"},"content":"public class Duke {"},{"lineNumber":9,"author":{"gitId":"jadenwjh"},"content":"    private static final String logo \u003d \" ____        _        \\n\""},{"lineNumber":10,"author":{"gitId":"-"},"content":"            + \"|  _ \\\\ _   _| | _____ \\n\""},{"lineNumber":11,"author":{"gitId":"-"},"content":"            + \"| | | | | | | |/ / _ \\\\\\n\""},{"lineNumber":12,"author":{"gitId":"-"},"content":"            + \"| |_| | |_| |   \u003c  __/\\n\""},{"lineNumber":13,"author":{"gitId":"-"},"content":"            + \"|____/ \\\\__,_|_|\\\\_\\\\___|\\n\";"},{"lineNumber":14,"author":{"gitId":"jadenwjh"},"content":"    private static final String horizontalLine \u003d \"    ___________________________________________\";"},{"lineNumber":15,"author":{"gitId":"jadenwjh"},"content":"    "},{"lineNumber":16,"author":{"gitId":"jadenwjh"},"content":"    private static final String helloMessage \u003d \"Hello! I\u0027m Duke\";"},{"lineNumber":17,"author":{"gitId":"jadenwjh"},"content":"    private static final String assistMessage \u003d \"What can I do for you?\";"},{"lineNumber":18,"author":{"gitId":"jadenwjh"},"content":"    private static final String byeMessage \u003d \"Bye. Hope to see you again soon!\";"},{"lineNumber":19,"author":{"gitId":"jadenwjh"},"content":"    private static final String doneMessage \u003d \"Nice! I\u0027ve marked this task as done:\";"},{"lineNumber":20,"author":{"gitId":"jadenwjh"},"content":""},{"lineNumber":21,"author":{"gitId":"jadenwjh"},"content":"    private static int itemIndex \u003d 0;"},{"lineNumber":22,"author":{"gitId":"jadenwjh"},"content":"    private static HashMap\u003cInteger,Task\u003e storage \u003d new HashMap\u003cInteger,Task\u003e();"},{"lineNumber":23,"author":{"gitId":"jadenwjh"},"content":"    private static List\u003cString\u003e messages \u003d new ArrayList\u003c\u003e();"},{"lineNumber":24,"author":{"gitId":"jadenwjh"},"content":""},{"lineNumber":25,"author":{"gitId":"jadenwjh"},"content":"    /**"},{"lineNumber":26,"author":{"gitId":"jadenwjh"},"content":"     * Main function."},{"lineNumber":27,"author":{"gitId":"jadenwjh"},"content":"     */"},{"lineNumber":28,"author":{"gitId":"-"},"content":"    public static void main(String[] args) {"},{"lineNumber":29,"author":{"gitId":"-"},"content":"        System.out.println(\"Hello from\\n\" + logo);"},{"lineNumber":30,"author":{"gitId":"jadenwjh"},"content":"        messages.add(helloMessage);"},{"lineNumber":31,"author":{"gitId":"jadenwjh"},"content":"        messages.add(assistMessage);"},{"lineNumber":32,"author":{"gitId":"jadenwjh"},"content":"        reply();"},{"lineNumber":33,"author":{"gitId":"jadenwjh"},"content":"        Scanner in \u003d new Scanner(System.in);"},{"lineNumber":34,"author":{"gitId":"jadenwjh"},"content":"        handleMessage(in);"},{"lineNumber":35,"author":{"gitId":"-"},"content":"    }"},{"lineNumber":36,"author":{"gitId":"jadenwjh"},"content":""},{"lineNumber":37,"author":{"gitId":"jadenwjh"},"content":"    /**"},{"lineNumber":38,"author":{"gitId":"jadenwjh"},"content":"     * Wraps replies with horizontal lines and indentation."},{"lineNumber":39,"author":{"gitId":"jadenwjh"},"content":"     */"},{"lineNumber":40,"author":{"gitId":"jadenwjh"},"content":"    public static void reply() {"},{"lineNumber":41,"author":{"gitId":"jadenwjh"},"content":"        String combined \u003d \"\";"},{"lineNumber":42,"author":{"gitId":"jadenwjh"},"content":"        String indentation \u003d \"     \";"},{"lineNumber":43,"author":{"gitId":"jadenwjh"},"content":"        for (String message : messages) {"},{"lineNumber":44,"author":{"gitId":"jadenwjh"},"content":"            combined +\u003d indentation;"},{"lineNumber":45,"author":{"gitId":"jadenwjh"},"content":"            combined +\u003d message;"},{"lineNumber":46,"author":{"gitId":"jadenwjh"},"content":"            combined +\u003d \"\\n\";"},{"lineNumber":47,"author":{"gitId":"jadenwjh"},"content":"        }"},{"lineNumber":48,"author":{"gitId":"jadenwjh"},"content":"        System.out.println(String.format(\"%s\\n%s%s\\n\", horizontalLine, combined, horizontalLine));"},{"lineNumber":49,"author":{"gitId":"jadenwjh"},"content":"        messages.clear();"},{"lineNumber":50,"author":{"gitId":"jadenwjh"},"content":"    }"},{"lineNumber":51,"author":{"gitId":"jadenwjh"},"content":""},{"lineNumber":52,"author":{"gitId":"jadenwjh"},"content":"    /**"},{"lineNumber":53,"author":{"gitId":"jadenwjh"},"content":"     * If message if \"list\", lists all messages previously mentioned."},{"lineNumber":54,"author":{"gitId":"jadenwjh"},"content":"     * If message is \"bye\", exits program."},{"lineNumber":55,"author":{"gitId":"jadenwjh"},"content":"     * If message is \"done\", proceeds to mark tasks as completed."},{"lineNumber":56,"author":{"gitId":"jadenwjh"},"content":"     * Else, adds the message as a task."},{"lineNumber":57,"author":{"gitId":"jadenwjh"},"content":"     */"},{"lineNumber":58,"author":{"gitId":"jadenwjh"},"content":"    public static void handleMessage(Scanner scanner) {"},{"lineNumber":59,"author":{"gitId":"jadenwjh"},"content":"        String sentence \u003d scanner.nextLine();"},{"lineNumber":60,"author":{"gitId":"jadenwjh"},"content":"        String[] words \u003d sentence.split(\" \");"},{"lineNumber":61,"author":{"gitId":"jadenwjh"},"content":""},{"lineNumber":62,"author":{"gitId":"jadenwjh"},"content":"        switch (words[0]) {"},{"lineNumber":63,"author":{"gitId":"jadenwjh"},"content":"            case \"bye\":"},{"lineNumber":64,"author":{"gitId":"jadenwjh"},"content":"                messages.add(byeMessage);"},{"lineNumber":65,"author":{"gitId":"jadenwjh"},"content":"                reply();"},{"lineNumber":66,"author":{"gitId":"jadenwjh"},"content":"                scanner.close();"},{"lineNumber":67,"author":{"gitId":"jadenwjh"},"content":"                break;"},{"lineNumber":68,"author":{"gitId":"jadenwjh"},"content":"            case \"list\":"},{"lineNumber":69,"author":{"gitId":"jadenwjh"},"content":"                messages.addAll(fetchTasks());"},{"lineNumber":70,"author":{"gitId":"jadenwjh"},"content":"                reply();"},{"lineNumber":71,"author":{"gitId":"jadenwjh"},"content":"                handleMessage(scanner);"},{"lineNumber":72,"author":{"gitId":"jadenwjh"},"content":"                break;"},{"lineNumber":73,"author":{"gitId":"jadenwjh"},"content":"            case \"done\":"},{"lineNumber":74,"author":{"gitId":"jadenwjh"},"content":"                messages.add(doneMessage);"},{"lineNumber":75,"author":{"gitId":"jadenwjh"},"content":"                if (words.length \u003e 1) {"},{"lineNumber":76,"author":{"gitId":"jadenwjh"},"content":"                    String[] inputIndexes \u003d Arrays.copyOfRange(words, 1, words.length);"},{"lineNumber":77,"author":{"gitId":"jadenwjh"},"content":"                    List\u003cInteger\u003e validIndexes \u003d validateIndexes(inputIndexes);"},{"lineNumber":78,"author":{"gitId":"jadenwjh"},"content":"                    if (validIndexes !\u003d null) {"},{"lineNumber":79,"author":{"gitId":"jadenwjh"},"content":"                        List\u003cString\u003e completedTasks \u003d completeTasks(validIndexes);"},{"lineNumber":80,"author":{"gitId":"jadenwjh"},"content":"                        messages.addAll(completedTasks);"},{"lineNumber":81,"author":{"gitId":"jadenwjh"},"content":"                    }"},{"lineNumber":82,"author":{"gitId":"jadenwjh"},"content":"                }"},{"lineNumber":83,"author":{"gitId":"jadenwjh"},"content":"                reply();"},{"lineNumber":84,"author":{"gitId":"jadenwjh"},"content":"                handleMessage(scanner);"},{"lineNumber":85,"author":{"gitId":"jadenwjh"},"content":"                break;"},{"lineNumber":86,"author":{"gitId":"jadenwjh"},"content":"            default:"},{"lineNumber":87,"author":{"gitId":"jadenwjh"},"content":"                addTask(sentence);"},{"lineNumber":88,"author":{"gitId":"jadenwjh"},"content":"                messages.add(\"added: \" + sentence);"},{"lineNumber":89,"author":{"gitId":"jadenwjh"},"content":"                reply();"},{"lineNumber":90,"author":{"gitId":"jadenwjh"},"content":"                handleMessage(scanner);"},{"lineNumber":91,"author":{"gitId":"jadenwjh"},"content":"        }"},{"lineNumber":92,"author":{"gitId":"jadenwjh"},"content":"    }"},{"lineNumber":93,"author":{"gitId":"jadenwjh"},"content":""},{"lineNumber":94,"author":{"gitId":"jadenwjh"},"content":"    /**"},{"lineNumber":95,"author":{"gitId":"jadenwjh"},"content":"     * Saves current task."},{"lineNumber":96,"author":{"gitId":"jadenwjh"},"content":"     */"},{"lineNumber":97,"author":{"gitId":"jadenwjh"},"content":"    public static void addTask(String message) {"},{"lineNumber":98,"author":{"gitId":"jadenwjh"},"content":"        itemIndex++;"},{"lineNumber":99,"author":{"gitId":"jadenwjh"},"content":"        Task task \u003d new Task(itemIndex, message, false);"},{"lineNumber":100,"author":{"gitId":"jadenwjh"},"content":"        storage.put(itemIndex, task);"},{"lineNumber":101,"author":{"gitId":"jadenwjh"},"content":"    }"},{"lineNumber":102,"author":{"gitId":"jadenwjh"},"content":""},{"lineNumber":103,"author":{"gitId":"jadenwjh"},"content":"    /**"},{"lineNumber":104,"author":{"gitId":"jadenwjh"},"content":"     * Fetch all previously mentioned messages."},{"lineNumber":105,"author":{"gitId":"jadenwjh"},"content":"     */"},{"lineNumber":106,"author":{"gitId":"jadenwjh"},"content":"    public static List\u003cString\u003e fetchTasks() {"},{"lineNumber":107,"author":{"gitId":"jadenwjh"},"content":"        List\u003cString\u003e output \u003d new ArrayList\u003c\u003e();"},{"lineNumber":108,"author":{"gitId":"jadenwjh"},"content":"        for (int index \u003d 0; index \u003c storage.size(); index++) {"},{"lineNumber":109,"author":{"gitId":"jadenwjh"},"content":"            Task task \u003d storage.get(index + 1);"},{"lineNumber":110,"author":{"gitId":"jadenwjh"},"content":"            output.add(task.toString());"},{"lineNumber":111,"author":{"gitId":"jadenwjh"},"content":"        }"},{"lineNumber":112,"author":{"gitId":"jadenwjh"},"content":"        return output;"},{"lineNumber":113,"author":{"gitId":"jadenwjh"},"content":"    }"},{"lineNumber":114,"author":{"gitId":"jadenwjh"},"content":""},{"lineNumber":115,"author":{"gitId":"jadenwjh"},"content":"    /**"},{"lineNumber":116,"author":{"gitId":"jadenwjh"},"content":"     * Checks if task number is present and is an actual number."},{"lineNumber":117,"author":{"gitId":"jadenwjh"},"content":"     */"},{"lineNumber":118,"author":{"gitId":"jadenwjh"},"content":"    public static List\u003cInteger\u003e validateIndexes(String[] indexes) {"},{"lineNumber":119,"author":{"gitId":"jadenwjh"},"content":"        List\u003cInteger\u003e validIndexes \u003d new ArrayList\u003c\u003e();"},{"lineNumber":120,"author":{"gitId":"jadenwjh"},"content":"        for (String i : indexes) {"},{"lineNumber":121,"author":{"gitId":"jadenwjh"},"content":"            try {"},{"lineNumber":122,"author":{"gitId":"jadenwjh"},"content":"                int index \u003d Integer.parseInt(i);"},{"lineNumber":123,"author":{"gitId":"jadenwjh"},"content":"                if (storage.containsKey(index)) {"},{"lineNumber":124,"author":{"gitId":"jadenwjh"},"content":"                    validIndexes.add(index);"},{"lineNumber":125,"author":{"gitId":"jadenwjh"},"content":"                }"},{"lineNumber":126,"author":{"gitId":"jadenwjh"},"content":"            } catch (NumberFormatException e) {"},{"lineNumber":127,"author":{"gitId":"jadenwjh"},"content":"                continue;"},{"lineNumber":128,"author":{"gitId":"jadenwjh"},"content":"            }"},{"lineNumber":129,"author":{"gitId":"jadenwjh"},"content":"        }"},{"lineNumber":130,"author":{"gitId":"jadenwjh"},"content":"        return validIndexes;"},{"lineNumber":131,"author":{"gitId":"jadenwjh"},"content":"    }"},{"lineNumber":132,"author":{"gitId":"jadenwjh"},"content":""},{"lineNumber":133,"author":{"gitId":"jadenwjh"},"content":"    /**"},{"lineNumber":134,"author":{"gitId":"jadenwjh"},"content":"     * Marks the tasks as completed by their given task numbers."},{"lineNumber":135,"author":{"gitId":"jadenwjh"},"content":"     */"},{"lineNumber":136,"author":{"gitId":"jadenwjh"},"content":"    public static List\u003cString\u003e completeTasks(List\u003cInteger\u003e indexes) {"},{"lineNumber":137,"author":{"gitId":"jadenwjh"},"content":"        List\u003cString\u003e output \u003d new ArrayList\u003c\u003e();"},{"lineNumber":138,"author":{"gitId":"jadenwjh"},"content":"        for (int index : indexes) {"},{"lineNumber":139,"author":{"gitId":"jadenwjh"},"content":"            Task task \u003d storage.get(index);"},{"lineNumber":140,"author":{"gitId":"jadenwjh"},"content":"            output.add(String.format(\" [X] %s\", task.getMessage()));"},{"lineNumber":141,"author":{"gitId":"jadenwjh"},"content":"            Task completedTask \u003d new Task(index, task.getMessage(), true);"},{"lineNumber":142,"author":{"gitId":"jadenwjh"},"content":"            storage.put(index, completedTask);"},{"lineNumber":143,"author":{"gitId":"jadenwjh"},"content":"        }"},{"lineNumber":144,"author":{"gitId":"jadenwjh"},"content":"        return output;"},{"lineNumber":145,"author":{"gitId":"-"},"content":"    }"},{"lineNumber":146,"author":{"gitId":"-"},"content":"}"}],"authorContributionMap":{"-":10,"jadenwjh":136}},{"path":"src/main/java/Task.java","fileType":"java","lines":[{"lineNumber":1,"author":{"gitId":"jadenwjh"},"content":"public class Task {"},{"lineNumber":2,"author":{"gitId":"jadenwjh"},"content":"    private final String message;"},{"lineNumber":3,"author":{"gitId":"jadenwjh"},"content":"    private final boolean isDone;"},{"lineNumber":4,"author":{"gitId":"jadenwjh"},"content":"    private final int index;"},{"lineNumber":5,"author":{"gitId":"jadenwjh"},"content":""},{"lineNumber":6,"author":{"gitId":"jadenwjh"},"content":"    /**"},{"lineNumber":7,"author":{"gitId":"jadenwjh"},"content":"     * Constructs a task."},{"lineNumber":8,"author":{"gitId":"jadenwjh"},"content":"     * Requires the task number, a message, indication if task is done."},{"lineNumber":9,"author":{"gitId":"jadenwjh"},"content":"     */"},{"lineNumber":10,"author":{"gitId":"jadenwjh"},"content":"    public Task(int index, String message, boolean isDone) {"},{"lineNumber":11,"author":{"gitId":"jadenwjh"},"content":"        this.message \u003d message;"},{"lineNumber":12,"author":{"gitId":"jadenwjh"},"content":"        this.isDone \u003d isDone;"},{"lineNumber":13,"author":{"gitId":"jadenwjh"},"content":"        this.index \u003d index;"},{"lineNumber":14,"author":{"gitId":"jadenwjh"},"content":"    }"},{"lineNumber":15,"author":{"gitId":"jadenwjh"},"content":""},{"lineNumber":16,"author":{"gitId":"jadenwjh"},"content":"    public boolean isTaskDone() {"},{"lineNumber":17,"author":{"gitId":"jadenwjh"},"content":"        return isDone;"},{"lineNumber":18,"author":{"gitId":"jadenwjh"},"content":"    }"},{"lineNumber":19,"author":{"gitId":"jadenwjh"},"content":""},{"lineNumber":20,"author":{"gitId":"jadenwjh"},"content":"    public int getIndex() {"},{"lineNumber":21,"author":{"gitId":"jadenwjh"},"content":"        return index;"},{"lineNumber":22,"author":{"gitId":"jadenwjh"},"content":"    }"},{"lineNumber":23,"author":{"gitId":"jadenwjh"},"content":""},{"lineNumber":24,"author":{"gitId":"jadenwjh"},"content":"    public String getMessage() {"},{"lineNumber":25,"author":{"gitId":"jadenwjh"},"content":"        return message;"},{"lineNumber":26,"author":{"gitId":"jadenwjh"},"content":"    }"},{"lineNumber":27,"author":{"gitId":"jadenwjh"},"content":""},{"lineNumber":28,"author":{"gitId":"jadenwjh"},"content":"    @Override"},{"lineNumber":29,"author":{"gitId":"jadenwjh"},"content":"    public String toString() {"},{"lineNumber":30,"author":{"gitId":"jadenwjh"},"content":"        return String.format(\"%d. [%s] %s\","},{"lineNumber":31,"author":{"gitId":"jadenwjh"},"content":"                getIndex(),"},{"lineNumber":32,"author":{"gitId":"jadenwjh"},"content":"                isDone ? \"X\" : \" \","},{"lineNumber":33,"author":{"gitId":"jadenwjh"},"content":"                getMessage()"},{"lineNumber":34,"author":{"gitId":"jadenwjh"},"content":"        );"},{"lineNumber":35,"author":{"gitId":"jadenwjh"},"content":"    }"},{"lineNumber":36,"author":{"gitId":"jadenwjh"},"content":"}"}],"authorContributionMap":{"jadenwjh":36}}]
