{"authorDailyContributionsMap":{"jadenwjh":[{"date":"2021-01-17","commitResults":[{"hash":"e1008d8d77ce4727ad369c7be8648573c25fba67","messageTitle":"Add initial skeletal Hello and Bye message","messageBody":"","tags":["Level-0"],"fileTypesAndContributionMap":{"java":{"insertions":6,"deletions":0}}}]},{"date":"2021-01-26","commitResults":[{"hash":"113448a8d264742f2b8028808a0c35646c77fa5a","messageTitle":"Add reply function to wrap replies with horizontal lines and indentations Add echoUser function","messageBody":"","tags":["Level-1"],"fileTypesAndContributionMap":{"java":{"insertions":45,"deletions":9}}},{"hash":"2d88f3083d39a5159cfab35193c9a57abb704b68","messageTitle":"Add the ability to store whatever text entered by the user and display them back to the user when requested","messageBody":"","tags":["Level-2"],"fileTypesAndContributionMap":{"java":{"insertions":53,"deletions":18}}},{"hash":"8f0b36729d392090b914bf6aad6b13178e3bf732","messageTitle":"Add Task object","messageBody":"","tags":["Level-3"],"fileTypesAndContributionMap":{"java":{"insertions":33,"deletions":1}}},{"hash":"5e0b6801bff010035aa318bfc4851b36cab7555a","messageTitle":"Add the ability to mark tasks as done","messageBody":"","fileTypesAndContributionMap":{"java":{"insertions":79,"deletions":17}}}]},{"date":"2021-01-30","commitResults":[{"hash":"8895b696bf397019789557413057e9423dadfee5","messageTitle":"Add better variable names","messageBody":"","tags":["A-CodingStandard"],"fileTypesAndContributionMap":{"java":{"insertions":7,"deletions":6}}}]},{"date":"2021-02-02","commitResults":[{"hash":"c419898d0cf05ce4972d49f29042e339f5b3c77f","messageTitle":"Add Todo, Event and Deadline task","messageBody":"","tags":["Level-4"],"fileTypesAndContributionMap":{"java":{"insertions":307,"deletions":71},"bat":{"insertions":100,"deletions":0}}}]},{"date":"2021-02-03","commitResults":[{"hash":"af568fe530fada18055927b7b9004e64481b747c","messageTitle":"Refactor methods to prevent overcrowding within a single file","messageBody":"","tags":["A-CodeQuality"],"fileTypesAndContributionMap":{"txt":{"insertions":3,"deletions":0},"java":{"insertions":268,"deletions":263}}}]}]},"authorFileTypeContributionMap":{"jadenwjh":{"java":419,"md":0,"fxml":0,"sh":0,"bat":100,"gradle":0,"txt":3}},"authorContributionVariance":{"jadenwjh":21248.408},"authorDisplayNameMap":{"jadenwjh":"CS2113-F10-1 WONG..HONG"}}
