{"authorDailyContributionsMap":{"Leeyp":[{"date":"2021-01-16","commitResults":[{"hash":"7db34d1951b9f8209053cea34c0d1cb416f276e6","messageTitle":"Add Increment: Level-0. Greet","messageBody":"","tags":["Level-0"],"fileTypesAndContributionMap":{"java":{"insertions":6,"deletions":1}}}]},{"date":"2021-01-25","commitResults":[{"hash":"e4f2b98a3036b7bbb0cf13cfb168c4213bb1240c","messageTitle":"Level-1: Greet, Echo, Exit","messageBody":"","tags":["Level-1"],"fileTypesAndContributionMap":{"java":{"insertions":11,"deletions":0}}},{"hash":"464dbca098e7ee06af94938d6bca2a6cba5fe3b0","messageTitle":"Level 2. Add, List","messageBody":"","fileTypesAndContributionMap":{"java":{"insertions":16,"deletions":1}}},{"hash":"1a9a1b5fa0bdb5875f783208aa962412c9db1076","messageTitle":"Level-2: Add, List Fixed small formatting inconsistency","messageBody":"","tags":["Level-2"],"fileTypesAndContributionMap":{"java":{"insertions":1,"deletions":1}}},{"hash":"91c818f3df8e4a72c3bd03c69293d0ef96de90af","messageTitle":"Level-3: Mark as Done","messageBody":"A-Classes\n","tags":["Level-3","A-Classes"],"fileTypesAndContributionMap":{"java":{"insertions":35,"deletions":3}}},{"hash":"f9c5279ae8cff577624abd39cf791a349303ddec","messageTitle":"A-CodingStandard: Follow the Coding Standard","messageBody":"","tags":["A-CodingStandard"],"fileTypesAndContributionMap":{"java":{"insertions":16,"deletions":18}}}]},{"date":"2021-02-03","commitResults":[{"hash":"4b293d91a6d46a65b5fd8b41a2a92f663384f538","messageTitle":"Level 4. ToDos, Events, Deadlines Add support for tracking three types of tasks:","messageBody":"ToDos: tasks without any date/time attached to it e.g., visit new theme park\nDeadlines: tasks that need to be done before a specific date/time e.g., submit report by 11/10/2019 5pm\nEvents: tasks that start at a specific time and ends at a specific time e.g., team project meeting on 2/10/2019 2-4pm\n\n-Inheritance\n     ↳ Use Inheritance to support multiple task types\n","tags":["Level-4","A-Inheritance"],"fileTypesAndContributionMap":{"java":{"insertions":79,"deletions":7}}},{"hash":"6accd0bf1984fce029ccf8647dd7e0316391f577","messageTitle":"-CodeQuality      ↳ Improve code quality","messageBody":"","tags":["A-CodeQuality"],"fileTypesAndContributionMap":{"java":{"insertions":164,"deletions":61}}}]},{"date":"2021-02-10","commitResults":[{"hash":"5dd4497741d3872891854f2926e1f62f7a1803a1","messageTitle":"Level 5. Handle Errors Teach Duke to deal with errors such as incorrect inputs entered by the user.","messageBody":"(cherry picked from commit 18796f8a86224f1e34111da1a6876856e1c9964a)\n","fileTypesAndContributionMap":{"java":{"insertions":79,"deletions":15}}},{"hash":"ebaf1f7eba4c545153d7734098c5d6b643a7e0b2","messageTitle":"↳ Divide classes into packages","messageBody":"Organize the classes into suitable java packages.\n\n(cherry picked from commit 44037fb18521833383917de9f950dfaec302772e)\n","fileTypesAndContributionMap":{"java":{"insertions":20,"deletions":0}}}]},{"date":"2021-02-16","commitResults":[{"hash":"f1e0de292fa60b83286f50742702273f61014534","messageTitle":"Level 6. Delete Add support for deleting tasks from the list.","messageBody":"A-Collections\n     ↳ Use Java Collections classes\n","fileTypesAndContributionMap":{"java":{"insertions":62,"deletions":31}}},{"hash":"7b9903e17a8c403969ae3ee612ae7accd059223d","messageTitle":"Level 7. Save Save the tasks in the hard disk automatically whenever the task list changes. Load the data from the hard disk when Duke starts up. You may hard-code the file name and location e.g., [project_root]/data/duke.txt","messageBody":"","fileTypesAndContributionMap":{"java":{"insertions":97,"deletions":5}}},{"hash":"5f823e1ecf44637f4d24f9278c8012a0f5b2190b","messageTitle":"Refactored code","messageBody":"","tags":["A-Jar"],"fileTypesAndContributionMap":{"java":{"insertions":127,"deletions":116}}}]},{"date":"2021-02-23","commitResults":[{"hash":"710da92175bd394d5cba7b3e36418efdf7675950","messageTitle":"↳ Make the code more OOP","messageBody":"Refactor the code to extract out closely related code as classes.\n\nMinimal: Extract the following classes:\nUi: deals with interactions with the user\nStorage: deals with loading tasks from the file and saving tasks in the file\nParser: deals with making sense of the user command\nTaskList: contains the task list e.g., it has operations to add/delete tasks in the list\n","tags":["A-MoreOOP"],"fileTypesAndContributionMap":{"java":{"insertions":385,"deletions":334}}}]},{"date":"2021-02-24","commitResults":[{"hash":"394c8a91de0781db7c14c8736e43fd0de03550b2","messageTitle":"Level 9. Find Give users a way to find a task by searching for a keyword.","messageBody":"","fileTypesAndContributionMap":{"java":{"insertions":30,"deletions":1}}}]},{"date":"2021-02-25","commitResults":[{"hash":"3aaa97edbecd19585a936858662b8d50db81d5ff","messageTitle":" ↳ Add JavaDoc comments","messageBody":"Add JavaDoc comments to the code.\n\nMinimal: Add header comments to at least half of the non-private classes/methods.\nStretch goal: Add header comments to all non-private classes/methods, and non-trivial private methods.\n","fileTypesAndContributionMap":{"java":{"insertions":323,"deletions":52}}}]},{"date":"2021-02-26","commitResults":[{"hash":"853188c28b1ddf76cb104f5b31fc08dc8fd755be","messageTitle":"Level 9. Find Give users a way to find a task by searching for a keyword.","messageBody":"(cherry picked from commit 394c8a91de0781db7c14c8736e43fd0de03550b2)\n","fileTypesAndContributionMap":{"java":{"insertions":30,"deletions":1}}},{"hash":"5845adcca61d51ac63030ac64d4895c61244ef0c","messageTitle":"no message","messageBody":"","fileTypesAndContributionMap":{"java":{"insertions":24,"deletions":1}}}]},{"date":"2021-02-27","commitResults":[{"hash":"247fa13585d737905f77cd15c7f71c33bd303407","messageTitle":"UserGuide      ↳ Add a User Guide","messageBody":"","tags":["A-UserGuide"],"fileTypesAndContributionMap":{"md":{"insertions":206,"deletions":10}}}]},{"date":"2021-02-28","commitResults":[{"hash":"3e29675945fec34e0828be9d70fccc0f6251ac8a","messageTitle":"Fixed some bugs","messageBody":"","fileTypesAndContributionMap":{"java":{"insertions":20,"deletions":9},"md":{"insertions":1,"deletions":0}}}]},{"date":"2021-03-01","commitResults":[{"hash":"6ad2b900754034e4d30c0c8b388da16dd705c16e","messageTitle":"Improved code quality, fixed some bugs","messageBody":"","fileTypesAndContributionMap":{"java":{"insertions":37,"deletions":21}}},{"hash":"a2c8a80f0942c67f4035bc10ea0ee39fd7556feb","messageTitle":"fixed ambiguous names","messageBody":"","fileTypesAndContributionMap":{"java":{"insertions":4,"deletions":4}}},{"hash":"b18b499e4c3ca806ab379c8a9b492db92236d1c4","messageTitle":"Improved Ui Code Quality","messageBody":"","fileTypesAndContributionMap":{"java":{"insertions":30,"deletions":13}}},{"hash":"872829112e11832a30a4e65407fa37bcc1844b41","messageTitle":"Fixed minor bug","messageBody":"","fileTypesAndContributionMap":{"java":{"insertions":4,"deletions":4}}}]}]},"authorFileTypeContributionMap":{"Leeyp":{"java":863,"md":197,"fxml":0,"sh":0,"bat":0,"gradle":0,"txt":0}},"authorContributionVariance":{"Leeyp":18166.738},"authorDisplayNameMap":{"Leeyp":"CS2113-T10-1 LEE ..PENG"}}
