{"authorDailyContributionsMap":{"Vinci-Hu":[{"date":"2021-01-17","commitResults":[{"hash":"3080d07c74c45e0ed461f9170041157acbbfb7fa","messageTitle":"Level 0. Greet","messageBody":"Implement an initial skeletal version of the Duke that simply greets the user and exits.","tags":["Level-0"],"fileTypesAndContributionMap":{"java":{"insertions":6,"deletions":1}}}]},{"date":"2021-01-23","commitResults":[{"hash":"a0de62aaeb54e1c20bebe43378d2adc0d583c4ac","messageTitle":"Level 1. Greet, Echo, Exit","messageBody":"Simply echos commands entered by the user, and exits when the user types \"bye\".","tags":["Level-1"],"fileTypesAndContributionMap":{"java":{"insertions":21,"deletions":2}}},{"hash":"b16fce9ba01c509250e3c6b77e33f9d4979dedd6","messageTitle":"Level 2. Add, List","messageBody":"Add the ability to store whatever text entered by the user and display them back to the user when requested.","tags":["Level-2"],"fileTypesAndContributionMap":{"java":{"insertions":36,"deletions":9}}},{"hash":"e834cf2af96eac8a9fd1efc529b513b1e91e656d","messageTitle":"Add Task class","messageBody":"","fileTypesAndContributionMap":{"java":{"insertions":18,"deletions":0}}},{"hash":"1cf5d4cbf0294e3c59238c56a59623b30836ae3c","messageTitle":"Change list of String to list of Tasks and modify display","messageBody":"","fileTypesAndContributionMap":{"java":{"insertions":16,"deletions":5}}},{"hash":"3516ae5d66e704cea36014d3657d010c755a4b18","messageTitle":"Add completeTask method and recognize done keyword","messageBody":"","fileTypesAndContributionMap":{"java":{"insertions":27,"deletions":19}}},{"hash":"1efa8c148253ee34a67b041dccab2977412d9995","messageTitle":"Add output in complete task flow","messageBody":"","fileTypesAndContributionMap":{"java":{"insertions":4,"deletions":1}}},{"hash":"e4d9e970ceedd8a4d1d5afb36a1cf501b441d89c","messageTitle":"Level 3. Mark as Done","messageBody":"Add the ability to mark tasks as done.","tags":["Level-3"],"fileTypesAndContributionMap":{"java":{"insertions":6,"deletions":4}}},{"hash":"6b745640288cc60a24021142824d72216b3f6150","messageTitle":"Modify variable names to give a clearer indication","messageBody":"","tags":["A-CodingStandard"],"fileTypesAndContributionMap":{"java":{"insertions":10,"deletions":10}}}]},{"date":"2021-02-03","commitResults":[{"hash":"892e459f4d4c57fb2ac53b905fdc4a5bfb16a81c","messageTitle":"Add Todo, Deadline and Event classes","messageBody":"","fileTypesAndContributionMap":{"java":{"insertions":47,"deletions":3}}},{"hash":"ae6071944044d8f0abc460f5fec113704df73921","messageTitle":"Add recognition of new keywords and change task list display","messageBody":"haven\u0027t dealt with input yet","fileTypesAndContributionMap":{"java":{"insertions":33,"deletions":15}}},{"hash":"a4ab53d8c161900b22ee415b6a72d0258f74adac","messageTitle":"Call each constructor according to keyword","messageBody":"Assuming all input are correct format","tags":["Level-4"],"fileTypesAndContributionMap":{"java":{"insertions":10,"deletions":5}}}]}]},"authorFileTypeContributionMap":{"Vinci-Hu":{"java":161,"md":0,"fxml":0,"sh":0,"bat":0,"gradle":0,"txt":0}},"authorContributionVariance":{"Vinci-Hu":1842.0558},"authorDisplayNameMap":{"Vinci-Hu":"CS2113-T10-1 HU W..ENQI"}}
