{"authorDailyContributionsMap":{"Vinci-Hu":[{"date":"2021-01-17","commitResults":[{"hash":"3080d07c74c45e0ed461f9170041157acbbfb7fa","messageTitle":"Level 0. Greet","messageBody":"Implement an initial skeletal version of the Duke that simply greets the user and exits.","tags":["Level-0"],"fileTypesAndContributionMap":{"java":{"insertions":6,"deletions":1}}}]},{"date":"2021-01-23","commitResults":[{"hash":"a0de62aaeb54e1c20bebe43378d2adc0d583c4ac","messageTitle":"Level 1. Greet, Echo, Exit","messageBody":"Simply echos commands entered by the user, and exits when the user types \"bye\".","tags":["Level-1"],"fileTypesAndContributionMap":{"java":{"insertions":21,"deletions":2}}},{"hash":"b16fce9ba01c509250e3c6b77e33f9d4979dedd6","messageTitle":"Level 2. Add, List","messageBody":"Add the ability to store whatever text entered by the user and display them back to the user when requested.","tags":["Level-2"],"fileTypesAndContributionMap":{"java":{"insertions":36,"deletions":9}}},{"hash":"e834cf2af96eac8a9fd1efc529b513b1e91e656d","messageTitle":"Add Task class","messageBody":"","fileTypesAndContributionMap":{"java":{"insertions":18,"deletions":0}}},{"hash":"1cf5d4cbf0294e3c59238c56a59623b30836ae3c","messageTitle":"Change list of String to list of Tasks and modify display","messageBody":"","fileTypesAndContributionMap":{"java":{"insertions":16,"deletions":5}}},{"hash":"3516ae5d66e704cea36014d3657d010c755a4b18","messageTitle":"Add completeTask method and recognize done keyword","messageBody":"","fileTypesAndContributionMap":{"java":{"insertions":27,"deletions":19}}},{"hash":"1efa8c148253ee34a67b041dccab2977412d9995","messageTitle":"Add output in complete task flow","messageBody":"","fileTypesAndContributionMap":{"java":{"insertions":4,"deletions":1}}},{"hash":"e4d9e970ceedd8a4d1d5afb36a1cf501b441d89c","messageTitle":"Level 3. Mark as Done","messageBody":"Add the ability to mark tasks as done.","tags":["Level-3"],"fileTypesAndContributionMap":{"java":{"insertions":6,"deletions":4}}},{"hash":"6b745640288cc60a24021142824d72216b3f6150","messageTitle":"Modify variable names to give a clearer indication","messageBody":"","tags":["A-CodingStandard"],"fileTypesAndContributionMap":{"java":{"insertions":10,"deletions":10}}}]},{"date":"2021-02-03","commitResults":[{"hash":"892e459f4d4c57fb2ac53b905fdc4a5bfb16a81c","messageTitle":"Add Todo, Deadline and Event classes","messageBody":"","fileTypesAndContributionMap":{"java":{"insertions":47,"deletions":3}}},{"hash":"ae6071944044d8f0abc460f5fec113704df73921","messageTitle":"Add recognition of new keywords and change task list display","messageBody":"haven\u0027t dealt with input yet","fileTypesAndContributionMap":{"java":{"insertions":33,"deletions":15}}},{"hash":"a4ab53d8c161900b22ee415b6a72d0258f74adac","messageTitle":"Call each constructor according to keyword","messageBody":"Assuming all input are correct format","tags":["Level-4"],"fileTypesAndContributionMap":{"java":{"insertions":10,"deletions":5}}}]},{"date":"2021-02-10","commitResults":[{"hash":"b26d5c483abe47bedb32c981958dba13c7b04898","messageTitle":"Auto formatting","messageBody":"","fileTypesAndContributionMap":{"java":{"insertions":38,"deletions":43}}},{"hash":"d2efbde0d8f0586b55704f74ac491c367367b4c8","messageTitle":"Add exceptions","messageBody":"","fileTypesAndContributionMap":{"java":{"insertions":10,"deletions":0}}},{"hash":"d0edc67b7fa4913832010e1ba89747c7514ab3e2","messageTitle":"Add TaskAlreadyDone exception","messageBody":"","fileTypesAndContributionMap":{"java":{"insertions":142,"deletions":66}}},{"hash":"c7e10fd84b283843eda4c02038c3bd6cf415ce13","messageTitle":"Combine several exceptions into DukeException","messageBody":"","tags":["A-Exceptions"],"fileTypesAndContributionMap":{"java":{"insertions":25,"deletions":18}}},{"hash":"06386eab5fb8c0a83ff39928a5da98c76f0e3977","messageTitle":"Add duke package","messageBody":"","fileTypesAndContributionMap":{"java":{"insertions":45,"deletions":17},"bat":{"insertions":1,"deletions":1},"md":{"insertions":2,"deletions":2}}},{"hash":"2a431f6f8363385a84bf9dec0021bfcfdb8b39dc","messageTitle":"Pack all exceptions unique to Duke into DukeException class","messageBody":"","fileTypesAndContributionMap":{"java":{"insertions":32,"deletions":29}}},{"hash":"347731e6f9f127b8e63a9615cf4b3b9eb97979dc","messageTitle":"Move task and child classes under task package","messageBody":"","tags":["A-Packages"],"fileTypesAndContributionMap":{"java":{"insertions":10,"deletions":4}}}]},{"date":"2021-02-17","commitResults":[{"hash":"6943139e0e6dc12e07243bfbefd1cdf20bb050e3","messageTitle":"Add delete keyword, left list manipulation empty","messageBody":"","fileTypesAndContributionMap":{"java":{"insertions":29,"deletions":0}}},{"hash":"0ddb511e603e0e7e8f58ef4e5e085eecdd1dad7c","messageTitle":"Use an ArrayList\u003cTask\u003e to store the tasks","messageBody":"","fileTypesAndContributionMap":{"java":{"insertions":29,"deletions":22}}},{"hash":"50589d7df6743a5b3e406af6e607a04bcfd9fa8c","messageTitle":"Add toText methods in task classes and add createFile method in DUke","messageBody":"","fileTypesAndContributionMap":{"java":{"insertions":69,"deletions":2}}},{"hash":"3e07728e25cee8bdda52c8ad2c6983a70dd732ae","messageTitle":"Complete file management methods","messageBody":"","fileTypesAndContributionMap":{"java":{"insertions":38,"deletions":6}}},{"hash":"2667459edd7b93c887c1429fcdef98f9fd5ea060","messageTitle":"Fix misbehaviour after merging","messageBody":"","fileTypesAndContributionMap":{"java":{"insertions":8,"deletions":9}}},{"hash":"b2a648a8cfbb3575785b267e40e677de55fc6b86","messageTitle":"File access for every list modification","messageBody":"","tags":["Level-7","A-Collections"],"fileTypesAndContributionMap":{"java":{"insertions":17,"deletions":5}}},{"hash":"5db2996880cfa7be3761229ef619f77049d7a46d","messageTitle":"Change filePath","messageBody":"","fileTypesAndContributionMap":{"java":{"insertions":7,"deletions":5}}},{"hash":"e9a975ab9c48817f3e3b9cf979eae022ec0330f5","messageTitle":"Fix directory not found error","messageBody":"","tags":["v0.1","A-Jar"],"fileTypesAndContributionMap":{"java":{"insertions":6,"deletions":2}}}]}]},"authorFileTypeContributionMap":{"Vinci-Hu":{"java":440,"md":2,"fxml":0,"sh":0,"bat":1,"gradle":0,"txt":0}},"authorContributionVariance":{"Vinci-Hu":8396.195},"authorDisplayNameMap":{"Vinci-Hu":"CS2113-T10-1 HU W..ENQI"}}
