{"authorDailyContributionsMap":{"soepaingzaw":[{"date":"2021-01-18","commitResults":[{"hash":"c380181ff9c7396d21406a765b8aa71285075ed4","messageTitle":"Update readme to reflect new IntelliJ version","messageBody":"","fileTypesAndContributionMap":{"md":{"insertions":10,"deletions":10}}},{"hash":"8cf74a9bf270a216eeedae558b9ebe1681ed3386","messageTitle":"Update README.md","messageBody":"","fileTypesAndContributionMap":{"md":{"insertions":2,"deletions":2}}}]},{"date":"2021-01-29","commitResults":[{"hash":"6cc506b4324f853a80850a41cc3e522599c3fcb1","messageTitle":"Level 1","messageBody":"","tags":["Level-1"],"fileTypesAndContributionMap":{"java":{"insertions":58,"deletions":0}}},{"hash":"f86491a5f80ac776a4a216f7a9e1992f4f0f8942","messageTitle":"Level 2","messageBody":"","tags":["Level-2"],"fileTypesAndContributionMap":{"java":{"insertions":3,"deletions":4}}},{"hash":"a100e4b34466cd4bbbcf7ea7fc27c023b5c4a0d5","messageTitle":"level 3","messageBody":"","tags":["Level-3"],"fileTypesAndContributionMap":{"java":{"insertions":13,"deletions":7}}},{"hash":"a14b98d30e56674636450ead3ef95dcb7ab11ab9","messageTitle":"attempt for A-coding standard","messageBody":"","tags":["A-CodingStandard"],"fileTypesAndContributionMap":{"java":{"insertions":9,"deletions":7}}}]}]},"authorFileTypeContributionMap":{"soepaingzaw":{"java":65,"md":9,"fxml":0,"sh":0,"bat":0,"gradle":0,"txt":0}},"authorContributionVariance":{"soepaingzaw":523.9279},"authorDisplayNameMap":{"soepaingzaw":"SOE .. ZAW"}}
