{"authorDailyContributionsMap":{"jonahtwl":[{"date":"2021-01-19","commitResults":[{"hash":"ecaef04761b58718dcbba504fd50959a2de9c477","messageTitle":"Add Increment: Level-0.","messageBody":"String greeting was added and printed\n","tags":["Level-0"],"fileTypesAndContributionMap":{"java":{"insertions":8,"deletions":0}}}]},{"date":"2021-01-26","commitResults":[{"hash":"f566e30074c28075d4cf9a8e99cbe4cf563b80fa","messageTitle":"Added echo","messageBody":"Customised greeting and exit to add a personal flavour\n","tags":["Level-1"],"fileTypesAndContributionMap":{"java":{"insertions":42,"deletions":12}}},{"hash":"b99914c1a9a4188a35d82a426e015943d4f5b5f2","messageTitle":"Added List class","messageBody":"List class controls all list data, Main will call on List to add and display list\n","tags":["Level-2"],"fileTypesAndContributionMap":{"java":{"insertions":41,"deletions":8}}},{"hash":"19f24d0b940595e4c0eebd24df929129254c0e3c","messageTitle":"Tasks can be marked done","messageBody":"- list class was revamped entirely\n- removed excess import statements\n- included validation check for done\n- Trialed try-catch\n","tags":["Level-3","A-Classes"],"fileTypesAndContributionMap":{"java":{"insertions":74,"deletions":33}}},{"hash":"9098c52c6d373b726679354e51bd8eb449134e28","messageTitle":"Added comments to ambiguous statements","messageBody":"- Some minor grammar edits\n- Tweaked some UI prints to be consistent with the others\n- Changed up \"exit\" to a softer \"break\" for \"BYE\" case.\n- goodbye message now prints at the end of the program\n","tags":["A-CodingStandard"],"fileTypesAndContributionMap":{"java":{"insertions":21,"deletions":21}}}]},{"date":"2021-01-27","commitResults":[{"hash":"391a1b15c2ba07216785106c586b2ed7c92b9806","messageTitle":"Removed List class and added Task class","messageBody":"- Task class is a re-written List class\n- Better user readability\n- Cleaned up messy code\n","fileTypesAndContributionMap":{"java":{"insertions":92,"deletions":81}}}]},{"date":"2021-02-02","commitResults":[{"hash":"1debe5758a53a70cde04736e7474af1647f1f1b7","messageTitle":"Inheritance added","messageBody":"- Task is now inherited by Todo, Event, Deadline\n- markDone is still under reformating\n","fileTypesAndContributionMap":{"java":{"insertions":253,"deletions":41}}},{"hash":"f0dceb566ef2d62bcd9c41c5224357a54ddf2852","messageTitle":"Completed markDone method","messageBody":"- Functionalities are as of level-4\n- Added some new methods\n- Removed input validation (for now)\n","tags":["Level-4","A-Inheritance"],"fileTypesAndContributionMap":{"java":{"insertions":58,"deletions":110}}}]},{"date":"2021-02-03","commitResults":[{"hash":"f74200597fb1e6ce861e6c874100d2eb45809315","messageTitle":"Added the header for the timestamp","messageBody":"- Timestamps now have headers based on what the user inputs after the \"/\"\n- Cleaned up messy code\n","tags":["A-CodeQuality"],"fileTypesAndContributionMap":{"java":{"insertions":30,"deletions":13}}}]},{"date":"2021-02-05","commitResults":[{"hash":"0f3344db9be789d1f7886f7d587087a8f84dd594","messageTitle":"Automated Text UI Testing added","messageBody":"- input file edited\n- expected file edited\n- unicode tick and cross changed to \"X\" and \" \" to mark done and undone respectively\n","tags":["A-TextUiTesting"],"fileTypesAndContributionMap":{"txt":{"insertions":9,"deletions":0},"java":{"insertions":1,"deletions":1}}}]},{"date":"2021-02-09","commitResults":[{"hash":"9bce915733c8a22a14241eb8635b77e36973bf1d","messageTitle":"Added my own Exception handler","messageBody":"- Handles most common user inputed errors\n","tags":["A-Exceptions"],"fileTypesAndContributionMap":{"java":{"insertions":66,"deletions":25}}},{"hash":"e70a55860265d40398a21fa1157b28b856b86dd0","messageTitle":"Added classes into duke package","messageBody":"","tags":["A-Packages"],"fileTypesAndContributionMap":{"java":{"insertions":12,"deletions":0}}},{"hash":"40b761ebedc03dab8e45eea283b1d6d60e23859f","messageTitle":"Repackaged classes","messageBody":"- Deadline, Event, Todo are now in task package\n- Exception package was created\n","fileTypesAndContributionMap":{"java":{"insertions":16,"deletions":8}}}]},{"date":"2021-02-13","commitResults":[{"hash":"890b80f7b364c545bc0cff7864109fb85878228e","messageTitle":"Updated Text UI Testing","messageBody":"- Input changed\n- Expected output changed\n- Updated runtest file to reflect new packages\n- Changed System.err.println to System.out to reflect it in the ACTUAL.txt output\n","fileTypesAndContributionMap":{"txt":{"insertions":8,"deletions":0},"java":{"insertions":43,"deletions":44},"bat":{"insertions":2,"deletions":2}}}]},{"date":"2021-02-20","commitResults":[{"hash":"f5869558fe454f8eed8114e9058f9ee00de2deb3","messageTitle":"Created an ArrayList and added delete method","messageBody":"","fileTypesAndContributionMap":{"java":{"insertions":66,"deletions":28}}}]},{"date":"2021-02-21","commitResults":[{"hash":"d31d2d61b2739c38774170dc36284d4fd16518a7","messageTitle":"Added Save function","messageBody":"- Save to file\n- Load from file\n","fileTypesAndContributionMap":{"java":{"insertions":82,"deletions":1}}},{"hash":"1304fa17c937b39728f6b2902ca51ae84e329395","messageTitle":"Some extra commits from individual lines","messageBody":"","fileTypesAndContributionMap":{"java":{"insertions":0,"deletions":1}}},{"hash":"b51ee0b5734d426b6f20fc34841929878ff2cd56","messageTitle":"Minor code refactoring and some fixes","messageBody":"- Saves Deadlines/Events correctly\n- Loads Deadlines/Events correctly\n","tags":["Level-7"],"fileTypesAndContributionMap":{"java":{"insertions":63,"deletions":54}}}]},{"date":"2021-02-25","commitResults":[{"hash":"822f0bc4a6454b57587e42d732264bbc44e2e9b3","messageTitle":"Partial work on the A-MoreOOP","messageBody":"- Task: Todo works now\n- Task: Deadline in progress\n- Task: Event in progress\n- Have left save/load out first to prevent issues\n","fileTypesAndContributionMap":{"java":{"insertions":380,"deletions":326}}}]},{"date":"2021-02-26","commitResults":[{"hash":"40e44b603573812a8c4cc2ebe17345d0014881f4","messageTitle":"Some continuation of OOP","messageBody":"- All tasks can be saved\n- Loading is a work in progress\n","fileTypesAndContributionMap":{"java":{"insertions":81,"deletions":138}}},{"hash":"3dbabf81a5848e4996e9e9895dec39d0d08a24d1","messageTitle":"Updated OOP for current methods","messageBody":"","tags":["A-MoreOOP"],"fileTypesAndContributionMap":{"java":{"insertions":208,"deletions":108}}},{"hash":"c94d4575a5099b8833502221d8b8fd8e9fc70da8","messageTitle":"Added search function","messageBody":"- Search by keyword\n","fileTypesAndContributionMap":{"java":{"insertions":58,"deletions":17}}},{"hash":"4dbe7897129d9360bb5406436fff252d19d321bc","messageTitle":"Updated JavaDoc of Parser class","messageBody":"","fileTypesAndContributionMap":{"java":{"insertions":40,"deletions":0}}}]},{"date":"2021-02-27","commitResults":[{"hash":"f4cf56a78b10a777aa867620db901c0a6eb5a138","messageTitle":"Updated Javadocs for CommandHandler class","messageBody":"","fileTypesAndContributionMap":{"java":{"insertions":54,"deletions":2}}},{"hash":"5f12fb9f1709fd58844b318e2fc39fb239c87273","messageTitle":"Added more documentation to public methods","messageBody":"- Made changes based on feedback given\n","fileTypesAndContributionMap":{"java":{"insertions":119,"deletions":13}}},{"hash":"28d70ec742061a00527711c3adb95d6f2febdeb9","messageTitle":"Fixed a minute typo","messageBody":"","fileTypesAndContributionMap":{"java":{"insertions":2,"deletions":2}}}]},{"date":"2021-02-28","commitResults":[{"hash":"22b297bdb287ab72134f423eb24e3b533d4bb58e","messageTitle":"Updated code for nice UI","messageBody":"- Updated README\n- Published jar\n","tags":["A-UserGuide"],"fileTypesAndContributionMap":{"java":{"insertions":1,"deletions":2},"md":{"insertions":98,"deletions":10}}},{"hash":"59f0b1c762d36b3405e26910caa487ed0f66ba72","messageTitle":"Updated README to fix some UI error","messageBody":"","fileTypesAndContributionMap":{"md":{"insertions":1,"deletions":1}}},{"hash":"2423452493277bb35e0df42621f09ce209d92e9f","messageTitle":"Second try on fix for table rendering issues","messageBody":"","fileTypesAndContributionMap":{"md":{"insertions":1,"deletions":0}}},{"hash":"55e2b1a4cde5e0213acbfe2408ce45fd09a55183","messageTitle":"Update README.md","messageBody":"Fix typo issues with README","tags":["v0.2"],"fileTypesAndContributionMap":{"md":{"insertions":1,"deletions":1}}},{"hash":"f595907c519a78b6217c53113416e4011565af24","messageTitle":"Added a handler for corrupted files","messageBody":"- Edited README to warn users for editing files\n","fileTypesAndContributionMap":{"java":{"insertions":29,"deletions":14},"md":{"insertions":7,"deletions":1}}}]},{"date":"2021-03-02","commitResults":[{"hash":"c06eee7d974e6fee63eeba1beb2a06dc2e47a9b6","messageTitle":"Update README.md","messageBody":"Changed download link to v0.2","fileTypesAndContributionMap":{"md":{"insertions":1,"deletions":1}}}]}]},"authorFileTypeContributionMap":{"jonahtwl":{"java":848,"md":104,"fxml":0,"sh":0,"bat":2,"gradle":0,"txt":17}},"authorContributionVariance":{"jonahtwl":22953.232},"authorDisplayNameMap":{"jonahtwl":"CS2113T-W09-1 JONA..LONG"}}
