{"authorDailyContributionsMap":{"isaharon":[{"date":"2021-01-19","commitResults":[{"hash":"473f9d5867ca1fe4dc7a93c13000746ef628a330","messageTitle":"Add Increment: Level-0","messageBody":"","tags":["Level-1"],"fileTypesAndContributionMap":{"java":{"insertions":7,"deletions":0}}}]},{"date":"2021-01-26","commitResults":[{"hash":"abc15fe53a0e05cc176a5de885bcef3c334bb901","messageTitle":"Add Increment: Level-1","messageBody":"","tags":["Level-2"],"fileTypesAndContributionMap":{"java":{"insertions":39,"deletions":10}}},{"hash":"137006834ca03d37682d9dd5458901d124cf61a2","messageTitle":"Add Increment: Level-2","messageBody":"","tags":["Level-3","A-CodingStandard","A-Classes"],"fileTypesAndContributionMap":{"java":{"insertions":26,"deletions":2}}},{"hash":"eaa406fec6cf336f1fc0d58cbd7bd061de65c853","messageTitle":"Add Increment: Level-3, A-CodingStandard","messageBody":"","fileTypesAndContributionMap":{"java":{"insertions":105,"deletions":50}}}]},{"date":"2021-01-31","commitResults":[{"hash":"3367ee53cb8830025b711b9e641c779c7e60e789","messageTitle":"Fix bug and refactor some code","messageBody":"Fixed checking of user input command without splitting\n","fileTypesAndContributionMap":{"java":{"insertions":57,"deletions":35}}}]},{"date":"2021-02-01","commitResults":[{"hash":"d4969e91a25a9ffce39bf50fab49ef6e98753595","messageTitle":"Add Increment: Level-4, A-Inheritance","messageBody":"","tags":["Level-4","A-Inheritance"],"fileTypesAndContributionMap":{"java":{"insertions":99,"deletions":9}}},{"hash":"27c9ce866489bf942791dc0a03ba5a67ff3f5212","messageTitle":"Add Increment: A-TextUiTesting","messageBody":"","tags":["A-TextUiTesting"],"fileTypesAndContributionMap":{"txt":{"insertions":9,"deletions":0},"java":{"insertions":1,"deletions":1}}},{"hash":"48c8e85afa1444f7bb67e7c827565be2104b10c0","messageTitle":"Add Increment: A-CodeQuality","messageBody":"","tags":["A-CodeQuality"],"fileTypesAndContributionMap":{"java":{"insertions":17,"deletions":16}}}]},{"date":"2021-02-07","commitResults":[{"hash":"f40f64754be88100eb5f35edb4e2ebb28a3a48a7","messageTitle":"Update code based on feedback from PR review","messageBody":"","fileTypesAndContributionMap":{"java":{"insertions":29,"deletions":31}}},{"hash":"25c0b4bd8d58b71771a56044bbb126bac448d783","messageTitle":"Update text-ui-testing files","messageBody":"","fileTypesAndContributionMap":{"txt":{"insertions":6,"deletions":2}}},{"hash":"6a07e5b24748b1178425d6d3529ad7e98ad36de1","messageTitle":"Add Increment: Level-5, A-Exceptions","messageBody":"","fileTypesAndContributionMap":{"java":{"insertions":254,"deletions":107}}},{"hash":"c1a40ac58ac3b2ad3a271c3cada2ac15ca8c4236","messageTitle":"Add Increment: A-Packages","messageBody":"","fileTypesAndContributionMap":{"java":{"insertions":91,"deletions":14},"sh":{"insertions":1,"deletions":1}}}]},{"date":"2021-02-16","commitResults":[{"hash":"5f47ba41d232ca9d36b57014ef5759a193e04289","messageTitle":"Add Increment: Level-6, A-Collections","messageBody":"","fileTypesAndContributionMap":{"java":{"insertions":116,"deletions":54},"sh":{"insertions":1,"deletions":1}}},{"hash":"f943ccd096ca6de6e96f741adfa419761c3431ed","messageTitle":"Add Increment: Level-7","messageBody":"","fileTypesAndContributionMap":{"java":{"insertions":156,"deletions":16},"sh":{"insertions":1,"deletions":1}}}]},{"date":"2021-02-17","commitResults":[{"hash":"ada23eb2ffa1bfc4a236e79a0aaade242a90c4d4","messageTitle":"Update DeleteCommand.java","messageBody":"","fileTypesAndContributionMap":{"java":{"insertions":1,"deletions":0}}},{"hash":"6db7200233d2f8141f2e8b14112352ca5e4d169e","messageTitle":"Remove dead code","messageBody":"","fileTypesAndContributionMap":{"java":{"insertions":1,"deletions":9}}}]},{"date":"2021-02-23","commitResults":[{"hash":"caf3bd6bc447a8697720703e2048f4cd95da0f6c","messageTitle":"Add Increment: A-MoreOOP","messageBody":"","tags":["A-MoreOOP"],"fileTypesAndContributionMap":{"java":{"insertions":369,"deletions":234}}},{"hash":"71b28900e4f04eda179e7ff95591bf293aeb1a5c","messageTitle":"Add Increment: Level-8 Minimal","messageBody":"","fileTypesAndContributionMap":{"java":{"insertions":167,"deletions":21}}},{"hash":"bcbe3d80f4fd0c54628df7fe09d74b72a4d8bdcf","messageTitle":"Add Increment: Level-9","messageBody":"","fileTypesAndContributionMap":{"java":{"insertions":51,"deletions":1}}},{"hash":"b801ae21368789628bb7e5310bb663284e2aaa2a","messageTitle":"Update ListCommand.java to use streams","messageBody":"","fileTypesAndContributionMap":{"java":{"insertions":3,"deletions":11}}}]},{"date":"2021-02-24","commitResults":[{"hash":"87342553a4698fb638753caa121ee2463b6a7942","messageTitle":"Add Increment: Level-8 Stretch Goal","messageBody":"","tags":["Level-8"],"fileTypesAndContributionMap":{"java":{"insertions":76,"deletions":17}}}]},{"date":"2021-02-25","commitResults":[{"hash":"a52907183886991f2293a073bb11e5c396a8890d","messageTitle":"Add Increment: A-JavaDoc","messageBody":"","fileTypesAndContributionMap":{"java":{"insertions":589,"deletions":94}}}]},{"date":"2021-02-27","commitResults":[{"hash":"ab3b64a9249e510f3fe5858894036fa9e0bfae69","messageTitle":"Update Utils.java","messageBody":"","fileTypesAndContributionMap":{"java":{"insertions":12,"deletions":0}}},{"hash":"2e1ac91d7953c63d6526a33a4aaa8b16043a4419","messageTitle":"Update splitting of user input in some commands","messageBody":"","fileTypesAndContributionMap":{"java":{"insertions":2,"deletions":2}}},{"hash":"f76b9764732a2116efb328228d1d019d5c72c40d","messageTitle":"Update Messages.java","messageBody":"","fileTypesAndContributionMap":{"java":{"insertions":15,"deletions":13}}},{"hash":"22212672814d37253fff412843fdc06c8d171424","messageTitle":"Update javadoc and imports","messageBody":"","fileTypesAndContributionMap":{"java":{"insertions":1,"deletions":2}}},{"hash":"c10edd046e8cacf9ee22b4b1a191cd69f7c2aaca","messageTitle":"Add check for file input","messageBody":"Try to handle all exceptions when loading file.\n","fileTypesAndContributionMap":{"java":{"insertions":6,"deletions":1}}},{"hash":"f35740f283a480581e02472d5991c59d46f74c55","messageTitle":"Add Increment: A-UserGuide","messageBody":"","fileTypesAndContributionMap":{"md":{"insertions":133,"deletions":10}}}]},{"date":"2021-02-28","commitResults":[{"hash":"7440e759f8135770eceaff9c22b0641545acbf0e","messageTitle":"Update Increment: A-UserGuide","messageBody":"","tags":["A-UserGuide"],"fileTypesAndContributionMap":{"md":{"insertions":107,"deletions":15}}}]}]},"authorFileTypeContributionMap":{"isaharon":{"java":1532,"md":218,"fxml":0,"sh":2,"bat":0,"gradle":0,"txt":13}},"authorContributionVariance":{"isaharon":31220.857},"authorDisplayNameMap":{"isaharon":"CS2113T-W09-3 ISA ..ARON"}}
