{"authorDailyContributionsMap":{"cswbibibi":[{"date":"2021-01-22","commitResults":[{"hash":"f5be129966884d2978c574aab30febe269a55ef3","messageTitle":"first commit","messageBody":"","tags":["level-0"],"fileTypesAndContributionMap":{"java":{"insertions":2,"deletions":0}}},{"hash":"6f82ab6160ed8b6fc77765b2c9fba8185ff6327e","messageTitle":"level-1 Echo commit","messageBody":"","tags":["level-1"],"fileTypesAndContributionMap":{"java":{"insertions":16,"deletions":1}}},{"hash":"b9e399bce5995bbee7edbb454dadd15db0bded50","messageTitle":"Level-2 Add \u0026 List","messageBody":"","tags":["level-2"],"fileTypesAndContributionMap":{"java":{"insertions":19,"deletions":6}}}]},{"date":"2021-01-24","commitResults":[{"hash":"2e0e34d51c8bb1f6193a448db087c84da416af7c","messageTitle":"level-3 Mark as done","messageBody":"","tags":["level-3"],"fileTypesAndContributionMap":{"java":{"insertions":79,"deletions":21}}},{"hash":"600a5b0de635a347c4ab8534ee20204d662be627","messageTitle":"TaskList class commit","messageBody":"","tags":["new_level1-3"],"fileTypesAndContributionMap":{"java":{"insertions":37,"deletions":15}}},{"hash":"8f92d2a246439012b44963d3a19b62e92d68a7c8","messageTitle":"update main commit","messageBody":"","fileTypesAndContributionMap":{"java":{"insertions":2,"deletions":3}}}]},{"date":"2021-01-28","commitResults":[{"hash":"349df46c71b9eabb1a5f719ea762c8a0369fa10c","messageTitle":"update of taskstatus class","messageBody":"","fileTypesAndContributionMap":{"java":{"insertions":9,"deletions":13}}}]},{"date":"2021-01-29","commitResults":[{"hash":"4776a85ec6a268ecf77a72a01bb3490ee3231496","messageTitle":"event class","messageBody":"","fileTypesAndContributionMap":{"java":{"insertions":11,"deletions":0}}},{"hash":"f9c849af5277c97d4d909d421c5645ceba58abfc","messageTitle":"Deadline Class","messageBody":"","fileTypesAndContributionMap":{"java":{"insertions":12,"deletions":0}}},{"hash":"ed0b6b037f8b3ff50a81b93fcbf0f148f5ad4083","messageTitle":"duke update","messageBody":"","fileTypesAndContributionMap":{"java":{"insertions":0,"deletions":1}}}]},{"date":"2021-01-30","commitResults":[{"hash":"fd06d29eabcd983980c4455f0d04a68d66c05eff","messageTitle":"level 4 Todos, Events, Deadlines commit","messageBody":"","tags":["level-4"],"fileTypesAndContributionMap":{"java":{"insertions":91,"deletions":63}}}]},{"date":"2021-01-31","commitResults":[{"hash":"0853f8d0723beee744dc967c967aabbf5408765e","messageTitle":"new commit","messageBody":"","fileTypesAndContributionMap":{"java":{"insertions":17,"deletions":11}}},{"hash":"efc0e4305bafe7387a64bb0d9912fb0202143730","messageTitle":"Code Quality Commit","messageBody":"","tags":["Code-Quality"],"fileTypesAndContributionMap":{"java":{"insertions":18,"deletions":14}}}]},{"date":"2021-02-04","commitResults":[{"hash":"db6c65be3222ed090c3dde64a7165c28806e5062","messageTitle":"Code Quality Commit","messageBody":"","tags":["code_Quality"],"fileTypesAndContributionMap":{"java":{"insertions":62,"deletions":69}}},{"hash":"a61ad1e84f911bab19cf05b6921b4d8c20ceccda","messageTitle":"create Exception Class","messageBody":"","fileTypesAndContributionMap":{"java":{"insertions":45,"deletions":19}}},{"hash":"422be6a871091ee147ce992d082478e914e22aad","messageTitle":"level5 Handle error commit","messageBody":"","fileTypesAndContributionMap":{"java":{"insertions":4,"deletions":2}}}]}]},"authorFileTypeContributionMap":{"cswbibibi":{"java":186,"md":0,"fxml":0,"sh":0,"bat":0,"gradle":0,"txt":0}},"authorContributionVariance":{"cswbibibi":3113.2898},"authorDisplayNameMap":{"cswbibibi":"CS2113-T10-2 CAO ..UWEN"}}
