{"authorDailyContributionsMap":{"Rye98":[{"date":"2021-01-25","commitResults":[{"hash":"ea05cde709fc38011cbc413411a643bca6d5c137","messageTitle":"Update Level-0 greet","messageBody":"","tags":["Level-0"],"fileTypesAndContributionMap":{"java":{"insertions":9,"deletions":0}}}]},{"date":"2021-01-27","commitResults":[{"hash":"297c5eaf5573c8c2ae68c706fd6ef76b59775eed","messageTitle":"Update greeting, sign_off","messageBody":"","fileTypesAndContributionMap":{"java":{"insertions":11,"deletions":10}}},{"hash":"f2dc5837f305b6cc27c104aaf69001fb590a5fba","messageTitle":"Update echo","messageBody":"condensed sectionDivider\n","tags":["Level-1"],"fileTypesAndContributionMap":{"java":{"insertions":14,"deletions":5}}},{"hash":"67f4bd939f02a9be0133f5f91d6cb330d6cdda35","messageTitle":"Update Add, list(tasks)","messageBody":"able to collect items into tasks\n","tags":["Level-2"],"fileTypesAndContributionMap":{"java":{"insertions":22,"deletions":1}}},{"hash":"696f2ac635442463b4eaf6b2c3646275630fda79","messageTitle":"Update Task class","messageBody":"","fileTypesAndContributionMap":{"java":{"insertions":10,"deletions":1}}},{"hash":"8a994db1d2969a996f558923a914315dfdd99187","messageTitle":"Update Mark-as-Done","messageBody":"","fileTypesAndContributionMap":{"java":{"insertions":15,"deletions":5}}},{"hash":"9c21ff36414c1052949f1b8f5052a0a4c551fa95","messageTitle":"add getDescription, getStatusIcon, markAsDone","messageBody":"","fileTypesAndContributionMap":{"java":{"insertions":4,"deletions":0}}},{"hash":"6ee4ba435149cafef12d0906d85d18c249b3b32a","messageTitle":"Add addTask method","messageBody":"","fileTypesAndContributionMap":{"java":{"insertions":9,"deletions":5}}},{"hash":"1ab994747ca615c6f606d0ee4c8c51b6897c1361","messageTitle":"Add markTaskAsDone method","messageBody":"","fileTypesAndContributionMap":{"java":{"insertions":12,"deletions":8}}},{"hash":"a7812b54407debd666b8dd4526274637623d8164","messageTitle":"Add listTasks method","messageBody":"","tags":["Level-3"],"fileTypesAndContributionMap":{"java":{"insertions":10,"deletions":6}}},{"hash":"35538a66804faa05edf0cba3fd912cc9cd34974e","messageTitle":"Update A-CodingStandard","messageBody":"","tags":["A-CodingStandard"],"fileTypesAndContributionMap":{"java":{"insertions":0,"deletions":2}}}]},{"date":"2021-02-03","commitResults":[{"hash":"258bbd0cd60d433f06e89e2d14a0500bd2e41490","messageTitle":"Update main() formatting","messageBody":"","fileTypesAndContributionMap":{"java":{"insertions":17,"deletions":10}}},{"hash":"c60a1ba69f3c42ad1f5449cffb59e87fd0725429","messageTitle":"Update Todo class","messageBody":"","fileTypesAndContributionMap":{"java":{"insertions":11,"deletions":0}}},{"hash":"7543f3579488794ade826f7368ca76b3fb529265","messageTitle":"Update toString() methods","messageBody":"","fileTypesAndContributionMap":{"java":{"insertions":5,"deletions":1}}},{"hash":"7431560486dcaf7d4675704e76522dfe3e91da0d","messageTitle":"Update Deadlines class","messageBody":"","fileTypesAndContributionMap":{"java":{"insertions":13,"deletions":0}}},{"hash":"881331d86561978ceda20412112ea7bf4c944869","messageTitle":"Update Event, Deadline class","messageBody":"","fileTypesAndContributionMap":{"java":{"insertions":15,"deletions":2}}},{"hash":"6d3aefa2db83052c6ff8e89194bc0dbdc00e3e9c","messageTitle":"Update addTask()","messageBody":"","fileTypesAndContributionMap":{"java":{"insertions":17,"deletions":3}}},{"hash":"1c7d3c0a971ba094d7fc302c7c604bfb0ba1edeb","messageTitle":"Update addTask()","messageBody":"","tags":["Level-4","A-Inheritance","A-CodeQuality"],"fileTypesAndContributionMap":{"java":{"insertions":3,"deletions":2}}}]},{"date":"2021-02-10","commitResults":[{"hash":"f85ae6832a6bce4c580befbbac46693e2077b1e3","messageTitle":"Update IllegalCommandWordException","messageBody":"","fileTypesAndContributionMap":{"java":{"insertions":27,"deletions":11}}},{"hash":"96b247e1a663a84707fafb005a715ad80b43a95d","messageTitle":"Update TODO to catch exception","messageBody":"","fileTypesAndContributionMap":{"java":{"insertions":19,"deletions":10}}},{"hash":"52d5f6c9d090c29de30de754d97fef294e37c3bb","messageTitle":"Update deadline, event to catch exception","messageBody":"","tags":["A-Exceptions"],"fileTypesAndContributionMap":{"java":{"insertions":38,"deletions":21}}}]},{"date":"2021-02-17","commitResults":[{"hash":"37ff29a93aa3e9360a48d31bd1f983976e4349d9","messageTitle":"Changed tasks to ArrayList","messageBody":"","tags":["A-Collections"],"fileTypesAndContributionMap":{"java":{"insertions":17,"deletions":16}}},{"hash":"79bf03831895488293ed6e964c879be306d3d2f2","messageTitle":"Added comment","messageBody":"","fileTypesAndContributionMap":{"java":{"insertions":1,"deletions":1}}},{"hash":"ecf8fa6be186e00a7bef68ca4c285d80c8549928","messageTitle":"Added deleteTask method","messageBody":"","tags":["Level-6"],"fileTypesAndContributionMap":{"java":{"insertions":30,"deletions":5}}},{"hash":"8bf1ef80b32224803b317521a6eed88a9e699b8c","messageTitle":"Added additional println in deleteTask","messageBody":"","fileTypesAndContributionMap":{"java":{"insertions":1,"deletions":0}}},{"hash":"eb3ba8ecb5aa834bf61304366ce4bc57b459cac5","messageTitle":"Imported File libraries","messageBody":"","fileTypesAndContributionMap":{"java":{"insertions":27,"deletions":20}}},{"hash":"2537ed8dc977f45ba1e4b8b125995803ffb9a281","messageTitle":"Added write and read duke.txt","messageBody":"","tags":["Level-7"],"fileTypesAndContributionMap":{"java":{"insertions":116,"deletions":1}}}]}]},"authorFileTypeContributionMap":{"Rye98":{"java":332,"md":0,"fxml":0,"sh":0,"bat":0,"gradle":0,"txt":0}},"authorContributionVariance":{"Rye98":2457.8901},"authorDisplayNameMap":{"Rye98":"CS2113T-T09-2 ZHON..UHAO"}}
