[{"path":"src/main/java/Task.java","fileType":"java","lines":[{"lineNumber":1,"author":{"gitId":"-"},"content":"public abstract class Task {"},{"lineNumber":2,"author":{"gitId":"-"},"content":"    protected static final String DATA_DELIMITER \u003d \" @_@ \";"},{"lineNumber":3,"author":{"gitId":"-"},"content":""},{"lineNumber":4,"author":{"gitId":"-"},"content":"    protected boolean isDone;"},{"lineNumber":5,"author":{"gitId":"-"},"content":"    protected String label;"},{"lineNumber":6,"author":{"gitId":"-"},"content":""},{"lineNumber":7,"author":{"gitId":"-"},"content":"    public Task(String label) {"},{"lineNumber":8,"author":{"gitId":"-"},"content":"        this.isDone \u003d false;"},{"lineNumber":9,"author":{"gitId":"-"},"content":"        this.label \u003d label;"},{"lineNumber":10,"author":{"gitId":"-"},"content":"    }"},{"lineNumber":11,"author":{"gitId":"-"},"content":""},{"lineNumber":12,"author":{"gitId":"-"},"content":"    public boolean isDone() {"},{"lineNumber":13,"author":{"gitId":"-"},"content":"        return isDone;"},{"lineNumber":14,"author":{"gitId":"-"},"content":"    }"},{"lineNumber":15,"author":{"gitId":"-"},"content":""},{"lineNumber":16,"author":{"gitId":"-"},"content":"    public String getLabel() {"},{"lineNumber":17,"author":{"gitId":"-"},"content":"        return label;"},{"lineNumber":18,"author":{"gitId":"-"},"content":"    }"},{"lineNumber":19,"author":{"gitId":"-"},"content":""},{"lineNumber":20,"author":{"gitId":"-"},"content":"    public String getTime() {"},{"lineNumber":21,"author":{"gitId":"-"},"content":"        return \" \";"},{"lineNumber":22,"author":{"gitId":"-"},"content":"    }"},{"lineNumber":23,"author":{"gitId":"-"},"content":""},{"lineNumber":24,"author":{"gitId":"-"},"content":"    /*"},{"lineNumber":25,"author":{"gitId":"-"},"content":"     * Converts a task to the file data format"},{"lineNumber":26,"author":{"gitId":"-"},"content":"     */"},{"lineNumber":27,"author":{"gitId":"-"},"content":"    public String formatSaveTask() {"},{"lineNumber":28,"author":{"gitId":"-"},"content":"        String taskType \u003d this.getClass().getSimpleName().toLowerCase();"},{"lineNumber":29,"author":{"gitId":"-"},"content":"        String isDone \u003d this.isDone() ? \"1\" : \"0\";"},{"lineNumber":30,"author":{"gitId":"-"},"content":"        String label \u003d this.getLabel();"},{"lineNumber":31,"author":{"gitId":"-"},"content":"        String time \u003d this.getTime();"},{"lineNumber":32,"author":{"gitId":"-"},"content":""},{"lineNumber":33,"author":{"gitId":"-"},"content":"        return taskType + DATA_DELIMITER + isDone + DATA_DELIMITER + label + DATA_DELIMITER + time;"},{"lineNumber":34,"author":{"gitId":"-"},"content":"    }"},{"lineNumber":35,"author":{"gitId":"-"},"content":""},{"lineNumber":36,"author":{"gitId":"-"},"content":"    @Override"},{"lineNumber":37,"author":{"gitId":"-"},"content":"    public String toString() {"},{"lineNumber":38,"author":{"gitId":"-"},"content":"        return getLabel();"},{"lineNumber":39,"author":{"gitId":"-"},"content":"    }"},{"lineNumber":40,"author":{"gitId":"-"},"content":""},{"lineNumber":41,"author":{"gitId":"-"},"content":"    public void isDone(boolean done) {"},{"lineNumber":42,"author":{"gitId":"-"},"content":"        this.isDone \u003d done;"},{"lineNumber":43,"author":{"gitId":"-"},"content":"    }"},{"lineNumber":44,"author":{"gitId":"sarzorwyn"},"content":""},{"lineNumber":45,"author":{"gitId":"-"},"content":"    // Returns a checkbox string depending on whether task is done"},{"lineNumber":46,"author":{"gitId":"sarzorwyn"},"content":"    public String getCheckbox() {"},{"lineNumber":47,"author":{"gitId":"-"},"content":"        return this.isDone() ? \"[✔]\":\"[❌]\";"},{"lineNumber":48,"author":{"gitId":"sarzorwyn"},"content":"    }"},{"lineNumber":49,"author":{"gitId":"-"},"content":""},{"lineNumber":50,"author":{"gitId":"-"},"content":"    // Returns a string depending on type of Task"},{"lineNumber":51,"author":{"gitId":"-"},"content":"    public String getTypeString() {"},{"lineNumber":52,"author":{"gitId":"-"},"content":"        return \"[ ]\";"},{"lineNumber":53,"author":{"gitId":"-"},"content":"    }"},{"lineNumber":54,"author":{"gitId":"-"},"content":"}"}],"authorContributionMap":{"sarzorwyn":3,"-":51}}]
