{"authorDailyContributionsMap":{"fsgmhoward":[{"date":"2021-01-16","commitResults":[{"hash":"d5c14ee349b5b05e86e2b518d589c6a4f07d3509","messageTitle":"Complete Level-0: Greet","messageBody":"","tags":["Level-0"],"fileTypesAndContributionMap":{"java":{"insertions":11,"deletions":0}}}]},{"date":"2021-01-22","commitResults":[{"hash":"ed4b55b63a448f3a21ca36d8faf7df3641758553","messageTitle":"Complete greet, echo and exit features","messageBody":"","tags":["Level-1"],"fileTypesAndContributionMap":{"java":{"insertions":34,"deletions":9}}},{"hash":"8becf38c1deaddb0f88f9cb2961223099d08048e","messageTitle":"Complete add and list features","messageBody":"","tags":["Level-2","A-Collections"],"fileTypesAndContributionMap":{"java":{"insertions":15,"deletions":1}}},{"hash":"b97584c7befc15cbdb9376004f316e2f56087716","messageTitle":"Complete \u0027mark as done\u0027 feature","messageBody":"","tags":["Level-3","A-Classes"],"fileTypesAndContributionMap":{"java":{"insertions":57,"deletions":4}}},{"hash":"dcefab52909af433f79b98f9eaa9a9af34dd3173","messageTitle":"Fix discrepancies against SE-EDU coding standard","messageBody":"","tags":["A-CodingStandard"],"fileTypesAndContributionMap":{"java":{"insertions":2,"deletions":2}}},{"hash":"0dde87ea7134e17a86b9b61759244e86e94f9359","messageTitle":"Clean code and move features to separate functions","messageBody":"","fileTypesAndContributionMap":{"java":{"insertions":59,"deletions":50}}}]},{"date":"2021-01-29","commitResults":[{"hash":"070bd66b7c231c375ed2c4c1187a9235545e4039","messageTitle":"Complete todo, event and deadline features","messageBody":"- Replace `_` by `-` for LONG_LINE\n- Move base Task class to task package\n- Add toString() method for Task class so conversion can be automatic\n- Add several helper methods for Duke class\n","tags":["Level-4","A-Inheritance"],"fileTypesAndContributionMap":{"java":{"insertions":124,"deletions":7}}},{"hash":"4785b3d3b32ddf2e1b46d90458e3a51f07be4870","messageTitle":"Update I/O files for test-ui-test","messageBody":"","tags":["A-TextUiTesting"],"fileTypesAndContributionMap":{"txt":{"insertions":19,"deletions":0}}},{"hash":"cbb060d8410b797bbe70b83b033cdb8492053a9e","messageTitle":"Fix code quality issues","messageBody":"","tags":["A-CodeQuality"],"fileTypesAndContributionMap":{"java":{"insertions":31,"deletions":27}}}]},{"date":"2021-02-07","commitResults":[{"hash":"d569fddc5efb0d6e0b1839144799b7d0a2dda92b","messageTitle":"Remove default task type and improve naming","messageBody":"","fileTypesAndContributionMap":{"java":{"insertions":40,"deletions":32}}},{"hash":"e6caea127614060bb61dbc1b353b0e8767d757c8","messageTitle":"Move all classes into package `duke`","messageBody":"","fileTypesAndContributionMap":{"java":{"insertions":10,"deletions":8},"sh":{"insertions":2,"deletions":2}}},{"hash":"b16671441e10fa73a0057856680aaf0656195ee5","messageTitle":"Improved invalid input handling by using custom Exception","messageBody":"","fileTypesAndContributionMap":{"java":{"insertions":102,"deletions":44}}},{"hash":"08c2a39fba28d50396dfc0a02a74d64192d26ca5","messageTitle":"Updated text-ui-test\u0027s input and output","messageBody":"","fileTypesAndContributionMap":{"txt":{"insertions":9,"deletions":4}}}]},{"date":"2021-02-14","commitResults":[{"hash":"5a8c41c8589f2a8657495e39e3d808678088f713","messageTitle":"Move action handlers and helper functions into separate classes","messageBody":"","fileTypesAndContributionMap":{"java":{"insertions":134,"deletions":125}}},{"hash":"b6cc5ad864aa171e0f79a8c43ca94fc0c71b1dda","messageTitle":"Add delete action and some UI improvements","messageBody":"- Update text-ui-test input/output files wrt. new delete action\n- Update text-ui-test script so it can be run from any folder\n- Add a different message for `list` when no tasks are in it\n","fileTypesAndContributionMap":{"txt":{"insertions":8,"deletions":0},"java":{"insertions":29,"deletions":0},"sh":{"insertions":5,"deletions":1}}},{"hash":"ec0a976d9d9dd40af37e91319c54c64c474e4962","messageTitle":"Add auto load/save feature","messageBody":"- Add new Exception and methods to handle loading and saving of task list\n- Update text-ui-test output and script wrt. these changes\n- Task class and its children now implements Serializable\n","fileTypesAndContributionMap":{"java":{"insertions":135,"deletions":2},"sh":{"insertions":6,"deletions":0}}},{"hash":"f8ef22f71b833d228d1d53f9c1e58b4a70424360","messageTitle":"Fix problem of list not being saved at delete command","messageBody":"","tags":["v0.1","A-Jar"],"fileTypesAndContributionMap":{"java":{"insertions":1,"deletions":0}}}]},{"date":"2021-02-20","commitResults":[{"hash":"1b371c78e2956039234496a68aab6b6b025247b7","messageTitle":"Add TaskList class and Storage class to handle list and save operations","messageBody":"","fileTypesAndContributionMap":{"java":{"insertions":137,"deletions":96}}},{"hash":"e2835ffc43def5cbc80a9366184ae510a114a7ad","messageTitle":"Add Ui class to handle output, refactor Duke and ActionHandler class","messageBody":"","fileTypesAndContributionMap":{"java":{"insertions":121,"deletions":66}}},{"hash":"354dbb9e215bb961f2af8adf8e1de401bb82f390","messageTitle":"Complete refactor of command handling","messageBody":"- Move all action handlers to separate *Command classes\n- Add Parser class to parse input command\n- Modify runtest.sh to compile all Java classes (as *Command classes are dynamically loaded)\n- Move greeting and goodbye messages to Ui class\n- Add EMPTY_INDEX case to InvalidInputException class\n- Delete Helper class as all methods have been moved out\n","fileTypesAndContributionMap":{"java":{"insertions":326,"deletions":191},"sh":{"insertions":3,"deletions":1}}},{"hash":"3bdff33c23e924bd4184c95fa0d7cc2ce065eb8b","messageTitle":"Move stdin scanner into Ui class, take 1st argument as custom save path","messageBody":"","fileTypesAndContributionMap":{"java":{"insertions":37,"deletions":12}}},{"hash":"8f67ce9eb78ff76b9394c7a153960c7ebdec41c7","messageTitle":"Make \u0027by\u0027 and \u0027at\u0027 dates to store as parsed LocalDateTime","messageBody":"- Add duke.DateTime class to wrap LocalDateTime operations\n- text-ui-test input and output files are updated accordingly\n","fileTypesAndContributionMap":{"txt":{"insertions":5,"deletions":2},"java":{"insertions":63,"deletions":10}}}]},{"date":"2021-02-21","commitResults":[{"hash":"9beea191b7aeafbd6e7e26a44dad550386c4ffae","messageTitle":"Add searchdate command to search events/deadlines at/by a specific date","messageBody":"- Move empty list message to Ui class\n- Add back empty space removal to Parser\n- Add date comparison method (isSameDate()) to all Task subclasses\n- Change default time to 12 PM noon when not specified\n- Update text-ui-test input and output files accordingly\n","fileTypesAndContributionMap":{"txt":{"insertions":2,"deletions":0},"java":{"insertions":102,"deletions":16}}},{"hash":"0bc2f8a848f2639973891bd60d5ad3997b3d4ded","messageTitle":"Add find command","messageBody":"","fileTypesAndContributionMap":{"txt":{"insertions":3,"deletions":0},"java":{"insertions":44,"deletions":3}}},{"hash":"b899b84eaf6ee384f0172522c6a2126ba56ccf87","messageTitle":"Minor UI improvement and update serialVersionUID for Deadline and Event","messageBody":"","fileTypesAndContributionMap":{"java":{"insertions":12,"deletions":12}}},{"hash":"0625b425ab94ab02fe23eb6d1ee7278e53c7b584","messageTitle":"Improve code quality, move part of magic strings to contants","messageBody":"","fileTypesAndContributionMap":{"java":{"insertions":104,"deletions":40}}}]}]},"authorFileTypeContributionMap":{"fsgmhoward":{"java":957,"md":0,"fxml":0,"sh":13,"bat":0,"gradle":0,"txt":40}},"authorContributionVariance":{"fsgmhoward":34853.02},"authorDisplayNameMap":{"fsgmhoward":"CS2113T-W09-4 LIU ..OHAO"}}
