{"authorDailyContributionsMap":{"fsgmhoward":[{"date":"2021-01-16","commitResults":[{"hash":"d5c14ee349b5b05e86e2b518d589c6a4f07d3509","messageTitle":"Complete Level-0: Greet","messageBody":"","tags":["Level-0"],"fileTypesAndContributionMap":{"java":{"insertions":11,"deletions":0}}}]},{"date":"2021-01-22","commitResults":[{"hash":"ed4b55b63a448f3a21ca36d8faf7df3641758553","messageTitle":"Complete greet, echo and exit features","messageBody":"","tags":["Level-1"],"fileTypesAndContributionMap":{"java":{"insertions":34,"deletions":9}}},{"hash":"8becf38c1deaddb0f88f9cb2961223099d08048e","messageTitle":"Complete add and list features","messageBody":"","tags":["Level-2","A-Collections"],"fileTypesAndContributionMap":{"java":{"insertions":15,"deletions":1}}},{"hash":"b97584c7befc15cbdb9376004f316e2f56087716","messageTitle":"Complete \u0027mark as done\u0027 feature","messageBody":"","tags":["Level-3","A-Classes"],"fileTypesAndContributionMap":{"java":{"insertions":57,"deletions":4}}},{"hash":"dcefab52909af433f79b98f9eaa9a9af34dd3173","messageTitle":"Fix discrepancies against SE-EDU coding standard","messageBody":"","tags":["A-CodingStandard"],"fileTypesAndContributionMap":{"java":{"insertions":2,"deletions":2}}},{"hash":"0dde87ea7134e17a86b9b61759244e86e94f9359","messageTitle":"Clean code and move features to separate functions","messageBody":"","fileTypesAndContributionMap":{"java":{"insertions":59,"deletions":50}}}]},{"date":"2021-01-29","commitResults":[{"hash":"070bd66b7c231c375ed2c4c1187a9235545e4039","messageTitle":"Complete todo, event and deadline features","messageBody":"- Replace `_` by `-` for LONG_LINE\n- Move base Task class to task package\n- Add toString() method for Task class so conversion can be automatic\n- Add several helper methods for Duke class\n","tags":["Level-4","A-Inheritance"],"fileTypesAndContributionMap":{"java":{"insertions":124,"deletions":7}}},{"hash":"4785b3d3b32ddf2e1b46d90458e3a51f07be4870","messageTitle":"Update I/O files for test-ui-test","messageBody":"","tags":["A-TextUiTesting"],"fileTypesAndContributionMap":{"txt":{"insertions":19,"deletions":0}}},{"hash":"cbb060d8410b797bbe70b83b033cdb8492053a9e","messageTitle":"Fix code quality issues","messageBody":"","tags":["A-CodeQuality"],"fileTypesAndContributionMap":{"java":{"insertions":31,"deletions":27}}}]},{"date":"2021-02-07","commitResults":[{"hash":"d569fddc5efb0d6e0b1839144799b7d0a2dda92b","messageTitle":"Remove default task type and improve naming","messageBody":"","fileTypesAndContributionMap":{"java":{"insertions":40,"deletions":32}}},{"hash":"e6caea127614060bb61dbc1b353b0e8767d757c8","messageTitle":"Move all classes into package `duke`","messageBody":"","fileTypesAndContributionMap":{"java":{"insertions":10,"deletions":8},"sh":{"insertions":2,"deletions":2}}},{"hash":"b16671441e10fa73a0057856680aaf0656195ee5","messageTitle":"Improved invalid input handling by using custom Exception","messageBody":"","fileTypesAndContributionMap":{"java":{"insertions":102,"deletions":44}}},{"hash":"08c2a39fba28d50396dfc0a02a74d64192d26ca5","messageTitle":"Updated text-ui-test\u0027s input and output","messageBody":"","fileTypesAndContributionMap":{"txt":{"insertions":9,"deletions":4}}}]},{"date":"2021-02-14","commitResults":[{"hash":"5a8c41c8589f2a8657495e39e3d808678088f713","messageTitle":"Move action handlers and helper functions into separate classes","messageBody":"","fileTypesAndContributionMap":{"java":{"insertions":134,"deletions":125}}},{"hash":"b6cc5ad864aa171e0f79a8c43ca94fc0c71b1dda","messageTitle":"Add delete action and some UI improvements","messageBody":"- Update text-ui-test input/output files wrt. new delete action\n- Update text-ui-test script so it can be run from any folder\n- Add a different message for `list` when no tasks are in it\n","fileTypesAndContributionMap":{"txt":{"insertions":8,"deletions":0},"java":{"insertions":29,"deletions":0},"sh":{"insertions":5,"deletions":1}}},{"hash":"ec0a976d9d9dd40af37e91319c54c64c474e4962","messageTitle":"Add auto load/save feature","messageBody":"- Add new Exception and methods to handle loading and saving of task list\n- Update text-ui-test output and script wrt. these changes\n- Task class and its children now implements Serializable\n","fileTypesAndContributionMap":{"java":{"insertions":135,"deletions":2},"sh":{"insertions":6,"deletions":0}}},{"hash":"f8ef22f71b833d228d1d53f9c1e58b4a70424360","messageTitle":"Fix problem of list not being saved at delete command","messageBody":"","tags":["v0.1","A-Jar"],"fileTypesAndContributionMap":{"java":{"insertions":1,"deletions":0}}}]}]},"authorFileTypeContributionMap":{"fsgmhoward":{"java":462,"md":0,"fxml":0,"sh":11,"bat":0,"gradle":0,"txt":32}},"authorContributionVariance":{"fsgmhoward":9221.358},"authorDisplayNameMap":{"fsgmhoward":"CS2113T-W09-4 LIU ..OHAO"}}
