{"authorDailyContributionsMap":{"fsgmhoward":[{"date":"2021-01-16","commitResults":[{"hash":"d5c14ee349b5b05e86e2b518d589c6a4f07d3509","messageTitle":"Complete Level-0: Greet","messageBody":"","tags":["Level-0"],"fileTypesAndContributionMap":{"java":{"insertions":11,"deletions":0}}}]},{"date":"2021-01-18","commitResults":[{"hash":"c380181ff9c7396d21406a765b8aa71285075ed4","messageTitle":"Update readme to reflect new IntelliJ version","messageBody":"","fileTypesAndContributionMap":{"md":{"insertions":10,"deletions":10}}},{"hash":"8cf74a9bf270a216eeedae558b9ebe1681ed3386","messageTitle":"Update README.md","messageBody":"","fileTypesAndContributionMap":{"md":{"insertions":2,"deletions":2}}}]},{"date":"2021-01-22","commitResults":[{"hash":"ed4b55b63a448f3a21ca36d8faf7df3641758553","messageTitle":"Complete greet, echo and exit features","messageBody":"","tags":["Level-1"],"fileTypesAndContributionMap":{"java":{"insertions":34,"deletions":9}}},{"hash":"8becf38c1deaddb0f88f9cb2961223099d08048e","messageTitle":"Complete add and list features","messageBody":"","tags":["Level-2"],"fileTypesAndContributionMap":{"java":{"insertions":15,"deletions":1}}},{"hash":"b97584c7befc15cbdb9376004f316e2f56087716","messageTitle":"Complete \u0027mark as done\u0027 feature","messageBody":"","tags":["Level-3","A-Classes"],"fileTypesAndContributionMap":{"java":{"insertions":57,"deletions":4}}},{"hash":"dcefab52909af433f79b98f9eaa9a9af34dd3173","messageTitle":"Fix discrepancies against SE-EDU coding standard","messageBody":"","tags":["A-CodingStandard"],"fileTypesAndContributionMap":{"java":{"insertions":2,"deletions":2}}},{"hash":"0dde87ea7134e17a86b9b61759244e86e94f9359","messageTitle":"Clean code and move features to separate functions","messageBody":"","fileTypesAndContributionMap":{"java":{"insertions":59,"deletions":50}}}]},{"date":"2021-01-29","commitResults":[{"hash":"070bd66b7c231c375ed2c4c1187a9235545e4039","messageTitle":"Complete todo, event and deadline features","messageBody":"- Replace `_` by `-` for LONG_LINE\n- Move base Task class to task package\n- Add toString() method for Task class so conversion can be automatic\n- Add several helper methods for Duke class\n","tags":["Level-4","A-Inheritance"],"fileTypesAndContributionMap":{"java":{"insertions":124,"deletions":7}}},{"hash":"4785b3d3b32ddf2e1b46d90458e3a51f07be4870","messageTitle":"Update I/O files for test-ui-test","messageBody":"","tags":["A-TextUiTesting"],"fileTypesAndContributionMap":{"txt":{"insertions":19,"deletions":0}}},{"hash":"cbb060d8410b797bbe70b83b033cdb8492053a9e","messageTitle":"Fix code quality issues","messageBody":"","tags":["A-CodeQuality"],"fileTypesAndContributionMap":{"java":{"insertions":31,"deletions":27}}}]}]},"authorFileTypeContributionMap":{"fsgmhoward":{"java":222,"md":9,"fxml":0,"sh":0,"bat":0,"gradle":0,"txt":19}},"authorContributionVariance":{"fsgmhoward":4543.418},"authorDisplayNameMap":{"fsgmhoward":"LIU ..OHAO"}}
