{"authorDailyContributionsMap":{"heyjinwei":[{"date":"2021-01-18","commitResults":[{"hash":"c380181ff9c7396d21406a765b8aa71285075ed4","messageTitle":"Update readme to reflect new IntelliJ version","messageBody":"","fileTypesAndContributionMap":{"md":{"insertions":10,"deletions":10}}},{"hash":"8cf74a9bf270a216eeedae558b9ebe1681ed3386","messageTitle":"Update README.md","messageBody":"","fileTypesAndContributionMap":{"md":{"insertions":2,"deletions":2}}}]},{"date":"2021-01-28","commitResults":[{"hash":"a26cacdbd2cc24e09c3cb1f5019c09310ce3464f","messageTitle":"First commit with echoMode","messageBody":"","tags":["Level-1"],"fileTypesAndContributionMap":{"java":{"insertions":29,"deletions":2}}},{"hash":"7048b94c2dca50e36ca78f532378a22c08c4eed4","messageTitle":"First Commit with listMode","messageBody":"","tags":["Level-2"],"fileTypesAndContributionMap":{"java":{"insertions":30,"deletions":3}}},{"hash":"7d7232c766d1093b55c7fdb66158edb7ebc1b60b","messageTitle":"First Commit with Mark as Done","messageBody":"","tags":["Level-3","A-CodingStandard"],"fileTypesAndContributionMap":{"java":{"insertions":44,"deletions":12}}}]}]},"authorFileTypeContributionMap":{"heyjinwei":{"java":92,"md":9,"fxml":0,"sh":0,"bat":0,"gradle":0,"txt":0}},"authorContributionVariance":{"heyjinwei":768.0},"authorDisplayNameMap":{"heyjinwei":"CHUA.. WEI"}}
