[{"path":"src/main/java/duke/Deadlines.java","fileType":"java","lines":[{"lineNumber":1,"author":{"gitId":"vaiish371"},"content":"package duke;"},{"lineNumber":2,"author":{"gitId":"vaiish371"},"content":""},{"lineNumber":3,"author":{"gitId":"vaiish371"},"content":"public class Deadlines extends Task{"},{"lineNumber":4,"author":{"gitId":"vaiish371"},"content":""},{"lineNumber":5,"author":{"gitId":"vaiish371"},"content":"    protected String by;"},{"lineNumber":6,"author":{"gitId":"vaiish371"},"content":""},{"lineNumber":7,"author":{"gitId":"vaiish371"},"content":"    public Deadlines(String description, String by){"},{"lineNumber":8,"author":{"gitId":"vaiish371"},"content":"        super(description);"},{"lineNumber":9,"author":{"gitId":"vaiish371"},"content":"        this.by \u003d by;"},{"lineNumber":10,"author":{"gitId":"vaiish371"},"content":"    }"},{"lineNumber":11,"author":{"gitId":"vaiish371"},"content":""},{"lineNumber":12,"author":{"gitId":"vaiish371"},"content":"    public String getBy(){"},{"lineNumber":13,"author":{"gitId":"vaiish371"},"content":"        return by;"},{"lineNumber":14,"author":{"gitId":"vaiish371"},"content":"    }"},{"lineNumber":15,"author":{"gitId":"vaiish371"},"content":""},{"lineNumber":16,"author":{"gitId":"vaiish371"},"content":"    @Override"},{"lineNumber":17,"author":{"gitId":"vaiish371"},"content":"    public String toString(){"},{"lineNumber":18,"author":{"gitId":"vaiish371"},"content":"        return (\"[D]\" + super.toString() + \" (by: \"+by+\")\");"},{"lineNumber":19,"author":{"gitId":"vaiish371"},"content":"    }"},{"lineNumber":20,"author":{"gitId":"vaiish371"},"content":"}"}],"authorContributionMap":{"vaiish371":20}},{"path":"src/main/java/duke/Duke.java","fileType":"java","lines":[{"lineNumber":1,"author":{"gitId":"vaiish371"},"content":"package duke;"},{"lineNumber":2,"author":{"gitId":"vaiish371"},"content":"import java.util.Scanner;"},{"lineNumber":3,"author":{"gitId":"vaiish371"},"content":""},{"lineNumber":4,"author":{"gitId":"vaiish371"},"content":""},{"lineNumber":5,"author":{"gitId":"-"},"content":"public class Duke {"},{"lineNumber":6,"author":{"gitId":"vaiish371"},"content":"    static final int MAX_TASK \u003d 100;"},{"lineNumber":7,"author":{"gitId":"vaiish371"},"content":"    static String userCommand;"},{"lineNumber":8,"author":{"gitId":"vaiish371"},"content":"    static int taskCounter\u003d0;"},{"lineNumber":9,"author":{"gitId":"vaiish371"},"content":""},{"lineNumber":10,"author":{"gitId":"vaiish371"},"content":"    static Task[] tasks \u003d new Task[MAX_TASK];"},{"lineNumber":11,"author":{"gitId":"vaiish371"},"content":""},{"lineNumber":12,"author":{"gitId":"vaiish371"},"content":"    static final Scanner input \u003d new Scanner(System.in);"},{"lineNumber":13,"author":{"gitId":"vaiish371"},"content":""},{"lineNumber":14,"author":{"gitId":"-"},"content":"    public static void main(String[] args) {"},{"lineNumber":15,"author":{"gitId":"vaiish371"},"content":"        printHorizontal();"},{"lineNumber":16,"author":{"gitId":"vaiish371"},"content":"        System.out.println(\"Hello! I\u0027m Duke\\nWhat can I do for you?\");"},{"lineNumber":17,"author":{"gitId":"vaiish371"},"content":"        printHorizontal();"},{"lineNumber":18,"author":{"gitId":"vaiish371"},"content":""},{"lineNumber":19,"author":{"gitId":"vaiish371"},"content":"        userCommand \u003d (input.nextLine()).trim();"},{"lineNumber":20,"author":{"gitId":"vaiish371"},"content":""},{"lineNumber":21,"author":{"gitId":"vaiish371"},"content":"        while(!(userCommand.equals(\"bye\"))) {"},{"lineNumber":22,"author":{"gitId":"vaiish371"},"content":"            printHorizontal();"},{"lineNumber":23,"author":{"gitId":"vaiish371"},"content":"            if(userCommand.equals(\"list\")) {"},{"lineNumber":24,"author":{"gitId":"vaiish371"},"content":"                listTasks(tasks);"},{"lineNumber":25,"author":{"gitId":"vaiish371"},"content":"            } else if(userCommand.contains(\"done \")) {"},{"lineNumber":26,"author":{"gitId":"vaiish371"},"content":"                markTasks(tasks);"},{"lineNumber":27,"author":{"gitId":"vaiish371"},"content":"            } else if(userCommand.contains(\"todo \")) {"},{"lineNumber":28,"author":{"gitId":"vaiish371"},"content":"                addTodo(tasks);"},{"lineNumber":29,"author":{"gitId":"vaiish371"},"content":"            } else if(userCommand.contains(\"deadline \")){"},{"lineNumber":30,"author":{"gitId":"vaiish371"},"content":"                addDeadline(tasks);"},{"lineNumber":31,"author":{"gitId":"vaiish371"},"content":"            } else if(userCommand.contains(\"event \")) {"},{"lineNumber":32,"author":{"gitId":"vaiish371"},"content":"                addEvent(tasks);"},{"lineNumber":33,"author":{"gitId":"vaiish371"},"content":"            } else {"},{"lineNumber":34,"author":{"gitId":"vaiish371"},"content":"                System.out.println(\"Invalid input!\");"},{"lineNumber":35,"author":{"gitId":"vaiish371"},"content":"            }"},{"lineNumber":36,"author":{"gitId":"vaiish371"},"content":"            printHorizontal();"},{"lineNumber":37,"author":{"gitId":"vaiish371"},"content":"            userCommand \u003d (input.nextLine()).trim();"},{"lineNumber":38,"author":{"gitId":"vaiish371"},"content":"        }"},{"lineNumber":39,"author":{"gitId":"vaiish371"},"content":""},{"lineNumber":40,"author":{"gitId":"vaiish371"},"content":"        printHorizontal();"},{"lineNumber":41,"author":{"gitId":"vaiish371"},"content":"        System.out.println(\"Bye. Hope to see you again soon!\");"},{"lineNumber":42,"author":{"gitId":"vaiish371"},"content":"        printHorizontal();"},{"lineNumber":43,"author":{"gitId":"vaiish371"},"content":"    }"},{"lineNumber":44,"author":{"gitId":"vaiish371"},"content":""},{"lineNumber":45,"author":{"gitId":"vaiish371"},"content":"    public static void listTasks(Task[] tasks){"},{"lineNumber":46,"author":{"gitId":"vaiish371"},"content":"        if(taskCounter\u003d\u003d0) {"},{"lineNumber":47,"author":{"gitId":"vaiish371"},"content":"            System.out.println(\"No tasks are there.\");"},{"lineNumber":48,"author":{"gitId":"vaiish371"},"content":"        } else {"},{"lineNumber":49,"author":{"gitId":"vaiish371"},"content":"            System.out.println(\"Here are the tasks in your list:\");"},{"lineNumber":50,"author":{"gitId":"vaiish371"},"content":"            for (int j \u003d 0; j \u003c taskCounter; ++j) {"},{"lineNumber":51,"author":{"gitId":"vaiish371"},"content":"                System.out.println(\"        \" + (j + 1) + \". \" + tasks[j].toString());"},{"lineNumber":52,"author":{"gitId":"vaiish371"},"content":"            }"},{"lineNumber":53,"author":{"gitId":"vaiish371"},"content":"        }"},{"lineNumber":54,"author":{"gitId":"vaiish371"},"content":"    }"},{"lineNumber":55,"author":{"gitId":"vaiish371"},"content":""},{"lineNumber":56,"author":{"gitId":"vaiish371"},"content":"    public static void markTasks(Task[] tasks){"},{"lineNumber":57,"author":{"gitId":"vaiish371"},"content":""},{"lineNumber":58,"author":{"gitId":"vaiish371"},"content":"        int taskIndex;"},{"lineNumber":59,"author":{"gitId":"vaiish371"},"content":"        String taskNumAsString\u003duserCommand.substring(5);"},{"lineNumber":60,"author":{"gitId":"vaiish371"},"content":"        int taskNumAsInt \u003d Integer.parseInt(taskNumAsString);"},{"lineNumber":61,"author":{"gitId":"vaiish371"},"content":""},{"lineNumber":62,"author":{"gitId":"vaiish371"},"content":"        if(!(taskNumAsInt\u003e0 \u0026\u0026 taskNumAsInt\u003c\u003dtaskCounter)){"},{"lineNumber":63,"author":{"gitId":"vaiish371"},"content":"            System.out.println(\"Sorry! There are no such tasks!\");"},{"lineNumber":64,"author":{"gitId":"vaiish371"},"content":"        } else {"},{"lineNumber":65,"author":{"gitId":"vaiish371"},"content":"            taskIndex\u003dtaskNumAsInt-1;"},{"lineNumber":66,"author":{"gitId":"vaiish371"},"content":"            tasks[taskIndex].markAsDone();"},{"lineNumber":67,"author":{"gitId":"vaiish371"},"content":"            System.out.println(\"Nice! I\u0027ve marked this task as done:\"+System.lineSeparator()+"},{"lineNumber":68,"author":{"gitId":"vaiish371"},"content":"                    \"        \" + taskNumAsInt + \". \" + tasks[taskIndex].toString());"},{"lineNumber":69,"author":{"gitId":"vaiish371"},"content":"        }"},{"lineNumber":70,"author":{"gitId":"vaiish371"},"content":"    }"},{"lineNumber":71,"author":{"gitId":"vaiish371"},"content":""},{"lineNumber":72,"author":{"gitId":"vaiish371"},"content":"    public static void addTodo(Task[] tasks){"},{"lineNumber":73,"author":{"gitId":"vaiish371"},"content":"        String[] splitCommand \u003d userCommand.split(\" \", 2);"},{"lineNumber":74,"author":{"gitId":"vaiish371"},"content":"        tasks[taskCounter++] \u003d new Todo(splitCommand[1]);"},{"lineNumber":75,"author":{"gitId":"vaiish371"},"content":"        printDetails(tasks);"},{"lineNumber":76,"author":{"gitId":"vaiish371"},"content":"    }"},{"lineNumber":77,"author":{"gitId":"vaiish371"},"content":""},{"lineNumber":78,"author":{"gitId":"vaiish371"},"content":"    public static void addDeadline(Task[] tasks){"},{"lineNumber":79,"author":{"gitId":"vaiish371"},"content":"        String[] splitCommand \u003d userCommand.split(\" \", 2);"},{"lineNumber":80,"author":{"gitId":"vaiish371"},"content":"        String[] splitCommandAgain \u003d splitCommand[1].split(\" /by \");"},{"lineNumber":81,"author":{"gitId":"vaiish371"},"content":"        tasks[taskCounter++] \u003d new Deadlines(splitCommandAgain[0], splitCommandAgain[1]);"},{"lineNumber":82,"author":{"gitId":"vaiish371"},"content":"        printDetails(tasks);"},{"lineNumber":83,"author":{"gitId":"vaiish371"},"content":"    }"},{"lineNumber":84,"author":{"gitId":"vaiish371"},"content":""},{"lineNumber":85,"author":{"gitId":"vaiish371"},"content":"    public static void addEvent(Task[] tasks){"},{"lineNumber":86,"author":{"gitId":"vaiish371"},"content":"        String[] splitCommand \u003d userCommand.split(\" \", 2);"},{"lineNumber":87,"author":{"gitId":"vaiish371"},"content":"        String[] splitCommandAgain \u003d splitCommand[1].split(\" /at \");"},{"lineNumber":88,"author":{"gitId":"vaiish371"},"content":"        tasks[taskCounter++] \u003d new Events(splitCommandAgain[0], splitCommandAgain[1]);"},{"lineNumber":89,"author":{"gitId":"vaiish371"},"content":"        printDetails(tasks);"},{"lineNumber":90,"author":{"gitId":"vaiish371"},"content":"    }"},{"lineNumber":91,"author":{"gitId":"vaiish371"},"content":""},{"lineNumber":92,"author":{"gitId":"vaiish371"},"content":"    public static void printDetails(Task[] tasks){"},{"lineNumber":93,"author":{"gitId":"vaiish371"},"content":"        System.out.println(\"Got it. I\u0027ve added this task: \");"},{"lineNumber":94,"author":{"gitId":"vaiish371"},"content":"        System.out.println(\"        \" + taskCounter + \". \" + tasks[taskCounter-1].toString());"},{"lineNumber":95,"author":{"gitId":"vaiish371"},"content":"        System.out.println(\"Now you have \"+taskCounter+ \" tasks in the list.\");"},{"lineNumber":96,"author":{"gitId":"vaiish371"},"content":"    }"},{"lineNumber":97,"author":{"gitId":"vaiish371"},"content":""},{"lineNumber":98,"author":{"gitId":"vaiish371"},"content":"    public static void printHorizontal(){"},{"lineNumber":99,"author":{"gitId":"vaiish371"},"content":"        String horizontalLine \u003d \"------------------------------------------\";"},{"lineNumber":100,"author":{"gitId":"vaiish371"},"content":"        System.out.println(horizontalLine);"},{"lineNumber":101,"author":{"gitId":"-"},"content":"    }"},{"lineNumber":102,"author":{"gitId":"-"},"content":"}"}],"authorContributionMap":{"vaiish371":98,"-":4}},{"path":"src/main/java/duke/Events.java","fileType":"java","lines":[{"lineNumber":1,"author":{"gitId":"vaiish371"},"content":"package duke;"},{"lineNumber":2,"author":{"gitId":"vaiish371"},"content":""},{"lineNumber":3,"author":{"gitId":"vaiish371"},"content":"public class Events extends Task{"},{"lineNumber":4,"author":{"gitId":"vaiish371"},"content":""},{"lineNumber":5,"author":{"gitId":"vaiish371"},"content":"    protected String eventTime;"},{"lineNumber":6,"author":{"gitId":"vaiish371"},"content":""},{"lineNumber":7,"author":{"gitId":"vaiish371"},"content":"    public Events(String description, String eventTime){"},{"lineNumber":8,"author":{"gitId":"vaiish371"},"content":"        super(description);"},{"lineNumber":9,"author":{"gitId":"vaiish371"},"content":"        this.eventTime \u003d eventTime;"},{"lineNumber":10,"author":{"gitId":"vaiish371"},"content":"    }"},{"lineNumber":11,"author":{"gitId":"vaiish371"},"content":""},{"lineNumber":12,"author":{"gitId":"vaiish371"},"content":"    public String getEventTime(){"},{"lineNumber":13,"author":{"gitId":"vaiish371"},"content":"        return eventTime;"},{"lineNumber":14,"author":{"gitId":"vaiish371"},"content":"    }"},{"lineNumber":15,"author":{"gitId":"vaiish371"},"content":""},{"lineNumber":16,"author":{"gitId":"vaiish371"},"content":"    @Override"},{"lineNumber":17,"author":{"gitId":"vaiish371"},"content":"    public String toString(){"},{"lineNumber":18,"author":{"gitId":"vaiish371"},"content":"        return (\"[E]\" + super.toString() + \" (at: \" + eventTime + \")\");"},{"lineNumber":19,"author":{"gitId":"vaiish371"},"content":"    }"},{"lineNumber":20,"author":{"gitId":"vaiish371"},"content":"}"}],"authorContributionMap":{"vaiish371":20}},{"path":"src/main/java/duke/Task.java","fileType":"java","lines":[{"lineNumber":1,"author":{"gitId":"vaiish371"},"content":"package duke;"},{"lineNumber":2,"author":{"gitId":"vaiish371"},"content":""},{"lineNumber":3,"author":{"gitId":"vaiish371"},"content":"public class Task   {"},{"lineNumber":4,"author":{"gitId":"vaiish371"},"content":"        protected String description;"},{"lineNumber":5,"author":{"gitId":"vaiish371"},"content":"        protected boolean isDone;"},{"lineNumber":6,"author":{"gitId":"vaiish371"},"content":""},{"lineNumber":7,"author":{"gitId":"vaiish371"},"content":""},{"lineNumber":8,"author":{"gitId":"vaiish371"},"content":"        public Task(String description) {"},{"lineNumber":9,"author":{"gitId":"vaiish371"},"content":"            this.description\u003d description;"},{"lineNumber":10,"author":{"gitId":"vaiish371"},"content":"            this.isDone \u003d false;"},{"lineNumber":11,"author":{"gitId":"vaiish371"},"content":"        }"},{"lineNumber":12,"author":{"gitId":"vaiish371"},"content":""},{"lineNumber":13,"author":{"gitId":"vaiish371"},"content":"        public String getDescription() {"},{"lineNumber":14,"author":{"gitId":"vaiish371"},"content":"            return description;"},{"lineNumber":15,"author":{"gitId":"vaiish371"},"content":"        }"},{"lineNumber":16,"author":{"gitId":"vaiish371"},"content":""},{"lineNumber":17,"author":{"gitId":"vaiish371"},"content":"        public void setDescription(String description) {"},{"lineNumber":18,"author":{"gitId":"vaiish371"},"content":"            this.description \u003d description;"},{"lineNumber":19,"author":{"gitId":"vaiish371"},"content":"        }"},{"lineNumber":20,"author":{"gitId":"vaiish371"},"content":""},{"lineNumber":21,"author":{"gitId":"vaiish371"},"content":"        public String getStatusIcon() {"},{"lineNumber":22,"author":{"gitId":"vaiish371"},"content":"            return (isDone ? \"X\" : \" \"); // mark done task with X"},{"lineNumber":23,"author":{"gitId":"vaiish371"},"content":"        }"},{"lineNumber":24,"author":{"gitId":"vaiish371"},"content":""},{"lineNumber":25,"author":{"gitId":"vaiish371"},"content":"        public void markAsDone() {"},{"lineNumber":26,"author":{"gitId":"vaiish371"},"content":"            isDone \u003d true;"},{"lineNumber":27,"author":{"gitId":"vaiish371"},"content":"        }"},{"lineNumber":28,"author":{"gitId":"vaiish371"},"content":""},{"lineNumber":29,"author":{"gitId":"vaiish371"},"content":"        @Override"},{"lineNumber":30,"author":{"gitId":"vaiish371"},"content":"        public String toString(){"},{"lineNumber":31,"author":{"gitId":"vaiish371"},"content":"            return (\"[\" + getStatusIcon() + \"] \"+ description);"},{"lineNumber":32,"author":{"gitId":"vaiish371"},"content":"        }"},{"lineNumber":33,"author":{"gitId":"vaiish371"},"content":""},{"lineNumber":34,"author":{"gitId":"vaiish371"},"content":"    }"}],"authorContributionMap":{"vaiish371":34}},{"path":"src/main/java/duke/Todo.java","fileType":"java","lines":[{"lineNumber":1,"author":{"gitId":"vaiish371"},"content":"package duke;"},{"lineNumber":2,"author":{"gitId":"vaiish371"},"content":""},{"lineNumber":3,"author":{"gitId":"vaiish371"},"content":"public class Todo extends Task{"},{"lineNumber":4,"author":{"gitId":"vaiish371"},"content":""},{"lineNumber":5,"author":{"gitId":"vaiish371"},"content":"    public Todo(String description){"},{"lineNumber":6,"author":{"gitId":"vaiish371"},"content":"        super(description);"},{"lineNumber":7,"author":{"gitId":"vaiish371"},"content":"    }"},{"lineNumber":8,"author":{"gitId":"vaiish371"},"content":""},{"lineNumber":9,"author":{"gitId":"vaiish371"},"content":"    @Override"},{"lineNumber":10,"author":{"gitId":"vaiish371"},"content":"    public String toString(){"},{"lineNumber":11,"author":{"gitId":"vaiish371"},"content":"        return (\"[T]\" + super.toString());"},{"lineNumber":12,"author":{"gitId":"vaiish371"},"content":"    }"},{"lineNumber":13,"author":{"gitId":"vaiish371"},"content":""},{"lineNumber":14,"author":{"gitId":"vaiish371"},"content":"}"}],"authorContributionMap":{"vaiish371":14}},{"path":"text-ui-test/input.txt","fileType":"txt","lines":[{"lineNumber":1,"author":{"gitId":"vaiish371"},"content":"todo borrow book"},{"lineNumber":2,"author":{"gitId":"vaiish371"},"content":"deadlines assignment /by 19 feb"},{"lineNumber":3,"author":{"gitId":"vaiish371"},"content":"deadline assignment /by 19 feb"},{"lineNumber":4,"author":{"gitId":"vaiish371"},"content":"event meeting /at mon 2-4pm"},{"lineNumber":5,"author":{"gitId":"vaiish371"},"content":"done 1"},{"lineNumber":6,"author":{"gitId":"vaiish371"},"content":"done 3"},{"lineNumber":7,"author":{"gitId":"vaiish371"},"content":"list"},{"lineNumber":8,"author":{"gitId":"vaiish371"},"content":"bye"}],"authorContributionMap":{"vaiish371":8}},{"path":"text-ui-test/runtest.bat","fileType":"bat","lines":[{"lineNumber":1,"author":{"gitId":"-"},"content":"@ECHO OFF"},{"lineNumber":2,"author":{"gitId":"-"},"content":""},{"lineNumber":3,"author":{"gitId":"-"},"content":"REM create bin directory if it doesn\u0027t exist"},{"lineNumber":4,"author":{"gitId":"-"},"content":"if not exist ..\\bin mkdir ..\\bin"},{"lineNumber":5,"author":{"gitId":"-"},"content":""},{"lineNumber":6,"author":{"gitId":"-"},"content":"REM delete output from previous run"},{"lineNumber":7,"author":{"gitId":"-"},"content":"if exist ACTUAL.TXT del ACTUAL.TXT"},{"lineNumber":8,"author":{"gitId":"-"},"content":""},{"lineNumber":9,"author":{"gitId":"-"},"content":"REM compile the code into the bin folder"},{"lineNumber":10,"author":{"gitId":"vaiish371"},"content":"javac  -cp C:\\Users\\vaiis\\Desktop\\My Folders\\Y2S2\\CS2113T\\Individual Project\\src\\main\\java\\Duke.java"},{"lineNumber":11,"author":{"gitId":"-"},"content":"IF ERRORLEVEL 1 ("},{"lineNumber":12,"author":{"gitId":"-"},"content":"    echo ********** BUILD FAILURE **********"},{"lineNumber":13,"author":{"gitId":"-"},"content":"    exit /b 1"},{"lineNumber":14,"author":{"gitId":"-"},"content":")"},{"lineNumber":15,"author":{"gitId":"-"},"content":"REM no error here, errorlevel \u003d\u003d 0"},{"lineNumber":16,"author":{"gitId":"-"},"content":""},{"lineNumber":17,"author":{"gitId":"-"},"content":"REM run the program, feed commands from input.txt file and redirect the output to the ACTUAL.TXT"},{"lineNumber":18,"author":{"gitId":"vaiish371"},"content":"java -classpath C:\\Users\\vaiis\\Desktop\\My Folders\\Y2S2\\CS2113T\\Individual Project\\src\\main\\java\\Duke.java"},{"lineNumber":19,"author":{"gitId":"-"},"content":""},{"lineNumber":20,"author":{"gitId":"-"},"content":"REM compare the output to the expected output"},{"lineNumber":21,"author":{"gitId":"-"},"content":"FC ACTUAL.TXT EXPECTED.TXT"}],"authorContributionMap":{"vaiish371":2,"-":19}}]
