{"authorDailyContributionsMap":{"vaiish371":[{"date":"2021-01-29","commitResults":[{"hash":"e93fb8b6dcca05c4b4d96b9d34de1c8392fba9e0","messageTitle":"Level-0","messageBody":"","tags":["Level-0"],"fileTypesAndContributionMap":{"java":{"insertions":1,"deletions":6}}}]},{"date":"2021-01-31","commitResults":[{"hash":"5c0358f046fb30e218b42c84d00b4d4a50296018","messageTitle":"Testing","messageBody":"","tags":["Test-Tag"],"fileTypesAndContributionMap":{"java":{"insertions":1,"deletions":1}}}]}]},"authorFileTypeContributionMap":{"vaiish371":{"java":1,"md":0,"fxml":0,"sh":0,"bat":0,"gradle":0,"txt":0}},"authorContributionVariance":{"vaiish371":2.3401363},"authorDisplayNameMap":{"vaiish371":"CS2113T-F08-1 RAMA..NAVI"}}
