{"authorDailyContributionsMap":{"rageqqq":[{"date":"2021-01-18","commitResults":[{"hash":"c380181ff9c7396d21406a765b8aa71285075ed4","messageTitle":"Update readme to reflect new IntelliJ version","messageBody":"","fileTypesAndContributionMap":{"md":{"insertions":10,"deletions":10}}},{"hash":"8cf74a9bf270a216eeedae558b9ebe1681ed3386","messageTitle":"Update README.md","messageBody":"","fileTypesAndContributionMap":{"md":{"insertions":2,"deletions":2}}}]},{"date":"2021-01-22","commitResults":[{"hash":"cc473bdbaee764e80b6a56a96f1fef714a659f7f","messageTitle":"Duke level 0 Greet","messageBody":"","fileTypesAndContributionMap":{"java":{"insertions":7,"deletions":6}}}]},{"date":"2021-01-27","commitResults":[{"hash":"1f026d3e4cfe977d28b2a9215d5df8f0bf81c785","messageTitle":"Level-2","messageBody":"","tags":["Level-2"],"fileTypesAndContributionMap":{"java":{"insertions":37,"deletions":7}}},{"hash":"2efca0df4174f22416070d3114eaf2855bac2d50","messageTitle":"Level-1 Requirements","messageBody":"Greet Echo Exit\n","tags":["Level-1"],"fileTypesAndContributionMap":{"java":{"insertions":1,"deletions":22}}},{"hash":"aa56f120a4a248f6255d636151a3c5972107682e","messageTitle":"Level-3 Requirements","messageBody":"Added task done and stuff\n","tags":["Level-3"],"fileTypesAndContributionMap":{"java":{"insertions":56,"deletions":5}}}]},{"date":"2021-01-28","commitResults":[{"hash":"e562b017f8843cc68a82b8519bdfd446a52591a7","messageTitle":"A-CodingStandard","messageBody":"Updated variables to follow a standard\n","tags":["A-CodingStandard"],"fileTypesAndContributionMap":{"java":{"insertions":36,"deletions":36}}}]}]},"authorFileTypeContributionMap":{"rageqqq":{"java":67,"md":9,"fxml":0,"sh":0,"bat":0,"gradle":0,"txt":0}},"authorContributionVariance":{"rageqqq":1066.25},"authorDisplayNameMap":{"rageqqq":"CHES..ERNG"}}
