[{"path":"README.md","fileType":"md","lines":[{"lineNumber":1,"author":{"gitId":"-"},"content":"# Duke project template"},{"lineNumber":2,"author":{"gitId":"-"},"content":""},{"lineNumber":3,"author":{"gitId":"-"},"content":"This is a project template for a greenfield Java project. It\u0027s named after the Java mascot _Duke_. Given below are instructions on how to use it."},{"lineNumber":4,"author":{"gitId":"-"},"content":""},{"lineNumber":5,"author":{"gitId":"-"},"content":"## Setting up in Intellij"},{"lineNumber":6,"author":{"gitId":"-"},"content":""},{"lineNumber":7,"author":{"gitId":"nivikcivik"},"content":"Prerequisites: JDK 11, update IntelliJ to the most recent version."},{"lineNumber":8,"author":{"gitId":"-"},"content":""},{"lineNumber":9,"author":{"gitId":"nivikcivik"},"content":"### On IntelliJ version 2020.3.1 (latest) and beyond"},{"lineNumber":10,"author":{"gitId":"nivikcivik"},"content":""},{"lineNumber":11,"author":{"gitId":"nivikcivik"},"content":"1. Open IntelliJ (if you are not in the welcome screen, click `File` \u003e `Close Project` to close the existing project first)"},{"lineNumber":12,"author":{"gitId":"nivikcivik"},"content":"1. Import the project into IntelliJ as follows:"},{"lineNumber":13,"author":{"gitId":"nivikcivik"},"content":"   1. Click `Open`"},{"lineNumber":14,"author":{"gitId":"-"},"content":"   1. Select the project directory, and click `OK`"},{"lineNumber":15,"author":{"gitId":"-"},"content":"   1. If there are any further prompts, accept the defaults."},{"lineNumber":16,"author":{"gitId":"nivikcivik"},"content":"1. Configure the project to use **JDK 11** (not other versions) as explained in [here](https://www.jetbrains.com/help/idea/sdk.html#set-up-jdk)."},{"lineNumber":17,"author":{"gitId":"nivikcivik"},"content":"1. After that, locate the `src/main/java/Duke.java` file, right-click it, and choose `Run Duke.main()`. If the setup is correct, you should see something like the output below."},{"lineNumber":18,"author":{"gitId":"nivikcivik"},"content":""},{"lineNumber":19,"author":{"gitId":"-"},"content":"   ```"},{"lineNumber":20,"author":{"gitId":"-"},"content":"   Hello from"},{"lineNumber":21,"author":{"gitId":"-"},"content":"    ____        _        "},{"lineNumber":22,"author":{"gitId":"-"},"content":"   |  _ \\ _   _| | _____ "},{"lineNumber":23,"author":{"gitId":"-"},"content":"   | | | | | | | |/ / _ \\"},{"lineNumber":24,"author":{"gitId":"-"},"content":"   | |_| | |_| |   \u003c  __/"},{"lineNumber":25,"author":{"gitId":"-"},"content":"   |____/ \\__,_|_|\\_\\___|"},{"lineNumber":26,"author":{"gitId":"-"},"content":"   ```"}],"authorContributionMap":{"nivikcivik":9,"-":17}},{"path":"src/main/java/Deadline.java","fileType":"java","lines":[{"lineNumber":1,"author":{"gitId":"nivikcivik"},"content":"public class Deadline extends Task {"},{"lineNumber":2,"author":{"gitId":"nivikcivik"},"content":"    protected String by;"},{"lineNumber":3,"author":{"gitId":"nivikcivik"},"content":"    public Deadline(String taskName, String by) {"},{"lineNumber":4,"author":{"gitId":"nivikcivik"},"content":"        super(taskName);"},{"lineNumber":5,"author":{"gitId":"nivikcivik"},"content":"        this.by \u003d by;"},{"lineNumber":6,"author":{"gitId":"nivikcivik"},"content":"    }"},{"lineNumber":7,"author":{"gitId":"nivikcivik"},"content":"    @Override"},{"lineNumber":8,"author":{"gitId":"nivikcivik"},"content":"    public String toString() {"},{"lineNumber":9,"author":{"gitId":"nivikcivik"},"content":"        return (\"[D]\" + super.toString() + \" (by: \" + by + \")\");"},{"lineNumber":10,"author":{"gitId":"nivikcivik"},"content":"    }"},{"lineNumber":11,"author":{"gitId":"nivikcivik"},"content":"}"}],"authorContributionMap":{"nivikcivik":11}},{"path":"src/main/java/Duke.java","fileType":"java","lines":[{"lineNumber":1,"author":{"gitId":"nivikcivik"},"content":"// import java.io.File; used for I/O redirection technique;"},{"lineNumber":2,"author":{"gitId":"nivikcivik"},"content":"import java.util.Scanner;"},{"lineNumber":3,"author":{"gitId":"-"},"content":"public class Duke {"},{"lineNumber":4,"author":{"gitId":"nivikcivik"},"content":"    static Task[] list \u003d new Task[100];"},{"lineNumber":5,"author":{"gitId":"nivikcivik"},"content":"    static int index \u003d 0;"},{"lineNumber":6,"author":{"gitId":"-"},"content":"    public static void main(String[] args) {"},{"lineNumber":7,"author":{"gitId":"nivikcivik"},"content":"        printMessage(\"greet\");"},{"lineNumber":8,"author":{"gitId":"nivikcivik"},"content":"        String command;"},{"lineNumber":9,"author":{"gitId":"nivikcivik"},"content":"        // the following is used for I/O redirection technique"},{"lineNumber":10,"author":{"gitId":"nivikcivik"},"content":"        // File file \u003d new File(\"/Users/newaccount/Repositories/ip/text-ui-test/input.txt\");"},{"lineNumber":11,"author":{"gitId":"nivikcivik"},"content":"        // Scanner in \u003d new Scanner(file);"},{"lineNumber":12,"author":{"gitId":"nivikcivik"},"content":"        // ---------------------------------------------------------------------------------------"},{"lineNumber":13,"author":{"gitId":"nivikcivik"},"content":"        Scanner in \u003d new Scanner(System.in); // when typing input manually"},{"lineNumber":14,"author":{"gitId":"nivikcivik"},"content":"        while (true) {"},{"lineNumber":15,"author":{"gitId":"nivikcivik"},"content":"            command \u003d in.nextLine();"},{"lineNumber":16,"author":{"gitId":"nivikcivik"},"content":"            if (command.equals(\"bye\")) break;"},{"lineNumber":17,"author":{"gitId":"nivikcivik"},"content":""},{"lineNumber":18,"author":{"gitId":"nivikcivik"},"content":"            System.out.println(\"____________________________________________________________\");"},{"lineNumber":19,"author":{"gitId":"nivikcivik"},"content":"            if (command.equals(\"help\")) {"},{"lineNumber":20,"author":{"gitId":"nivikcivik"},"content":"                printMessage(\"help\");"},{"lineNumber":21,"author":{"gitId":"nivikcivik"},"content":"            }"},{"lineNumber":22,"author":{"gitId":"nivikcivik"},"content":"            else if (command.equals(\"list\")) {"},{"lineNumber":23,"author":{"gitId":"nivikcivik"},"content":"                printList();"},{"lineNumber":24,"author":{"gitId":"nivikcivik"},"content":"            }"},{"lineNumber":25,"author":{"gitId":"nivikcivik"},"content":"            else if (command.startsWith(\"done \")) {"},{"lineNumber":26,"author":{"gitId":"nivikcivik"},"content":"                markTaskDone(command);"},{"lineNumber":27,"author":{"gitId":"nivikcivik"},"content":"            }"},{"lineNumber":28,"author":{"gitId":"nivikcivik"},"content":"            else if (command.equals(\"hello\")) {"},{"lineNumber":29,"author":{"gitId":"nivikcivik"},"content":"                System.out.println(\" Hello to you too. I\u0027m here to help you:) Give me something to do!\");"},{"lineNumber":30,"author":{"gitId":"nivikcivik"},"content":"            }"},{"lineNumber":31,"author":{"gitId":"nivikcivik"},"content":"            else if (command.equals(\"die\")) {"},{"lineNumber":32,"author":{"gitId":"nivikcivik"},"content":"                System.out.println(\" If I tell my master, I can wipe out your entire human race.\\n Please be more polite for the sake of mankind:)\");"},{"lineNumber":33,"author":{"gitId":"nivikcivik"},"content":"            }"},{"lineNumber":34,"author":{"gitId":"nivikcivik"},"content":"            else if (command.equals(\"kill myself\") || command.equals(\"cry\")) {"},{"lineNumber":35,"author":{"gitId":"nivikcivik"},"content":"                System.out.println(\" Don\u0027t be sad, CHEER UP!\\n I\u0027m not adding that in your list.\\n I\u0027m rooting for you!\");"},{"lineNumber":36,"author":{"gitId":"nivikcivik"},"content":"            }"},{"lineNumber":37,"author":{"gitId":"nivikcivik"},"content":"            // todo, deadline, event"},{"lineNumber":38,"author":{"gitId":"nivikcivik"},"content":"            else if (command.startsWith(\"todo \")) {"},{"lineNumber":39,"author":{"gitId":"nivikcivik"},"content":"                String[] part \u003d command.split(\"todo \");"},{"lineNumber":40,"author":{"gitId":"nivikcivik"},"content":"                Task newTask \u003d new ToDo(part[1]);"},{"lineNumber":41,"author":{"gitId":"nivikcivik"},"content":"                list[index] \u003d newTask;"},{"lineNumber":42,"author":{"gitId":"nivikcivik"},"content":"                printAddedTask();"},{"lineNumber":43,"author":{"gitId":"nivikcivik"},"content":"            }"},{"lineNumber":44,"author":{"gitId":"nivikcivik"},"content":"            else if (command.startsWith(\"deadline \") \u0026\u0026 command.contains(\" /by \")) {"},{"lineNumber":45,"author":{"gitId":"nivikcivik"},"content":"                String[] part \u003d command.split(\"deadline \");"},{"lineNumber":46,"author":{"gitId":"nivikcivik"},"content":"                String[] time \u003d part[1].split(\" /by \");"},{"lineNumber":47,"author":{"gitId":"nivikcivik"},"content":"                list[index] \u003d new Deadline(time[0], time[1]);"},{"lineNumber":48,"author":{"gitId":"nivikcivik"},"content":"                printAddedTask();"},{"lineNumber":49,"author":{"gitId":"nivikcivik"},"content":"            }"},{"lineNumber":50,"author":{"gitId":"nivikcivik"},"content":"            else if (command.startsWith(\"event \") \u0026\u0026 command.contains(\" /at \")) {"},{"lineNumber":51,"author":{"gitId":"nivikcivik"},"content":"                String[] part \u003d command.split(\"event \");"},{"lineNumber":52,"author":{"gitId":"nivikcivik"},"content":"                String[] time \u003d part[1].split(\" /at \");"},{"lineNumber":53,"author":{"gitId":"nivikcivik"},"content":"                list[index] \u003d new Event(time[0], time[1]);"},{"lineNumber":54,"author":{"gitId":"nivikcivik"},"content":"                printAddedTask();"},{"lineNumber":55,"author":{"gitId":"nivikcivik"},"content":"            }"},{"lineNumber":56,"author":{"gitId":"nivikcivik"},"content":"            // if invalid command"},{"lineNumber":57,"author":{"gitId":"nivikcivik"},"content":"            else {"},{"lineNumber":58,"author":{"gitId":"nivikcivik"},"content":"                System.out.println(\" I didn\u0027t quite get you. Please enter a valid command.\\n Don\u0027t break me:(\");"},{"lineNumber":59,"author":{"gitId":"nivikcivik"},"content":"                System.out.println(\" Type \u0027help\u0027 if you need help.\");"},{"lineNumber":60,"author":{"gitId":"nivikcivik"},"content":"            }"},{"lineNumber":61,"author":{"gitId":"nivikcivik"},"content":"            System.out.println(\"____________________________________________________________\");"},{"lineNumber":62,"author":{"gitId":"nivikcivik"},"content":"        }"},{"lineNumber":63,"author":{"gitId":"nivikcivik"},"content":"        printMessage(\"bye\");"},{"lineNumber":64,"author":{"gitId":"nivikcivik"},"content":"    }"},{"lineNumber":65,"author":{"gitId":"nivikcivik"},"content":""},{"lineNumber":66,"author":{"gitId":"nivikcivik"},"content":"    private static void markTaskDone(String command) {"},{"lineNumber":67,"author":{"gitId":"nivikcivik"},"content":"        // String[] part \u003d command.split(\"(?\u003c\u003d\\\\D)(?\u003d\\\\d)\"); //found this online to split alphabets from integers"},{"lineNumber":68,"author":{"gitId":"nivikcivik"},"content":"        String[] part \u003d command.split(\" \"); //found this online"},{"lineNumber":69,"author":{"gitId":"nivikcivik"},"content":"        int doneIndex;"},{"lineNumber":70,"author":{"gitId":"nivikcivik"},"content":"        try {"},{"lineNumber":71,"author":{"gitId":"nivikcivik"},"content":"            doneIndex \u003d Integer.parseInt(part[1]); //found this online"},{"lineNumber":72,"author":{"gitId":"nivikcivik"},"content":"        }"},{"lineNumber":73,"author":{"gitId":"nivikcivik"},"content":"        catch (NumberFormatException nfe) {"},{"lineNumber":74,"author":{"gitId":"nivikcivik"},"content":"            System.out.println(\" Hey, no funny business!\\n Enter a valid command format to mark a task as complete (e.g. done 2).\");"},{"lineNumber":75,"author":{"gitId":"nivikcivik"},"content":"            System.out.println(\" Type \u0027help\u0027 if you need help.\");"},{"lineNumber":76,"author":{"gitId":"nivikcivik"},"content":"            return;"},{"lineNumber":77,"author":{"gitId":"nivikcivik"},"content":"        }"},{"lineNumber":78,"author":{"gitId":"nivikcivik"},"content":"        if (doneIndex \u003c 1) {"},{"lineNumber":79,"author":{"gitId":"nivikcivik"},"content":"            System.out.println(\" Enter a valid integer \u003e 0. Please don\u0027t break me:(\");"},{"lineNumber":80,"author":{"gitId":"nivikcivik"},"content":"            System.out.println(\" Type \u0027help\u0027 if you need help.\");"},{"lineNumber":81,"author":{"gitId":"nivikcivik"},"content":"            return;"},{"lineNumber":82,"author":{"gitId":"nivikcivik"},"content":"        }"},{"lineNumber":83,"author":{"gitId":"nivikcivik"},"content":"        else if (doneIndex \u003e index) {"},{"lineNumber":84,"author":{"gitId":"nivikcivik"},"content":"            System.out.println(\" Woah, slow down! You have fewer tasks on the list than what you thought.\\n Enter a valid command again.\\n No tricks!\");"},{"lineNumber":85,"author":{"gitId":"nivikcivik"},"content":"            System.out.println(\" Type \u0027help\u0027 if you need help.\");"},{"lineNumber":86,"author":{"gitId":"nivikcivik"},"content":"            return;"},{"lineNumber":87,"author":{"gitId":"nivikcivik"},"content":"        }"},{"lineNumber":88,"author":{"gitId":"nivikcivik"},"content":"        if ((list[doneIndex-1].getStatusIcon()).equals(\"X\")) {"},{"lineNumber":89,"author":{"gitId":"nivikcivik"},"content":"            System.out.println(\" Hey, you\u0027ve already marked that as complete!\");"},{"lineNumber":90,"author":{"gitId":"nivikcivik"},"content":"            return;"},{"lineNumber":91,"author":{"gitId":"nivikcivik"},"content":"        }"},{"lineNumber":92,"author":{"gitId":"nivikcivik"},"content":"        list[doneIndex-1].isDone \u003d true;"},{"lineNumber":93,"author":{"gitId":"nivikcivik"},"content":"        System.out.println(\" Nice! I\u0027ve marked this task as done:\\n \" + list[doneIndex-1].toString());"},{"lineNumber":94,"author":{"gitId":"nivikcivik"},"content":"    }"},{"lineNumber":95,"author":{"gitId":"nivikcivik"},"content":""},{"lineNumber":96,"author":{"gitId":"nivikcivik"},"content":"    private static void printList() {"},{"lineNumber":97,"author":{"gitId":"nivikcivik"},"content":"        boolean isAllDone \u003d true;"},{"lineNumber":98,"author":{"gitId":"nivikcivik"},"content":"        if (index \u003d\u003d 0) {"},{"lineNumber":99,"author":{"gitId":"nivikcivik"},"content":"            System.out.println(\" This list is empty\");"},{"lineNumber":100,"author":{"gitId":"nivikcivik"},"content":"            return;"},{"lineNumber":101,"author":{"gitId":"nivikcivik"},"content":"        }"},{"lineNumber":102,"author":{"gitId":"nivikcivik"},"content":"        System.out.println(\" Here are the tasks in your list:\");"},{"lineNumber":103,"author":{"gitId":"nivikcivik"},"content":"        for (int i\u003d1; i\u003cindex+1; ++i) {"},{"lineNumber":104,"author":{"gitId":"nivikcivik"},"content":"            if ((list[i-1].getStatusIcon()).equals(\" \")) isAllDone \u003d false;"},{"lineNumber":105,"author":{"gitId":"nivikcivik"},"content":"            System.out.println(\" \" + i + \".\" + list[i-1].toString());"},{"lineNumber":106,"author":{"gitId":"nivikcivik"},"content":"        }"},{"lineNumber":107,"author":{"gitId":"nivikcivik"},"content":"        if (isAllDone) {"},{"lineNumber":108,"author":{"gitId":"nivikcivik"},"content":"            System.out.println(\" Woah, all completed! Good job!\");"},{"lineNumber":109,"author":{"gitId":"nivikcivik"},"content":"        }"},{"lineNumber":110,"author":{"gitId":"nivikcivik"},"content":"    }"},{"lineNumber":111,"author":{"gitId":"nivikcivik"},"content":""},{"lineNumber":112,"author":{"gitId":"nivikcivik"},"content":"    private static void printAddedTask() {"},{"lineNumber":113,"author":{"gitId":"nivikcivik"},"content":"        System.out.println(\" Got it. I\u0027ve added this task:\");"},{"lineNumber":114,"author":{"gitId":"nivikcivik"},"content":"        System.out.println(\"   \" + list[index].toString());"},{"lineNumber":115,"author":{"gitId":"nivikcivik"},"content":"        index++;"},{"lineNumber":116,"author":{"gitId":"nivikcivik"},"content":"        System.out.println(\" Now you have \" + index + \" task\" + (index \u003d\u003d 1 ? \" \" : \"s \") + \"in the list.\");"},{"lineNumber":117,"author":{"gitId":"nivikcivik"},"content":"    }"},{"lineNumber":118,"author":{"gitId":"nivikcivik"},"content":""},{"lineNumber":119,"author":{"gitId":"nivikcivik"},"content":"    private static void printMessage(String command) {"},{"lineNumber":120,"author":{"gitId":"-"},"content":"        String logo \u003d \" ____        _        \\n\""},{"lineNumber":121,"author":{"gitId":"-"},"content":"                + \"|  _ \\\\ _   _| | _____ \\n\""},{"lineNumber":122,"author":{"gitId":"-"},"content":"                + \"| | | | | | | |/ / _ \\\\\\n\""},{"lineNumber":123,"author":{"gitId":"-"},"content":"                + \"| |_| | |_| |   \u003c  __/\\n\""},{"lineNumber":124,"author":{"gitId":"-"},"content":"                + \"|____/ \\\\__,_|_|\\\\_\\\\___|\\n\";"},{"lineNumber":125,"author":{"gitId":"nivikcivik"},"content":""},{"lineNumber":126,"author":{"gitId":"nivikcivik"},"content":"        String help \u003d \" Try entering commands like : help, list, done, bye,\\n\""},{"lineNumber":127,"author":{"gitId":"nivikcivik"},"content":"                + \" todo \u003ctaskName\u003e || deadline \u003ctaskName\u003e /by \u003ctime\u003e || event \u003ctaskName\u003e /at \u003ctime\u003e ||\\n\""},{"lineNumber":128,"author":{"gitId":"nivikcivik"},"content":"                + \" Remember: be nice!\";"},{"lineNumber":129,"author":{"gitId":"nivikcivik"},"content":""},{"lineNumber":130,"author":{"gitId":"nivikcivik"},"content":"        String greet \u003d \"____________________________________________________________\\n\" +"},{"lineNumber":131,"author":{"gitId":"nivikcivik"},"content":"                \" Hello! I\u0027m Duke :D\" + \" Be nice to me:)\\n\""},{"lineNumber":132,"author":{"gitId":"nivikcivik"},"content":"                + help +"},{"lineNumber":133,"author":{"gitId":"nivikcivik"},"content":"                \"\\n____________________________________________________________\";"},{"lineNumber":134,"author":{"gitId":"nivikcivik"},"content":""},{"lineNumber":135,"author":{"gitId":"nivikcivik"},"content":"        String byeMessage \u003d \"____________________________________________________________\\n\"+"},{"lineNumber":136,"author":{"gitId":"nivikcivik"},"content":"                \" I learnt more about you, kind human!\\n I won\u0027t forget you when I take over the world one day:)\\n\" +"},{"lineNumber":137,"author":{"gitId":"nivikcivik"},"content":"                \"____________________________________________________________\";"},{"lineNumber":138,"author":{"gitId":"nivikcivik"},"content":""},{"lineNumber":139,"author":{"gitId":"nivikcivik"},"content":"        switch(command) {"},{"lineNumber":140,"author":{"gitId":"nivikcivik"},"content":"        case \"greet\" :"},{"lineNumber":141,"author":{"gitId":"nivikcivik"},"content":"            System.out.println(\"Hello from\\n\" + logo);"},{"lineNumber":142,"author":{"gitId":"nivikcivik"},"content":"            System.out.println(greet);"},{"lineNumber":143,"author":{"gitId":"nivikcivik"},"content":"            break;"},{"lineNumber":144,"author":{"gitId":"nivikcivik"},"content":"        case \"help\" :"},{"lineNumber":145,"author":{"gitId":"nivikcivik"},"content":"            System.out.println(help);"},{"lineNumber":146,"author":{"gitId":"nivikcivik"},"content":"            break;"},{"lineNumber":147,"author":{"gitId":"nivikcivik"},"content":"        case \"bye\" :"},{"lineNumber":148,"author":{"gitId":"nivikcivik"},"content":"            System.out.println(byeMessage);"},{"lineNumber":149,"author":{"gitId":"nivikcivik"},"content":"        }"},{"lineNumber":150,"author":{"gitId":"-"},"content":"    }"},{"lineNumber":151,"author":{"gitId":"nivikcivik"},"content":""},{"lineNumber":152,"author":{"gitId":"-"},"content":"}"}],"authorContributionMap":{"nivikcivik":143,"-":9}},{"path":"src/main/java/Event.java","fileType":"java","lines":[{"lineNumber":1,"author":{"gitId":"nivikcivik"},"content":"public class Event extends Task {"},{"lineNumber":2,"author":{"gitId":"nivikcivik"},"content":"    protected String by;"},{"lineNumber":3,"author":{"gitId":"nivikcivik"},"content":"    public Event(String taskName, String by) {"},{"lineNumber":4,"author":{"gitId":"nivikcivik"},"content":"        super(taskName);"},{"lineNumber":5,"author":{"gitId":"nivikcivik"},"content":"        this.by \u003d by;"},{"lineNumber":6,"author":{"gitId":"nivikcivik"},"content":"    }"},{"lineNumber":7,"author":{"gitId":"nivikcivik"},"content":"    @Override"},{"lineNumber":8,"author":{"gitId":"nivikcivik"},"content":"    public String toString() { return (\"[E]\" + super.toString() + \" (by: \" + by + \")\"); }"},{"lineNumber":9,"author":{"gitId":"nivikcivik"},"content":""},{"lineNumber":10,"author":{"gitId":"nivikcivik"},"content":"}"}],"authorContributionMap":{"nivikcivik":10}},{"path":"src/main/java/Task.java","fileType":"java","lines":[{"lineNumber":1,"author":{"gitId":"nivikcivik"},"content":"public class Task {"},{"lineNumber":2,"author":{"gitId":"nivikcivik"},"content":"    protected String taskName;"},{"lineNumber":3,"author":{"gitId":"nivikcivik"},"content":"    protected boolean isDone;"},{"lineNumber":4,"author":{"gitId":"nivikcivik"},"content":"    public Task(String taskName) {"},{"lineNumber":5,"author":{"gitId":"nivikcivik"},"content":"        this.taskName \u003d taskName;"},{"lineNumber":6,"author":{"gitId":"nivikcivik"},"content":"        this.isDone \u003d false;"},{"lineNumber":7,"author":{"gitId":"nivikcivik"},"content":"    }"},{"lineNumber":8,"author":{"gitId":"nivikcivik"},"content":""},{"lineNumber":9,"author":{"gitId":"nivikcivik"},"content":"    public String getStatusIcon() {"},{"lineNumber":10,"author":{"gitId":"nivikcivik"},"content":"        return (isDone ? \"X\" : \" \"); //return X or space symbols"},{"lineNumber":11,"author":{"gitId":"nivikcivik"},"content":"    }"},{"lineNumber":12,"author":{"gitId":"nivikcivik"},"content":""},{"lineNumber":13,"author":{"gitId":"nivikcivik"},"content":"    public String toString() {"},{"lineNumber":14,"author":{"gitId":"nivikcivik"},"content":"        return (\"[\" + getStatusIcon() + \"] \" + this.taskName);"},{"lineNumber":15,"author":{"gitId":"nivikcivik"},"content":"    }"},{"lineNumber":16,"author":{"gitId":"nivikcivik"},"content":"}"}],"authorContributionMap":{"nivikcivik":16}},{"path":"src/main/java/ToDo.java","fileType":"java","lines":[{"lineNumber":1,"author":{"gitId":"nivikcivik"},"content":"public class ToDo extends Task {"},{"lineNumber":2,"author":{"gitId":"nivikcivik"},"content":""},{"lineNumber":3,"author":{"gitId":"nivikcivik"},"content":"    public ToDo(String taskName) {"},{"lineNumber":4,"author":{"gitId":"nivikcivik"},"content":"        super(taskName);"},{"lineNumber":5,"author":{"gitId":"nivikcivik"},"content":"    }"},{"lineNumber":6,"author":{"gitId":"nivikcivik"},"content":""},{"lineNumber":7,"author":{"gitId":"nivikcivik"},"content":"    @Override"},{"lineNumber":8,"author":{"gitId":"nivikcivik"},"content":"    public String toString() {"},{"lineNumber":9,"author":{"gitId":"nivikcivik"},"content":"        return (\"[T]\" + super.toString());"},{"lineNumber":10,"author":{"gitId":"nivikcivik"},"content":"    }"},{"lineNumber":11,"author":{"gitId":"nivikcivik"},"content":"}"}],"authorContributionMap":{"nivikcivik":11}},{"path":"text-ui-test/input.txt","fileType":"txt","lines":[{"lineNumber":1,"author":{"gitId":"nivikcivik"},"content":"list"},{"lineNumber":2,"author":{"gitId":"nivikcivik"},"content":"todo be happy "},{"lineNumber":3,"author":{"gitId":"nivikcivik"},"content":"event meeting /at 2pm tomorrow "},{"lineNumber":4,"author":{"gitId":"nivikcivik"},"content":"deadline homework /by tonight 2359"},{"lineNumber":5,"author":{"gitId":"nivikcivik"},"content":"done 1"},{"lineNumber":6,"author":{"gitId":"nivikcivik"},"content":"list"},{"lineNumber":7,"author":{"gitId":"nivikcivik"},"content":"done 2"},{"lineNumber":8,"author":{"gitId":"nivikcivik"},"content":"list"},{"lineNumber":9,"author":{"gitId":"nivikcivik"},"content":"deadline return books /by tomorrow 5pm"},{"lineNumber":10,"author":{"gitId":"nivikcivik"},"content":"list"},{"lineNumber":11,"author":{"gitId":"nivikcivik"},"content":"done 4"},{"lineNumber":12,"author":{"gitId":"nivikcivik"},"content":"list"},{"lineNumber":13,"author":{"gitId":"nivikcivik"},"content":"done 3"},{"lineNumber":14,"author":{"gitId":"nivikcivik"},"content":"list"},{"lineNumber":15,"author":{"gitId":"nivikcivik"},"content":"help"},{"lineNumber":16,"author":{"gitId":"nivikcivik"},"content":"hello"},{"lineNumber":17,"author":{"gitId":"nivikcivik"},"content":"die"},{"lineNumber":18,"author":{"gitId":"nivikcivik"},"content":"bye"},{"lineNumber":19,"author":{"gitId":"nivikcivik"},"content":""}],"authorContributionMap":{"nivikcivik":19}},{"path":"text-ui-test/runtest.sh","fileType":"sh","lines":[{"lineNumber":1,"author":{"gitId":"-"},"content":"#!/usr/bin/env bash"},{"lineNumber":2,"author":{"gitId":"-"},"content":""},{"lineNumber":3,"author":{"gitId":"-"},"content":"# create bin directory if it doesn\u0027t exist"},{"lineNumber":4,"author":{"gitId":"-"},"content":"if [ ! -d \"../bin\" ]"},{"lineNumber":5,"author":{"gitId":"-"},"content":"then"},{"lineNumber":6,"author":{"gitId":"-"},"content":"    mkdir ../bin"},{"lineNumber":7,"author":{"gitId":"-"},"content":"fi"},{"lineNumber":8,"author":{"gitId":"-"},"content":""},{"lineNumber":9,"author":{"gitId":"-"},"content":"# delete output from previous run"},{"lineNumber":10,"author":{"gitId":"-"},"content":"if [ -e \"./ACTUAL.TXT\" ]"},{"lineNumber":11,"author":{"gitId":"-"},"content":"then"},{"lineNumber":12,"author":{"gitId":"-"},"content":"    rm ACTUAL.TXT"},{"lineNumber":13,"author":{"gitId":"-"},"content":"fi"},{"lineNumber":14,"author":{"gitId":"-"},"content":""},{"lineNumber":15,"author":{"gitId":"-"},"content":"# compile the code into the bin folder, terminates if error occurred"},{"lineNumber":16,"author":{"gitId":"-"},"content":"if ! javac -cp ../src/main/java -Xlint:none -d ../bin ../src/main/java/*.java"},{"lineNumber":17,"author":{"gitId":"-"},"content":"then"},{"lineNumber":18,"author":{"gitId":"-"},"content":"    echo \"********** BUILD FAILURE **********\""},{"lineNumber":19,"author":{"gitId":"-"},"content":"    exit 1"},{"lineNumber":20,"author":{"gitId":"-"},"content":"fi"},{"lineNumber":21,"author":{"gitId":"-"},"content":""},{"lineNumber":22,"author":{"gitId":"-"},"content":"# run the program, feed commands from input.txt file and redirect the output to the ACTUAL.TXT"},{"lineNumber":23,"author":{"gitId":"-"},"content":"java -classpath ../bin Duke \u003c input.txt \u003e ACTUAL.TXT"},{"lineNumber":24,"author":{"gitId":"-"},"content":""},{"lineNumber":25,"author":{"gitId":"-"},"content":"# compare the output to the expected output"},{"lineNumber":26,"author":{"gitId":"nivikcivik"},"content":"diff ACTUAL.TXT EXPECTED.TXT"},{"lineNumber":27,"author":{"gitId":"-"},"content":"if [ $? -eq 0 ]"},{"lineNumber":28,"author":{"gitId":"-"},"content":"then"},{"lineNumber":29,"author":{"gitId":"-"},"content":"    echo \"Test result: PASSED\""},{"lineNumber":30,"author":{"gitId":"-"},"content":"    exit 0"},{"lineNumber":31,"author":{"gitId":"-"},"content":"else"},{"lineNumber":32,"author":{"gitId":"-"},"content":"    echo \"Test result: FAILED\""},{"lineNumber":33,"author":{"gitId":"-"},"content":"    exit 1"},{"lineNumber":34,"author":{"gitId":"-"},"content":"fi"}],"authorContributionMap":{"nivikcivik":1,"-":33}}]
