{"authorDailyContributionsMap":{"fangxinjia0203":[{"date":"2021-01-31","commitResults":[{"hash":"d4a7a8ac7b28379557120cb013d75f49aec82aa0","messageTitle":"Level-0","messageBody":"","tags":["Level-0"],"fileTypesAndContributionMap":{"java":{"insertions":5,"deletions":0}}}]},{"date":"2021-02-01","commitResults":[{"hash":"f88f21c4d79b70a89db62ee734bc72063a73ef2b","messageTitle":"Level-1","messageBody":"","tags":["Level-1"],"fileTypesAndContributionMap":{"java":{"insertions":14,"deletions":0}}},{"hash":"09a9b4123b5c943be6651cba122568a8dd513bc6","messageTitle":"Level-2","messageBody":"","fileTypesAndContributionMap":{"java":{"insertions":21,"deletions":4}}},{"hash":"3f6ed10bd418b4e5d2dd7e4fa90605bfd2da64d8","messageTitle":"Level-2","messageBody":"","tags":["Level-2"],"fileTypesAndContributionMap":{"java":{"insertions":1,"deletions":1}}}]},{"date":"2021-02-03","commitResults":[{"hash":"2c91f7224daba4904579fb237c554ed11294f971","messageTitle":"Level-3","messageBody":"","fileTypesAndContributionMap":{"java":{"insertions":35,"deletions":4}}},{"hash":"a8aa313cfc5da53900921b0f3ae59726144e1180","messageTitle":"Level-3 2nd","messageBody":"","tags":["Level-3"],"fileTypesAndContributionMap":{"java":{"insertions":1,"deletions":0}}}]},{"date":"2021-02-08","commitResults":[{"hash":"d62fbf403048e1553e3349fe5c557d1992c73c3a","messageTitle":"Level-4","messageBody":"","tags":["Level-4","A-CodingStandard","A-CodeQuality"],"fileTypesAndContributionMap":{"java":{"insertions":77,"deletions":5}}}]},{"date":"2021-02-18","commitResults":[{"hash":"fb3a9b5cbe8b84ce811a2c17dcb3e29bb7739e8c","messageTitle":"Level-5","messageBody":"","tags":["Level-5"],"fileTypesAndContributionMap":{"java":{"insertions":56,"deletions":30}}},{"hash":"e0e185505c96fc852dd5c5a595a493b00e92c897","messageTitle":"Level-6","messageBody":"","fileTypesAndContributionMap":{"java":{"insertions":25,"deletions":17}}}]},{"date":"2021-02-19","commitResults":[{"hash":"b7c0f7ba2bcd679b0a382183698f509698387d7b","messageTitle":"Level-7","messageBody":"","fileTypesAndContributionMap":{"txt":{"insertions":2,"deletions":0},"java":{"insertions":37,"deletions":6}}},{"hash":"c39472b4970673c41f6772c243862f041c1162c0","messageTitle":"Level-7 2nd","messageBody":"","tags":["Level-7","A-Jar"],"fileTypesAndContributionMap":{"txt":{"insertions":1,"deletions":2},"java":{"insertions":34,"deletions":2}}}]}]},"authorFileTypeContributionMap":{"fangxinjia0203":{"java":238,"md":0,"fxml":0,"sh":0,"bat":0,"gradle":0,"txt":1}},"authorContributionVariance":{"fangxinjia0203":746.5},"authorDisplayNameMap":{"fangxinjia0203":"CS2113T-T09-3 FANG..NJIA"}}
