[{"path":"README.md","fileType":"md","lines":[{"lineNumber":1,"author":{"gitId":"-"},"content":"# Duke project template"},{"lineNumber":2,"author":{"gitId":"-"},"content":""},{"lineNumber":3,"author":{"gitId":"-"},"content":"This is a project template for a greenfield Java project. It\u0027s named after the Java mascot _Duke_. Given below are instructions on how to use it."},{"lineNumber":4,"author":{"gitId":"-"},"content":""},{"lineNumber":5,"author":{"gitId":"-"},"content":"## Setting up in Intellij"},{"lineNumber":6,"author":{"gitId":"-"},"content":""},{"lineNumber":7,"author":{"gitId":"song0180"},"content":"Prerequisites: JDK 11, update IntelliJ to the most recent version."},{"lineNumber":8,"author":{"gitId":"-"},"content":""},{"lineNumber":9,"author":{"gitId":"song0180"},"content":"### On IntelliJ version 2020.3.1 (latest) and beyond"},{"lineNumber":10,"author":{"gitId":"song0180"},"content":""},{"lineNumber":11,"author":{"gitId":"song0180"},"content":"1. Open IntelliJ (if you are not in the welcome screen, click `File` \u003e `Close Project` to close the existing project first)"},{"lineNumber":12,"author":{"gitId":"song0180"},"content":"1. Import the project into IntelliJ as follows:"},{"lineNumber":13,"author":{"gitId":"song0180"},"content":"   1. Click `Open`"},{"lineNumber":14,"author":{"gitId":"-"},"content":"   1. Select the project directory, and click `OK`"},{"lineNumber":15,"author":{"gitId":"-"},"content":"   1. If there are any further prompts, accept the defaults."},{"lineNumber":16,"author":{"gitId":"song0180"},"content":"1. Configure the project to use **JDK 11** (not other versions) as explained in [here](https://www.jetbrains.com/help/idea/sdk.html#set-up-jdk)."},{"lineNumber":17,"author":{"gitId":"song0180"},"content":"1. After that, locate the `src/main/java/Duke.java` file, right-click it, and choose `Run Duke.main()`. If the setup is correct, you should see something like the output below."},{"lineNumber":18,"author":{"gitId":"song0180"},"content":""},{"lineNumber":19,"author":{"gitId":"-"},"content":"   ```"},{"lineNumber":20,"author":{"gitId":"-"},"content":"   Hello from"},{"lineNumber":21,"author":{"gitId":"-"},"content":"    ____        _        "},{"lineNumber":22,"author":{"gitId":"-"},"content":"   |  _ \\ _   _| | _____ "},{"lineNumber":23,"author":{"gitId":"-"},"content":"   | | | | | | | |/ / _ \\"},{"lineNumber":24,"author":{"gitId":"-"},"content":"   | |_| | |_| |   \u003c  __/"},{"lineNumber":25,"author":{"gitId":"-"},"content":"   |____/ \\__,_|_|\\_\\___|"},{"lineNumber":26,"author":{"gitId":"-"},"content":"   ```"}],"authorContributionMap":{"-":17,"song0180":9}},{"path":"src/main/java/Duke.java","fileType":"java","lines":[{"lineNumber":1,"author":{"gitId":"song0180"},"content":"import java.util.Scanner;"},{"lineNumber":2,"author":{"gitId":"song0180"},"content":""},{"lineNumber":3,"author":{"gitId":"song0180"},"content":""},{"lineNumber":4,"author":{"gitId":"-"},"content":"public class Duke {"},{"lineNumber":5,"author":{"gitId":"song0180"},"content":"    /**"},{"lineNumber":6,"author":{"gitId":"song0180"},"content":"     * A divider (horizontal line)."},{"lineNumber":7,"author":{"gitId":"song0180"},"content":"     */"},{"lineNumber":8,"author":{"gitId":"song0180"},"content":"    public static final String DIVIDER_LINE_ONLY \u003d \"__________________________________________\";"},{"lineNumber":9,"author":{"gitId":"song0180"},"content":"    /**"},{"lineNumber":10,"author":{"gitId":"song0180"},"content":"     * A divider (horizontal line) with line break at the end."},{"lineNumber":11,"author":{"gitId":"song0180"},"content":"     */"},{"lineNumber":12,"author":{"gitId":"song0180"},"content":"    public static final String DIVIDER \u003d \"__________________________________________\\n\";"},{"lineNumber":13,"author":{"gitId":"song0180"},"content":""},{"lineNumber":14,"author":{"gitId":"song0180"},"content":"    /**"},{"lineNumber":15,"author":{"gitId":"song0180"},"content":"     * Prints greetings when the program starts."},{"lineNumber":16,"author":{"gitId":"song0180"},"content":"     */"},{"lineNumber":17,"author":{"gitId":"song0180"},"content":"    public static void printGreetings() {"},{"lineNumber":18,"author":{"gitId":"song0180"},"content":"        System.out.println("},{"lineNumber":19,"author":{"gitId":"song0180"},"content":"                DIVIDER"},{"lineNumber":20,"author":{"gitId":"song0180"},"content":"                        + \" Welcome.\\n\""},{"lineNumber":21,"author":{"gitId":"song0180"},"content":"                        + \" I am your assistant Friday. ✧ʕ̢̣̣̣̣̩̩̩̩·͡˔·ོɁ̡̣̣̣̣̩̩̩̩✧ \\n\""},{"lineNumber":22,"author":{"gitId":"song0180"},"content":"                        + \" Just FYI, I am developed by Song Yu.\\n\""},{"lineNumber":23,"author":{"gitId":"song0180"},"content":"                        + \" May I know what I can help you?\\n\""},{"lineNumber":24,"author":{"gitId":"song0180"},"content":"                        + DIVIDER_LINE_ONLY"},{"lineNumber":25,"author":{"gitId":"song0180"},"content":"        );"},{"lineNumber":26,"author":{"gitId":"song0180"},"content":"    }"},{"lineNumber":27,"author":{"gitId":"song0180"},"content":""},{"lineNumber":28,"author":{"gitId":"song0180"},"content":"    /**"},{"lineNumber":29,"author":{"gitId":"song0180"},"content":"     * Prints greetings when the program ends."},{"lineNumber":30,"author":{"gitId":"song0180"},"content":"     */"},{"lineNumber":31,"author":{"gitId":"song0180"},"content":"    public static void printExitGreetings() {"},{"lineNumber":32,"author":{"gitId":"song0180"},"content":"        System.out.println("},{"lineNumber":33,"author":{"gitId":"song0180"},"content":"                DIVIDER"},{"lineNumber":34,"author":{"gitId":"song0180"},"content":"                        + \" Thank you for getting in touch.\\n\""},{"lineNumber":35,"author":{"gitId":"song0180"},"content":"                        + \" See you next time. \\n\""},{"lineNumber":36,"author":{"gitId":"song0180"},"content":"                        + \"✧( ु•⌄• )◞ᴴᴬᵛᴱ ᴬ ᴳᴼᴼᴰ ᵀᴵᴹᴱ\\n\""},{"lineNumber":37,"author":{"gitId":"song0180"},"content":"                        + DIVIDER_LINE_ONLY"},{"lineNumber":38,"author":{"gitId":"song0180"},"content":"        );"},{"lineNumber":39,"author":{"gitId":"song0180"},"content":"    }"},{"lineNumber":40,"author":{"gitId":"song0180"},"content":""},{"lineNumber":41,"author":{"gitId":"song0180"},"content":"    /**"},{"lineNumber":42,"author":{"gitId":"song0180"},"content":"     * Echos user\u0027s input string."},{"lineNumber":43,"author":{"gitId":"song0180"},"content":"     *"},{"lineNumber":44,"author":{"gitId":"song0180"},"content":"     * @param userInput A string input by the user."},{"lineNumber":45,"author":{"gitId":"song0180"},"content":"     */"},{"lineNumber":46,"author":{"gitId":"song0180"},"content":"    public static void echoInput(String userInput) {"},{"lineNumber":47,"author":{"gitId":"song0180"},"content":"        System.out.println("},{"lineNumber":48,"author":{"gitId":"song0180"},"content":"                DIVIDER"},{"lineNumber":49,"author":{"gitId":"song0180"},"content":"                        + userInput + \"\\n\""},{"lineNumber":50,"author":{"gitId":"song0180"},"content":"                        + DIVIDER_LINE_ONLY"},{"lineNumber":51,"author":{"gitId":"song0180"},"content":"        );"},{"lineNumber":52,"author":{"gitId":"song0180"},"content":"    }"},{"lineNumber":53,"author":{"gitId":"song0180"},"content":""},{"lineNumber":54,"author":{"gitId":"-"},"content":"    public static void main(String[] args) {"},{"lineNumber":55,"author":{"gitId":"song0180"},"content":"        printGreetings();"},{"lineNumber":56,"author":{"gitId":"song0180"},"content":""},{"lineNumber":57,"author":{"gitId":"song0180"},"content":"        Scanner sc \u003d new Scanner(System.in);"},{"lineNumber":58,"author":{"gitId":"song0180"},"content":"        ToDoList toDoList \u003d new ToDoList();"},{"lineNumber":59,"author":{"gitId":"song0180"},"content":"        String userInput;"},{"lineNumber":60,"author":{"gitId":"song0180"},"content":""},{"lineNumber":61,"author":{"gitId":"song0180"},"content":"        boolean isRunning \u003d true;"},{"lineNumber":62,"author":{"gitId":"song0180"},"content":"        while (isRunning) {"},{"lineNumber":63,"author":{"gitId":"song0180"},"content":"            userInput \u003d sc.nextLine();"},{"lineNumber":64,"author":{"gitId":"song0180"},"content":"            String[] inputWords \u003d userInput.split(\" \");"},{"lineNumber":65,"author":{"gitId":"song0180"},"content":"            String userCommand \u003d inputWords[0];"},{"lineNumber":66,"author":{"gitId":"song0180"},"content":"            switch (userCommand) {"},{"lineNumber":67,"author":{"gitId":"song0180"},"content":"            case \"bye\":"},{"lineNumber":68,"author":{"gitId":"song0180"},"content":"                printExitGreetings();"},{"lineNumber":69,"author":{"gitId":"song0180"},"content":"                return;"},{"lineNumber":70,"author":{"gitId":"song0180"},"content":"            case \"list\":"},{"lineNumber":71,"author":{"gitId":"song0180"},"content":"                toDoList.printCurrentList();"},{"lineNumber":72,"author":{"gitId":"song0180"},"content":"                break;"},{"lineNumber":73,"author":{"gitId":"song0180"},"content":"            case \"done\":"},{"lineNumber":74,"author":{"gitId":"song0180"},"content":"                try {"},{"lineNumber":75,"author":{"gitId":"song0180"},"content":"                    int itemIndex \u003d Integer.parseInt(inputWords[1]);"},{"lineNumber":76,"author":{"gitId":"song0180"},"content":"                    toDoList.updateItemStatus(itemIndex - 1, true);"},{"lineNumber":77,"author":{"gitId":"song0180"},"content":"                } catch (Exception e) {"},{"lineNumber":78,"author":{"gitId":"song0180"},"content":"                    System.out.println(DIVIDER"},{"lineNumber":79,"author":{"gitId":"song0180"},"content":"                            + \"Invalid input!\\n\""},{"lineNumber":80,"author":{"gitId":"song0180"},"content":"                            + \"The item number should be a valid integer!\\n\""},{"lineNumber":81,"author":{"gitId":"song0180"},"content":"                            + DIVIDER"},{"lineNumber":82,"author":{"gitId":"song0180"},"content":"                            + \"Try again:\""},{"lineNumber":83,"author":{"gitId":"song0180"},"content":"                    );"},{"lineNumber":84,"author":{"gitId":"song0180"},"content":"                    continue;"},{"lineNumber":85,"author":{"gitId":"song0180"},"content":"                }"},{"lineNumber":86,"author":{"gitId":"song0180"},"content":"                break;"},{"lineNumber":87,"author":{"gitId":"song0180"},"content":"            default:"},{"lineNumber":88,"author":{"gitId":"song0180"},"content":"                toDoList.addListItem(userInput);"},{"lineNumber":89,"author":{"gitId":"song0180"},"content":"                break;"},{"lineNumber":90,"author":{"gitId":"song0180"},"content":"            }"},{"lineNumber":91,"author":{"gitId":"song0180"},"content":"        }"},{"lineNumber":92,"author":{"gitId":"-"},"content":"    }"},{"lineNumber":93,"author":{"gitId":"-"},"content":"}"}],"authorContributionMap":{"-":4,"song0180":89}},{"path":"src/main/java/ListItem.java","fileType":"java","lines":[{"lineNumber":1,"author":{"gitId":"song0180"},"content":"public class ListItem {"},{"lineNumber":2,"author":{"gitId":"song0180"},"content":"    /**"},{"lineNumber":3,"author":{"gitId":"song0180"},"content":"     * The status of the list item."},{"lineNumber":4,"author":{"gitId":"song0180"},"content":"     */"},{"lineNumber":5,"author":{"gitId":"song0180"},"content":"    private boolean isDone;"},{"lineNumber":6,"author":{"gitId":"song0180"},"content":"    /**"},{"lineNumber":7,"author":{"gitId":"song0180"},"content":"     * The content of the list item."},{"lineNumber":8,"author":{"gitId":"song0180"},"content":"     */"},{"lineNumber":9,"author":{"gitId":"song0180"},"content":"    private String itemContent;"},{"lineNumber":10,"author":{"gitId":"song0180"},"content":""},{"lineNumber":11,"author":{"gitId":"song0180"},"content":"    /**"},{"lineNumber":12,"author":{"gitId":"song0180"},"content":"     * Initializes the list item object with given parameter as content."},{"lineNumber":13,"author":{"gitId":"song0180"},"content":"     *"},{"lineNumber":14,"author":{"gitId":"song0180"},"content":"     * @param listContent The content of the list item."},{"lineNumber":15,"author":{"gitId":"song0180"},"content":"     */"},{"lineNumber":16,"author":{"gitId":"song0180"},"content":"    public ListItem(String listContent) {"},{"lineNumber":17,"author":{"gitId":"song0180"},"content":"        this.isDone \u003d false;"},{"lineNumber":18,"author":{"gitId":"song0180"},"content":"        this.itemContent \u003d listContent;"},{"lineNumber":19,"author":{"gitId":"song0180"},"content":"    }"},{"lineNumber":20,"author":{"gitId":"song0180"},"content":""},{"lineNumber":21,"author":{"gitId":"song0180"},"content":"    /**"},{"lineNumber":22,"author":{"gitId":"song0180"},"content":"     * Initializes the list item object with content of an empty string."},{"lineNumber":23,"author":{"gitId":"song0180"},"content":"     */"},{"lineNumber":24,"author":{"gitId":"song0180"},"content":"    public ListItem() {"},{"lineNumber":25,"author":{"gitId":"song0180"},"content":"        this.isDone \u003d false;"},{"lineNumber":26,"author":{"gitId":"song0180"},"content":"        this.itemContent \u003d \"\";"},{"lineNumber":27,"author":{"gitId":"song0180"},"content":"    }"},{"lineNumber":28,"author":{"gitId":"song0180"},"content":""},{"lineNumber":29,"author":{"gitId":"song0180"},"content":"    /**"},{"lineNumber":30,"author":{"gitId":"song0180"},"content":"     * Returns the status of the list item."},{"lineNumber":31,"author":{"gitId":"song0180"},"content":"     *"},{"lineNumber":32,"author":{"gitId":"song0180"},"content":"     * @return the status of the list item."},{"lineNumber":33,"author":{"gitId":"song0180"},"content":"     */"},{"lineNumber":34,"author":{"gitId":"song0180"},"content":"    public boolean isDone() {"},{"lineNumber":35,"author":{"gitId":"song0180"},"content":"        return isDone;"},{"lineNumber":36,"author":{"gitId":"song0180"},"content":"    }"},{"lineNumber":37,"author":{"gitId":"song0180"},"content":""},{"lineNumber":38,"author":{"gitId":"song0180"},"content":"    /**"},{"lineNumber":39,"author":{"gitId":"song0180"},"content":"     * Sets a new status of the list item."},{"lineNumber":40,"author":{"gitId":"song0180"},"content":"     *"},{"lineNumber":41,"author":{"gitId":"song0180"},"content":"     * @param done the new status of the list item."},{"lineNumber":42,"author":{"gitId":"song0180"},"content":"     */"},{"lineNumber":43,"author":{"gitId":"song0180"},"content":"    public void setDone(boolean done) {"},{"lineNumber":44,"author":{"gitId":"song0180"},"content":"        isDone \u003d done;"},{"lineNumber":45,"author":{"gitId":"song0180"},"content":"    }"},{"lineNumber":46,"author":{"gitId":"song0180"},"content":""},{"lineNumber":47,"author":{"gitId":"song0180"},"content":"    /**"},{"lineNumber":48,"author":{"gitId":"song0180"},"content":"     * Returns the content of the list item."},{"lineNumber":49,"author":{"gitId":"song0180"},"content":"     *"},{"lineNumber":50,"author":{"gitId":"song0180"},"content":"     * @return the content of the list item."},{"lineNumber":51,"author":{"gitId":"song0180"},"content":"     */"},{"lineNumber":52,"author":{"gitId":"song0180"},"content":"    public String getItemContent() {"},{"lineNumber":53,"author":{"gitId":"song0180"},"content":"        return itemContent;"},{"lineNumber":54,"author":{"gitId":"song0180"},"content":"    }"},{"lineNumber":55,"author":{"gitId":"song0180"},"content":""},{"lineNumber":56,"author":{"gitId":"song0180"},"content":"    /**"},{"lineNumber":57,"author":{"gitId":"song0180"},"content":"     * Sets a new content of the list item."},{"lineNumber":58,"author":{"gitId":"song0180"},"content":"     *"},{"lineNumber":59,"author":{"gitId":"song0180"},"content":"     * @param itemContent the new content of the list item."},{"lineNumber":60,"author":{"gitId":"song0180"},"content":"     */"},{"lineNumber":61,"author":{"gitId":"song0180"},"content":"    public void setItemContent(String itemContent) {"},{"lineNumber":62,"author":{"gitId":"song0180"},"content":"        this.itemContent \u003d itemContent;"},{"lineNumber":63,"author":{"gitId":"song0180"},"content":"    }"},{"lineNumber":64,"author":{"gitId":"song0180"},"content":"}"}],"authorContributionMap":{"song0180":64}},{"path":"src/main/java/ToDoList.java","fileType":"java","lines":[{"lineNumber":1,"author":{"gitId":"song0180"},"content":"import java.util.ArrayList;"},{"lineNumber":2,"author":{"gitId":"song0180"},"content":""},{"lineNumber":3,"author":{"gitId":"song0180"},"content":"public class ToDoList {"},{"lineNumber":4,"author":{"gitId":"song0180"},"content":"    /**"},{"lineNumber":5,"author":{"gitId":"song0180"},"content":"     * Total number of list items in current list."},{"lineNumber":6,"author":{"gitId":"song0180"},"content":"     */"},{"lineNumber":7,"author":{"gitId":"song0180"},"content":"    private static int numOfListItem \u003d 0;"},{"lineNumber":8,"author":{"gitId":"song0180"},"content":"    /**"},{"lineNumber":9,"author":{"gitId":"song0180"},"content":"     * The collection of list items in current list."},{"lineNumber":10,"author":{"gitId":"song0180"},"content":"     */"},{"lineNumber":11,"author":{"gitId":"song0180"},"content":"    private ArrayList\u003cListItem\u003e listItems;"},{"lineNumber":12,"author":{"gitId":"song0180"},"content":""},{"lineNumber":13,"author":{"gitId":"song0180"},"content":"    /**"},{"lineNumber":14,"author":{"gitId":"song0180"},"content":"     * Initializes a to-do-list object with an empty array list that stores list items."},{"lineNumber":15,"author":{"gitId":"song0180"},"content":"     */"},{"lineNumber":16,"author":{"gitId":"song0180"},"content":"    public ToDoList() {"},{"lineNumber":17,"author":{"gitId":"song0180"},"content":"        this.listItems \u003d new ArrayList\u003c\u003e();"},{"lineNumber":18,"author":{"gitId":"song0180"},"content":"    }"},{"lineNumber":19,"author":{"gitId":"song0180"},"content":""},{"lineNumber":20,"author":{"gitId":"song0180"},"content":"    /**"},{"lineNumber":21,"author":{"gitId":"song0180"},"content":"     * Returns the total number of list items."},{"lineNumber":22,"author":{"gitId":"song0180"},"content":"     *"},{"lineNumber":23,"author":{"gitId":"song0180"},"content":"     * @return the total number of list items."},{"lineNumber":24,"author":{"gitId":"song0180"},"content":"     */"},{"lineNumber":25,"author":{"gitId":"song0180"},"content":"    public static int getNumOfListItem() {"},{"lineNumber":26,"author":{"gitId":"song0180"},"content":"        return numOfListItem;"},{"lineNumber":27,"author":{"gitId":"song0180"},"content":"    }"},{"lineNumber":28,"author":{"gitId":"song0180"},"content":""},{"lineNumber":29,"author":{"gitId":"song0180"},"content":"    /**"},{"lineNumber":30,"author":{"gitId":"song0180"},"content":"     * Prints the current list with dividers."},{"lineNumber":31,"author":{"gitId":"song0180"},"content":"     */"},{"lineNumber":32,"author":{"gitId":"song0180"},"content":"    public void printCurrentList() {"},{"lineNumber":33,"author":{"gitId":"song0180"},"content":"        System.out.println(Duke.DIVIDER);"},{"lineNumber":34,"author":{"gitId":"song0180"},"content":"        printList();"},{"lineNumber":35,"author":{"gitId":"song0180"},"content":"        System.out.println(Duke.DIVIDER_LINE_ONLY);"},{"lineNumber":36,"author":{"gitId":"song0180"},"content":"    }"},{"lineNumber":37,"author":{"gitId":"song0180"},"content":""},{"lineNumber":38,"author":{"gitId":"song0180"},"content":"    /**"},{"lineNumber":39,"author":{"gitId":"song0180"},"content":"     * Prints the current list (without dividers)."},{"lineNumber":40,"author":{"gitId":"song0180"},"content":"     */"},{"lineNumber":41,"author":{"gitId":"song0180"},"content":"    private void printList() {"},{"lineNumber":42,"author":{"gitId":"song0180"},"content":"        int listSize \u003d listItems.size();"},{"lineNumber":43,"author":{"gitId":"song0180"},"content":"        System.out.println(\"This is your current to-do list:\");"},{"lineNumber":44,"author":{"gitId":"song0180"},"content":"        if (listSize \u003d\u003d 0) {"},{"lineNumber":45,"author":{"gitId":"song0180"},"content":"            System.out.println(\" - The list is empty!\");"},{"lineNumber":46,"author":{"gitId":"song0180"},"content":"            System.out.println(\" - You can try add list item by input what\\n\""},{"lineNumber":47,"author":{"gitId":"song0180"},"content":"                    + \"   you want to do.\\n\""},{"lineNumber":48,"author":{"gitId":"song0180"},"content":"                    + \" - e.g. read book\""},{"lineNumber":49,"author":{"gitId":"song0180"},"content":"            );"},{"lineNumber":50,"author":{"gitId":"song0180"},"content":"        } else {"},{"lineNumber":51,"author":{"gitId":"song0180"},"content":"            for (int i \u003d 0; i \u003c listSize; i++) {"},{"lineNumber":52,"author":{"gitId":"song0180"},"content":"                ListItem currentItem \u003d listItems.get(i);"},{"lineNumber":53,"author":{"gitId":"song0180"},"content":"                System.out.println((i + 1) + \". \""},{"lineNumber":54,"author":{"gitId":"song0180"},"content":"                        + \"[\" + (currentItem.isDone() ? \"☑️\" : \"✖️\") + \"] \""},{"lineNumber":55,"author":{"gitId":"song0180"},"content":"                        + currentItem.getItemContent()"},{"lineNumber":56,"author":{"gitId":"song0180"},"content":"                );"},{"lineNumber":57,"author":{"gitId":"song0180"},"content":"            }"},{"lineNumber":58,"author":{"gitId":"song0180"},"content":"        }"},{"lineNumber":59,"author":{"gitId":"song0180"},"content":"    }"},{"lineNumber":60,"author":{"gitId":"song0180"},"content":""},{"lineNumber":61,"author":{"gitId":"song0180"},"content":"    /**"},{"lineNumber":62,"author":{"gitId":"song0180"},"content":"     * Adds a new list item to the current to-do list."},{"lineNumber":63,"author":{"gitId":"song0180"},"content":"     * The content of the new list will be printed."},{"lineNumber":64,"author":{"gitId":"song0180"},"content":"     *"},{"lineNumber":65,"author":{"gitId":"song0180"},"content":"     * @param content the content of the new list item."},{"lineNumber":66,"author":{"gitId":"song0180"},"content":"     */"},{"lineNumber":67,"author":{"gitId":"song0180"},"content":"    public void addListItem(String content) {"},{"lineNumber":68,"author":{"gitId":"song0180"},"content":"        ListItem newItem \u003d new ListItem(content);"},{"lineNumber":69,"author":{"gitId":"song0180"},"content":"        listItems.add(newItem);"},{"lineNumber":70,"author":{"gitId":"song0180"},"content":"        numOfListItem++;"},{"lineNumber":71,"author":{"gitId":"song0180"},"content":"        System.out.println(Duke.DIVIDER"},{"lineNumber":72,"author":{"gitId":"song0180"},"content":"                + \"A new list item is added: \""},{"lineNumber":73,"author":{"gitId":"song0180"},"content":"                + newItem.getItemContent() + \"\\n\""},{"lineNumber":74,"author":{"gitId":"song0180"},"content":"                + Duke.DIVIDER_LINE_ONLY"},{"lineNumber":75,"author":{"gitId":"song0180"},"content":"        );"},{"lineNumber":76,"author":{"gitId":"song0180"},"content":"    }"},{"lineNumber":77,"author":{"gitId":"song0180"},"content":""},{"lineNumber":78,"author":{"gitId":"song0180"},"content":"    /**"},{"lineNumber":79,"author":{"gitId":"song0180"},"content":"     * Updates the content of a given list item."},{"lineNumber":80,"author":{"gitId":"song0180"},"content":"     *"},{"lineNumber":81,"author":{"gitId":"song0180"},"content":"     * @param itemIndex  the index of the list item in the array list."},{"lineNumber":82,"author":{"gitId":"song0180"},"content":"     * @param newContent the new content to be updated."},{"lineNumber":83,"author":{"gitId":"song0180"},"content":"     */"},{"lineNumber":84,"author":{"gitId":"song0180"},"content":"    public void updateItemContent(int itemIndex, String newContent) {"},{"lineNumber":85,"author":{"gitId":"song0180"},"content":"        ListItem itemToUpdate \u003d listItems.get(itemIndex);"},{"lineNumber":86,"author":{"gitId":"song0180"},"content":"        itemToUpdate.setItemContent(newContent);"},{"lineNumber":87,"author":{"gitId":"song0180"},"content":"    }"},{"lineNumber":88,"author":{"gitId":"song0180"},"content":""},{"lineNumber":89,"author":{"gitId":"song0180"},"content":"    /**"},{"lineNumber":90,"author":{"gitId":"song0180"},"content":"     * Removes a given list item from the current to-do list."},{"lineNumber":91,"author":{"gitId":"song0180"},"content":"     *"},{"lineNumber":92,"author":{"gitId":"song0180"},"content":"     * @param itemIndex the index of the list item in the array list."},{"lineNumber":93,"author":{"gitId":"song0180"},"content":"     */"},{"lineNumber":94,"author":{"gitId":"song0180"},"content":"    public void removeListItem(int itemIndex) {"},{"lineNumber":95,"author":{"gitId":"song0180"},"content":"        String itemContent \u003d listItems.get(itemIndex).getItemContent();"},{"lineNumber":96,"author":{"gitId":"song0180"},"content":"        listItems.remove(itemIndex);"},{"lineNumber":97,"author":{"gitId":"song0180"},"content":"        numOfListItem--;"},{"lineNumber":98,"author":{"gitId":"song0180"},"content":"        System.out.println(Duke.DIVIDER"},{"lineNumber":99,"author":{"gitId":"song0180"},"content":"                + \"A list item is removed: \""},{"lineNumber":100,"author":{"gitId":"song0180"},"content":"                + itemContent + \"\\n\""},{"lineNumber":101,"author":{"gitId":"song0180"},"content":"                + Duke.DIVIDER_LINE_ONLY"},{"lineNumber":102,"author":{"gitId":"song0180"},"content":"        );"},{"lineNumber":103,"author":{"gitId":"song0180"},"content":"    }"},{"lineNumber":104,"author":{"gitId":"song0180"},"content":""},{"lineNumber":105,"author":{"gitId":"song0180"},"content":"    /**"},{"lineNumber":106,"author":{"gitId":"song0180"},"content":"     * Prints the list item with content and status."},{"lineNumber":107,"author":{"gitId":"song0180"},"content":"     *"},{"lineNumber":108,"author":{"gitId":"song0180"},"content":"     * @param itemIndex the index of the list item in the array list."},{"lineNumber":109,"author":{"gitId":"song0180"},"content":"     */"},{"lineNumber":110,"author":{"gitId":"song0180"},"content":"    public void printItem(int itemIndex) {"},{"lineNumber":111,"author":{"gitId":"song0180"},"content":"        ListItem currentItem \u003d listItems.get(itemIndex);"},{"lineNumber":112,"author":{"gitId":"song0180"},"content":"        boolean isItemDone \u003d currentItem.isDone();"},{"lineNumber":113,"author":{"gitId":"song0180"},"content":"        System.out.println(\"Item content: \" + currentItem.getItemContent());"},{"lineNumber":114,"author":{"gitId":"song0180"},"content":"        System.out.println(\"Item status: \" + (isItemDone ? \"Done\" : \"Undone\"));"},{"lineNumber":115,"author":{"gitId":"song0180"},"content":"    }"},{"lineNumber":116,"author":{"gitId":"song0180"},"content":""},{"lineNumber":117,"author":{"gitId":"song0180"},"content":"    /**"},{"lineNumber":118,"author":{"gitId":"song0180"},"content":"     * Updates the status of a given list item."},{"lineNumber":119,"author":{"gitId":"song0180"},"content":"     *"},{"lineNumber":120,"author":{"gitId":"song0180"},"content":"     * @param itemIndex the index of the list item in the array list."},{"lineNumber":121,"author":{"gitId":"song0180"},"content":"     * @param isDone the new status of the list item."},{"lineNumber":122,"author":{"gitId":"song0180"},"content":"     */"},{"lineNumber":123,"author":{"gitId":"song0180"},"content":"    public void updateItemStatus(int itemIndex, boolean isDone) {"},{"lineNumber":124,"author":{"gitId":"song0180"},"content":"        ListItem currentItem \u003d listItems.get(itemIndex);"},{"lineNumber":125,"author":{"gitId":"song0180"},"content":"        currentItem.setDone(isDone);"},{"lineNumber":126,"author":{"gitId":"song0180"},"content":"        System.out.println(Duke.DIVIDER"},{"lineNumber":127,"author":{"gitId":"song0180"},"content":"                + \"The list item: \\n\""},{"lineNumber":128,"author":{"gitId":"song0180"},"content":"                + \" | \" + currentItem.getItemContent() + \" |\\n\""},{"lineNumber":129,"author":{"gitId":"song0180"},"content":"                + \"is marked as \""},{"lineNumber":130,"author":{"gitId":"song0180"},"content":"                + (isDone ? \"done\" : \"undone\") + \".\\n\""},{"lineNumber":131,"author":{"gitId":"song0180"},"content":"        );"},{"lineNumber":132,"author":{"gitId":"song0180"},"content":"        printList();"},{"lineNumber":133,"author":{"gitId":"song0180"},"content":"        System.out.println(Duke.DIVIDER_LINE_ONLY);"},{"lineNumber":134,"author":{"gitId":"song0180"},"content":"    }"},{"lineNumber":135,"author":{"gitId":"song0180"},"content":"}"}],"authorContributionMap":{"song0180":135}}]
