{"authorDailyContributionsMap":{"huachen24":[{"date":"2021-01-22","commitResults":[{"hash":"6e4ffcaf5c752c0177627f837e5664c371107efa","messageTitle":"add greet","messageBody":"","tags":["Level-0"],"fileTypesAndContributionMap":{"java":{"insertions":7,"deletions":6}}}]},{"date":"2021-01-26","commitResults":[{"hash":"31c2e82e103b1e4433c4efb9f011115a7156da12","messageTitle":"add echo and bye","messageBody":"","tags":["Level-1"],"fileTypesAndContributionMap":{"java":{"insertions":24,"deletions":5}}},{"hash":"de44a2a792412edae964efc1be932367fddfd4dd","messageTitle":"add add and list functions","messageBody":"","tags":["Level-2"],"fileTypesAndContributionMap":{"java":{"insertions":35,"deletions":9}}},{"hash":"cc52a3fda8f8a3d2f0ae9713c75df860c3cce9a0","messageTitle":"add mark as done function","messageBody":"","tags":["Level-3","A-CodingStandard"],"fileTypesAndContributionMap":{"java":{"insertions":48,"deletions":11}}}]},{"date":"2021-01-27","commitResults":[{"hash":"8e5d20bb69de37b5834e18572f6a8236cbec8505","messageTitle":"add subclasses for task","messageBody":"","fileTypesAndContributionMap":{"java":{"insertions":74,"deletions":9}}},{"hash":"88dba044c318676e4f9e457adbc03000940f4703","messageTitle":"add date handling and exceptions","messageBody":"","tags":["Level-4"],"fileTypesAndContributionMap":{"java":{"insertions":53,"deletions":19}}}]},{"date":"2021-02-04","commitResults":[{"hash":"ad2b53d07d4d0c9f53bbc4adf2e35db06079fd6c","messageTitle":"add textuitesting","messageBody":"","tags":["A-TextUiTesting"],"fileTypesAndContributionMap":{"txt":{"insertions":8,"deletions":0},"java":{"insertions":2,"deletions":2},"sh":{"insertions":0,"deletions":0}}},{"hash":"f9fbf41d6c656e11f3acbb0eaae0813442a25a1c","messageTitle":"standardize indents, break long lines","messageBody":"","tags":["A-CodeQuality"],"fileTypesAndContributionMap":{"java":{"insertions":85,"deletions":78}}}]},{"date":"2021-02-09","commitResults":[{"hash":"0418501f9e4bcac5739b42c91530c4f369cce43d","messageTitle":"handle empty description and unrecognized commands","messageBody":"","fileTypesAndContributionMap":{"java":{"insertions":32,"deletions":4}}}]},{"date":"2021-02-11","commitResults":[{"hash":"b13e7bd14b39f7795698f07fcc207c7802bef950","messageTitle":"add usage prompts","messageBody":"","fileTypesAndContributionMap":{"java":{"insertions":23,"deletions":5}}},{"hash":"5ffd1b216aada6c14e0d35b893320192022b5aa4","messageTitle":"close scanner object","messageBody":"","fileTypesAndContributionMap":{"java":{"insertions":1,"deletions":0}}},{"hash":"e806c3552d98e894f3a4f3183d7064db412f8763","messageTitle":"change some exceptions to if-else statements, reorganize code","messageBody":"","fileTypesAndContributionMap":{"java":{"insertions":139,"deletions":118}}},{"hash":"865231ec91b54e63b9b8afb552c4065f82a55c55","messageTitle":"remove unused import statements","messageBody":"","fileTypesAndContributionMap":{"java":{"insertions":0,"deletions":3}}},{"hash":"e7201a6fdd813afe64133586ffc8065c3b5d5082","messageTitle":"add packages","messageBody":"","tags":["A-Packages"],"fileTypesAndContributionMap":{"java":{"insertions":11,"deletions":0}}},{"hash":"1851fbc0bc64022a2d3aba5817ba010d635204e0","messageTitle":"edit text ui test files","messageBody":"","fileTypesAndContributionMap":{"txt":{"insertions":7,"deletions":0},"sh":{"insertions":3,"deletions":3}}}]},{"date":"2021-02-16","commitResults":[{"hash":"344558ddf4327f9bb8c8ff9bffdf4c78e770c389","messageTitle":"add delete function and change array to arraylist","messageBody":"","fileTypesAndContributionMap":{"java":{"insertions":56,"deletions":24}}}]},{"date":"2021-02-17","commitResults":[{"hash":"7a7942d1ccb1ab0e129a15d45140f8cef9b9ff85","messageTitle":"storing data wip\u0027","messageBody":"","fileTypesAndContributionMap":{"txt":{"insertions":4,"deletions":0},"java":{"insertions":64,"deletions":4}}}]},{"date":"2021-02-18","commitResults":[{"hash":"14ef09d823c2dc5e0d8095b2e0e5e393547e33c7","messageTitle":"add save function","messageBody":"","fileTypesAndContributionMap":{"java":{"insertions":51,"deletions":16}}},{"hash":"cdfb1d89cdca7872fcdd226c325f38d26862208b","messageTitle":"add file/directory not found handling","messageBody":"","fileTypesAndContributionMap":{"java":{"insertions":55,"deletions":41}}},{"hash":"87c970101301254b537e0cf58b0a222a62741565","messageTitle":"delete data file","messageBody":"","tags":["Level-7"],"fileTypesAndContributionMap":{"txt":{"insertions":0,"deletions":1}}}]},{"date":"2021-02-19","commitResults":[{"hash":"cee5ba331f1ec6f5eaeff0eb39038edb4d5993b4","messageTitle":"fix printing of dates","messageBody":"","fileTypesAndContributionMap":{"java":{"insertions":3,"deletions":3}}}]},{"date":"2021-02-27","commitResults":[{"hash":"55ce8f42c41bd170b62d83f667a517ead3bf13f9","messageTitle":"refactor oop","messageBody":"","fileTypesAndContributionMap":{"java":{"insertions":663,"deletions":289}}},{"hash":"1ff42fa73ad87e79344930bdd5fcbede9436c376","messageTitle":"update testing files","messageBody":"","fileTypesAndContributionMap":{"txt":{"insertions":2,"deletions":1},"sh":{"insertions":7,"deletions":1}}},{"hash":"cccb0f66da80c4986019fd278f66b91fdac5a6ed","messageTitle":"add update expected ouput script","messageBody":"","tags":["A-MoreOOP"],"fileTypesAndContributionMap":{"sh":{"insertions":29,"deletions":0}}}]},{"date":"2021-03-01","commitResults":[{"hash":"ad0a5747a2ffed051c113b3e692900408c24dfd2","messageTitle":"add date parsing","messageBody":"","fileTypesAndContributionMap":{"java":{"insertions":74,"deletions":39}}},{"hash":"9cbd987bf7328a9e168f7b20153f8bc780d7fba7","messageTitle":"add find function","messageBody":"","fileTypesAndContributionMap":{"java":{"insertions":52,"deletions":1}}}]},{"date":"2021-03-03","commitResults":[{"hash":"8e28b3f4c44baf0a8677aaacd66d9905cb41fd89","messageTitle":"add javadocs","messageBody":"","fileTypesAndContributionMap":{"java":{"insertions":371,"deletions":6}}}]},{"date":"2021-03-04","commitResults":[{"hash":"4fc1ed405810110eb7faa849ad219fc0ec126cfa","messageTitle":"update user guide","messageBody":"","tags":["v0.2"],"fileTypesAndContributionMap":{"md":{"insertions":184,"deletions":10}}},{"hash":"b6cb7978c4bd36b3e5c97063a1733dd45585caaa","messageTitle":"add download link","messageBody":"","tags":["A-UserGuide","A-Release"],"fileTypesAndContributionMap":{"md":{"insertions":1,"deletions":1}}},{"hash":"b1b6d24ad979dd01b07e6f8dd1c336be183c34ab","messageTitle":"testing links","messageBody":"","fileTypesAndContributionMap":{"md":{"insertions":13,"deletions":13}}},{"hash":"b6daf6a6391626bc36443bdddcd6ca6db56c2afe","messageTitle":"edit format of UG","messageBody":"","fileTypesAndContributionMap":{"md":{"insertions":16,"deletions":58}}},{"hash":"1ac1fb4dd002a78f17cbf52c3c3b6f808f359b02","messageTitle":"add blankline before html","messageBody":"","fileTypesAndContributionMap":{"md":{"insertions":2,"deletions":1}}},{"hash":"c108da888979b3e1c984ae64a7d24e2008c2e54c","messageTitle":"fix faulty link","messageBody":"","fileTypesAndContributionMap":{"md":{"insertions":1,"deletions":1}}}]}]},"authorFileTypeContributionMap":{"huachen24":{"java":1236,"md":143,"fxml":0,"sh":37,"bat":0,"gradle":0,"txt":16}},"authorContributionVariance":{"huachen24":24275.363},"authorDisplayNameMap":{"huachen24":"CS2113T-F08-3 WANG..CHEN"}}
