[{"path":"docs/README.md","fileType":"md","lines":[{"lineNumber":1,"author":{"gitId":"-"},"content":"# User Guide"},{"lineNumber":2,"author":{"gitId":"e0699194"},"content":"---"},{"lineNumber":3,"author":{"gitId":"-"},"content":""},{"lineNumber":4,"author":{"gitId":"-"},"content":"## Features"},{"lineNumber":5,"author":{"gitId":"-"},"content":""},{"lineNumber":6,"author":{"gitId":"e0699194"},"content":"### Create a list of tasks to complete."},{"lineNumber":7,"author":{"gitId":"e0699194"},"content":"The user is able to create up to 100 tasks of different types (i.e todo, deadline)."},{"lineNumber":8,"author":{"gitId":"-"},"content":""},{"lineNumber":9,"author":{"gitId":"e0699194"},"content":"### Easily find tasks with a keyword."},{"lineNumber":10,"author":{"gitId":"e0699194"},"content":"The user is able to locate tasks easily by entering a keyword."},{"lineNumber":11,"author":{"gitId":"e0699194"},"content":""},{"lineNumber":12,"author":{"gitId":"e0699194"},"content":"### View all tasks"},{"lineNumber":13,"author":{"gitId":"e0699194"},"content":"The user can easily look at all the created task."},{"lineNumber":14,"author":{"gitId":"e0699194"},"content":""},{"lineNumber":15,"author":{"gitId":"e0699194"},"content":"### Marking a task"},{"lineNumber":16,"author":{"gitId":"e0699194"},"content":"The user can mark a task as done."},{"lineNumber":17,"author":{"gitId":"e0699194"},"content":""},{"lineNumber":18,"author":{"gitId":"e0699194"},"content":"### Delete a task"},{"lineNumber":19,"author":{"gitId":"e0699194"},"content":"The user can delete a task from the list."},{"lineNumber":20,"author":{"gitId":"e0699194"},"content":""},{"lineNumber":21,"author":{"gitId":"e0699194"},"content":"---"},{"lineNumber":22,"author":{"gitId":"-"},"content":"## Usage"},{"lineNumber":23,"author":{"gitId":"-"},"content":""},{"lineNumber":24,"author":{"gitId":"e0699194"},"content":"### `todo` - Creates a todo for the user."},{"lineNumber":25,"author":{"gitId":"e0699194"},"content":""},{"lineNumber":26,"author":{"gitId":"e0699194"},"content":"Creates a todo-type task and adds it to the list of tasks that he user has. A todo requires a descirption of the task. A confirmation message will pop up and the number of tasks in the list will be displayed."},{"lineNumber":27,"author":{"gitId":"e0699194"},"content":""},{"lineNumber":28,"author":{"gitId":"e0699194"},"content":"Example of usage: "},{"lineNumber":29,"author":{"gitId":"e0699194"},"content":""},{"lineNumber":30,"author":{"gitId":"e0699194"},"content":"```"},{"lineNumber":31,"author":{"gitId":"e0699194"},"content":"todo read book"},{"lineNumber":32,"author":{"gitId":"e0699194"},"content":"```"},{"lineNumber":33,"author":{"gitId":"e0699194"},"content":""},{"lineNumber":34,"author":{"gitId":"e0699194"},"content":"Expected outcome:"},{"lineNumber":35,"author":{"gitId":"e0699194"},"content":""},{"lineNumber":36,"author":{"gitId":"e0699194"},"content":"```"},{"lineNumber":37,"author":{"gitId":"e0699194"},"content":"____________________________________________________________"},{"lineNumber":38,"author":{"gitId":"e0699194"},"content":"Noted. I\u0027ve removed this task."},{"lineNumber":39,"author":{"gitId":"e0699194"},"content":"[T][ ] read book"},{"lineNumber":40,"author":{"gitId":"e0699194"},"content":"Now you have 1 tasks in the list."},{"lineNumber":41,"author":{"gitId":"e0699194"},"content":"____________________________________________________________"},{"lineNumber":42,"author":{"gitId":"e0699194"},"content":"```"},{"lineNumber":43,"author":{"gitId":"e0699194"},"content":"### `deadline` - Creates a deadline for the user."},{"lineNumber":44,"author":{"gitId":"e0699194"},"content":""},{"lineNumber":45,"author":{"gitId":"e0699194"},"content":"Creates a deadline-type task and adds it to the list of tasks that he user has. A deadline requires a description of the task and the date and/or time that it is due.  A confirmation message will pop up and the number of tasks in the list will be displayed."},{"lineNumber":46,"author":{"gitId":"e0699194"},"content":""},{"lineNumber":47,"author":{"gitId":"e0699194"},"content":"Example of usage: "},{"lineNumber":48,"author":{"gitId":"e0699194"},"content":""},{"lineNumber":49,"author":{"gitId":"e0699194"},"content":"```"},{"lineNumber":50,"author":{"gitId":"e0699194"},"content":"deadline return book /by 2nd March"},{"lineNumber":51,"author":{"gitId":"e0699194"},"content":"```"},{"lineNumber":52,"author":{"gitId":"e0699194"},"content":""},{"lineNumber":53,"author":{"gitId":"e0699194"},"content":"Expected outcome:"},{"lineNumber":54,"author":{"gitId":"e0699194"},"content":""},{"lineNumber":55,"author":{"gitId":"e0699194"},"content":"```"},{"lineNumber":56,"author":{"gitId":"e0699194"},"content":"____________________________________________________________"},{"lineNumber":57,"author":{"gitId":"e0699194"},"content":"Got it! I\u0027ve added this task:"},{"lineNumber":58,"author":{"gitId":"e0699194"},"content":"[D][ ] return book (by: 2nd March)"},{"lineNumber":59,"author":{"gitId":"e0699194"},"content":"Now you have 2 tasks in the list."},{"lineNumber":60,"author":{"gitId":"e0699194"},"content":"____________________________________________________________"},{"lineNumber":61,"author":{"gitId":"e0699194"},"content":"```"},{"lineNumber":62,"author":{"gitId":"e0699194"},"content":"### `event` - Creates an event for the user."},{"lineNumber":63,"author":{"gitId":"e0699194"},"content":""},{"lineNumber":64,"author":{"gitId":"e0699194"},"content":"Creates a event-type task and adds it to the list of tasks that he user has. An event requires a description of the task and, the date and timeslot of when it would take place. A confirmation message will pop up and the number of tasks in the list will be displayed."},{"lineNumber":65,"author":{"gitId":"e0699194"},"content":""},{"lineNumber":66,"author":{"gitId":"e0699194"},"content":"Example of usage: "},{"lineNumber":67,"author":{"gitId":"e0699194"},"content":""},{"lineNumber":68,"author":{"gitId":"e0699194"},"content":"```"},{"lineNumber":69,"author":{"gitId":"e0699194"},"content":"event project meeting /at 3rd March 3-5pm"},{"lineNumber":70,"author":{"gitId":"e0699194"},"content":"```"},{"lineNumber":71,"author":{"gitId":"e0699194"},"content":""},{"lineNumber":72,"author":{"gitId":"e0699194"},"content":"Expected outcome:"},{"lineNumber":73,"author":{"gitId":"e0699194"},"content":""},{"lineNumber":74,"author":{"gitId":"e0699194"},"content":"```"},{"lineNumber":75,"author":{"gitId":"e0699194"},"content":"____________________________________________________________"},{"lineNumber":76,"author":{"gitId":"e0699194"},"content":"Got it! I\u0027ve added this task:"},{"lineNumber":77,"author":{"gitId":"e0699194"},"content":"[E][ ] project meeting (at: 3rd March 3-5pm)"},{"lineNumber":78,"author":{"gitId":"e0699194"},"content":"Now you have 3 tasks in the list."},{"lineNumber":79,"author":{"gitId":"e0699194"},"content":"____________________________________________________________"},{"lineNumber":80,"author":{"gitId":"e0699194"},"content":"```"},{"lineNumber":81,"author":{"gitId":"e0699194"},"content":"### `list` - Displays all tasks that the user has created."},{"lineNumber":82,"author":{"gitId":"e0699194"},"content":""},{"lineNumber":83,"author":{"gitId":"e0699194"},"content":"Prints out a list of all tasks which the user has added based. Each task will be marked with its task-type and whether it has been completed."},{"lineNumber":84,"author":{"gitId":"e0699194"},"content":""},{"lineNumber":85,"author":{"gitId":"e0699194"},"content":"Example of usage: "},{"lineNumber":86,"author":{"gitId":"e0699194"},"content":""},{"lineNumber":87,"author":{"gitId":"e0699194"},"content":"```"},{"lineNumber":88,"author":{"gitId":"e0699194"},"content":"list"},{"lineNumber":89,"author":{"gitId":"e0699194"},"content":"```"},{"lineNumber":90,"author":{"gitId":"e0699194"},"content":""},{"lineNumber":91,"author":{"gitId":"e0699194"},"content":"Expected outcome:"},{"lineNumber":92,"author":{"gitId":"e0699194"},"content":""},{"lineNumber":93,"author":{"gitId":"e0699194"},"content":"```"},{"lineNumber":94,"author":{"gitId":"e0699194"},"content":"____________________________________________________________"},{"lineNumber":95,"author":{"gitId":"e0699194"},"content":"Here are the tasks in your list"},{"lineNumber":96,"author":{"gitId":"e0699194"},"content":"1. [T][ ] read book"},{"lineNumber":97,"author":{"gitId":"e0699194"},"content":"2. [D][ ] return book (by: 2nd March)"},{"lineNumber":98,"author":{"gitId":"e0699194"},"content":"3. [E][ ] project meeting (at: 3rd March 3-5pm)"},{"lineNumber":99,"author":{"gitId":"e0699194"},"content":"____________________________________________________________"},{"lineNumber":100,"author":{"gitId":"e0699194"},"content":"```"},{"lineNumber":101,"author":{"gitId":"e0699194"},"content":"### `done` - Marks a task as completed."},{"lineNumber":102,"author":{"gitId":"e0699194"},"content":""},{"lineNumber":103,"author":{"gitId":"e0699194"},"content":"Marks a specified task as completed and displays a confirmation message."},{"lineNumber":104,"author":{"gitId":"e0699194"},"content":""},{"lineNumber":105,"author":{"gitId":"e0699194"},"content":"Example of usage: "},{"lineNumber":106,"author":{"gitId":"e0699194"},"content":""},{"lineNumber":107,"author":{"gitId":"e0699194"},"content":"```"},{"lineNumber":108,"author":{"gitId":"e0699194"},"content":"done 1"},{"lineNumber":109,"author":{"gitId":"e0699194"},"content":"```"},{"lineNumber":110,"author":{"gitId":"e0699194"},"content":""},{"lineNumber":111,"author":{"gitId":"e0699194"},"content":"Expected outcome:"},{"lineNumber":112,"author":{"gitId":"e0699194"},"content":""},{"lineNumber":113,"author":{"gitId":"e0699194"},"content":"```"},{"lineNumber":114,"author":{"gitId":"e0699194"},"content":"____________________________________________________________"},{"lineNumber":115,"author":{"gitId":"e0699194"},"content":"Nice! I\u0027ve marked this task as done:"},{"lineNumber":116,"author":{"gitId":"e0699194"},"content":"[T][X] read book"},{"lineNumber":117,"author":{"gitId":"e0699194"},"content":"____________________________________________________________"},{"lineNumber":118,"author":{"gitId":"e0699194"},"content":"```"},{"lineNumber":119,"author":{"gitId":"e0699194"},"content":"### `delete` - Removes a task that the user has created."},{"lineNumber":120,"author":{"gitId":"e0699194"},"content":""},{"lineNumber":121,"author":{"gitId":"e0699194"},"content":"Removes a specified task and updates the user on the number of tasks that he/she has now."},{"lineNumber":122,"author":{"gitId":"e0699194"},"content":""},{"lineNumber":123,"author":{"gitId":"e0699194"},"content":"Example of usage: "},{"lineNumber":124,"author":{"gitId":"e0699194"},"content":""},{"lineNumber":125,"author":{"gitId":"e0699194"},"content":"```"},{"lineNumber":126,"author":{"gitId":"e0699194"},"content":"delete 3"},{"lineNumber":127,"author":{"gitId":"e0699194"},"content":"```"},{"lineNumber":128,"author":{"gitId":"e0699194"},"content":""},{"lineNumber":129,"author":{"gitId":"e0699194"},"content":"Expected outcome:"},{"lineNumber":130,"author":{"gitId":"e0699194"},"content":""},{"lineNumber":131,"author":{"gitId":"e0699194"},"content":"```"},{"lineNumber":132,"author":{"gitId":"e0699194"},"content":"____________________________________________________________"},{"lineNumber":133,"author":{"gitId":"e0699194"},"content":"Noted. I\u0027ve removed this task."},{"lineNumber":134,"author":{"gitId":"e0699194"},"content":"[E][ ] project meeting (at: 3rd March 3-5pm)"},{"lineNumber":135,"author":{"gitId":"e0699194"},"content":"Now you have 2 tasks in the list."},{"lineNumber":136,"author":{"gitId":"e0699194"},"content":"____________________________________________________________"},{"lineNumber":137,"author":{"gitId":"e0699194"},"content":"```"},{"lineNumber":138,"author":{"gitId":"e0699194"},"content":"### `find` - Displays tasks that contains a keyword specified by the user."},{"lineNumber":139,"author":{"gitId":"e0699194"},"content":""},{"lineNumber":140,"author":{"gitId":"e0699194"},"content":"Displays tasks that contains a keyword specified by the user. Only one key word allowed."},{"lineNumber":141,"author":{"gitId":"e0699194"},"content":""},{"lineNumber":142,"author":{"gitId":"e0699194"},"content":"Example of usage: "},{"lineNumber":143,"author":{"gitId":"e0699194"},"content":""},{"lineNumber":144,"author":{"gitId":"e0699194"},"content":"```"},{"lineNumber":145,"author":{"gitId":"e0699194"},"content":"find book"},{"lineNumber":146,"author":{"gitId":"e0699194"},"content":"```"},{"lineNumber":147,"author":{"gitId":"e0699194"},"content":""},{"lineNumber":148,"author":{"gitId":"e0699194"},"content":"Expected outcome:"},{"lineNumber":149,"author":{"gitId":"e0699194"},"content":""},{"lineNumber":150,"author":{"gitId":"e0699194"},"content":"```"},{"lineNumber":151,"author":{"gitId":"e0699194"},"content":"____________________________________________________________"},{"lineNumber":152,"author":{"gitId":"e0699194"},"content":"Here are the matching tasks in your list:"},{"lineNumber":153,"author":{"gitId":"e0699194"},"content":"1. [T][X] read book"},{"lineNumber":154,"author":{"gitId":"e0699194"},"content":"2. [D][ ] return book (by: 2nd March)"},{"lineNumber":155,"author":{"gitId":"e0699194"},"content":"____________________________________________________________"},{"lineNumber":156,"author":{"gitId":"e0699194"},"content":"```"},{"lineNumber":157,"author":{"gitId":"e0699194"},"content":"### `bye` - Ends user\u0027s current session."},{"lineNumber":158,"author":{"gitId":"-"},"content":""},{"lineNumber":159,"author":{"gitId":"e0699194"},"content":"Shutsdown app and saves user\u0027s current list of tasks."},{"lineNumber":160,"author":{"gitId":"-"},"content":""},{"lineNumber":161,"author":{"gitId":"-"},"content":"Example of usage: "},{"lineNumber":162,"author":{"gitId":"-"},"content":""},{"lineNumber":163,"author":{"gitId":"e0699194"},"content":"```"},{"lineNumber":164,"author":{"gitId":"e0699194"},"content":"bye"},{"lineNumber":165,"author":{"gitId":"e0699194"},"content":"```"},{"lineNumber":166,"author":{"gitId":"-"},"content":""},{"lineNumber":167,"author":{"gitId":"-"},"content":"Expected outcome:"},{"lineNumber":168,"author":{"gitId":"-"},"content":""},{"lineNumber":169,"author":{"gitId":"e0699194"},"content":"```"},{"lineNumber":170,"author":{"gitId":"e0699194"},"content":"____________________________________________________________"},{"lineNumber":171,"author":{"gitId":"e0699194"},"content":"Bye. Hope to see you again soon!"},{"lineNumber":172,"author":{"gitId":"e0699194"},"content":"____________________________________________________________"},{"lineNumber":173,"author":{"gitId":"e0699194"},"content":"```"}],"authorContributionMap":{"e0699194":159,"-":14}},{"path":"src/main/java/Deadline.java","fileType":"java","lines":[{"lineNumber":1,"author":{"gitId":"e0699194"},"content":"/**"},{"lineNumber":2,"author":{"gitId":"e0699194"},"content":" * Subclass of Task object, requires deadline date/time."},{"lineNumber":3,"author":{"gitId":"e0699194"},"content":" *"},{"lineNumber":4,"author":{"gitId":"e0699194"},"content":" * @author Calvin"},{"lineNumber":5,"author":{"gitId":"e0699194"},"content":" * @version 0.2"},{"lineNumber":6,"author":{"gitId":"e0699194"},"content":" * @since 2021-02-28"},{"lineNumber":7,"author":{"gitId":"e0699194"},"content":" */"},{"lineNumber":8,"author":{"gitId":"e0699194"},"content":"public class Deadline extends Task{"},{"lineNumber":9,"author":{"gitId":"e0699194"},"content":"\tprivate String by;"},{"lineNumber":10,"author":{"gitId":"e0699194"},"content":""},{"lineNumber":11,"author":{"gitId":"e0699194"},"content":"\t/**"},{"lineNumber":12,"author":{"gitId":"e0699194"},"content":"\t * Deadline object constructor."},{"lineNumber":13,"author":{"gitId":"e0699194"},"content":"\t *"},{"lineNumber":14,"author":{"gitId":"e0699194"},"content":"\t * @param description string description of task"},{"lineNumber":15,"author":{"gitId":"e0699194"},"content":"\t * @param by string date/time of when task is due"},{"lineNumber":16,"author":{"gitId":"e0699194"},"content":"\t */"},{"lineNumber":17,"author":{"gitId":"e0699194"},"content":"\tpublic Deadline(String description, String by) {"},{"lineNumber":18,"author":{"gitId":"e0699194"},"content":"\t\tsuper(description);"},{"lineNumber":19,"author":{"gitId":"e0699194"},"content":"\t\tthis.by \u003d by;"},{"lineNumber":20,"author":{"gitId":"e0699194"},"content":"\t}"},{"lineNumber":21,"author":{"gitId":"e0699194"},"content":""},{"lineNumber":22,"author":{"gitId":"e0699194"},"content":"\t/**"},{"lineNumber":23,"author":{"gitId":"e0699194"},"content":"\t * Formats data of Deadline object into standard used by the Duke application."},{"lineNumber":24,"author":{"gitId":"e0699194"},"content":"\t *"},{"lineNumber":25,"author":{"gitId":"e0699194"},"content":"\t * @return formatted string of Deadline data"},{"lineNumber":26,"author":{"gitId":"e0699194"},"content":"\t */"},{"lineNumber":27,"author":{"gitId":"e0699194"},"content":"\tpublic String toString() {"},{"lineNumber":28,"author":{"gitId":"e0699194"},"content":"\t\treturn \"[D]\" + super.toString() + \" (by: \" + this.by + \")\";"},{"lineNumber":29,"author":{"gitId":"e0699194"},"content":"\t}"},{"lineNumber":30,"author":{"gitId":"e0699194"},"content":""},{"lineNumber":31,"author":{"gitId":"e0699194"},"content":"\t/**"},{"lineNumber":32,"author":{"gitId":"e0699194"},"content":"\t * Get type of task"},{"lineNumber":33,"author":{"gitId":"e0699194"},"content":"\t *"},{"lineNumber":34,"author":{"gitId":"e0699194"},"content":"\t * @return string \"D\""},{"lineNumber":35,"author":{"gitId":"e0699194"},"content":"\t */"},{"lineNumber":36,"author":{"gitId":"e0699194"},"content":"\tpublic String getType(){"},{"lineNumber":37,"author":{"gitId":"e0699194"},"content":"\t\treturn \"D\";"},{"lineNumber":38,"author":{"gitId":"e0699194"},"content":"\t}"},{"lineNumber":39,"author":{"gitId":"e0699194"},"content":""},{"lineNumber":40,"author":{"gitId":"e0699194"},"content":"\t/**"},{"lineNumber":41,"author":{"gitId":"e0699194"},"content":"\t * Formats data of Deadline object into standard used by the Storage class."},{"lineNumber":42,"author":{"gitId":"e0699194"},"content":"\t *"},{"lineNumber":43,"author":{"gitId":"e0699194"},"content":"\t * @return formatted string of Deadline data"},{"lineNumber":44,"author":{"gitId":"e0699194"},"content":"\t */"},{"lineNumber":45,"author":{"gitId":"e0699194"},"content":"\t@Override"},{"lineNumber":46,"author":{"gitId":"e0699194"},"content":"\tpublic String saveFormatString(){"},{"lineNumber":47,"author":{"gitId":"e0699194"},"content":"\t\treturn \"D | \" + super.saveFormatString() + \" | \" + this.by;"},{"lineNumber":48,"author":{"gitId":"e0699194"},"content":"\t}"},{"lineNumber":49,"author":{"gitId":"e0699194"},"content":"}"}],"authorContributionMap":{"e0699194":49}},{"path":"src/main/java/Duke.java","fileType":"java","lines":[{"lineNumber":1,"author":{"gitId":"e0699194"},"content":"import java.util.Scanner;"},{"lineNumber":2,"author":{"gitId":"e0699194"},"content":""},{"lineNumber":3,"author":{"gitId":"e0699194"},"content":"/**"},{"lineNumber":4,"author":{"gitId":"e0699194"},"content":" * The Duke Program is an application"},{"lineNumber":5,"author":{"gitId":"e0699194"},"content":" * which stores a list of tasks for the user"},{"lineNumber":6,"author":{"gitId":"e0699194"},"content":" *"},{"lineNumber":7,"author":{"gitId":"e0699194"},"content":" * @author Calvin"},{"lineNumber":8,"author":{"gitId":"e0699194"},"content":" * @version 0.2"},{"lineNumber":9,"author":{"gitId":"e0699194"},"content":" * @since 2021-02-28"},{"lineNumber":10,"author":{"gitId":"e0699194"},"content":" */"},{"lineNumber":11,"author":{"gitId":"e0699194"},"content":""},{"lineNumber":12,"author":{"gitId":"-"},"content":"public class Duke {"},{"lineNumber":13,"author":{"gitId":"e0699194"},"content":""},{"lineNumber":14,"author":{"gitId":"e0699194"},"content":"    private TaskList tasks;"},{"lineNumber":15,"author":{"gitId":"e0699194"},"content":"    private Ui ui;"},{"lineNumber":16,"author":{"gitId":"e0699194"},"content":"    private Storage storage;"},{"lineNumber":17,"author":{"gitId":"e0699194"},"content":""},{"lineNumber":18,"author":{"gitId":"-"},"content":"    public static void main(String[] args) {"},{"lineNumber":19,"author":{"gitId":"e0699194"},"content":"        new Duke().run();"},{"lineNumber":20,"author":{"gitId":"e0699194"},"content":"    }"},{"lineNumber":21,"author":{"gitId":"e0699194"},"content":"    /**"},{"lineNumber":22,"author":{"gitId":"e0699194"},"content":"     * Constructor for the Duke Object"},{"lineNumber":23,"author":{"gitId":"e0699194"},"content":"     * Creates Ui object for application as well as reads from storage file."},{"lineNumber":24,"author":{"gitId":"e0699194"},"content":"     */"},{"lineNumber":25,"author":{"gitId":"e0699194"},"content":"    public Duke(){"},{"lineNumber":26,"author":{"gitId":"e0699194"},"content":"        ui \u003d new Ui();"},{"lineNumber":27,"author":{"gitId":"e0699194"},"content":"        storage \u003d new Storage();"},{"lineNumber":28,"author":{"gitId":"e0699194"},"content":"        tasks \u003d storage.readFromSaveFile();"},{"lineNumber":29,"author":{"gitId":"e0699194"},"content":"    }"},{"lineNumber":30,"author":{"gitId":"e0699194"},"content":""},{"lineNumber":31,"author":{"gitId":"e0699194"},"content":"    /**"},{"lineNumber":32,"author":{"gitId":"e0699194"},"content":"     * Duke application main function"},{"lineNumber":33,"author":{"gitId":"e0699194"},"content":"     * Consists of a switch which calls the appropriate methods"},{"lineNumber":34,"author":{"gitId":"e0699194"},"content":"     * based on user input"},{"lineNumber":35,"author":{"gitId":"e0699194"},"content":"     */"},{"lineNumber":36,"author":{"gitId":"e0699194"},"content":"    public void run() {"},{"lineNumber":37,"author":{"gitId":"e0699194"},"content":"        ui.startupMessage();"},{"lineNumber":38,"author":{"gitId":"e0699194"},"content":"        Parser userInput;"},{"lineNumber":39,"author":{"gitId":"e0699194"},"content":"        Scanner sc \u003d new Scanner(System.in);"},{"lineNumber":40,"author":{"gitId":"e0699194"},"content":"        while (sc.hasNextLine()) {"},{"lineNumber":41,"author":{"gitId":"e0699194"},"content":"            userInput \u003d new Parser(sc.nextLine());"},{"lineNumber":42,"author":{"gitId":"e0699194"},"content":"            switch (userInput.getTaskType()) {"},{"lineNumber":43,"author":{"gitId":"e0699194"},"content":"            case (\"todo\"):"},{"lineNumber":44,"author":{"gitId":"e0699194"},"content":"                tasks.addTodo(userInput);"},{"lineNumber":45,"author":{"gitId":"e0699194"},"content":"                break;"},{"lineNumber":46,"author":{"gitId":"e0699194"},"content":"            case (\"deadline\"):"},{"lineNumber":47,"author":{"gitId":"e0699194"},"content":"                tasks.addDeadline(userInput);"},{"lineNumber":48,"author":{"gitId":"e0699194"},"content":"                break;"},{"lineNumber":49,"author":{"gitId":"e0699194"},"content":"            case (\"event\"):"},{"lineNumber":50,"author":{"gitId":"e0699194"},"content":"                tasks.addEvent(userInput);"},{"lineNumber":51,"author":{"gitId":"e0699194"},"content":"                break;"},{"lineNumber":52,"author":{"gitId":"e0699194"},"content":"            case (\"list\"):"},{"lineNumber":53,"author":{"gitId":"e0699194"},"content":"                tasks.printList();"},{"lineNumber":54,"author":{"gitId":"e0699194"},"content":"                break;"},{"lineNumber":55,"author":{"gitId":"e0699194"},"content":"            case (\"done\"):"},{"lineNumber":56,"author":{"gitId":"e0699194"},"content":"                tasks.markAsDone(userInput);"},{"lineNumber":57,"author":{"gitId":"e0699194"},"content":"                break;"},{"lineNumber":58,"author":{"gitId":"e0699194"},"content":"            case (\"delete\"):"},{"lineNumber":59,"author":{"gitId":"e0699194"},"content":"                tasks.deleteTask(userInput);"},{"lineNumber":60,"author":{"gitId":"e0699194"},"content":"                break;"},{"lineNumber":61,"author":{"gitId":"e0699194"},"content":"            case (\"find\"):"},{"lineNumber":62,"author":{"gitId":"e0699194"},"content":"                tasks.findTask(userInput);"},{"lineNumber":63,"author":{"gitId":"e0699194"},"content":"                break;"},{"lineNumber":64,"author":{"gitId":"e0699194"},"content":"            case (\"bye\"):"},{"lineNumber":65,"author":{"gitId":"e0699194"},"content":"                storage.writeToSaveFile(tasks);"},{"lineNumber":66,"author":{"gitId":"e0699194"},"content":"                ui.shutdownMessage();"},{"lineNumber":67,"author":{"gitId":"e0699194"},"content":"                System.exit(0);"},{"lineNumber":68,"author":{"gitId":"e0699194"},"content":"            default:"},{"lineNumber":69,"author":{"gitId":"e0699194"},"content":"                ui.invalidInputMessage();"},{"lineNumber":70,"author":{"gitId":"e0699194"},"content":"            }"},{"lineNumber":71,"author":{"gitId":"e0699194"},"content":"            storage.writeToSaveFile(tasks);"},{"lineNumber":72,"author":{"gitId":"e0699194"},"content":"        }"},{"lineNumber":73,"author":{"gitId":"-"},"content":"    }"},{"lineNumber":74,"author":{"gitId":"-"},"content":"}"}],"authorContributionMap":{"e0699194":70,"-":4}},{"path":"src/main/java/Event.java","fileType":"java","lines":[{"lineNumber":1,"author":{"gitId":"e0699194"},"content":"/**"},{"lineNumber":2,"author":{"gitId":"e0699194"},"content":" * Subclass of Task object, requires event date/time."},{"lineNumber":3,"author":{"gitId":"e0699194"},"content":" *"},{"lineNumber":4,"author":{"gitId":"e0699194"},"content":" * @author Calvin"},{"lineNumber":5,"author":{"gitId":"e0699194"},"content":" * @version 0.2"},{"lineNumber":6,"author":{"gitId":"e0699194"},"content":" * @since 2021-02-28"},{"lineNumber":7,"author":{"gitId":"e0699194"},"content":" */"},{"lineNumber":8,"author":{"gitId":"e0699194"},"content":"public class Event extends Task{"},{"lineNumber":9,"author":{"gitId":"e0699194"},"content":"\tprivate String at;"},{"lineNumber":10,"author":{"gitId":"e0699194"},"content":""},{"lineNumber":11,"author":{"gitId":"e0699194"},"content":"\t/**"},{"lineNumber":12,"author":{"gitId":"e0699194"},"content":"\t * Event object constructor."},{"lineNumber":13,"author":{"gitId":"e0699194"},"content":"\t *"},{"lineNumber":14,"author":{"gitId":"e0699194"},"content":"\t * @param description string description of task"},{"lineNumber":15,"author":{"gitId":"e0699194"},"content":"\t * @param at string date/time of event"},{"lineNumber":16,"author":{"gitId":"e0699194"},"content":"\t */"},{"lineNumber":17,"author":{"gitId":"e0699194"},"content":"\tpublic Event(String description, String at) {"},{"lineNumber":18,"author":{"gitId":"e0699194"},"content":"\t\tsuper(description);"},{"lineNumber":19,"author":{"gitId":"e0699194"},"content":"\t\tthis.at \u003d at;"},{"lineNumber":20,"author":{"gitId":"e0699194"},"content":"\t}"},{"lineNumber":21,"author":{"gitId":"e0699194"},"content":""},{"lineNumber":22,"author":{"gitId":"e0699194"},"content":"\t/**"},{"lineNumber":23,"author":{"gitId":"e0699194"},"content":"\t * Formats data of Event object into standard used by the Duke application."},{"lineNumber":24,"author":{"gitId":"e0699194"},"content":"\t *"},{"lineNumber":25,"author":{"gitId":"e0699194"},"content":"\t * @return formatted string of event data"},{"lineNumber":26,"author":{"gitId":"e0699194"},"content":"\t */"},{"lineNumber":27,"author":{"gitId":"e0699194"},"content":"\tpublic String toString() {"},{"lineNumber":28,"author":{"gitId":"e0699194"},"content":"\t\treturn \"[E]\" + super.toString() + \" (at: \" + this.at + \")\";"},{"lineNumber":29,"author":{"gitId":"e0699194"},"content":"\t}"},{"lineNumber":30,"author":{"gitId":"e0699194"},"content":""},{"lineNumber":31,"author":{"gitId":"e0699194"},"content":"\t/**"},{"lineNumber":32,"author":{"gitId":"e0699194"},"content":"\t * Formats data of Event object into standard used by the Storage class."},{"lineNumber":33,"author":{"gitId":"e0699194"},"content":"\t *"},{"lineNumber":34,"author":{"gitId":"e0699194"},"content":"\t * @return formatted string of Event data"},{"lineNumber":35,"author":{"gitId":"e0699194"},"content":"\t */"},{"lineNumber":36,"author":{"gitId":"e0699194"},"content":"\t@Override"},{"lineNumber":37,"author":{"gitId":"e0699194"},"content":"\tpublic String saveFormatString(){"},{"lineNumber":38,"author":{"gitId":"e0699194"},"content":"\t\treturn \"E | \" + super.saveFormatString() + \" | \" + this.at;"},{"lineNumber":39,"author":{"gitId":"e0699194"},"content":"\t}"},{"lineNumber":40,"author":{"gitId":"e0699194"},"content":"}"}],"authorContributionMap":{"e0699194":40}},{"path":"src/main/java/Parser.java","fileType":"java","lines":[{"lineNumber":1,"author":{"gitId":"e0699194"},"content":"/**"},{"lineNumber":2,"author":{"gitId":"e0699194"},"content":" * This class handles all user input."},{"lineNumber":3,"author":{"gitId":"e0699194"},"content":" *"},{"lineNumber":4,"author":{"gitId":"e0699194"},"content":" * @author Calvin"},{"lineNumber":5,"author":{"gitId":"e0699194"},"content":" * @version 0.2"},{"lineNumber":6,"author":{"gitId":"e0699194"},"content":" * @since 2021-02-28"},{"lineNumber":7,"author":{"gitId":"e0699194"},"content":" */"},{"lineNumber":8,"author":{"gitId":"e0699194"},"content":"public class Parser {"},{"lineNumber":9,"author":{"gitId":"e0699194"},"content":"\tprivate String userInput;"},{"lineNumber":10,"author":{"gitId":"e0699194"},"content":""},{"lineNumber":11,"author":{"gitId":"e0699194"},"content":"\tUi ui \u003d new Ui();"},{"lineNumber":12,"author":{"gitId":"e0699194"},"content":""},{"lineNumber":13,"author":{"gitId":"e0699194"},"content":"\t/**"},{"lineNumber":14,"author":{"gitId":"e0699194"},"content":"\t * Constructor of Parser object"},{"lineNumber":15,"author":{"gitId":"e0699194"},"content":"\t *"},{"lineNumber":16,"author":{"gitId":"e0699194"},"content":"\t * @param userInput string entered by user."},{"lineNumber":17,"author":{"gitId":"e0699194"},"content":"\t */"},{"lineNumber":18,"author":{"gitId":"e0699194"},"content":"\tpublic Parser(String userInput){"},{"lineNumber":19,"author":{"gitId":"e0699194"},"content":"\t\tthis.userInput \u003d userInput;"},{"lineNumber":20,"author":{"gitId":"e0699194"},"content":"\t}"},{"lineNumber":21,"author":{"gitId":"e0699194"},"content":""},{"lineNumber":22,"author":{"gitId":"e0699194"},"content":"\t/**"},{"lineNumber":23,"author":{"gitId":"e0699194"},"content":"\t * Gets type of task (i.e. Todo, Deadline, Event) from user input."},{"lineNumber":24,"author":{"gitId":"e0699194"},"content":"\t *"},{"lineNumber":25,"author":{"gitId":"e0699194"},"content":"\t * @return type of task"},{"lineNumber":26,"author":{"gitId":"e0699194"},"content":"\t */"},{"lineNumber":27,"author":{"gitId":"e0699194"},"content":"\tpublic String getTaskType() {"},{"lineNumber":28,"author":{"gitId":"e0699194"},"content":"\t\tString[] parsedString \u003d userInput.split(\" \",2);"},{"lineNumber":29,"author":{"gitId":"e0699194"},"content":"\t\treturn parsedString[0].toLowerCase();"},{"lineNumber":30,"author":{"gitId":"e0699194"},"content":"\t}"},{"lineNumber":31,"author":{"gitId":"e0699194"},"content":""},{"lineNumber":32,"author":{"gitId":"e0699194"},"content":"\t/**"},{"lineNumber":33,"author":{"gitId":"e0699194"},"content":"\t * Gets description of task from user input."},{"lineNumber":34,"author":{"gitId":"e0699194"},"content":"\t *"},{"lineNumber":35,"author":{"gitId":"e0699194"},"content":"\t * @return description of task"},{"lineNumber":36,"author":{"gitId":"e0699194"},"content":"\t */"},{"lineNumber":37,"author":{"gitId":"e0699194"},"content":"\tpublic  String getTaskDescription() {"},{"lineNumber":38,"author":{"gitId":"e0699194"},"content":"\t\tString[] parsedString \u003d userInput.split(\" \",2);"},{"lineNumber":39,"author":{"gitId":"e0699194"},"content":"\t\tString taskDescription;"},{"lineNumber":40,"author":{"gitId":"e0699194"},"content":"\t\ttry{"},{"lineNumber":41,"author":{"gitId":"e0699194"},"content":"\t\t\ttaskDescription \u003d parsedString[1];"},{"lineNumber":42,"author":{"gitId":"e0699194"},"content":"\t\t} catch (ArrayIndexOutOfBoundsException e){"},{"lineNumber":43,"author":{"gitId":"e0699194"},"content":"\t\t\tSystem.out.println(\"OOPS!!! The description of a todo cannot be empty.\");"},{"lineNumber":44,"author":{"gitId":"e0699194"},"content":"\t\t\tSystem.out.println(\"Format: todo (description)\");"},{"lineNumber":45,"author":{"gitId":"e0699194"},"content":"\t\t\treturn null;"},{"lineNumber":46,"author":{"gitId":"e0699194"},"content":"\t\t}"},{"lineNumber":47,"author":{"gitId":"e0699194"},"content":""},{"lineNumber":48,"author":{"gitId":"e0699194"},"content":"\t\treturn taskDescription;"},{"lineNumber":49,"author":{"gitId":"e0699194"},"content":"\t}"},{"lineNumber":50,"author":{"gitId":"e0699194"},"content":""},{"lineNumber":51,"author":{"gitId":"e0699194"},"content":"\t/**"},{"lineNumber":52,"author":{"gitId":"e0699194"},"content":"\t * Gets due date/time of deadline"},{"lineNumber":53,"author":{"gitId":"e0699194"},"content":"\t *"},{"lineNumber":54,"author":{"gitId":"e0699194"},"content":"\t * @return due/time of deadline if user abides by the format, else returns null and error message."},{"lineNumber":55,"author":{"gitId":"e0699194"},"content":"\t */"},{"lineNumber":56,"author":{"gitId":"e0699194"},"content":"\tpublic String getBy() {"},{"lineNumber":57,"author":{"gitId":"e0699194"},"content":"\t\tString by;"},{"lineNumber":58,"author":{"gitId":"e0699194"},"content":"\t\tString[] parsedString \u003d userInput.split(\" /by \",2);"},{"lineNumber":59,"author":{"gitId":"e0699194"},"content":"\t\ttry {"},{"lineNumber":60,"author":{"gitId":"e0699194"},"content":"\t\t\tby \u003d parsedString[1];"},{"lineNumber":61,"author":{"gitId":"e0699194"},"content":"\t\t} catch (ArrayIndexOutOfBoundsException e){"},{"lineNumber":62,"author":{"gitId":"e0699194"},"content":"\t\t\tui.missingBy();"},{"lineNumber":63,"author":{"gitId":"e0699194"},"content":"\t\t\treturn null;"},{"lineNumber":64,"author":{"gitId":"e0699194"},"content":"\t\t}"},{"lineNumber":65,"author":{"gitId":"e0699194"},"content":"\t\treturn by;"},{"lineNumber":66,"author":{"gitId":"e0699194"},"content":"\t}"},{"lineNumber":67,"author":{"gitId":"e0699194"},"content":""},{"lineNumber":68,"author":{"gitId":"e0699194"},"content":"\t/**"},{"lineNumber":69,"author":{"gitId":"e0699194"},"content":"\t * Gets event date/time"},{"lineNumber":70,"author":{"gitId":"e0699194"},"content":"\t *"},{"lineNumber":71,"author":{"gitId":"e0699194"},"content":"\t * @return event date/time if user abides by the formate, else returns null and error message."},{"lineNumber":72,"author":{"gitId":"e0699194"},"content":"\t */"},{"lineNumber":73,"author":{"gitId":"e0699194"},"content":"\tpublic String getAt() {"},{"lineNumber":74,"author":{"gitId":"e0699194"},"content":"\t\tString at;"},{"lineNumber":75,"author":{"gitId":"e0699194"},"content":"\t\tString[] parsedString \u003d userInput.split(\" /at \",2);"},{"lineNumber":76,"author":{"gitId":"e0699194"},"content":"\t\ttry {"},{"lineNumber":77,"author":{"gitId":"e0699194"},"content":"\t\t\tat \u003d parsedString[1];"},{"lineNumber":78,"author":{"gitId":"e0699194"},"content":"\t\t} catch (ArrayIndexOutOfBoundsException e){"},{"lineNumber":79,"author":{"gitId":"e0699194"},"content":"\t\t\tui.missingAt();"},{"lineNumber":80,"author":{"gitId":"e0699194"},"content":"\t\t\treturn null;"},{"lineNumber":81,"author":{"gitId":"e0699194"},"content":"\t\t}"},{"lineNumber":82,"author":{"gitId":"e0699194"},"content":"\t\treturn at;"},{"lineNumber":83,"author":{"gitId":"e0699194"},"content":"\t}"},{"lineNumber":84,"author":{"gitId":"e0699194"},"content":""},{"lineNumber":85,"author":{"gitId":"e0699194"},"content":"\t/**"},{"lineNumber":86,"author":{"gitId":"e0699194"},"content":"\t * Gets task index based on user input."},{"lineNumber":87,"author":{"gitId":"e0699194"},"content":"\t *"},{"lineNumber":88,"author":{"gitId":"e0699194"},"content":"\t * @return task index based on user input, returns -1 if task number is not specified or a non-numeric value is entered"},{"lineNumber":89,"author":{"gitId":"e0699194"},"content":"\t */"},{"lineNumber":90,"author":{"gitId":"e0699194"},"content":"\tpublic int getTaskIndex() {"},{"lineNumber":91,"author":{"gitId":"e0699194"},"content":"\t\tString[] parsedString \u003d userInput.split(\" \",2);"},{"lineNumber":92,"author":{"gitId":"e0699194"},"content":"\t\tString taskIndex;"},{"lineNumber":93,"author":{"gitId":"e0699194"},"content":"\t\ttry{"},{"lineNumber":94,"author":{"gitId":"e0699194"},"content":"\t\t\t taskIndex\u003d parsedString[1];"},{"lineNumber":95,"author":{"gitId":"e0699194"},"content":"\t\t} catch (ArrayIndexOutOfBoundsException e){"},{"lineNumber":96,"author":{"gitId":"e0699194"},"content":"\t\t\tSystem.out.println(\"OOPS!!! Please specify task number.\");"},{"lineNumber":97,"author":{"gitId":"e0699194"},"content":"\t\t\treturn -1;"},{"lineNumber":98,"author":{"gitId":"e0699194"},"content":"\t\t} catch (IndexOutOfBoundsException | NumberFormatException e) {"},{"lineNumber":99,"author":{"gitId":"e0699194"},"content":"\t\t\tSystem.out.println(\"Task number not recognised.\");"},{"lineNumber":100,"author":{"gitId":"e0699194"},"content":"\t\t\treturn -1;"},{"lineNumber":101,"author":{"gitId":"e0699194"},"content":"\t\t}"},{"lineNumber":102,"author":{"gitId":"e0699194"},"content":""},{"lineNumber":103,"author":{"gitId":"e0699194"},"content":"\t\treturn Integer.parseInt(taskIndex) - 1;"},{"lineNumber":104,"author":{"gitId":"e0699194"},"content":"\t}"},{"lineNumber":105,"author":{"gitId":"e0699194"},"content":""},{"lineNumber":106,"author":{"gitId":"e0699194"},"content":"\t/**"},{"lineNumber":107,"author":{"gitId":"e0699194"},"content":"\t * Gets description of deadline from user input."},{"lineNumber":108,"author":{"gitId":"e0699194"},"content":"\t *"},{"lineNumber":109,"author":{"gitId":"e0699194"},"content":"\t * @return description of deadline"},{"lineNumber":110,"author":{"gitId":"e0699194"},"content":"\t */"},{"lineNumber":111,"author":{"gitId":"e0699194"},"content":"\tpublic String getDeadlineDescription() {"},{"lineNumber":112,"author":{"gitId":"e0699194"},"content":"\t\tString[] parsedString \u003d userInput.split(\" /by \",2);"},{"lineNumber":113,"author":{"gitId":"e0699194"},"content":"\t\tString deadlineDescription \u003d parsedString[0].split(\" \",2)[1];"},{"lineNumber":114,"author":{"gitId":"e0699194"},"content":"\t\treturn deadlineDescription;"},{"lineNumber":115,"author":{"gitId":"e0699194"},"content":"\t}"},{"lineNumber":116,"author":{"gitId":"e0699194"},"content":""},{"lineNumber":117,"author":{"gitId":"e0699194"},"content":"\t/**"},{"lineNumber":118,"author":{"gitId":"e0699194"},"content":"\t * Gets description of event from user input."},{"lineNumber":119,"author":{"gitId":"e0699194"},"content":"\t *"},{"lineNumber":120,"author":{"gitId":"e0699194"},"content":"\t * @return description of event"},{"lineNumber":121,"author":{"gitId":"e0699194"},"content":"\t */"},{"lineNumber":122,"author":{"gitId":"e0699194"},"content":"\tpublic String getEventDescription() {"},{"lineNumber":123,"author":{"gitId":"e0699194"},"content":"\t\tString[] parsedString \u003d userInput.split(\" /at \",2);"},{"lineNumber":124,"author":{"gitId":"e0699194"},"content":"\t\tString eventDescription \u003d parsedString[0].split(\" \",2)[1];"},{"lineNumber":125,"author":{"gitId":"e0699194"},"content":"\t\treturn eventDescription;"},{"lineNumber":126,"author":{"gitId":"e0699194"},"content":"\t}"},{"lineNumber":127,"author":{"gitId":"e0699194"},"content":""},{"lineNumber":128,"author":{"gitId":"e0699194"},"content":"\t/**"},{"lineNumber":129,"author":{"gitId":"e0699194"},"content":"\t * Gets keyword from user input."},{"lineNumber":130,"author":{"gitId":"e0699194"},"content":"\t *"},{"lineNumber":131,"author":{"gitId":"e0699194"},"content":"\t * @return keyword from user input, null if more than one keyword entered."},{"lineNumber":132,"author":{"gitId":"e0699194"},"content":"\t */"},{"lineNumber":133,"author":{"gitId":"e0699194"},"content":"\tpublic String getKeyword() {"},{"lineNumber":134,"author":{"gitId":"e0699194"},"content":"\t\tString[] parsedString \u003d userInput.split(\" \",2);"},{"lineNumber":135,"author":{"gitId":"e0699194"},"content":"\t\tString keyword \u003d parsedString[1];"},{"lineNumber":136,"author":{"gitId":"e0699194"},"content":"\t\tString[] keywordCheck \u003d keyword.split(\" \");"},{"lineNumber":137,"author":{"gitId":"e0699194"},"content":"\t\tif (keywordCheck.length \u003e 1){"},{"lineNumber":138,"author":{"gitId":"e0699194"},"content":"\t\t\tui.invalidKeywordMessage();"},{"lineNumber":139,"author":{"gitId":"e0699194"},"content":"\t\t\treturn null;"},{"lineNumber":140,"author":{"gitId":"e0699194"},"content":"\t\t} else {"},{"lineNumber":141,"author":{"gitId":"e0699194"},"content":"\t\t\treturn keyword;"},{"lineNumber":142,"author":{"gitId":"e0699194"},"content":"\t\t}"},{"lineNumber":143,"author":{"gitId":"e0699194"},"content":"\t}"},{"lineNumber":144,"author":{"gitId":"e0699194"},"content":"}"}],"authorContributionMap":{"e0699194":144}},{"path":"src/main/java/Storage.java","fileType":"java","lines":[{"lineNumber":1,"author":{"gitId":"e0699194"},"content":"import java.io.File;"},{"lineNumber":2,"author":{"gitId":"e0699194"},"content":"import java.io.FileNotFoundException;"},{"lineNumber":3,"author":{"gitId":"e0699194"},"content":"import java.io.FileWriter;"},{"lineNumber":4,"author":{"gitId":"e0699194"},"content":"import java.io.IOException;"},{"lineNumber":5,"author":{"gitId":"e0699194"},"content":"import java.util.Scanner;"},{"lineNumber":6,"author":{"gitId":"e0699194"},"content":""},{"lineNumber":7,"author":{"gitId":"e0699194"},"content":"/**"},{"lineNumber":8,"author":{"gitId":"e0699194"},"content":" * This class handles all reading and writing of data from the save file."},{"lineNumber":9,"author":{"gitId":"e0699194"},"content":" *"},{"lineNumber":10,"author":{"gitId":"e0699194"},"content":" * @author Calvin"},{"lineNumber":11,"author":{"gitId":"e0699194"},"content":" * @version 0.2"},{"lineNumber":12,"author":{"gitId":"e0699194"},"content":" * @since 2021-02-28"},{"lineNumber":13,"author":{"gitId":"e0699194"},"content":" */"},{"lineNumber":14,"author":{"gitId":"e0699194"},"content":"public class Storage {"},{"lineNumber":15,"author":{"gitId":"e0699194"},"content":"\tprivate static final String PATH_TO_SAVE_FILE \u003d \"./data/duke.txt\";"},{"lineNumber":16,"author":{"gitId":"e0699194"},"content":"\tprivate static final String SAVE_FILE_DIRECTORY\u003d \"./data\";"},{"lineNumber":17,"author":{"gitId":"e0699194"},"content":"\tprivate static final int MAX_TASKS \u003d 100;"},{"lineNumber":18,"author":{"gitId":"e0699194"},"content":""},{"lineNumber":19,"author":{"gitId":"e0699194"},"content":"\t/**"},{"lineNumber":20,"author":{"gitId":"e0699194"},"content":"\t *  Reads user\u0027s saved data from previous session."},{"lineNumber":21,"author":{"gitId":"e0699194"},"content":"\t *"},{"lineNumber":22,"author":{"gitId":"e0699194"},"content":"\t * @return ArrayList of task objects from user\u0027s previous session from a txt file."},{"lineNumber":23,"author":{"gitId":"e0699194"},"content":"\t */"},{"lineNumber":24,"author":{"gitId":"e0699194"},"content":"\tpublic TaskList readFromSaveFile() {"},{"lineNumber":25,"author":{"gitId":"e0699194"},"content":""},{"lineNumber":26,"author":{"gitId":"e0699194"},"content":"\t\tTaskList tasks \u003d new TaskList();"},{"lineNumber":27,"author":{"gitId":"e0699194"},"content":"\t\tint indexOfTask \u003d 0;"},{"lineNumber":28,"author":{"gitId":"e0699194"},"content":"\t\tString taskType;"},{"lineNumber":29,"author":{"gitId":"e0699194"},"content":"\t\tint isDone;"},{"lineNumber":30,"author":{"gitId":"e0699194"},"content":"\t\tString taskDescription;"},{"lineNumber":31,"author":{"gitId":"e0699194"},"content":"\t\tString taskBy;"},{"lineNumber":32,"author":{"gitId":"e0699194"},"content":"\t\tString taskAt;"},{"lineNumber":33,"author":{"gitId":"e0699194"},"content":"\t\ttry {"},{"lineNumber":34,"author":{"gitId":"e0699194"},"content":"\t\t\tFile directory \u003d new File(SAVE_FILE_DIRECTORY);"},{"lineNumber":35,"author":{"gitId":"e0699194"},"content":"\t\t\tFile saveFile \u003d new File(PATH_TO_SAVE_FILE);"},{"lineNumber":36,"author":{"gitId":"e0699194"},"content":"\t\t\tif (!directory.exists()){"},{"lineNumber":37,"author":{"gitId":"e0699194"},"content":"\t\t\t\tdirectory.mkdirs();"},{"lineNumber":38,"author":{"gitId":"e0699194"},"content":"\t\t\t\tsaveFile.createNewFile();"},{"lineNumber":39,"author":{"gitId":"e0699194"},"content":"\t\t\t}"},{"lineNumber":40,"author":{"gitId":"e0699194"},"content":"\t\t\tScanner sc \u003d  new Scanner(saveFile);"},{"lineNumber":41,"author":{"gitId":"e0699194"},"content":"\t\t\twhile (sc.hasNext()){"},{"lineNumber":42,"author":{"gitId":"e0699194"},"content":"\t\t\t\tString savedTaskObject \u003d sc.nextLine();"},{"lineNumber":43,"author":{"gitId":"e0699194"},"content":"\t\t\t\tString[] savedTaskSplit \u003d savedTaskObject.split(\" \\\\| \",4);"},{"lineNumber":44,"author":{"gitId":"e0699194"},"content":"\t\t\t\ttaskType \u003d savedTaskSplit[0];"},{"lineNumber":45,"author":{"gitId":"e0699194"},"content":"\t\t\t\tisDone \u003d Integer.parseInt(savedTaskSplit[1]);"},{"lineNumber":46,"author":{"gitId":"e0699194"},"content":"\t\t\t\ttaskDescription \u003d savedTaskSplit[2];"},{"lineNumber":47,"author":{"gitId":"e0699194"},"content":"\t\t\t\tswitch (taskType){"},{"lineNumber":48,"author":{"gitId":"e0699194"},"content":"\t\t\t\tcase (\"T\"):"},{"lineNumber":49,"author":{"gitId":"e0699194"},"content":"\t\t\t\t\ttasks.add(new Todo(taskDescription));"},{"lineNumber":50,"author":{"gitId":"e0699194"},"content":"\t\t\t\t\tbreak;"},{"lineNumber":51,"author":{"gitId":"e0699194"},"content":"\t\t\t\tcase (\"D\"):"},{"lineNumber":52,"author":{"gitId":"e0699194"},"content":"\t\t\t\t\ttaskBy \u003d savedTaskSplit[3];"},{"lineNumber":53,"author":{"gitId":"e0699194"},"content":"\t\t\t\t\ttasks.add(new Deadline(taskDescription,taskBy));"},{"lineNumber":54,"author":{"gitId":"e0699194"},"content":"\t\t\t\t\tbreak;"},{"lineNumber":55,"author":{"gitId":"e0699194"},"content":"\t\t\t\tcase (\"E\"):"},{"lineNumber":56,"author":{"gitId":"e0699194"},"content":"\t\t\t\t\ttaskAt \u003d savedTaskSplit[3];"},{"lineNumber":57,"author":{"gitId":"e0699194"},"content":"\t\t\t\t\ttasks.add(new Event(taskDescription,taskAt));"},{"lineNumber":58,"author":{"gitId":"e0699194"},"content":"\t\t\t\t\tbreak;"},{"lineNumber":59,"author":{"gitId":"e0699194"},"content":"\t\t\t\t}"},{"lineNumber":60,"author":{"gitId":"e0699194"},"content":"\t\t\t\tif (isDone \u003d\u003d 1){"},{"lineNumber":61,"author":{"gitId":"e0699194"},"content":"\t\t\t\t\ttasks.get(indexOfTask).setDone();"},{"lineNumber":62,"author":{"gitId":"e0699194"},"content":"\t\t\t\t}"},{"lineNumber":63,"author":{"gitId":"e0699194"},"content":"\t\t\t\tindexOfTask++;"},{"lineNumber":64,"author":{"gitId":"e0699194"},"content":"\t\t\t}"},{"lineNumber":65,"author":{"gitId":"e0699194"},"content":"\t\t} catch (FileNotFoundException e) {"},{"lineNumber":66,"author":{"gitId":"e0699194"},"content":"\t\t\te.printStackTrace();"},{"lineNumber":67,"author":{"gitId":"e0699194"},"content":"\t\t} catch (IOException e) {"},{"lineNumber":68,"author":{"gitId":"e0699194"},"content":"\t\t\te.printStackTrace();"},{"lineNumber":69,"author":{"gitId":"e0699194"},"content":"\t\t}"},{"lineNumber":70,"author":{"gitId":"e0699194"},"content":""},{"lineNumber":71,"author":{"gitId":"e0699194"},"content":"\t\treturn tasks;"},{"lineNumber":72,"author":{"gitId":"e0699194"},"content":"\t}"},{"lineNumber":73,"author":{"gitId":"e0699194"},"content":""},{"lineNumber":74,"author":{"gitId":"e0699194"},"content":"\t/**"},{"lineNumber":75,"author":{"gitId":"e0699194"},"content":"\t * Writes Array list of task from user\u0027s current session into a txt file for future sessions."},{"lineNumber":76,"author":{"gitId":"e0699194"},"content":"\t *"},{"lineNumber":77,"author":{"gitId":"e0699194"},"content":"\t * @param tasks TaskList object created and used during the session."},{"lineNumber":78,"author":{"gitId":"e0699194"},"content":"\t */"},{"lineNumber":79,"author":{"gitId":"e0699194"},"content":"\tpublic void writeToSaveFile(TaskList tasks) {"},{"lineNumber":80,"author":{"gitId":"e0699194"},"content":"\t\tint numberOfTasks \u003d tasks.size();"},{"lineNumber":81,"author":{"gitId":"e0699194"},"content":"\t\tFileWriter fw \u003d null;"},{"lineNumber":82,"author":{"gitId":"e0699194"},"content":"\t\ttry {"},{"lineNumber":83,"author":{"gitId":"e0699194"},"content":"\t\t\tfw \u003d new FileWriter(PATH_TO_SAVE_FILE);"},{"lineNumber":84,"author":{"gitId":"e0699194"},"content":"\t\t\tfor (int i \u003d 0; i \u003c numberOfTasks; i++) {"},{"lineNumber":85,"author":{"gitId":"e0699194"},"content":"\t\t\t\tString taskToSave \u003d tasks.get(i).saveFormatString();"},{"lineNumber":86,"author":{"gitId":"e0699194"},"content":"\t\t\t\tfw.write(taskToSave + \"\\n\");"},{"lineNumber":87,"author":{"gitId":"e0699194"},"content":"\t\t\t}"},{"lineNumber":88,"author":{"gitId":"e0699194"},"content":"\t\t\tfw.close();"},{"lineNumber":89,"author":{"gitId":"e0699194"},"content":"\t\t} catch (IOException e) {"},{"lineNumber":90,"author":{"gitId":"e0699194"},"content":"\t\t\te.printStackTrace();"},{"lineNumber":91,"author":{"gitId":"e0699194"},"content":"\t\t}"},{"lineNumber":92,"author":{"gitId":"e0699194"},"content":"\t}"},{"lineNumber":93,"author":{"gitId":"e0699194"},"content":"}"}],"authorContributionMap":{"e0699194":93}},{"path":"src/main/java/Task.java","fileType":"java","lines":[{"lineNumber":1,"author":{"gitId":"e0699194"},"content":"/**"},{"lineNumber":2,"author":{"gitId":"e0699194"},"content":" * Task object used in the Duke application,"},{"lineNumber":3,"author":{"gitId":"e0699194"},"content":" *"},{"lineNumber":4,"author":{"gitId":"e0699194"},"content":" * @author Calvin"},{"lineNumber":5,"author":{"gitId":"e0699194"},"content":" * @version 0.2"},{"lineNumber":6,"author":{"gitId":"e0699194"},"content":" * @since 2021-02-28"},{"lineNumber":7,"author":{"gitId":"e0699194"},"content":" */"},{"lineNumber":8,"author":{"gitId":"e0699194"},"content":"public class Task {"},{"lineNumber":9,"author":{"gitId":"e0699194"},"content":"    protected String description;"},{"lineNumber":10,"author":{"gitId":"e0699194"},"content":"    protected boolean isDone;"},{"lineNumber":11,"author":{"gitId":"e0699194"},"content":""},{"lineNumber":12,"author":{"gitId":"e0699194"},"content":"    /**"},{"lineNumber":13,"author":{"gitId":"e0699194"},"content":"     * Constructor for Task object."},{"lineNumber":14,"author":{"gitId":"e0699194"},"content":"     *"},{"lineNumber":15,"author":{"gitId":"e0699194"},"content":"     * @param description string description of Task."},{"lineNumber":16,"author":{"gitId":"e0699194"},"content":"     */"},{"lineNumber":17,"author":{"gitId":"e0699194"},"content":"    public Task(String description) {"},{"lineNumber":18,"author":{"gitId":"e0699194"},"content":"        this.description \u003d description;"},{"lineNumber":19,"author":{"gitId":"e0699194"},"content":"        this.isDone \u003d false;"},{"lineNumber":20,"author":{"gitId":"e0699194"},"content":"    }"},{"lineNumber":21,"author":{"gitId":"e0699194"},"content":""},{"lineNumber":22,"author":{"gitId":"e0699194"},"content":"    /**"},{"lineNumber":23,"author":{"gitId":"e0699194"},"content":"     * Gets description of Task object."},{"lineNumber":24,"author":{"gitId":"e0699194"},"content":"     *"},{"lineNumber":25,"author":{"gitId":"e0699194"},"content":"     * @return description of Task object"},{"lineNumber":26,"author":{"gitId":"e0699194"},"content":"     */"},{"lineNumber":27,"author":{"gitId":"e0699194"},"content":"    public String getDescription(){"},{"lineNumber":28,"author":{"gitId":"e0699194"},"content":"        return this.description;"},{"lineNumber":29,"author":{"gitId":"e0699194"},"content":"    }"},{"lineNumber":30,"author":{"gitId":"e0699194"},"content":""},{"lineNumber":31,"author":{"gitId":"e0699194"},"content":"    /**"},{"lineNumber":32,"author":{"gitId":"e0699194"},"content":"     * Gets done status icon of Task."},{"lineNumber":33,"author":{"gitId":"e0699194"},"content":"     *"},{"lineNumber":34,"author":{"gitId":"e0699194"},"content":"     * @return [X] if task is done, [ ] if task is not done"},{"lineNumber":35,"author":{"gitId":"e0699194"},"content":"     */"},{"lineNumber":36,"author":{"gitId":"e0699194"},"content":"    public String getStatusIcon() {"},{"lineNumber":37,"author":{"gitId":"e0699194"},"content":"        return (isDone ? \"[X]\" : \"[ ]\"); //return tick or X symbols"},{"lineNumber":38,"author":{"gitId":"e0699194"},"content":"    }"},{"lineNumber":39,"author":{"gitId":"e0699194"},"content":""},{"lineNumber":40,"author":{"gitId":"e0699194"},"content":"    /**"},{"lineNumber":41,"author":{"gitId":"e0699194"},"content":"     * Sets done status of Task."},{"lineNumber":42,"author":{"gitId":"e0699194"},"content":"     */"},{"lineNumber":43,"author":{"gitId":"e0699194"},"content":"    public void setDone(){"},{"lineNumber":44,"author":{"gitId":"e0699194"},"content":"        this.isDone \u003d true;"},{"lineNumber":45,"author":{"gitId":"e0699194"},"content":"    }"},{"lineNumber":46,"author":{"gitId":"e0699194"},"content":""},{"lineNumber":47,"author":{"gitId":"e0699194"},"content":"    /**"},{"lineNumber":48,"author":{"gitId":"e0699194"},"content":"     * Formats Task object into standard used by Duke application."},{"lineNumber":49,"author":{"gitId":"e0699194"},"content":"     *"},{"lineNumber":50,"author":{"gitId":"e0699194"},"content":"     * @return formatted string of Task data"},{"lineNumber":51,"author":{"gitId":"e0699194"},"content":"     */"},{"lineNumber":52,"author":{"gitId":"e0699194"},"content":"    public String toString(){"},{"lineNumber":53,"author":{"gitId":"e0699194"},"content":"        return getStatusIcon() + \" \" + getDescription();"},{"lineNumber":54,"author":{"gitId":"e0699194"},"content":"    }"},{"lineNumber":55,"author":{"gitId":"e0699194"},"content":""},{"lineNumber":56,"author":{"gitId":"e0699194"},"content":"    /**"},{"lineNumber":57,"author":{"gitId":"e0699194"},"content":"     * Formats data of Task object into standard used by the Storage class."},{"lineNumber":58,"author":{"gitId":"e0699194"},"content":"     *"},{"lineNumber":59,"author":{"gitId":"e0699194"},"content":"     * @return formatted string of Task data"},{"lineNumber":60,"author":{"gitId":"e0699194"},"content":"     */"},{"lineNumber":61,"author":{"gitId":"e0699194"},"content":"    public String saveFormatString(){"},{"lineNumber":62,"author":{"gitId":"e0699194"},"content":"        String isDoneBinary \u003d null;"},{"lineNumber":63,"author":{"gitId":"e0699194"},"content":"        if(this.isDone){"},{"lineNumber":64,"author":{"gitId":"e0699194"},"content":"            isDoneBinary \u003d \"1\";"},{"lineNumber":65,"author":{"gitId":"e0699194"},"content":"        } else {"},{"lineNumber":66,"author":{"gitId":"e0699194"},"content":"            isDoneBinary \u003d \"0\";"},{"lineNumber":67,"author":{"gitId":"e0699194"},"content":"        }"},{"lineNumber":68,"author":{"gitId":"e0699194"},"content":"        return isDoneBinary + \" | \" + this.getDescription();"},{"lineNumber":69,"author":{"gitId":"e0699194"},"content":"    }"},{"lineNumber":70,"author":{"gitId":"e0699194"},"content":"}"}],"authorContributionMap":{"e0699194":70}},{"path":"src/main/java/TaskList.java","fileType":"java","lines":[{"lineNumber":1,"author":{"gitId":"e0699194"},"content":"import java.util.ArrayList;"},{"lineNumber":2,"author":{"gitId":"e0699194"},"content":""},{"lineNumber":3,"author":{"gitId":"e0699194"},"content":"/**"},{"lineNumber":4,"author":{"gitId":"e0699194"},"content":" * TaskList"},{"lineNumber":5,"author":{"gitId":"e0699194"},"content":" * This class encompasses methods to modify an ArrayList"},{"lineNumber":6,"author":{"gitId":"e0699194"},"content":" * of tasks for the Duke Application."},{"lineNumber":7,"author":{"gitId":"e0699194"},"content":" *"},{"lineNumber":8,"author":{"gitId":"e0699194"},"content":" * @author Calvin"},{"lineNumber":9,"author":{"gitId":"e0699194"},"content":" * @version 0.2"},{"lineNumber":10,"author":{"gitId":"e0699194"},"content":" * @since 2021-02-28"},{"lineNumber":11,"author":{"gitId":"e0699194"},"content":" */"},{"lineNumber":12,"author":{"gitId":"e0699194"},"content":"public class TaskList {"},{"lineNumber":13,"author":{"gitId":"e0699194"},"content":"\tprivate static final int MAX_TASKS \u003d 100;"},{"lineNumber":14,"author":{"gitId":"e0699194"},"content":"\tprivate ArrayList\u003cTask\u003e tasks;"},{"lineNumber":15,"author":{"gitId":"e0699194"},"content":""},{"lineNumber":16,"author":{"gitId":"e0699194"},"content":"\tUi ui \u003d new Ui();"},{"lineNumber":17,"author":{"gitId":"e0699194"},"content":""},{"lineNumber":18,"author":{"gitId":"e0699194"},"content":"\t/**"},{"lineNumber":19,"author":{"gitId":"e0699194"},"content":"\t * Constructor for the TaskList object needed by Duke."},{"lineNumber":20,"author":{"gitId":"e0699194"},"content":"\t * Creates an Arraylist of size 100."},{"lineNumber":21,"author":{"gitId":"e0699194"},"content":"\t */"},{"lineNumber":22,"author":{"gitId":"e0699194"},"content":"\tpublic TaskList(){"},{"lineNumber":23,"author":{"gitId":"e0699194"},"content":"\t\ttasks \u003d new ArrayList\u003cTask\u003e(MAX_TASKS);"},{"lineNumber":24,"author":{"gitId":"e0699194"},"content":"\t}"},{"lineNumber":25,"author":{"gitId":"e0699194"},"content":""},{"lineNumber":26,"author":{"gitId":"e0699194"},"content":"\t/**"},{"lineNumber":27,"author":{"gitId":"e0699194"},"content":"\t * Adds task object to ArrayList"},{"lineNumber":28,"author":{"gitId":"e0699194"},"content":"\t *"},{"lineNumber":29,"author":{"gitId":"e0699194"},"content":"\t * @param task task object created by user or loaded from save file"},{"lineNumber":30,"author":{"gitId":"e0699194"},"content":"\t */"},{"lineNumber":31,"author":{"gitId":"e0699194"},"content":"\tpublic void add(Task task){"},{"lineNumber":32,"author":{"gitId":"e0699194"},"content":"\t\ttasks.add(task);"},{"lineNumber":33,"author":{"gitId":"e0699194"},"content":"\t}"},{"lineNumber":34,"author":{"gitId":"e0699194"},"content":""},{"lineNumber":35,"author":{"gitId":"e0699194"},"content":"\t/**"},{"lineNumber":36,"author":{"gitId":"e0699194"},"content":"\t * Retrieves task object from ArrayList."},{"lineNumber":37,"author":{"gitId":"e0699194"},"content":"\t *"},{"lineNumber":38,"author":{"gitId":"e0699194"},"content":"\t * @param indexOfTask the index which represents the position of the desired task object in the ArrayList"},{"lineNumber":39,"author":{"gitId":"e0699194"},"content":"\t * @return desired task object"},{"lineNumber":40,"author":{"gitId":"e0699194"},"content":"\t */"},{"lineNumber":41,"author":{"gitId":"e0699194"},"content":"\tpublic Task get(int indexOfTask){"},{"lineNumber":42,"author":{"gitId":"e0699194"},"content":"\t\tTask task;"},{"lineNumber":43,"author":{"gitId":"e0699194"},"content":"\t\ttask \u003d tasks.get(indexOfTask);"},{"lineNumber":44,"author":{"gitId":"e0699194"},"content":"\t\treturn task;"},{"lineNumber":45,"author":{"gitId":"e0699194"},"content":"\t}"},{"lineNumber":46,"author":{"gitId":"e0699194"},"content":""},{"lineNumber":47,"author":{"gitId":"e0699194"},"content":"\t/**"},{"lineNumber":48,"author":{"gitId":"e0699194"},"content":"\t * Retrieves number of task objects in the list."},{"lineNumber":49,"author":{"gitId":"e0699194"},"content":"\t *"},{"lineNumber":50,"author":{"gitId":"e0699194"},"content":"\t * @return number of task objects in the list."},{"lineNumber":51,"author":{"gitId":"e0699194"},"content":"\t */"},{"lineNumber":52,"author":{"gitId":"e0699194"},"content":"\tpublic int size(){"},{"lineNumber":53,"author":{"gitId":"e0699194"},"content":"\t\treturn tasks.size();"},{"lineNumber":54,"author":{"gitId":"e0699194"},"content":"\t}"},{"lineNumber":55,"author":{"gitId":"e0699194"},"content":""},{"lineNumber":56,"author":{"gitId":"e0699194"},"content":"\t/**"},{"lineNumber":57,"author":{"gitId":"e0699194"},"content":"\t * Creates Todo object based on user input."},{"lineNumber":58,"author":{"gitId":"e0699194"},"content":"\t *"},{"lineNumber":59,"author":{"gitId":"e0699194"},"content":"\t * @param userInput string that user has entered"},{"lineNumber":60,"author":{"gitId":"e0699194"},"content":"\t */"},{"lineNumber":61,"author":{"gitId":"e0699194"},"content":"\tpublic void addTodo(Parser userInput) {"},{"lineNumber":62,"author":{"gitId":"e0699194"},"content":"\t\tString taskDescription \u003d userInput.getTaskDescription();"},{"lineNumber":63,"author":{"gitId":"e0699194"},"content":"\t\tint noOfTasks;"},{"lineNumber":64,"author":{"gitId":"e0699194"},"content":"\t\tif(taskDescription !\u003d null){"},{"lineNumber":65,"author":{"gitId":"e0699194"},"content":"\t\t\ttasks.add(new Todo(taskDescription));"},{"lineNumber":66,"author":{"gitId":"e0699194"},"content":"\t\t\tnoOfTasks \u003d tasks.size();"},{"lineNumber":67,"author":{"gitId":"e0699194"},"content":"\t\t\tui.taskAddedMessage(tasks, noOfTasks);"},{"lineNumber":68,"author":{"gitId":"e0699194"},"content":"\t\t}"},{"lineNumber":69,"author":{"gitId":"e0699194"},"content":"\t}"},{"lineNumber":70,"author":{"gitId":"e0699194"},"content":""},{"lineNumber":71,"author":{"gitId":"e0699194"},"content":"\t/**"},{"lineNumber":72,"author":{"gitId":"e0699194"},"content":"\t * Creates Deadline object based on user input."},{"lineNumber":73,"author":{"gitId":"e0699194"},"content":"\t *"},{"lineNumber":74,"author":{"gitId":"e0699194"},"content":"\t * @param userInput string that user has entered"},{"lineNumber":75,"author":{"gitId":"e0699194"},"content":"\t */"},{"lineNumber":76,"author":{"gitId":"e0699194"},"content":"\tpublic void addDeadline(Parser userInput) {"},{"lineNumber":77,"author":{"gitId":"e0699194"},"content":"\t\tString taskDescription \u003d userInput.getDeadlineDescription();"},{"lineNumber":78,"author":{"gitId":"e0699194"},"content":"\t\tString by \u003d userInput.getBy();"},{"lineNumber":79,"author":{"gitId":"e0699194"},"content":"\t\tint noOfTasks;"},{"lineNumber":80,"author":{"gitId":"e0699194"},"content":"\t\tif (taskDescription !\u003d null \u0026 by !\u003d null){"},{"lineNumber":81,"author":{"gitId":"e0699194"},"content":"\t\t\ttasks.add(new Deadline(taskDescription,by));"},{"lineNumber":82,"author":{"gitId":"e0699194"},"content":"\t\t\tnoOfTasks \u003d tasks.size();"},{"lineNumber":83,"author":{"gitId":"e0699194"},"content":"\t\t\tui.taskAddedMessage(tasks, noOfTasks);"},{"lineNumber":84,"author":{"gitId":"e0699194"},"content":"\t\t}"},{"lineNumber":85,"author":{"gitId":"e0699194"},"content":""},{"lineNumber":86,"author":{"gitId":"e0699194"},"content":"\t}"},{"lineNumber":87,"author":{"gitId":"e0699194"},"content":""},{"lineNumber":88,"author":{"gitId":"e0699194"},"content":"\t/**"},{"lineNumber":89,"author":{"gitId":"e0699194"},"content":"\t * Creates Event object based on user input."},{"lineNumber":90,"author":{"gitId":"e0699194"},"content":"\t *"},{"lineNumber":91,"author":{"gitId":"e0699194"},"content":"\t * @param userInput string that user has entered"},{"lineNumber":92,"author":{"gitId":"e0699194"},"content":"\t */"},{"lineNumber":93,"author":{"gitId":"e0699194"},"content":"\tpublic void addEvent(Parser userInput) {"},{"lineNumber":94,"author":{"gitId":"e0699194"},"content":"\t\tString taskDescription \u003d userInput.getEventDescription();"},{"lineNumber":95,"author":{"gitId":"e0699194"},"content":"\t\tString at \u003d userInput.getAt();"},{"lineNumber":96,"author":{"gitId":"e0699194"},"content":"\t\tint noOfTasks;"},{"lineNumber":97,"author":{"gitId":"e0699194"},"content":"\t\tif (taskDescription !\u003d null \u0026 at !\u003d null){"},{"lineNumber":98,"author":{"gitId":"e0699194"},"content":"\t\t\ttasks.add(new Event(taskDescription,at));"},{"lineNumber":99,"author":{"gitId":"e0699194"},"content":"\t\t\tnoOfTasks \u003d tasks.size();"},{"lineNumber":100,"author":{"gitId":"e0699194"},"content":"\t\t\tui.taskAddedMessage(tasks, noOfTasks);"},{"lineNumber":101,"author":{"gitId":"e0699194"},"content":"\t\t}"},{"lineNumber":102,"author":{"gitId":"e0699194"},"content":"\t}"},{"lineNumber":103,"author":{"gitId":"e0699194"},"content":""},{"lineNumber":104,"author":{"gitId":"e0699194"},"content":"\t/**"},{"lineNumber":105,"author":{"gitId":"e0699194"},"content":"\t * Prints task objects in the list."},{"lineNumber":106,"author":{"gitId":"e0699194"},"content":"\t */"},{"lineNumber":107,"author":{"gitId":"e0699194"},"content":"\tpublic void printList() {"},{"lineNumber":108,"author":{"gitId":"e0699194"},"content":"\t\tint noOfTasks \u003d tasks.size();"},{"lineNumber":109,"author":{"gitId":"e0699194"},"content":"\t\tif(noOfTasks \u003e 0) {"},{"lineNumber":110,"author":{"gitId":"e0699194"},"content":"\t\t\tui.printList(tasks,noOfTasks);"},{"lineNumber":111,"author":{"gitId":"e0699194"},"content":"\t\t} else {"},{"lineNumber":112,"author":{"gitId":"e0699194"},"content":"\t\t\tui.noTaskInListMessage();"},{"lineNumber":113,"author":{"gitId":"e0699194"},"content":"\t\t}"},{"lineNumber":114,"author":{"gitId":"e0699194"},"content":"\t}"},{"lineNumber":115,"author":{"gitId":"e0699194"},"content":""},{"lineNumber":116,"author":{"gitId":"e0699194"},"content":"\t/**"},{"lineNumber":117,"author":{"gitId":"e0699194"},"content":"\t * Marks a task object as done based on user input."},{"lineNumber":118,"author":{"gitId":"e0699194"},"content":"\t *"},{"lineNumber":119,"author":{"gitId":"e0699194"},"content":"\t * @param userInput string that user has entered"},{"lineNumber":120,"author":{"gitId":"e0699194"},"content":"\t */"},{"lineNumber":121,"author":{"gitId":"e0699194"},"content":"\tpublic void markAsDone(Parser userInput) {"},{"lineNumber":122,"author":{"gitId":"e0699194"},"content":"\t\tint taskIndex \u003d userInput.getTaskIndex();"},{"lineNumber":123,"author":{"gitId":"e0699194"},"content":"\t\tif(taskIndex \u003e\u003d 0){"},{"lineNumber":124,"author":{"gitId":"e0699194"},"content":"\t\t\ttasks.get(taskIndex).setDone();"},{"lineNumber":125,"author":{"gitId":"e0699194"},"content":"\t\t\tui.markedAsDoneMessage(tasks, taskIndex);"},{"lineNumber":126,"author":{"gitId":"e0699194"},"content":"\t\t}"},{"lineNumber":127,"author":{"gitId":"e0699194"},"content":"\t}"},{"lineNumber":128,"author":{"gitId":"e0699194"},"content":""},{"lineNumber":129,"author":{"gitId":"e0699194"},"content":"\t/**"},{"lineNumber":130,"author":{"gitId":"e0699194"},"content":"\t * Deletes a task object based on user input."},{"lineNumber":131,"author":{"gitId":"e0699194"},"content":"\t *"},{"lineNumber":132,"author":{"gitId":"e0699194"},"content":"\t * @param userInput string that user has entered"},{"lineNumber":133,"author":{"gitId":"e0699194"},"content":"\t */"},{"lineNumber":134,"author":{"gitId":"e0699194"},"content":"\tpublic void deleteTask(Parser userInput) {"},{"lineNumber":135,"author":{"gitId":"e0699194"},"content":"\t\tint taskIndex \u003d userInput.getTaskIndex();"},{"lineNumber":136,"author":{"gitId":"e0699194"},"content":"\t\tint noOfTasks;"},{"lineNumber":137,"author":{"gitId":"e0699194"},"content":"\t\tif(taskIndex \u003e\u003d 0){"},{"lineNumber":138,"author":{"gitId":"e0699194"},"content":"\t\t\tTask taskToDelete \u003d tasks.get(taskIndex);"},{"lineNumber":139,"author":{"gitId":"e0699194"},"content":"\t\t\ttasks.remove(taskIndex);"},{"lineNumber":140,"author":{"gitId":"e0699194"},"content":"\t\t\tnoOfTasks \u003d tasks.size();"},{"lineNumber":141,"author":{"gitId":"e0699194"},"content":"\t\t\tui.taskDeletedMessage(taskToDelete, noOfTasks);"},{"lineNumber":142,"author":{"gitId":"e0699194"},"content":"\t\t}"},{"lineNumber":143,"author":{"gitId":"e0699194"},"content":"\t}"},{"lineNumber":144,"author":{"gitId":"e0699194"},"content":""},{"lineNumber":145,"author":{"gitId":"e0699194"},"content":"\t/**"},{"lineNumber":146,"author":{"gitId":"e0699194"},"content":"\t * Finds task objects based on keyword."},{"lineNumber":147,"author":{"gitId":"e0699194"},"content":"\t *"},{"lineNumber":148,"author":{"gitId":"e0699194"},"content":"\t * @param userInput keyword that user has entered"},{"lineNumber":149,"author":{"gitId":"e0699194"},"content":"\t */"},{"lineNumber":150,"author":{"gitId":"e0699194"},"content":"\tpublic void findTask(Parser userInput) {"},{"lineNumber":151,"author":{"gitId":"e0699194"},"content":"\t\tString keyword \u003d userInput.getKeyword();"},{"lineNumber":152,"author":{"gitId":"e0699194"},"content":"\t\tint noOfTasks \u003d tasks.size();"},{"lineNumber":153,"author":{"gitId":"e0699194"},"content":"\t\tArrayList\u003cTask\u003e matchedTasks \u003d new ArrayList\u003c\u003e();"},{"lineNumber":154,"author":{"gitId":"e0699194"},"content":"\t\tif(noOfTasks \u003c\u003d 0){"},{"lineNumber":155,"author":{"gitId":"e0699194"},"content":"\t\t\tui.noTaskInListMessage();"},{"lineNumber":156,"author":{"gitId":"e0699194"},"content":"\t\t} else if(keyword !\u003d null){"},{"lineNumber":157,"author":{"gitId":"e0699194"},"content":"\t\t\tfor(int i \u003d 0; i \u003c noOfTasks; i++){"},{"lineNumber":158,"author":{"gitId":"e0699194"},"content":"\t\t\t\tTask taskToCheck \u003d tasks.get(i);"},{"lineNumber":159,"author":{"gitId":"e0699194"},"content":"\t\t\t\tif(taskToCheck.getDescription().contains(keyword)){"},{"lineNumber":160,"author":{"gitId":"e0699194"},"content":"\t\t\t\t\tmatchedTasks.add(taskToCheck);"},{"lineNumber":161,"author":{"gitId":"e0699194"},"content":"\t\t\t\t}"},{"lineNumber":162,"author":{"gitId":"e0699194"},"content":"\t\t\t}"},{"lineNumber":163,"author":{"gitId":"e0699194"},"content":"\t\t\tint noOfMatches \u003d matchedTasks.size();"},{"lineNumber":164,"author":{"gitId":"e0699194"},"content":"\t\t\tif (noOfMatches \u003e 0){"},{"lineNumber":165,"author":{"gitId":"e0699194"},"content":"\t\t\t\tui.printMatchedList(matchedTasks, matchedTasks.size());"},{"lineNumber":166,"author":{"gitId":"e0699194"},"content":"\t\t\t} else {"},{"lineNumber":167,"author":{"gitId":"e0699194"},"content":"\t\t\t\tui.noMatchMessage();"},{"lineNumber":168,"author":{"gitId":"e0699194"},"content":"\t\t\t}"},{"lineNumber":169,"author":{"gitId":"e0699194"},"content":"\t\t}"},{"lineNumber":170,"author":{"gitId":"e0699194"},"content":"\t}"},{"lineNumber":171,"author":{"gitId":"e0699194"},"content":"}"}],"authorContributionMap":{"e0699194":171}},{"path":"src/main/java/Todo.java","fileType":"java","lines":[{"lineNumber":1,"author":{"gitId":"e0699194"},"content":"/**"},{"lineNumber":2,"author":{"gitId":"e0699194"},"content":" * Subclass of Task object"},{"lineNumber":3,"author":{"gitId":"e0699194"},"content":" *"},{"lineNumber":4,"author":{"gitId":"e0699194"},"content":" * @author Calvin"},{"lineNumber":5,"author":{"gitId":"e0699194"},"content":" * @version 0.2"},{"lineNumber":6,"author":{"gitId":"e0699194"},"content":" * @since 2021-02-28"},{"lineNumber":7,"author":{"gitId":"e0699194"},"content":" */"},{"lineNumber":8,"author":{"gitId":"e0699194"},"content":"public class Todo extends Task{"},{"lineNumber":9,"author":{"gitId":"e0699194"},"content":""},{"lineNumber":10,"author":{"gitId":"e0699194"},"content":"\t/**"},{"lineNumber":11,"author":{"gitId":"e0699194"},"content":"\t * Todo object constructor."},{"lineNumber":12,"author":{"gitId":"e0699194"},"content":"\t *"},{"lineNumber":13,"author":{"gitId":"e0699194"},"content":"\t * @param description string description of task"},{"lineNumber":14,"author":{"gitId":"e0699194"},"content":"\t */"},{"lineNumber":15,"author":{"gitId":"e0699194"},"content":"\tpublic Todo(String description) {"},{"lineNumber":16,"author":{"gitId":"e0699194"},"content":"\t\tsuper(description);"},{"lineNumber":17,"author":{"gitId":"e0699194"},"content":"\t}"},{"lineNumber":18,"author":{"gitId":"e0699194"},"content":""},{"lineNumber":19,"author":{"gitId":"e0699194"},"content":"\t/**"},{"lineNumber":20,"author":{"gitId":"e0699194"},"content":"\t * Formats data of Todo object into standard used by the Duke application."},{"lineNumber":21,"author":{"gitId":"e0699194"},"content":"\t *"},{"lineNumber":22,"author":{"gitId":"e0699194"},"content":"\t * @return formatted string of Todo data"},{"lineNumber":23,"author":{"gitId":"e0699194"},"content":"\t */"},{"lineNumber":24,"author":{"gitId":"e0699194"},"content":"\t@Override"},{"lineNumber":25,"author":{"gitId":"e0699194"},"content":"\tpublic String toString() {"},{"lineNumber":26,"author":{"gitId":"e0699194"},"content":"\t\treturn \"[T]\" + super.toString();"},{"lineNumber":27,"author":{"gitId":"e0699194"},"content":"\t}"},{"lineNumber":28,"author":{"gitId":"e0699194"},"content":""},{"lineNumber":29,"author":{"gitId":"e0699194"},"content":"\t/**"},{"lineNumber":30,"author":{"gitId":"e0699194"},"content":"\t * Formats data of Todo object into standard used by the Storage class."},{"lineNumber":31,"author":{"gitId":"e0699194"},"content":"\t *"},{"lineNumber":32,"author":{"gitId":"e0699194"},"content":"\t * @return formatted string of Todo data"},{"lineNumber":33,"author":{"gitId":"e0699194"},"content":"\t */"},{"lineNumber":34,"author":{"gitId":"e0699194"},"content":"\t@Override"},{"lineNumber":35,"author":{"gitId":"e0699194"},"content":"\tpublic String saveFormatString(){"},{"lineNumber":36,"author":{"gitId":"e0699194"},"content":"\t\treturn \"T | \" + super.saveFormatString();"},{"lineNumber":37,"author":{"gitId":"e0699194"},"content":"\t}"},{"lineNumber":38,"author":{"gitId":"e0699194"},"content":"}"}],"authorContributionMap":{"e0699194":38}},{"path":"src/main/java/Ui.java","fileType":"java","lines":[{"lineNumber":1,"author":{"gitId":"e0699194"},"content":"import java.util.ArrayList;"},{"lineNumber":2,"author":{"gitId":"e0699194"},"content":""},{"lineNumber":3,"author":{"gitId":"e0699194"},"content":"/**"},{"lineNumber":4,"author":{"gitId":"e0699194"},"content":" * This class handles all displays required byt the duke application."},{"lineNumber":5,"author":{"gitId":"e0699194"},"content":" *"},{"lineNumber":6,"author":{"gitId":"e0699194"},"content":" * @author Calvin"},{"lineNumber":7,"author":{"gitId":"e0699194"},"content":" * @version 0.2"},{"lineNumber":8,"author":{"gitId":"e0699194"},"content":" * @since 2021-02-28"},{"lineNumber":9,"author":{"gitId":"e0699194"},"content":" */"},{"lineNumber":10,"author":{"gitId":"e0699194"},"content":"public class Ui {"},{"lineNumber":11,"author":{"gitId":"e0699194"},"content":""},{"lineNumber":12,"author":{"gitId":"e0699194"},"content":"\t/**"},{"lineNumber":13,"author":{"gitId":"e0699194"},"content":"\t * Displays Duke Logo"},{"lineNumber":14,"author":{"gitId":"e0699194"},"content":"\t */"},{"lineNumber":15,"author":{"gitId":"e0699194"},"content":"\tpublic static void printLogo(){"},{"lineNumber":16,"author":{"gitId":"e0699194"},"content":"\t\tString logo \u003d \" ____        _        \\n\""},{"lineNumber":17,"author":{"gitId":"e0699194"},"content":"\t\t\t\t+ \"|  _ \\\\ _   _| | _____ \\n\""},{"lineNumber":18,"author":{"gitId":"e0699194"},"content":"\t\t\t\t+ \"| | | | | | | |/ / _ \\\\\\n\""},{"lineNumber":19,"author":{"gitId":"e0699194"},"content":"\t\t\t\t+ \"| |_| | |_| |   \u003c  __/\\n\""},{"lineNumber":20,"author":{"gitId":"e0699194"},"content":"\t\t\t\t+ \"|____/ \\\\__,_|_|\\\\_\\\\___|\\n\";"},{"lineNumber":21,"author":{"gitId":"e0699194"},"content":"\t\tSystem.out.println(logo);"},{"lineNumber":22,"author":{"gitId":"e0699194"},"content":"\t}"},{"lineNumber":23,"author":{"gitId":"e0699194"},"content":""},{"lineNumber":24,"author":{"gitId":"e0699194"},"content":"\t/**"},{"lineNumber":25,"author":{"gitId":"e0699194"},"content":"\t * Displays welcome message when user starts the app."},{"lineNumber":26,"author":{"gitId":"e0699194"},"content":"\t */"},{"lineNumber":27,"author":{"gitId":"e0699194"},"content":"\tpublic void startupMessage(){"},{"lineNumber":28,"author":{"gitId":"e0699194"},"content":"\t\tSystem.out.println(\"Hello from\\n\");"},{"lineNumber":29,"author":{"gitId":"e0699194"},"content":"\t\tprintLogo();"},{"lineNumber":30,"author":{"gitId":"e0699194"},"content":"\t\tlineSeparator();"},{"lineNumber":31,"author":{"gitId":"e0699194"},"content":"\t\tSystem.out.println(\"\\tHello! I\u0027m Duke\");"},{"lineNumber":32,"author":{"gitId":"e0699194"},"content":"\t\tSystem.out.println(\"\\tWhat can I do for you?\");"},{"lineNumber":33,"author":{"gitId":"e0699194"},"content":"\t\tlineSeparator();"},{"lineNumber":34,"author":{"gitId":"e0699194"},"content":"\t}"},{"lineNumber":35,"author":{"gitId":"e0699194"},"content":""},{"lineNumber":36,"author":{"gitId":"e0699194"},"content":"\t/**"},{"lineNumber":37,"author":{"gitId":"e0699194"},"content":"\t * Displays line"},{"lineNumber":38,"author":{"gitId":"e0699194"},"content":"\t */"},{"lineNumber":39,"author":{"gitId":"e0699194"},"content":"\tpublic void lineSeparator(){"},{"lineNumber":40,"author":{"gitId":"e0699194"},"content":"\t\tSystem.out.println(\"\\t____________________________________________________________\");"},{"lineNumber":41,"author":{"gitId":"e0699194"},"content":"\t}"},{"lineNumber":42,"author":{"gitId":"e0699194"},"content":""},{"lineNumber":43,"author":{"gitId":"e0699194"},"content":"\t/**"},{"lineNumber":44,"author":{"gitId":"e0699194"},"content":"\t * Displays message that task has been successfully added and the number of tasks in the list."},{"lineNumber":45,"author":{"gitId":"e0699194"},"content":"\t *"},{"lineNumber":46,"author":{"gitId":"e0699194"},"content":"\t * @param tasks ArrayList of task objects used in the app session"},{"lineNumber":47,"author":{"gitId":"e0699194"},"content":"\t * @param noOfTasks number of tasks that is currently in the ArrayList"},{"lineNumber":48,"author":{"gitId":"e0699194"},"content":"\t */"},{"lineNumber":49,"author":{"gitId":"e0699194"},"content":"\tpublic void taskAddedMessage(ArrayList\u003cTask\u003e tasks, int noOfTasks) {"},{"lineNumber":50,"author":{"gitId":"e0699194"},"content":"\t\tlineSeparator();"},{"lineNumber":51,"author":{"gitId":"e0699194"},"content":"\t\tSystem.out.println(\"\\tGot it! I\u0027ve added this task:\");"},{"lineNumber":52,"author":{"gitId":"e0699194"},"content":"\t\tSystem.out.println(\"\\t\" + tasks.get(noOfTasks - 1).toString());"},{"lineNumber":53,"author":{"gitId":"e0699194"},"content":"\t\tSystem.out.printf(\"\\tNow you have %d tasks in the list.\\n\", noOfTasks);"},{"lineNumber":54,"author":{"gitId":"e0699194"},"content":"\t\tlineSeparator();"},{"lineNumber":55,"author":{"gitId":"e0699194"},"content":"\t}"},{"lineNumber":56,"author":{"gitId":"e0699194"},"content":""},{"lineNumber":57,"author":{"gitId":"e0699194"},"content":"\t/**"},{"lineNumber":58,"author":{"gitId":"e0699194"},"content":"\t * Displays message that task has been successfully marked as done and the task details."},{"lineNumber":59,"author":{"gitId":"e0699194"},"content":"\t *"},{"lineNumber":60,"author":{"gitId":"e0699194"},"content":"\t * @param tasks ArrayList of task objects used in the app session"},{"lineNumber":61,"author":{"gitId":"e0699194"},"content":"\t * @param taskIndex position of task object in the ArrayList"},{"lineNumber":62,"author":{"gitId":"e0699194"},"content":"\t */"},{"lineNumber":63,"author":{"gitId":"e0699194"},"content":"\tpublic void markedAsDoneMessage(ArrayList\u003cTask\u003e tasks, int taskIndex) {"},{"lineNumber":64,"author":{"gitId":"e0699194"},"content":"\t\tlineSeparator();"},{"lineNumber":65,"author":{"gitId":"e0699194"},"content":"\t\tSystem.out.println(\"\\tNice! I\u0027ve marked this task as done:\");"},{"lineNumber":66,"author":{"gitId":"e0699194"},"content":"\t\tSystem.out.println(\"\\t\" + tasks.get(taskIndex).toString());"},{"lineNumber":67,"author":{"gitId":"e0699194"},"content":"\t\tlineSeparator();"},{"lineNumber":68,"author":{"gitId":"e0699194"},"content":"\t}"},{"lineNumber":69,"author":{"gitId":"e0699194"},"content":""},{"lineNumber":70,"author":{"gitId":"e0699194"},"content":"\t/**"},{"lineNumber":71,"author":{"gitId":"e0699194"},"content":"\t * Displays message that task has been successfully deleted."},{"lineNumber":72,"author":{"gitId":"e0699194"},"content":"\t *"},{"lineNumber":73,"author":{"gitId":"e0699194"},"content":"\t * @param taskToDelete task object that has been deleted"},{"lineNumber":74,"author":{"gitId":"e0699194"},"content":"\t * @param noOfTasks number of tasks in the ArrayList after task was deleted."},{"lineNumber":75,"author":{"gitId":"e0699194"},"content":"\t */"},{"lineNumber":76,"author":{"gitId":"e0699194"},"content":"\tpublic void taskDeletedMessage(Task taskToDelete, int noOfTasks) {"},{"lineNumber":77,"author":{"gitId":"e0699194"},"content":"\t\tlineSeparator();"},{"lineNumber":78,"author":{"gitId":"e0699194"},"content":"\t\tSystem.out.println(\"\\tNoted. I\u0027ve removed this task.\");"},{"lineNumber":79,"author":{"gitId":"e0699194"},"content":"\t\tSystem.out.println(\"\\t\" + taskToDelete.toString());"},{"lineNumber":80,"author":{"gitId":"e0699194"},"content":"\t\tSystem.out.printf(\"\\tNow you have %d tasks in the list.\\n\", noOfTasks);"},{"lineNumber":81,"author":{"gitId":"e0699194"},"content":"\t\tlineSeparator();"},{"lineNumber":82,"author":{"gitId":"e0699194"},"content":"\t}"},{"lineNumber":83,"author":{"gitId":"e0699194"},"content":""},{"lineNumber":84,"author":{"gitId":"e0699194"},"content":"\t/**"},{"lineNumber":85,"author":{"gitId":"e0699194"},"content":"\t * Displays message when user has ended the session."},{"lineNumber":86,"author":{"gitId":"e0699194"},"content":"\t */"},{"lineNumber":87,"author":{"gitId":"e0699194"},"content":"\tpublic void shutdownMessage() {"},{"lineNumber":88,"author":{"gitId":"e0699194"},"content":"\t\tlineSeparator();"},{"lineNumber":89,"author":{"gitId":"e0699194"},"content":"\t\tSystem.out.println(\"\\tBye. Hope to see you again soon!\");"},{"lineNumber":90,"author":{"gitId":"e0699194"},"content":"\t\tlineSeparator();"},{"lineNumber":91,"author":{"gitId":"e0699194"},"content":"\t}"},{"lineNumber":92,"author":{"gitId":"e0699194"},"content":""},{"lineNumber":93,"author":{"gitId":"e0699194"},"content":"\t/**"},{"lineNumber":94,"author":{"gitId":"e0699194"},"content":"\t * Displays tasks that the findTask method in the TaskList class has matched based on the user input."},{"lineNumber":95,"author":{"gitId":"e0699194"},"content":"\t *"},{"lineNumber":96,"author":{"gitId":"e0699194"},"content":"\t * @param matchedTasks ArrayList of task objects matched the findTask method"},{"lineNumber":97,"author":{"gitId":"e0699194"},"content":"\t * @param size size of the ArrayList of task objects matched the findTask method"},{"lineNumber":98,"author":{"gitId":"e0699194"},"content":"\t */"},{"lineNumber":99,"author":{"gitId":"e0699194"},"content":"\tpublic void printMatchedList(ArrayList\u003cTask\u003e matchedTasks, int size) {"},{"lineNumber":100,"author":{"gitId":"e0699194"},"content":"\t\tlineSeparator();"},{"lineNumber":101,"author":{"gitId":"e0699194"},"content":"\t\tSystem.out.println(\"\\tHere are the matching tasks in your list:\");"},{"lineNumber":102,"author":{"gitId":"e0699194"},"content":"\t\tfor (int i \u003d 0; i \u003c size; i++){"},{"lineNumber":103,"author":{"gitId":"e0699194"},"content":"\t\t\tSystem.out.printf(\"\\t%d. %s\\n\", i + 1, matchedTasks.get(i).toString());"},{"lineNumber":104,"author":{"gitId":"e0699194"},"content":"\t\t}"},{"lineNumber":105,"author":{"gitId":"e0699194"},"content":"\t\tlineSeparator();"},{"lineNumber":106,"author":{"gitId":"e0699194"},"content":"\t}"},{"lineNumber":107,"author":{"gitId":"e0699194"},"content":""},{"lineNumber":108,"author":{"gitId":"e0699194"},"content":"\t/**"},{"lineNumber":109,"author":{"gitId":"e0699194"},"content":"\t *  Displays error message when user tries to print an empty ArrayList."},{"lineNumber":110,"author":{"gitId":"e0699194"},"content":"\t */"},{"lineNumber":111,"author":{"gitId":"e0699194"},"content":"\tpublic void noTaskInListMessage() {"},{"lineNumber":112,"author":{"gitId":"e0699194"},"content":"\t\tlineSeparator();"},{"lineNumber":113,"author":{"gitId":"e0699194"},"content":"\t\tSystem.out.println(\"\\tYou have no tasks to in your list.\");"},{"lineNumber":114,"author":{"gitId":"e0699194"},"content":"\t\tlineSeparator();"},{"lineNumber":115,"author":{"gitId":"e0699194"},"content":"\t}"},{"lineNumber":116,"author":{"gitId":"e0699194"},"content":""},{"lineNumber":117,"author":{"gitId":"e0699194"},"content":"\t/**"},{"lineNumber":118,"author":{"gitId":"e0699194"},"content":"\t * Displays error message when findTask method in TaskList class returns no matches based on the user input."},{"lineNumber":119,"author":{"gitId":"e0699194"},"content":"\t */"},{"lineNumber":120,"author":{"gitId":"e0699194"},"content":"\tpublic void noMatchMessage() {"},{"lineNumber":121,"author":{"gitId":"e0699194"},"content":"\t\tlineSeparator();"},{"lineNumber":122,"author":{"gitId":"e0699194"},"content":"\t\tSystem.out.println(\"\\tNo matches found!\");"},{"lineNumber":123,"author":{"gitId":"e0699194"},"content":"\t\tlineSeparator();"},{"lineNumber":124,"author":{"gitId":"e0699194"},"content":"\t}"},{"lineNumber":125,"author":{"gitId":"e0699194"},"content":""},{"lineNumber":126,"author":{"gitId":"e0699194"},"content":"\t/**"},{"lineNumber":127,"author":{"gitId":"e0699194"},"content":"\t * Displays all tasks in the ArrayList"},{"lineNumber":128,"author":{"gitId":"e0699194"},"content":"\t *"},{"lineNumber":129,"author":{"gitId":"e0699194"},"content":"\t * @param tasks ArrayList of tasks used in the session"},{"lineNumber":130,"author":{"gitId":"e0699194"},"content":"\t * @param noOfTasks size of the ArrayList of tasks used in the session"},{"lineNumber":131,"author":{"gitId":"e0699194"},"content":"\t */"},{"lineNumber":132,"author":{"gitId":"e0699194"},"content":"\tpublic void printList(ArrayList\u003cTask\u003e tasks, int noOfTasks) {"},{"lineNumber":133,"author":{"gitId":"e0699194"},"content":"\t\tlineSeparator();"},{"lineNumber":134,"author":{"gitId":"e0699194"},"content":"\t\tSystem.out.println(\"\\tHere are the tasks in your list\");"},{"lineNumber":135,"author":{"gitId":"e0699194"},"content":"\t\tfor (int i \u003d 0; i \u003c noOfTasks; i++){"},{"lineNumber":136,"author":{"gitId":"e0699194"},"content":"\t\t\tSystem.out.printf(\"\\t%d. %s\\n\", i + 1, tasks.get(i).toString());"},{"lineNumber":137,"author":{"gitId":"e0699194"},"content":"\t\t}"},{"lineNumber":138,"author":{"gitId":"e0699194"},"content":"\t\tlineSeparator();"},{"lineNumber":139,"author":{"gitId":"e0699194"},"content":"\t}"},{"lineNumber":140,"author":{"gitId":"e0699194"},"content":""},{"lineNumber":141,"author":{"gitId":"e0699194"},"content":"\t/**"},{"lineNumber":142,"author":{"gitId":"e0699194"},"content":"\t * Displays error message when user inputs the an unrecognised input."},{"lineNumber":143,"author":{"gitId":"e0699194"},"content":"\t */"},{"lineNumber":144,"author":{"gitId":"e0699194"},"content":"\tpublic void invalidInputMessage() {"},{"lineNumber":145,"author":{"gitId":"e0699194"},"content":"\t\tlineSeparator();"},{"lineNumber":146,"author":{"gitId":"e0699194"},"content":"\t\tSystem.out.println(\"\\tSorry! Input not recognised, please try again.\");"},{"lineNumber":147,"author":{"gitId":"e0699194"},"content":"\t\tlineSeparator();"},{"lineNumber":148,"author":{"gitId":"e0699194"},"content":"\t}"},{"lineNumber":149,"author":{"gitId":"e0699194"},"content":""},{"lineNumber":150,"author":{"gitId":"e0699194"},"content":"\t/**"},{"lineNumber":151,"author":{"gitId":"e0699194"},"content":"\t * Displays error message when application is unable to find /by when user is creating a deadline."},{"lineNumber":152,"author":{"gitId":"e0699194"},"content":"\t */"},{"lineNumber":153,"author":{"gitId":"e0699194"},"content":"\tpublic void missingBy() {"},{"lineNumber":154,"author":{"gitId":"e0699194"},"content":"\t\tlineSeparator();"},{"lineNumber":155,"author":{"gitId":"e0699194"},"content":"\t\tSystem.out.println(\"\\tOOPS!! The deadline of the task is missing!\");"},{"lineNumber":156,"author":{"gitId":"e0699194"},"content":"\t\tSystem.out.println(\"\\tFormat: deadline (description) /by (date time*)\");"},{"lineNumber":157,"author":{"gitId":"e0699194"},"content":"\t\tSystem.out.println(\"\\t* - optional\");"},{"lineNumber":158,"author":{"gitId":"e0699194"},"content":"\t\tlineSeparator();"},{"lineNumber":159,"author":{"gitId":"e0699194"},"content":"\t}"},{"lineNumber":160,"author":{"gitId":"e0699194"},"content":""},{"lineNumber":161,"author":{"gitId":"e0699194"},"content":"\t/**"},{"lineNumber":162,"author":{"gitId":"e0699194"},"content":"\t * Displays error message when application is unable to find /as when user is creating an event."},{"lineNumber":163,"author":{"gitId":"e0699194"},"content":"\t */"},{"lineNumber":164,"author":{"gitId":"e0699194"},"content":"\tpublic void missingAt() {"},{"lineNumber":165,"author":{"gitId":"e0699194"},"content":"\t\tlineSeparator();"},{"lineNumber":166,"author":{"gitId":"e0699194"},"content":"\t\tSystem.out.println(\"\\tOOPS!! The deadline of the task is missing!\");"},{"lineNumber":167,"author":{"gitId":"e0699194"},"content":"\t\tSystem.out.println(\"\\tFormat: event (description) /at (date time)\");"},{"lineNumber":168,"author":{"gitId":"e0699194"},"content":"\t\tlineSeparator();"},{"lineNumber":169,"author":{"gitId":"e0699194"},"content":"\t}"},{"lineNumber":170,"author":{"gitId":"e0699194"},"content":""},{"lineNumber":171,"author":{"gitId":"e0699194"},"content":"\t/**"},{"lineNumber":172,"author":{"gitId":"e0699194"},"content":"\t * Displays error message when user enters more than one keyword for the findTask method in the TaskList class."},{"lineNumber":173,"author":{"gitId":"e0699194"},"content":"\t */"},{"lineNumber":174,"author":{"gitId":"e0699194"},"content":"\tpublic void invalidKeywordMessage() {"},{"lineNumber":175,"author":{"gitId":"e0699194"},"content":"\t\tlineSeparator();"},{"lineNumber":176,"author":{"gitId":"e0699194"},"content":"\t\tSystem.out.println(\"\\tOOPS!! You have entered more than one keyword.\");"},{"lineNumber":177,"author":{"gitId":"e0699194"},"content":"\t\tSystem.out.println(\"\\tFormat: find (one keyword)\");"},{"lineNumber":178,"author":{"gitId":"e0699194"},"content":"\t\tlineSeparator();"},{"lineNumber":179,"author":{"gitId":"e0699194"},"content":"\t}"},{"lineNumber":180,"author":{"gitId":"e0699194"},"content":"}"}],"authorContributionMap":{"e0699194":180}},{"path":"text-ui-test/input.txt","fileType":"txt","lines":[{"lineNumber":1,"author":{"gitId":"e0699194"},"content":"todo Calvin Low: Answer CS2113 tutorial questions"},{"lineNumber":2,"author":{"gitId":"e0699194"},"content":"deadline weekly CS2113 quiz /by Monday 9pm"},{"lineNumber":3,"author":{"gitId":"e0699194"},"content":"list"},{"lineNumber":4,"author":{"gitId":"e0699194"},"content":"event CS2113 lecture /at Friday 4 to 6pm"},{"lineNumber":5,"author":{"gitId":"e0699194"},"content":"done 1"},{"lineNumber":6,"author":{"gitId":"e0699194"},"content":"list"},{"lineNumber":7,"author":{"gitId":"e0699194"},"content":"^Z"}],"authorContributionMap":{"e0699194":7}},{"path":"text-ui-test/runtest.bat","fileType":"bat","lines":[{"lineNumber":1,"author":{"gitId":"-"},"content":"@ECHO OFF"},{"lineNumber":2,"author":{"gitId":"-"},"content":""},{"lineNumber":3,"author":{"gitId":"-"},"content":"REM create bin directory if it doesn\u0027t exist"},{"lineNumber":4,"author":{"gitId":"-"},"content":"if not exist ..\\bin mkdir ..\\bin"},{"lineNumber":5,"author":{"gitId":"-"},"content":""},{"lineNumber":6,"author":{"gitId":"-"},"content":"REM delete output from previous run"},{"lineNumber":7,"author":{"gitId":"-"},"content":"del ACTUAL.TXT"},{"lineNumber":8,"author":{"gitId":"-"},"content":""},{"lineNumber":9,"author":{"gitId":"-"},"content":"REM compile the code into the bin folder"},{"lineNumber":10,"author":{"gitId":"-"},"content":"javac  -cp ..\\src\\main\\java -Xlint:none -d ..\\bin ..\\src\\main\\java\\*.java"},{"lineNumber":11,"author":{"gitId":"-"},"content":"IF ERRORLEVEL 1 ("},{"lineNumber":12,"author":{"gitId":"-"},"content":"    echo ********** BUILD FAILURE **********"},{"lineNumber":13,"author":{"gitId":"-"},"content":"    exit /b 1"},{"lineNumber":14,"author":{"gitId":"-"},"content":")"},{"lineNumber":15,"author":{"gitId":"-"},"content":"REM no error here, errorlevel \u003d\u003d 0"},{"lineNumber":16,"author":{"gitId":"-"},"content":""},{"lineNumber":17,"author":{"gitId":"-"},"content":"REM run the program, feed commands from input.txt file and redirect the output to the ACTUAL.TXT"},{"lineNumber":18,"author":{"gitId":"-"},"content":"java -classpath ..\\bin Duke \u003c input.txt \u003e ACTUAL.TXT"},{"lineNumber":19,"author":{"gitId":"-"},"content":""},{"lineNumber":20,"author":{"gitId":"-"},"content":"REM compare the output to the expected output"},{"lineNumber":21,"author":{"gitId":"-"},"content":"FC ACTUAL.TXT EXPECTED.TXT"},{"lineNumber":22,"author":{"gitId":"e0699194"},"content":""},{"lineNumber":23,"author":{"gitId":"e0699194"},"content":"cmd /k"}],"authorContributionMap":{"e0699194":2,"-":21}}]
