{"authorDailyContributionsMap":{"e0699194":[{"date":"2021-02-01","commitResults":[{"hash":"93e419876b7cc5955977be7424510a702e0cbb6e","messageTitle":"Add text line \"Here are the tasks in your list:\"","messageBody":"","tags":["Level-3"],"fileTypesAndContributionMap":{"java":{"insertions":1,"deletions":0}}}]},{"date":"2021-02-02","commitResults":[{"hash":"8cf5334f06303ffcc52b56367b91456b238ccaf7","messageTitle":"Check coding standard","messageBody":"","tags":["A-CodingStandard"],"fileTypesAndContributionMap":{"java":{"insertions":12,"deletions":16}}},{"hash":"07a979c3a4f063a762381a7a46e92098d72d137a","messageTitle":"Add Increment Level-4","messageBody":"","tags":["Level-4"],"fileTypesAndContributionMap":{"java":{"insertions":105,"deletions":15}}},{"hash":"587abc6b175f9a338a6be97549b16021c3fbb68a","messageTitle":"Correct formatting errors","messageBody":"","fileTypesAndContributionMap":{"java":{"insertions":4,"deletions":4}}},{"hash":"b5873be7b4436ec7a1ef10ee2f3f0f4eaaa84a51","messageTitle":"Add A-TextUiTesting","messageBody":"","tags":["A-TextUiTesting"],"fileTypesAndContributionMap":{"txt":{"insertions":1,"deletions":0},"bat":{"insertions":2,"deletions":2}}},{"hash":"a1f3baa254c7031f907247e6897d6a03e2343cad","messageTitle":"Add ability to run TextUiTesting on multiple input lines","messageBody":"","fileTypesAndContributionMap":{"txt":{"insertions":4,"deletions":1},"java":{"insertions":2,"deletions":2},"bat":{"insertions":3,"deletions":1}}},{"hash":"6e01542d179222b8cfc3d02f4f5847c3c1bb3d7f","messageTitle":"Improve code quality","messageBody":"","tags":["Level-5","A-CodeQuality"],"fileTypesAndContributionMap":{"java":{"insertions":27,"deletions":22}}}]},{"date":"2021-02-09","commitResults":[{"hash":"aa5c5473d9e7ad8da828f11000a3eac2dbb44447","messageTitle":"Add basic error handling (level-5)","messageBody":"","fileTypesAndContributionMap":{"txt":{"insertions":6,"deletions":3},"java":{"insertions":25,"deletions":5}}}]},{"date":"2021-02-16","commitResults":[{"hash":"7d378e83161188f26a13c7a27160dc1a869d72bb","messageTitle":"add ability to delete added tasks","messageBody":"","tags":["Level-6"],"fileTypesAndContributionMap":{"txt":{"insertions":9,"deletions":5},"java":{"insertions":46,"deletions":13}}},{"hash":"2d7d42e3318316679c3fad9efc33f662e3b1c08b","messageTitle":"Revert \"add ability to delete added tasks\"","messageBody":"This reverts commit 7d378e83161188f26a13c7a27160dc1a869d72bb.\n","fileTypesAndContributionMap":{"txt":{"insertions":5,"deletions":9},"java":{"insertions":13,"deletions":46}}},{"hash":"54357bd9c1259db8f7e4648ab29d0e5e0be2827e","messageTitle":"Add ability to read and save to txt file","messageBody":"","tags":["Level-7"],"fileTypesAndContributionMap":{"txt":{"insertions":4,"deletions":0},"java":{"insertions":105,"deletions":2}}}]},{"date":"2021-02-17","commitResults":[{"hash":"bc94aba99ffaebf22973de77996c0c2d67422f1b","messageTitle":"Fix merge issues","messageBody":"","tags":["v0.1"],"fileTypesAndContributionMap":{"txt":{"insertions":2,"deletions":3},"java":{"insertions":54,"deletions":29}}},{"hash":"06d4a561bc121e287b9e85ca5336265fff1226a1","messageTitle":"Add error handling for when directory is not created","messageBody":"","fileTypesAndContributionMap":{"txt":{"insertions":0,"deletions":3},"java":{"insertions":42,"deletions":37}}}]}]},"authorFileTypeContributionMap":{"e0699194":{"java":272,"md":0,"fxml":0,"sh":0,"bat":2,"gradle":0,"txt":7}},"authorContributionVariance":{"e0699194":3517.66},"authorDisplayNameMap":{"e0699194":"CS2113-W10-1 LOW ..LVIN"}}
