[{"path":"src/main/java/Deadline.java","fileType":"java","lines":[{"lineNumber":1,"author":{"gitId":"ManikaHennedige"},"content":"public class Deadline extends Task {"},{"lineNumber":2,"author":{"gitId":"ManikaHennedige"},"content":"    protected String dueDate;"},{"lineNumber":3,"author":{"gitId":"ManikaHennedige"},"content":""},{"lineNumber":4,"author":{"gitId":"ManikaHennedige"},"content":"    public Deadline(String task, String dueDate) {"},{"lineNumber":5,"author":{"gitId":"ManikaHennedige"},"content":"        super(task);"},{"lineNumber":6,"author":{"gitId":"ManikaHennedige"},"content":"        this.dueDate \u003d dueDate;"},{"lineNumber":7,"author":{"gitId":"ManikaHennedige"},"content":"    }"},{"lineNumber":8,"author":{"gitId":"ManikaHennedige"},"content":""},{"lineNumber":9,"author":{"gitId":"ManikaHennedige"},"content":"    public String getDateTime(){"},{"lineNumber":10,"author":{"gitId":"ManikaHennedige"},"content":"        return this.dueDate;"},{"lineNumber":11,"author":{"gitId":"ManikaHennedige"},"content":"    }"},{"lineNumber":12,"author":{"gitId":"ManikaHennedige"},"content":""},{"lineNumber":13,"author":{"gitId":"ManikaHennedige"},"content":"    public String toBaseString(){"},{"lineNumber":14,"author":{"gitId":"ManikaHennedige"},"content":"        return super.toString();"},{"lineNumber":15,"author":{"gitId":"ManikaHennedige"},"content":"    }"},{"lineNumber":16,"author":{"gitId":"ManikaHennedige"},"content":""},{"lineNumber":17,"author":{"gitId":"ManikaHennedige"},"content":"    @Override"},{"lineNumber":18,"author":{"gitId":"ManikaHennedige"},"content":"    public String toString() {"},{"lineNumber":19,"author":{"gitId":"ManikaHennedige"},"content":"        return \"Deadline : \" + toBaseString() + \" || Due by: \" + this.getDateTime();"},{"lineNumber":20,"author":{"gitId":"ManikaHennedige"},"content":"    }"},{"lineNumber":21,"author":{"gitId":"ManikaHennedige"},"content":"}"}],"authorContributionMap":{"ManikaHennedige":21}},{"path":"src/main/java/Duke.java","fileType":"java","lines":[{"lineNumber":1,"author":{"gitId":"ManikaHennedige"},"content":"import java.util.Scanner;"},{"lineNumber":2,"author":{"gitId":"ManikaHennedige"},"content":""},{"lineNumber":3,"author":{"gitId":"-"},"content":"public class Duke {"},{"lineNumber":4,"author":{"gitId":"ManikaHennedige"},"content":""},{"lineNumber":5,"author":{"gitId":"-"},"content":"    public static void main(String[] args) {"},{"lineNumber":6,"author":{"gitId":"ManikaHennedige"},"content":"        UI.showWelcomeScreen();"},{"lineNumber":7,"author":{"gitId":"ManikaHennedige"},"content":"        Scanner sc \u003d new Scanner(System.in);"},{"lineNumber":8,"author":{"gitId":"ManikaHennedige"},"content":"        String input;"},{"lineNumber":9,"author":{"gitId":"ManikaHennedige"},"content":""},{"lineNumber":10,"author":{"gitId":"ManikaHennedige"},"content":"        do {"},{"lineNumber":11,"author":{"gitId":"ManikaHennedige"},"content":"            input \u003d sc.nextLine();"},{"lineNumber":12,"author":{"gitId":"ManikaHennedige"},"content":"            switch (input) {"},{"lineNumber":13,"author":{"gitId":"ManikaHennedige"},"content":"            case \"list\":"},{"lineNumber":14,"author":{"gitId":"ManikaHennedige"},"content":"                System.out.println(\"This is your current list:\");"},{"lineNumber":15,"author":{"gitId":"ManikaHennedige"},"content":"                for (int i \u003d 0; i \u003c Task.getTaskCounter(); i++){"},{"lineNumber":16,"author":{"gitId":"ManikaHennedige"},"content":"                    int displayedTask \u003d i + 1;"},{"lineNumber":17,"author":{"gitId":"ManikaHennedige"},"content":"                    System.out.println(displayedTask + \": \" + Task.getTaskList()[i]);"},{"lineNumber":18,"author":{"gitId":"ManikaHennedige"},"content":"                }"},{"lineNumber":19,"author":{"gitId":"ManikaHennedige"},"content":"                UI.showDivider();"},{"lineNumber":20,"author":{"gitId":"ManikaHennedige"},"content":"                break;"},{"lineNumber":21,"author":{"gitId":"ManikaHennedige"},"content":"            case \"bye\":"},{"lineNumber":22,"author":{"gitId":"ManikaHennedige"},"content":"                System.out.println(UI.divider);"},{"lineNumber":23,"author":{"gitId":"ManikaHennedige"},"content":"                System.out.println(\"Bye! Hope to hear from you again soon!\");"},{"lineNumber":24,"author":{"gitId":"ManikaHennedige"},"content":"                System.out.println(UI.divider);"},{"lineNumber":25,"author":{"gitId":"ManikaHennedige"},"content":"                break;"},{"lineNumber":26,"author":{"gitId":"ManikaHennedige"},"content":"            default:"},{"lineNumber":27,"author":{"gitId":"ManikaHennedige"},"content":"                // todo make the heavy lifting be done by another processing class instead of here"},{"lineNumber":28,"author":{"gitId":"ManikaHennedige"},"content":"                Parser.processTask(input);"},{"lineNumber":29,"author":{"gitId":"ManikaHennedige"},"content":""},{"lineNumber":30,"author":{"gitId":"ManikaHennedige"},"content":"            }"},{"lineNumber":31,"author":{"gitId":"ManikaHennedige"},"content":"        } while (!input.equals(\"bye\"));"},{"lineNumber":32,"author":{"gitId":"ManikaHennedige"},"content":""},{"lineNumber":33,"author":{"gitId":"ManikaHennedige"},"content":""},{"lineNumber":34,"author":{"gitId":"-"},"content":"    }"},{"lineNumber":35,"author":{"gitId":"-"},"content":"}"}],"authorContributionMap":{"ManikaHennedige":31,"-":4}},{"path":"src/main/java/Event.java","fileType":"java","lines":[{"lineNumber":1,"author":{"gitId":"ManikaHennedige"},"content":"public class Event extends Deadline {"},{"lineNumber":2,"author":{"gitId":"ManikaHennedige"},"content":""},{"lineNumber":3,"author":{"gitId":"ManikaHennedige"},"content":"    public Event(String description, String eventDuration) {"},{"lineNumber":4,"author":{"gitId":"ManikaHennedige"},"content":"        super(description, eventDuration);"},{"lineNumber":5,"author":{"gitId":"ManikaHennedige"},"content":"    }"},{"lineNumber":6,"author":{"gitId":"ManikaHennedige"},"content":""},{"lineNumber":7,"author":{"gitId":"ManikaHennedige"},"content":"    public String toString(){"},{"lineNumber":8,"author":{"gitId":"ManikaHennedige"},"content":"        return \"Event : \" + super.toBaseString() + \" || Happening on: \" + this.getDateTime();"},{"lineNumber":9,"author":{"gitId":"ManikaHennedige"},"content":"    }"},{"lineNumber":10,"author":{"gitId":"ManikaHennedige"},"content":""},{"lineNumber":11,"author":{"gitId":"ManikaHennedige"},"content":"}"}],"authorContributionMap":{"ManikaHennedige":11}},{"path":"src/main/java/Parser.java","fileType":"java","lines":[{"lineNumber":1,"author":{"gitId":"ManikaHennedige"},"content":"public class Parser {"},{"lineNumber":2,"author":{"gitId":"ManikaHennedige"},"content":"    public static void processTask(String input) {"},{"lineNumber":3,"author":{"gitId":"ManikaHennedige"},"content":"        String[] inputData \u003d input.split(\" \");"},{"lineNumber":4,"author":{"gitId":"ManikaHennedige"},"content":"        String[] taskDetails;"},{"lineNumber":5,"author":{"gitId":"ManikaHennedige"},"content":"        switch (inputData[0]) {"},{"lineNumber":6,"author":{"gitId":"ManikaHennedige"},"content":"        case \"done\":"},{"lineNumber":7,"author":{"gitId":"ManikaHennedige"},"content":"            int completedTaskIndex \u003d Integer.parseInt(input.split(\" \")[1]);"},{"lineNumber":8,"author":{"gitId":"ManikaHennedige"},"content":"            completedTaskIndex--;"},{"lineNumber":9,"author":{"gitId":"ManikaHennedige"},"content":"            Task.completeTask(completedTaskIndex);"},{"lineNumber":10,"author":{"gitId":"ManikaHennedige"},"content":"            UI.taskCompletedSuccessfully();"},{"lineNumber":11,"author":{"gitId":"ManikaHennedige"},"content":"            break;"},{"lineNumber":12,"author":{"gitId":"ManikaHennedige"},"content":"        case \"deadline\":"},{"lineNumber":13,"author":{"gitId":"ManikaHennedige"},"content":"            taskDetails \u003d findTaskDetails(inputData);"},{"lineNumber":14,"author":{"gitId":"ManikaHennedige"},"content":"            Task.addNewTask(new Deadline(taskDetails[0], taskDetails[1]));"},{"lineNumber":15,"author":{"gitId":"ManikaHennedige"},"content":"            UI.taskAddedSuccessfully();"},{"lineNumber":16,"author":{"gitId":"ManikaHennedige"},"content":"            break;"},{"lineNumber":17,"author":{"gitId":"ManikaHennedige"},"content":"        case \"event\":"},{"lineNumber":18,"author":{"gitId":"ManikaHennedige"},"content":"            taskDetails \u003d findTaskDetails(inputData);"},{"lineNumber":19,"author":{"gitId":"ManikaHennedige"},"content":"            Task.addNewTask(new Event(taskDetails[0], taskDetails[1]));"},{"lineNumber":20,"author":{"gitId":"ManikaHennedige"},"content":"            UI.taskAddedSuccessfully();"},{"lineNumber":21,"author":{"gitId":"ManikaHennedige"},"content":"            break;"},{"lineNumber":22,"author":{"gitId":"ManikaHennedige"},"content":"        case \"todo\":"},{"lineNumber":23,"author":{"gitId":"ManikaHennedige"},"content":"            taskDetails \u003d findTaskDetails(inputData);"},{"lineNumber":24,"author":{"gitId":"ManikaHennedige"},"content":"            Task.addNewTask(new Todo(taskDetails[0]));"},{"lineNumber":25,"author":{"gitId":"ManikaHennedige"},"content":"            UI.taskAddedSuccessfully();"},{"lineNumber":26,"author":{"gitId":"ManikaHennedige"},"content":"            break;"},{"lineNumber":27,"author":{"gitId":"ManikaHennedige"},"content":"        default:"},{"lineNumber":28,"author":{"gitId":"ManikaHennedige"},"content":"            System.out.println(\"Please re-check your input! Terminating program now...\");"},{"lineNumber":29,"author":{"gitId":"ManikaHennedige"},"content":"        }"},{"lineNumber":30,"author":{"gitId":"ManikaHennedige"},"content":"    }"},{"lineNumber":31,"author":{"gitId":"ManikaHennedige"},"content":"    public static String[] findTaskDetails(String[] inputData) {"},{"lineNumber":32,"author":{"gitId":"ManikaHennedige"},"content":"        String[] parsedData \u003d new String [2];"},{"lineNumber":33,"author":{"gitId":"ManikaHennedige"},"content":"        String prefix \u003d \"\";"},{"lineNumber":34,"author":{"gitId":"ManikaHennedige"},"content":"        StringBuilder inputDueDate \u003d new StringBuilder();"},{"lineNumber":35,"author":{"gitId":"ManikaHennedige"},"content":"        StringBuilder inputDescription \u003d new StringBuilder();"},{"lineNumber":36,"author":{"gitId":"ManikaHennedige"},"content":"        int separatorIndex \u003d -1;"},{"lineNumber":37,"author":{"gitId":"ManikaHennedige"},"content":"        // we start with \u00271\u0027 so we don\u0027t see the user-input category again"},{"lineNumber":38,"author":{"gitId":"ManikaHennedige"},"content":"        for (int i \u003d 1; i \u003c inputData.length; i++){"},{"lineNumber":39,"author":{"gitId":"ManikaHennedige"},"content":"            if (inputData[i].equals(\"||\")){"},{"lineNumber":40,"author":{"gitId":"ManikaHennedige"},"content":"                separatorIndex \u003d i;"},{"lineNumber":41,"author":{"gitId":"ManikaHennedige"},"content":"                break;"},{"lineNumber":42,"author":{"gitId":"ManikaHennedige"},"content":"            } else {"},{"lineNumber":43,"author":{"gitId":"ManikaHennedige"},"content":"                inputDescription.append(prefix).append(inputData[i]);"},{"lineNumber":44,"author":{"gitId":"ManikaHennedige"},"content":"                prefix \u003d \" \";"},{"lineNumber":45,"author":{"gitId":"ManikaHennedige"},"content":"            }"},{"lineNumber":46,"author":{"gitId":"ManikaHennedige"},"content":"        }"},{"lineNumber":47,"author":{"gitId":"ManikaHennedige"},"content":"        parsedData[0] \u003d inputDescription.toString();"},{"lineNumber":48,"author":{"gitId":"ManikaHennedige"},"content":""},{"lineNumber":49,"author":{"gitId":"ManikaHennedige"},"content":"        prefix \u003d \"\";"},{"lineNumber":50,"author":{"gitId":"ManikaHennedige"},"content":"        for (int j \u003d separatorIndex + 1; j \u003c inputData.length; j++) {"},{"lineNumber":51,"author":{"gitId":"ManikaHennedige"},"content":"            inputDueDate.append(prefix).append(inputData[j]);"},{"lineNumber":52,"author":{"gitId":"ManikaHennedige"},"content":"            prefix \u003d \" \";"},{"lineNumber":53,"author":{"gitId":"ManikaHennedige"},"content":"        }"},{"lineNumber":54,"author":{"gitId":"ManikaHennedige"},"content":"        parsedData[1] \u003d inputDueDate.toString();"},{"lineNumber":55,"author":{"gitId":"ManikaHennedige"},"content":""},{"lineNumber":56,"author":{"gitId":"ManikaHennedige"},"content":"        return parsedData;"},{"lineNumber":57,"author":{"gitId":"ManikaHennedige"},"content":""},{"lineNumber":58,"author":{"gitId":"ManikaHennedige"},"content":"    }"},{"lineNumber":59,"author":{"gitId":"ManikaHennedige"},"content":""},{"lineNumber":60,"author":{"gitId":"ManikaHennedige"},"content":"}"}],"authorContributionMap":{"ManikaHennedige":60}},{"path":"src/main/java/Task.java","fileType":"java","lines":[{"lineNumber":1,"author":{"gitId":"ManikaHennedige"},"content":"public class Task {"},{"lineNumber":2,"author":{"gitId":"ManikaHennedige"},"content":"    private boolean isDone;"},{"lineNumber":3,"author":{"gitId":"ManikaHennedige"},"content":"    private String description;"},{"lineNumber":4,"author":{"gitId":"ManikaHennedige"},"content":"    private static int taskCounter \u003d 0;"},{"lineNumber":5,"author":{"gitId":"ManikaHennedige"},"content":"    private static int completedTaskCounter \u003d 0;"},{"lineNumber":6,"author":{"gitId":"ManikaHennedige"},"content":"    private static Task[] tasks \u003d new Task[100];"},{"lineNumber":7,"author":{"gitId":"ManikaHennedige"},"content":"    private static int completedTaskIndex \u003d 0;"},{"lineNumber":8,"author":{"gitId":"ManikaHennedige"},"content":""},{"lineNumber":9,"author":{"gitId":"ManikaHennedige"},"content":"    public Task(String description){"},{"lineNumber":10,"author":{"gitId":"ManikaHennedige"},"content":"        this.description \u003d description;"},{"lineNumber":11,"author":{"gitId":"ManikaHennedige"},"content":"        // default status for isDone is false"},{"lineNumber":12,"author":{"gitId":"ManikaHennedige"},"content":"        isDone \u003d false;"},{"lineNumber":13,"author":{"gitId":"ManikaHennedige"},"content":"    }"},{"lineNumber":14,"author":{"gitId":"ManikaHennedige"},"content":""},{"lineNumber":15,"author":{"gitId":"ManikaHennedige"},"content":"    public boolean isDone() {"},{"lineNumber":16,"author":{"gitId":"ManikaHennedige"},"content":"        return isDone;"},{"lineNumber":17,"author":{"gitId":"ManikaHennedige"},"content":"    }"},{"lineNumber":18,"author":{"gitId":"ManikaHennedige"},"content":""},{"lineNumber":19,"author":{"gitId":"ManikaHennedige"},"content":"    public String getDescription() {"},{"lineNumber":20,"author":{"gitId":"ManikaHennedige"},"content":"        return description;"},{"lineNumber":21,"author":{"gitId":"ManikaHennedige"},"content":"    }"},{"lineNumber":22,"author":{"gitId":"ManikaHennedige"},"content":""},{"lineNumber":23,"author":{"gitId":"ManikaHennedige"},"content":"    public void markAsDone(){"},{"lineNumber":24,"author":{"gitId":"ManikaHennedige"},"content":"        this.isDone \u003d true;"},{"lineNumber":25,"author":{"gitId":"ManikaHennedige"},"content":"    }"},{"lineNumber":26,"author":{"gitId":"ManikaHennedige"},"content":""},{"lineNumber":27,"author":{"gitId":"ManikaHennedige"},"content":"    public String getStatusIcon(){"},{"lineNumber":28,"author":{"gitId":"ManikaHennedige"},"content":"        return (isDone ? \"[ \\u2713 ] \" : \"[ \\u2718 ] \");"},{"lineNumber":29,"author":{"gitId":"ManikaHennedige"},"content":"    }"},{"lineNumber":30,"author":{"gitId":"ManikaHennedige"},"content":""},{"lineNumber":31,"author":{"gitId":"ManikaHennedige"},"content":"    // static methods for all the Tasks"},{"lineNumber":32,"author":{"gitId":"ManikaHennedige"},"content":"    public static int getTaskCounter() {"},{"lineNumber":33,"author":{"gitId":"ManikaHennedige"},"content":"        return taskCounter;"},{"lineNumber":34,"author":{"gitId":"ManikaHennedige"},"content":"    }"},{"lineNumber":35,"author":{"gitId":"ManikaHennedige"},"content":""},{"lineNumber":36,"author":{"gitId":"ManikaHennedige"},"content":"    public static int getRemainingTasks() {"},{"lineNumber":37,"author":{"gitId":"ManikaHennedige"},"content":"        return taskCounter - completedTaskCounter;"},{"lineNumber":38,"author":{"gitId":"ManikaHennedige"},"content":"    }"},{"lineNumber":39,"author":{"gitId":"ManikaHennedige"},"content":""},{"lineNumber":40,"author":{"gitId":"ManikaHennedige"},"content":"    public static Task[] getTaskList() {"},{"lineNumber":41,"author":{"gitId":"ManikaHennedige"},"content":"        return tasks;"},{"lineNumber":42,"author":{"gitId":"ManikaHennedige"},"content":"    }"},{"lineNumber":43,"author":{"gitId":"ManikaHennedige"},"content":""},{"lineNumber":44,"author":{"gitId":"ManikaHennedige"},"content":"    public static void addNewTask(Task newTask) {"},{"lineNumber":45,"author":{"gitId":"ManikaHennedige"},"content":"        tasks[taskCounter] \u003d newTask;"},{"lineNumber":46,"author":{"gitId":"ManikaHennedige"},"content":"        incrementTaskCounter();"},{"lineNumber":47,"author":{"gitId":"ManikaHennedige"},"content":"    }"},{"lineNumber":48,"author":{"gitId":"ManikaHennedige"},"content":""},{"lineNumber":49,"author":{"gitId":"ManikaHennedige"},"content":"    public static void completeTask(int taskNumber) {"},{"lineNumber":50,"author":{"gitId":"ManikaHennedige"},"content":"        tasks[taskNumber].markAsDone();"},{"lineNumber":51,"author":{"gitId":"ManikaHennedige"},"content":"        completedTaskIndex \u003d taskNumber;"},{"lineNumber":52,"author":{"gitId":"ManikaHennedige"},"content":"        completedTaskCounter++;"},{"lineNumber":53,"author":{"gitId":"ManikaHennedige"},"content":"    }"},{"lineNumber":54,"author":{"gitId":"ManikaHennedige"},"content":""},{"lineNumber":55,"author":{"gitId":"ManikaHennedige"},"content":"    public static Task getLatestTask(boolean getCompletedTask) {"},{"lineNumber":56,"author":{"gitId":"ManikaHennedige"},"content":"        if (getCompletedTask) {"},{"lineNumber":57,"author":{"gitId":"ManikaHennedige"},"content":"            return tasks[completedTaskIndex];"},{"lineNumber":58,"author":{"gitId":"ManikaHennedige"},"content":"        } else {"},{"lineNumber":59,"author":{"gitId":"ManikaHennedige"},"content":"            return tasks[getTaskCounter() - 1];"},{"lineNumber":60,"author":{"gitId":"ManikaHennedige"},"content":"        }"},{"lineNumber":61,"author":{"gitId":"ManikaHennedige"},"content":"    }"},{"lineNumber":62,"author":{"gitId":"ManikaHennedige"},"content":""},{"lineNumber":63,"author":{"gitId":"ManikaHennedige"},"content":"    public static void incrementTaskCounter(){"},{"lineNumber":64,"author":{"gitId":"ManikaHennedige"},"content":"        taskCounter++;"},{"lineNumber":65,"author":{"gitId":"ManikaHennedige"},"content":"    }"},{"lineNumber":66,"author":{"gitId":"ManikaHennedige"},"content":""},{"lineNumber":67,"author":{"gitId":"ManikaHennedige"},"content":"    public static void decrementTaskCounter(){"},{"lineNumber":68,"author":{"gitId":"ManikaHennedige"},"content":"        taskCounter--;"},{"lineNumber":69,"author":{"gitId":"ManikaHennedige"},"content":"    }"},{"lineNumber":70,"author":{"gitId":"ManikaHennedige"},"content":""},{"lineNumber":71,"author":{"gitId":"ManikaHennedige"},"content":"    // standard string return format for all tasks subclasses expand on this format"},{"lineNumber":72,"author":{"gitId":"ManikaHennedige"},"content":"    @Override"},{"lineNumber":73,"author":{"gitId":"ManikaHennedige"},"content":"    public String toString(){"},{"lineNumber":74,"author":{"gitId":"ManikaHennedige"},"content":"        return this.getStatusIcon() + \" \" + this.getDescription();"},{"lineNumber":75,"author":{"gitId":"ManikaHennedige"},"content":"    }"},{"lineNumber":76,"author":{"gitId":"ManikaHennedige"},"content":"}"}],"authorContributionMap":{"ManikaHennedige":76}},{"path":"src/main/java/Todo.java","fileType":"java","lines":[{"lineNumber":1,"author":{"gitId":"ManikaHennedige"},"content":"public class Todo extends Task {"},{"lineNumber":2,"author":{"gitId":"ManikaHennedige"},"content":""},{"lineNumber":3,"author":{"gitId":"ManikaHennedige"},"content":"    public Todo(String description) {"},{"lineNumber":4,"author":{"gitId":"ManikaHennedige"},"content":"        super(description);"},{"lineNumber":5,"author":{"gitId":"ManikaHennedige"},"content":"    }"},{"lineNumber":6,"author":{"gitId":"ManikaHennedige"},"content":""},{"lineNumber":7,"author":{"gitId":"ManikaHennedige"},"content":"    @Override"},{"lineNumber":8,"author":{"gitId":"ManikaHennedige"},"content":"    public String toString(){"},{"lineNumber":9,"author":{"gitId":"ManikaHennedige"},"content":"        return \"Todo : \" + super.toString();"},{"lineNumber":10,"author":{"gitId":"ManikaHennedige"},"content":"    }"},{"lineNumber":11,"author":{"gitId":"ManikaHennedige"},"content":""},{"lineNumber":12,"author":{"gitId":"ManikaHennedige"},"content":""},{"lineNumber":13,"author":{"gitId":"ManikaHennedige"},"content":"}"}],"authorContributionMap":{"ManikaHennedige":13}},{"path":"src/main/java/UI.java","fileType":"java","lines":[{"lineNumber":1,"author":{"gitId":"ManikaHennedige"},"content":"public class UI {"},{"lineNumber":2,"author":{"gitId":"ManikaHennedige"},"content":"    public static String logo \u003d \" ____        _        \\n\""},{"lineNumber":3,"author":{"gitId":"ManikaHennedige"},"content":"            + \"|  _ \\\\ _   _| | _____ \\n\""},{"lineNumber":4,"author":{"gitId":"ManikaHennedige"},"content":"            + \"| | | | | | | |/ / _ \\\\\\n\""},{"lineNumber":5,"author":{"gitId":"ManikaHennedige"},"content":"            + \"| |_| | |_| |   \u003c  __/\\n\""},{"lineNumber":6,"author":{"gitId":"ManikaHennedige"},"content":"            + \"|____/ \\\\__,_|_|\\\\_\\\\___|\\n\";"},{"lineNumber":7,"author":{"gitId":"ManikaHennedige"},"content":""},{"lineNumber":8,"author":{"gitId":"ManikaHennedige"},"content":"    public static String divider \u003d \"-----------------------------------\";"},{"lineNumber":9,"author":{"gitId":"ManikaHennedige"},"content":""},{"lineNumber":10,"author":{"gitId":"ManikaHennedige"},"content":"    public static void showWelcomeScreen() {"},{"lineNumber":11,"author":{"gitId":"ManikaHennedige"},"content":"        System.out.println(\"Hello from\\n\" + logo);"},{"lineNumber":12,"author":{"gitId":"ManikaHennedige"},"content":"        System.out.println(divider);"},{"lineNumber":13,"author":{"gitId":"ManikaHennedige"},"content":"        System.out.println(\"Hello there! I\u0027m Duke\");"},{"lineNumber":14,"author":{"gitId":"ManikaHennedige"},"content":"        System.out.println(\"I have the high ground! How may I help you?\");"},{"lineNumber":15,"author":{"gitId":"ManikaHennedige"},"content":"        System.out.println(divider);"},{"lineNumber":16,"author":{"gitId":"ManikaHennedige"},"content":"    }"},{"lineNumber":17,"author":{"gitId":"ManikaHennedige"},"content":""},{"lineNumber":18,"author":{"gitId":"ManikaHennedige"},"content":"    public static void showDivider() {"},{"lineNumber":19,"author":{"gitId":"ManikaHennedige"},"content":"        System.out.println(divider);"},{"lineNumber":20,"author":{"gitId":"ManikaHennedige"},"content":"        System.out.println(\"What is thy bidding, my master?\");"},{"lineNumber":21,"author":{"gitId":"ManikaHennedige"},"content":"        System.out.println(divider);"},{"lineNumber":22,"author":{"gitId":"ManikaHennedige"},"content":"    }"},{"lineNumber":23,"author":{"gitId":"ManikaHennedige"},"content":""},{"lineNumber":24,"author":{"gitId":"ManikaHennedige"},"content":"    public static void taskAddedSuccessfully() {"},{"lineNumber":25,"author":{"gitId":"ManikaHennedige"},"content":"        System.out.println(\"Roger Roger. The following task has been added:\");"},{"lineNumber":26,"author":{"gitId":"ManikaHennedige"},"content":"        System.out.println(Task.getLatestTask(false));"},{"lineNumber":27,"author":{"gitId":"ManikaHennedige"},"content":"        System.out.println(\"You now have \" + Task.getTaskCounter() + \" tasks in your list!\");"},{"lineNumber":28,"author":{"gitId":"ManikaHennedige"},"content":"        UI.showDivider();"},{"lineNumber":29,"author":{"gitId":"ManikaHennedige"},"content":"    }"},{"lineNumber":30,"author":{"gitId":"ManikaHennedige"},"content":""},{"lineNumber":31,"author":{"gitId":"ManikaHennedige"},"content":"    public static void taskCompletedSuccessfully() {"},{"lineNumber":32,"author":{"gitId":"ManikaHennedige"},"content":"        System.out.println(\"The Force is with you! The following task has been marked as done:\");"},{"lineNumber":33,"author":{"gitId":"ManikaHennedige"},"content":"        System.out.println(Task.getLatestTask(true));"},{"lineNumber":34,"author":{"gitId":"ManikaHennedige"},"content":"        System.out.println(\"You still have \" + Task.getRemainingTasks() + \" tasks to complete in your list!\");"},{"lineNumber":35,"author":{"gitId":"ManikaHennedige"},"content":"        UI.showDivider();"},{"lineNumber":36,"author":{"gitId":"ManikaHennedige"},"content":"    }"},{"lineNumber":37,"author":{"gitId":"ManikaHennedige"},"content":"}"}],"authorContributionMap":{"ManikaHennedige":37}},{"path":"text-ui-test/input.txt","fileType":"txt","lines":[{"lineNumber":1,"author":{"gitId":"ManikaHennedige"},"content":"todo Manika Hennedige: Answer CS2113 tutorial questions"},{"lineNumber":2,"author":{"gitId":"ManikaHennedige"},"content":"deadline weekly CS2113 || Monday 9pm"},{"lineNumber":3,"author":{"gitId":"ManikaHennedige"},"content":"list"},{"lineNumber":4,"author":{"gitId":"ManikaHennedige"},"content":"event CS2113 || Friday 4-6pm"},{"lineNumber":5,"author":{"gitId":"ManikaHennedige"},"content":"done 1"},{"lineNumber":6,"author":{"gitId":"ManikaHennedige"},"content":"list"}],"authorContributionMap":{"ManikaHennedige":6}}]
