{"authorDailyContributionsMap":{"gerardtwk":[{"date":"2021-01-21","commitResults":[{"hash":"6f4f203c013c7f58f3752571613d279773451f25","messageTitle":"Implemented greeting message for Level-0","messageBody":"","fileTypesAndContributionMap":{"java":{"insertions":12,"deletions":1}}},{"hash":"daa96cc7e8051a8580686ec634a7dd207d768465","messageTitle":"Placed welcome message into a separate method","messageBody":"","fileTypesAndContributionMap":{"java":{"insertions":5,"deletions":1}}},{"hash":"9464684115b14cb167e82bda28b122c310a4d165","messageTitle":"Renamed bye() to exitMsg() for standardization","messageBody":"","fileTypesAndContributionMap":{"java":{"insertions":2,"deletions":2}}}]},{"date":"2021-01-26","commitResults":[{"hash":"64a4a7a691e1bc06827eb577b29338614d66735a","messageTitle":"Level-1 implementation","messageBody":"","tags":["Level-1"],"fileTypesAndContributionMap":{"java":{"insertions":20,"deletions":1}}},{"hash":"3442b5cf5ec0c6006737eeba3f95bd46085f565d","messageTitle":"Level-2 implementation","messageBody":"","tags":["Level-2"],"fileTypesAndContributionMap":{"java":{"insertions":42,"deletions":16}}},{"hash":"6a2ae9a01d4e832a6addb0715c522df612742e88","messageTitle":"Level-3 implementation","messageBody":"","tags":["Level-3","A-CodingStandard"],"fileTypesAndContributionMap":{"java":{"insertions":41,"deletions":11}}}]},{"date":"2021-01-29","commitResults":[{"hash":"9553b88a1a8b8732a6ed4250728ded1e8e1c9ccb","messageTitle":"Cleaned the code and added \u0027-1\u0027 to resolve the bug in markTaskAsDone()","messageBody":"","fileTypesAndContributionMap":{"java":{"insertions":9,"deletions":9}}}]},{"date":"2021-02-02","commitResults":[{"hash":"c7169cb2fc7333647fe7ab6455e53655f1f00b70","messageTitle":"Level 4. ToDos, Events, Deadlines","messageBody":"","tags":["Level-4"],"fileTypesAndContributionMap":{"java":{"insertions":97,"deletions":10}}},{"hash":"2ee951816be917b9130d739c4f24d933fde2c28f","messageTitle":"Placed repeated code into a common method called storedTask()","messageBody":"Made minor changes to markTaskAsDone() status message\n","tags":["A-CodeQuality"],"fileTypesAndContributionMap":{"java":{"insertions":11,"deletions":24}}}]},{"date":"2021-02-09","commitResults":[{"hash":"522ab62a47326a5268c0e9372f32b59bc644fad4","messageTitle":"Removed magic number in STORED_TASKS array size.","messageBody":"","fileTypesAndContributionMap":{"java":{"insertions":2,"deletions":1}}},{"hash":"c4dc9beb1f843cbd6b975613cbc018d2c361ab60","messageTitle":"Implemented Level-5 Error Handling","messageBody":"","fileTypesAndContributionMap":{"java":{"insertions":116,"deletions":36}}}]},{"date":"2021-02-16","commitResults":[{"hash":"da79c18efabfd69731328aca669c3efc7b712afd","messageTitle":"Handled case sensitivity of user inputs","messageBody":"","fileTypesAndContributionMap":{"java":{"insertions":1,"deletions":1}}},{"hash":"a23e2549c123b0892ef74af35778768728879661","messageTitle":"Changed STORED_TASKS Array to an ArrayList","messageBody":"","fileTypesAndContributionMap":{"java":{"insertions":9,"deletions":11}}},{"hash":"bc387bc51fe76ed80f658a63b625fee63fbb903f","messageTitle":"Fixed typo for toString() of Event class","messageBody":"","fileTypesAndContributionMap":{"java":{"insertions":1,"deletions":1}}},{"hash":"9ef83698ba398826f76dbe53bc1833ac61fa4e70","messageTitle":"Implemented Level 6 Delete","messageBody":"In addition to implementing level 6 delete, some minor edits to the output formatting are made as well\n","fileTypesAndContributionMap":{"java":{"insertions":55,"deletions":23}}},{"hash":"5819c9627253a6f66c42626b2368c96e4cdf9242","messageTitle":"Implemented Level-7 Save","messageBody":"","fileTypesAndContributionMap":{"txt":{"insertions":3,"deletions":0},"java":{"insertions":88,"deletions":2}}},{"hash":"288d8b3d36a82a36e6b435bc7f4340dbea4c0e0d","messageTitle":"Added save of data to file for delete function","messageBody":"","fileTypesAndContributionMap":{"java":{"insertions":1,"deletions":0}}},{"hash":"ab9c238ade0f570c760882e65f895691812f9b5d","messageTitle":"Revert \"Added save of data to file for delete function\"","messageBody":"This reverts commit 288d8b3d36a82a36e6b435bc7f4340dbea4c0e0d.\n","fileTypesAndContributionMap":{"java":{"insertions":0,"deletions":1}}},{"hash":"bbe6ea090cb4d6f962126203981a981cf3716693","messageTitle":"Added saving of data to file for delete function","messageBody":"","tags":["A-Jar-Release","A-Jar"],"fileTypesAndContributionMap":{"java":{"insertions":1,"deletions":0}}}]},{"date":"2021-03-04","commitResults":[{"hash":"a07254cc71e8e0dfa6b86503fd0e7450bbeae521","messageTitle":"Modified \u0026 Update for Level-7 1) Refactored and fixed error-handling for file loading \u0026 saving code 2) Removed toLowerCase() in getCommandFromUser() 3) Changed some \u0027public\u0027 methods to \u0027private\u0027 in the classes of \u0027Duke\u0027 and \u0027Task\u0027 4) Changed the class \u0027Task\u0027 to be an abstract class","messageBody":"","fileTypesAndContributionMap":{"java":{"insertions":101,"deletions":74}}}]},{"date":"2021-03-05","commitResults":[{"hash":"ab079687a21a8e9d9bb10ef8c885272a4bc3b2ce","messageTitle":"Refactored for A-MoreOOP 1) Separated previous Duke main logic into the classes of    Parser, Storage, TaskList and Ui","messageBody":"2) Extracted out \u0027magic\u0027 numbers \u0026 strings and declared them\n   as constants. This is done for the classes of Parser, Storage and Ui\n","tags":["A-MoreOOP"],"fileTypesAndContributionMap":{"java":{"insertions":495,"deletions":297}}},{"hash":"fd404c134cca40ce63a499534cd8f3a0a06c678d","messageTitle":"Slight formatting for Storage class in writeToSaveFile()","messageBody":"","fileTypesAndContributionMap":{"java":{"insertions":1,"deletions":1}}},{"hash":"7bc858a8e0bd2bbff6e970dcbf55bca916ce28c2","messageTitle":"Implemented Level-9: Find","messageBody":"","fileTypesAndContributionMap":{"java":{"insertions":40,"deletions":2}}},{"hash":"62d51784d3807ff1f79af7e278e44eb19a14c0e3","messageTitle":"Added error handling to handle ui.getCommandFromUser() NoSuchElementException handled as it is thrown when user pressed ctrl-c when interacting with Duke","messageBody":"","fileTypesAndContributionMap":{"java":{"insertions":9,"deletions":2}}},{"hash":"ef335f93a09c9b34ecbca6784509bf5c4679b6ea","messageTitle":"Documentation for A-JavaDoc","messageBody":"","fileTypesAndContributionMap":{"java":{"insertions":166,"deletions":1}}}]},{"date":"2021-03-06","commitResults":[{"hash":"a1e9400f0ae8117c01bd830a64bd55cf9518cf2c","messageTitle":"Improved overall documentation explanation","messageBody":"","fileTypesAndContributionMap":{"java":{"insertions":30,"deletions":20}}},{"hash":"1cfd24b6f9f47be77df938e6adc574f39312ca61","messageTitle":"Removed the extra printing of Divider in printTasksFound()","messageBody":"","fileTypesAndContributionMap":{"java":{"insertions":0,"deletions":1}}},{"hash":"d00ea90be8e0d04e8d2c2c791bf8e8efee6818e6","messageTitle":"Added user guide","messageBody":"","tags":["A-UserGuide"],"fileTypesAndContributionMap":{"md":{"insertions":152,"deletions":11}}},{"hash":"e0eb2b62c813257859a9a8ea5569258bcdbd92e2","messageTitle":"Fixed User Guide anchoring problem","messageBody":"","fileTypesAndContributionMap":{"md":{"insertions":9,"deletions":9}}}]}]},"authorFileTypeContributionMap":{"gerardtwk":{"java":805,"md":152,"fxml":0,"sh":0,"bat":0,"gradle":0,"txt":3}},"authorContributionVariance":{"gerardtwk":20632.434},"authorDisplayNameMap":{"gerardtwk":"CS2113T-W09-1 GERA..KIAT"}}
