[{"path":"src/main/java/Deadline.java","fileType":"java","lines":[{"lineNumber":1,"author":{"gitId":"vvvvh123"},"content":"public class Deadline extends Task {"},{"lineNumber":2,"author":{"gitId":"vvvvh123"},"content":"    protected String by;"},{"lineNumber":3,"author":{"gitId":"vvvvh123"},"content":""},{"lineNumber":4,"author":{"gitId":"vvvvh123"},"content":"    public Deadline(String description, String by) {"},{"lineNumber":5,"author":{"gitId":"vvvvh123"},"content":"        super(description);"},{"lineNumber":6,"author":{"gitId":"vvvvh123"},"content":"        this.by \u003d by;"},{"lineNumber":7,"author":{"gitId":"vvvvh123"},"content":"    }"},{"lineNumber":8,"author":{"gitId":"vvvvh123"},"content":""},{"lineNumber":9,"author":{"gitId":"vvvvh123"},"content":"    @Override"},{"lineNumber":10,"author":{"gitId":"vvvvh123"},"content":"    public String getStatusIcon() {"},{"lineNumber":11,"author":{"gitId":"vvvvh123"},"content":"        return (isDone ? \"\\u2713\" : \" \");"},{"lineNumber":12,"author":{"gitId":"vvvvh123"},"content":"    }"},{"lineNumber":13,"author":{"gitId":"vvvvh123"},"content":""},{"lineNumber":14,"author":{"gitId":"vvvvh123"},"content":"    @Override"},{"lineNumber":15,"author":{"gitId":"vvvvh123"},"content":"    public String toString() {"},{"lineNumber":16,"author":{"gitId":"vvvvh123"},"content":"        return \"[D]\" + super.toString() + \" (by: \" + by + \")\";"},{"lineNumber":17,"author":{"gitId":"vvvvh123"},"content":"    }"},{"lineNumber":18,"author":{"gitId":"vvvvh123"},"content":"}"}],"authorContributionMap":{"vvvvh123":18}},{"path":"src/main/java/Duke.java","fileType":"java","lines":[{"lineNumber":1,"author":{"gitId":"vvvvh123"},"content":"import java.util.Scanner;"},{"lineNumber":2,"author":{"gitId":"vvvvh123"},"content":""},{"lineNumber":3,"author":{"gitId":"-"},"content":"public class Duke {"},{"lineNumber":4,"author":{"gitId":"vvvvh123"},"content":""},{"lineNumber":5,"author":{"gitId":"vvvvh123"},"content":"    private static final int TODO_DONE_LENGTH \u003d 5;"},{"lineNumber":6,"author":{"gitId":"vvvvh123"},"content":"    private static final int DEADLINE_LENGTH \u003d 9;"},{"lineNumber":7,"author":{"gitId":"vvvvh123"},"content":"    private static final int EVENT_LENGTH \u003d 6;"},{"lineNumber":8,"author":{"gitId":"vvvvh123"},"content":"    private static final int BY_AT_LENGTH \u003d 3;"},{"lineNumber":9,"author":{"gitId":"vvvvh123"},"content":"    private static Task[] tasksList \u003d new Task[100];"},{"lineNumber":10,"author":{"gitId":"vvvvh123"},"content":"    private static int taskCounter \u003d 0;"},{"lineNumber":11,"author":{"gitId":"vvvvh123"},"content":""},{"lineNumber":12,"author":{"gitId":"-"},"content":"    public static void main(String[] args) {"},{"lineNumber":13,"author":{"gitId":"vvvvh123"},"content":"        showWelcomeMessage();"},{"lineNumber":14,"author":{"gitId":"vvvvh123"},"content":"        inputLoop();"},{"lineNumber":15,"author":{"gitId":"vvvvh123"},"content":"    }"},{"lineNumber":16,"author":{"gitId":"vvvvh123"},"content":""},{"lineNumber":17,"author":{"gitId":"vvvvh123"},"content":"    private static void inputLoop() {"},{"lineNumber":18,"author":{"gitId":"vvvvh123"},"content":"        Scanner in \u003d new Scanner(System.in);"},{"lineNumber":19,"author":{"gitId":"vvvvh123"},"content":"        String line;"},{"lineNumber":20,"author":{"gitId":"vvvvh123"},"content":"        while (true) {"},{"lineNumber":21,"author":{"gitId":"vvvvh123"},"content":"            line \u003d in.nextLine();"},{"lineNumber":22,"author":{"gitId":"vvvvh123"},"content":"            if (line.equals(\"bye\")) {"},{"lineNumber":23,"author":{"gitId":"vvvvh123"},"content":"                showExitMessage();"},{"lineNumber":24,"author":{"gitId":"vvvvh123"},"content":"                break;"},{"lineNumber":25,"author":{"gitId":"vvvvh123"},"content":"            } else if (line.equals(\"list\")) {"},{"lineNumber":26,"author":{"gitId":"vvvvh123"},"content":"                printTasksList();"},{"lineNumber":27,"author":{"gitId":"vvvvh123"},"content":"                continue;"},{"lineNumber":28,"author":{"gitId":"vvvvh123"},"content":"            } else if (line.startsWith(\"done\")) {"},{"lineNumber":29,"author":{"gitId":"vvvvh123"},"content":"                int index \u003d Integer.parseInt(line.substring(TODO_DONE_LENGTH)) - 1;"},{"lineNumber":30,"author":{"gitId":"vvvvh123"},"content":"                tasksList[index].markAsDone();"},{"lineNumber":31,"author":{"gitId":"vvvvh123"},"content":"                printDoneTask(index);"},{"lineNumber":32,"author":{"gitId":"vvvvh123"},"content":"                continue;"},{"lineNumber":33,"author":{"gitId":"vvvvh123"},"content":"            } else if (line.startsWith(\"todo\")) {"},{"lineNumber":34,"author":{"gitId":"vvvvh123"},"content":"                String description \u003d line.substring(TODO_DONE_LENGTH);"},{"lineNumber":35,"author":{"gitId":"vvvvh123"},"content":"                Task newTask \u003d new ToDo(description);"},{"lineNumber":36,"author":{"gitId":"vvvvh123"},"content":"                tasksList[taskCounter] \u003d newTask;"},{"lineNumber":37,"author":{"gitId":"vvvvh123"},"content":"            } else if (line.startsWith(\"deadline\")) {"},{"lineNumber":38,"author":{"gitId":"vvvvh123"},"content":"                int index \u003d line.indexOf(\"/\");"},{"lineNumber":39,"author":{"gitId":"vvvvh123"},"content":"                String description \u003d line.substring(DEADLINE_LENGTH, index - 1);"},{"lineNumber":40,"author":{"gitId":"vvvvh123"},"content":"                String by \u003d line.substring(index + BY_AT_LENGTH).trim();"},{"lineNumber":41,"author":{"gitId":"vvvvh123"},"content":"                Task newTask \u003d new Deadline(description, by);"},{"lineNumber":42,"author":{"gitId":"vvvvh123"},"content":"                tasksList[taskCounter] \u003d newTask;"},{"lineNumber":43,"author":{"gitId":"vvvvh123"},"content":"            } else if (line.startsWith(\"event\")) {"},{"lineNumber":44,"author":{"gitId":"vvvvh123"},"content":"                int index \u003d line.indexOf(\"/\");"},{"lineNumber":45,"author":{"gitId":"vvvvh123"},"content":"                String description \u003d line.substring(EVENT_LENGTH, index - 1);"},{"lineNumber":46,"author":{"gitId":"vvvvh123"},"content":"                String at \u003d line.substring(index + BY_AT_LENGTH).trim();"},{"lineNumber":47,"author":{"gitId":"vvvvh123"},"content":"                Task newTask \u003d new Event(description, at);"},{"lineNumber":48,"author":{"gitId":"vvvvh123"},"content":"                tasksList[taskCounter] \u003d newTask;"},{"lineNumber":49,"author":{"gitId":"vvvvh123"},"content":"            }"},{"lineNumber":50,"author":{"gitId":"vvvvh123"},"content":"            taskCounter++;"},{"lineNumber":51,"author":{"gitId":"vvvvh123"},"content":"            printNewTask();"},{"lineNumber":52,"author":{"gitId":"vvvvh123"},"content":"        }"},{"lineNumber":53,"author":{"gitId":"vvvvh123"},"content":"    }"},{"lineNumber":54,"author":{"gitId":"vvvvh123"},"content":""},{"lineNumber":55,"author":{"gitId":"vvvvh123"},"content":"    private static void printDoneTask(int index) {"},{"lineNumber":56,"author":{"gitId":"vvvvh123"},"content":"        printLine();"},{"lineNumber":57,"author":{"gitId":"vvvvh123"},"content":"        System.out.println(\"\\tNice! I\u0027ve marked this task as done:\");"},{"lineNumber":58,"author":{"gitId":"vvvvh123"},"content":"        System.out.print(\"\\t\" + \"  \");"},{"lineNumber":59,"author":{"gitId":"vvvvh123"},"content":"        System.out.println(tasksList[index]);"},{"lineNumber":60,"author":{"gitId":"vvvvh123"},"content":"        printLine();"},{"lineNumber":61,"author":{"gitId":"vvvvh123"},"content":"    }"},{"lineNumber":62,"author":{"gitId":"vvvvh123"},"content":""},{"lineNumber":63,"author":{"gitId":"vvvvh123"},"content":"    private static void printTasksList() {"},{"lineNumber":64,"author":{"gitId":"vvvvh123"},"content":"        printLine();"},{"lineNumber":65,"author":{"gitId":"vvvvh123"},"content":"        System.out.println(\"\\tHere are the tasks in your list:\");"},{"lineNumber":66,"author":{"gitId":"vvvvh123"},"content":"        for (int i \u003d 1; i \u003c\u003d taskCounter; i++) {"},{"lineNumber":67,"author":{"gitId":"vvvvh123"},"content":"            System.out.print(\"\\t\" + i + \". \");"},{"lineNumber":68,"author":{"gitId":"vvvvh123"},"content":"            System.out.println(tasksList[i-1]);"},{"lineNumber":69,"author":{"gitId":"vvvvh123"},"content":"        }"},{"lineNumber":70,"author":{"gitId":"vvvvh123"},"content":"        printLine();"},{"lineNumber":71,"author":{"gitId":"vvvvh123"},"content":"    }"},{"lineNumber":72,"author":{"gitId":"vvvvh123"},"content":""},{"lineNumber":73,"author":{"gitId":"vvvvh123"},"content":"    private static void printNewTask() {"},{"lineNumber":74,"author":{"gitId":"vvvvh123"},"content":"        printLine();"},{"lineNumber":75,"author":{"gitId":"vvvvh123"},"content":"        System.out.println(\"\\tGot it. I\u0027ve added this task:\");"},{"lineNumber":76,"author":{"gitId":"vvvvh123"},"content":"        System.out.println(\"\\t  \" + tasksList[taskCounter-1]);"},{"lineNumber":77,"author":{"gitId":"vvvvh123"},"content":"        if (taskCounter \u003d\u003d 1) {"},{"lineNumber":78,"author":{"gitId":"vvvvh123"},"content":"            System.out.println(\"\\tNow you have \" + taskCounter + \" task in the list.\");"},{"lineNumber":79,"author":{"gitId":"vvvvh123"},"content":"        } else {"},{"lineNumber":80,"author":{"gitId":"vvvvh123"},"content":"            System.out.println(\"\\tNow you have \" + taskCounter + \" tasks in the list.\");"},{"lineNumber":81,"author":{"gitId":"vvvvh123"},"content":"        }"},{"lineNumber":82,"author":{"gitId":"vvvvh123"},"content":"        printLine();"},{"lineNumber":83,"author":{"gitId":"vvvvh123"},"content":"    }"},{"lineNumber":84,"author":{"gitId":"vvvvh123"},"content":""},{"lineNumber":85,"author":{"gitId":"vvvvh123"},"content":"    private static void printLine() {"},{"lineNumber":86,"author":{"gitId":"vvvvh123"},"content":"        System.out.println(\"\\t---------------------------------------------------------------------\");"},{"lineNumber":87,"author":{"gitId":"vvvvh123"},"content":"    }"},{"lineNumber":88,"author":{"gitId":"vvvvh123"},"content":""},{"lineNumber":89,"author":{"gitId":"vvvvh123"},"content":"    private static void showWelcomeMessage() {"},{"lineNumber":90,"author":{"gitId":"-"},"content":"        String logo \u003d \" ____        _        \\n\""},{"lineNumber":91,"author":{"gitId":"-"},"content":"                + \"|  _ \\\\ _   _| | _____ \\n\""},{"lineNumber":92,"author":{"gitId":"-"},"content":"                + \"| | | | | | | |/ / _ \\\\\\n\""},{"lineNumber":93,"author":{"gitId":"-"},"content":"                + \"| |_| | |_| |   \u003c  __/\\n\""},{"lineNumber":94,"author":{"gitId":"-"},"content":"                + \"|____/ \\\\__,_|_|\\\\_\\\\___|\\n\";"},{"lineNumber":95,"author":{"gitId":"-"},"content":"        System.out.println(\"Hello from\\n\" + logo);"},{"lineNumber":96,"author":{"gitId":"vvvvh123"},"content":"        printLine();"},{"lineNumber":97,"author":{"gitId":"vvvvh123"},"content":"        System.out.println(\"\\tHello! I\u0027m Duke\");"},{"lineNumber":98,"author":{"gitId":"vvvvh123"},"content":"        System.out.println(\"\\tWhat can I do for you?\");"},{"lineNumber":99,"author":{"gitId":"vvvvh123"},"content":"        printLine();"},{"lineNumber":100,"author":{"gitId":"vvvvh123"},"content":"    }"},{"lineNumber":101,"author":{"gitId":"vvvvh123"},"content":""},{"lineNumber":102,"author":{"gitId":"vvvvh123"},"content":"    private static void showExitMessage() {"},{"lineNumber":103,"author":{"gitId":"vvvvh123"},"content":"        printLine();"},{"lineNumber":104,"author":{"gitId":"vvvvh123"},"content":"        System.out.println(\"\\tBye. Hope to see you again soon!\");"},{"lineNumber":105,"author":{"gitId":"vvvvh123"},"content":"        printLine();"},{"lineNumber":106,"author":{"gitId":"-"},"content":"    }"},{"lineNumber":107,"author":{"gitId":"-"},"content":"}"}],"authorContributionMap":{"-":10,"vvvvh123":97}},{"path":"src/main/java/Event.java","fileType":"java","lines":[{"lineNumber":1,"author":{"gitId":"vvvvh123"},"content":"public class Event extends Task {"},{"lineNumber":2,"author":{"gitId":"vvvvh123"},"content":"    protected String at;"},{"lineNumber":3,"author":{"gitId":"vvvvh123"},"content":""},{"lineNumber":4,"author":{"gitId":"vvvvh123"},"content":"    public Event(String description, String at) {"},{"lineNumber":5,"author":{"gitId":"vvvvh123"},"content":"        super(description);"},{"lineNumber":6,"author":{"gitId":"vvvvh123"},"content":"        this.at \u003d at;"},{"lineNumber":7,"author":{"gitId":"vvvvh123"},"content":"    }"},{"lineNumber":8,"author":{"gitId":"vvvvh123"},"content":""},{"lineNumber":9,"author":{"gitId":"vvvvh123"},"content":"    @Override"},{"lineNumber":10,"author":{"gitId":"vvvvh123"},"content":"    public String getStatusIcon() {"},{"lineNumber":11,"author":{"gitId":"vvvvh123"},"content":"        return (isDone ? \"\\u2713\" : \" \");"},{"lineNumber":12,"author":{"gitId":"vvvvh123"},"content":"    }"},{"lineNumber":13,"author":{"gitId":"vvvvh123"},"content":""},{"lineNumber":14,"author":{"gitId":"vvvvh123"},"content":"    @Override"},{"lineNumber":15,"author":{"gitId":"vvvvh123"},"content":"    public String toString() {"},{"lineNumber":16,"author":{"gitId":"vvvvh123"},"content":"        return \"[E]\" + super.toString() + \" (at: \" + at + \")\";"},{"lineNumber":17,"author":{"gitId":"vvvvh123"},"content":"    }"},{"lineNumber":18,"author":{"gitId":"vvvvh123"},"content":"}"}],"authorContributionMap":{"vvvvh123":18}},{"path":"src/main/java/Task.java","fileType":"java","lines":[{"lineNumber":1,"author":{"gitId":"vvvvh123"},"content":"public class Task {"},{"lineNumber":2,"author":{"gitId":"vvvvh123"},"content":"    protected String description;"},{"lineNumber":3,"author":{"gitId":"vvvvh123"},"content":"    protected boolean isDone;"},{"lineNumber":4,"author":{"gitId":"vvvvh123"},"content":""},{"lineNumber":5,"author":{"gitId":"vvvvh123"},"content":"    public Task(String description) {"},{"lineNumber":6,"author":{"gitId":"vvvvh123"},"content":"        this.description \u003d description;"},{"lineNumber":7,"author":{"gitId":"vvvvh123"},"content":"        this.isDone \u003d false;"},{"lineNumber":8,"author":{"gitId":"vvvvh123"},"content":"    }"},{"lineNumber":9,"author":{"gitId":"vvvvh123"},"content":""},{"lineNumber":10,"author":{"gitId":"vvvvh123"},"content":"    public String getDescription() {"},{"lineNumber":11,"author":{"gitId":"vvvvh123"},"content":"        return description;"},{"lineNumber":12,"author":{"gitId":"vvvvh123"},"content":"    }"},{"lineNumber":13,"author":{"gitId":"vvvvh123"},"content":""},{"lineNumber":14,"author":{"gitId":"vvvvh123"},"content":"    public String getStatusIcon() {"},{"lineNumber":15,"author":{"gitId":"vvvvh123"},"content":"        return (isDone ? \"\\u2713\" : \"\\u2718\");"},{"lineNumber":16,"author":{"gitId":"vvvvh123"},"content":"    }"},{"lineNumber":17,"author":{"gitId":"vvvvh123"},"content":""},{"lineNumber":18,"author":{"gitId":"vvvvh123"},"content":"    @Override"},{"lineNumber":19,"author":{"gitId":"vvvvh123"},"content":"    public String toString() {"},{"lineNumber":20,"author":{"gitId":"vvvvh123"},"content":"        return \"[\" + getStatusIcon() + \"] \" + description;"},{"lineNumber":21,"author":{"gitId":"vvvvh123"},"content":"    }"},{"lineNumber":22,"author":{"gitId":"vvvvh123"},"content":""},{"lineNumber":23,"author":{"gitId":"vvvvh123"},"content":"    public void markAsDone() {"},{"lineNumber":24,"author":{"gitId":"vvvvh123"},"content":"        isDone \u003d true;"},{"lineNumber":25,"author":{"gitId":"vvvvh123"},"content":"    }"},{"lineNumber":26,"author":{"gitId":"vvvvh123"},"content":"}"}],"authorContributionMap":{"vvvvh123":26}},{"path":"src/main/java/ToDo.java","fileType":"java","lines":[{"lineNumber":1,"author":{"gitId":"vvvvh123"},"content":"public class ToDo extends Task {"},{"lineNumber":2,"author":{"gitId":"vvvvh123"},"content":""},{"lineNumber":3,"author":{"gitId":"vvvvh123"},"content":"    public ToDo(String description) {"},{"lineNumber":4,"author":{"gitId":"vvvvh123"},"content":"        super(description);"},{"lineNumber":5,"author":{"gitId":"vvvvh123"},"content":"    }"},{"lineNumber":6,"author":{"gitId":"vvvvh123"},"content":""},{"lineNumber":7,"author":{"gitId":"vvvvh123"},"content":"    @Override"},{"lineNumber":8,"author":{"gitId":"vvvvh123"},"content":"    public String toString() {"},{"lineNumber":9,"author":{"gitId":"vvvvh123"},"content":"        return \"[T]\" + super.toString();"},{"lineNumber":10,"author":{"gitId":"vvvvh123"},"content":"    }"},{"lineNumber":11,"author":{"gitId":"vvvvh123"},"content":"}"}],"authorContributionMap":{"vvvvh123":11}}]
