{"authorDailyContributionsMap":{"zikunz":[{"date":"2021-01-21","commitResults":[{"hash":"0c47162f1d065d59f6696344210b750f2f304ecc","messageTitle":"Update Duke.java","messageBody":"Completion of Add Increment: Level-0 of individual project.","fileTypesAndContributionMap":{"java":{"insertions":9,"deletions":1}}},{"hash":"8672538fdbc469b759cbabc33f72ff3ab266dcfa","messageTitle":"Update Duke.java","messageBody":"Added indentation for \"Bye. Hope to see you again soon!\" and improved coding standards","fileTypesAndContributionMap":{"java":{"insertions":5,"deletions":5}}},{"hash":"dbdea569b064b63261c1e0ee38ca387d7568f900","messageTitle":"Add Increment: Level-0","messageBody":"Improved coding standards","tags":["Level-0"],"fileTypesAndContributionMap":{"java":{"insertions":6,"deletions":6}}}]},{"date":"2021-01-26","commitResults":[{"hash":"dc909a760ea20f08b9dbc37c9d4179ab57445585","messageTitle":"Add Increment: Level-1: Greet, Echo, Exit","messageBody":"This is a skeletal version of Duke that starts by greeting the user, simply echoes commands entered by the user, and exits when the user types \"bye\".","tags":["Level-1"],"fileTypesAndContributionMap":{"java":{"insertions":18,"deletions":6}}},{"hash":"74d9eb15b18307ec1ba4bc210a511947c905aa64","messageTitle":"Add Increment: Level-2: Add, List","messageBody":"This version of Duke has the ability to store whatever text entered by the user and display them back to the user when requested. Since arrayList is used, the limit on the number of the user inputs depends on the computer memory.","tags":["Level-2"],"fileTypesAndContributionMap":{"java":{"insertions":47,"deletions":9}}},{"hash":"1514f4bd8d286dd27e1dde2ac336299763251c2a","messageTitle":"Add Increment: Level-3: Mark as Done","messageBody":"This version of Duke has the ability to mark tasks as done. It also\nalerts the user that the list is empty and prompts him or her to enter\nagain in the event that the user types \"list\" at the start of the\nprogram (when there is no task to do).\n","fileTypesAndContributionMap":{"java":{"insertions":2,"deletions":0}}}]},{"date":"2021-01-27","commitResults":[{"hash":"8df0abb52c434019191064a4ddd76d84aced57a8","messageTitle":"A-CodingStandard: Follow the Coding Standard","messageBody":"This version of Duke tweaks the code to comply with CS2113T coding standard.\n","fileTypesAndContributionMap":{"java":{"insertions":118,"deletions":70}}},{"hash":"05cdd824eb192113a24e42fdd46b88469e9ea002","messageTitle":"Add Increment: Level-3: Mark as Done","messageBody":"This version of Duke has the ability to mark tasks as done. It also\nalerts the user that the list is empty and prompts him or her to enter\nagain in the event that the user types \"list\" at the start of the\nprogram (when there is no task to do).\n","tags":["Level-3","A-Classes"],"fileTypesAndContributionMap":{"java":{"insertions":0,"deletions":1}}},{"hash":"e79a4c65b15aa7355ac99d0ac2580267d6709901","messageTitle":"A-CodingStandard: Follow the Coding Standard","messageBody":"This version of Duke tweaks the code to comply with CS2113T coding standard.\n","tags":["A-CodingStandard"],"fileTypesAndContributionMap":{"java":{"insertions":1,"deletions":0}}}]},{"date":"2021-02-03","commitResults":[{"hash":"0685c1229671707294fa69f12f6e8854ea7fa4e0","messageTitle":"Add Increment: Level-4: ToDos, Events, Deadlines","messageBody":"This version of Duke adds support for tracking three types of tasks:\nToDos, Deadlines and Events.\n","tags":["Level-4","A-CodeQuality"],"fileTypesAndContributionMap":{"java":{"insertions":164,"deletions":43}}}]},{"date":"2021-02-10","commitResults":[{"hash":"ba01e73f95559db9a5406108b4aebe19ad740ced","messageTitle":"Add Increment: Level-5: Handle Errors","messageBody":"This version of Duke deals with errors such as incorrect inputs entered\nby the user.\n","tags":["A-Packages","A-Exceptions"],"fileTypesAndContributionMap":{"java":{"insertions":103,"deletions":58}}}]},{"date":"2021-02-16","commitResults":[{"hash":"460ec3c0cf5cd4dc28f0b028fd6202400619878b","messageTitle":"Add Improvement: ArrayList, More Exceptions, Java Coding Standard","messageBody":"This version of Duke uses an arrayList to store user input, adds some\nother exceptions and improves coding standard.\n","fileTypesAndContributionMap":{"java":{"insertions":101,"deletions":90}}},{"hash":"d9f8710a31bcced2cb21610ec3f2d68785c0843f","messageTitle":"Add Increment: Level-6: Delete","messageBody":"This version of Duke adds support for deleting tasks from the list.\n","tags":["Level-6","A-Collections"],"fileTypesAndContributionMap":{"java":{"insertions":35,"deletions":10}}}]},{"date":"2021-02-17","commitResults":[{"hash":"367221c510513c124ffc59e590916c5f423720a5","messageTitle":"Add Increment: Level-7: Save","messageBody":"This version of Duke saves the tasks in the hard disk automatically\nwhenever the task list changes. It also loads the data from the hard\ndisk when Duke starts up.\n","fileTypesAndContributionMap":{"txt":{"insertions":3,"deletions":0},"java":{"insertions":118,"deletions":3}}},{"hash":"753c50e61b54f21c019ccd272bce4bfc420b51a1","messageTitle":"Add Improvement: Java Coding Standard","messageBody":"This version of Duke removes useless lines and deletes content\npreviously stored in Duke.txt\n","tags":["Level-7","A-Jar"],"fileTypesAndContributionMap":{"txt":{"insertions":0,"deletions":3},"java":{"insertions":0,"deletions":3}}}]},{"date":"2021-02-18","commitResults":[{"hash":"155885b91d14df40332c3e14c686515bfa29ec7e","messageTitle":"Add Improvement: Minor Typo Fixes and Java Coding Standard","messageBody":"This version of Duke fixes a typo in Event.java and improves coding\nstandard.\n","tags":["Level-7_Updated","A-Jar_Updated"],"fileTypesAndContributionMap":{"java":{"insertions":8,"deletions":5}}}]}]},"authorFileTypeContributionMap":{"zikunz":{"java":435,"md":0,"fxml":0,"sh":0,"bat":0,"gradle":0,"txt":0}},"authorContributionVariance":{"zikunz":4027.1775},"authorDisplayNameMap":{"zikunz":"CS2113T-T09-4 ZHU ..IKUN"}}
