{"authorDailyContributionsMap":{"joohwan58":[{"date":"2021-01-22","commitResults":[{"hash":"7e9319d310a309e793db84656cc7fb52f47dce7c","messageTitle":"Added greeting","messageBody":"","tags":["Level-0"],"fileTypesAndContributionMap":{"java":{"insertions":2,"deletions":0}}}]},{"date":"2021-01-27","commitResults":[{"hash":"0f7ddd78d5488c121ceedd2754e013fda92acd47","messageTitle":"echo functionality added","messageBody":"","tags":["Level-1"],"fileTypesAndContributionMap":{"java":{"insertions":21,"deletions":4}}},{"hash":"cfb0b11346ea5b96570e10b77f84b87f447185bd","messageTitle":"Add and list functionality","messageBody":"","tags":["Level-2"],"fileTypesAndContributionMap":{"java":{"insertions":21,"deletions":1}}},{"hash":"d2b8a613c9dfcd2a9f1e2c7a69a072e48d1820ef","messageTitle":"Mark as done functionality","messageBody":"","tags":["Level-3"],"fileTypesAndContributionMap":{"java":{"insertions":34,"deletions":5}}},{"hash":"5b1f36d22ce6d9164d221341c20f28da8f0f0966","messageTitle":"complying with coding standard","messageBody":"","tags":["A-CodingStandard"],"fileTypesAndContributionMap":{"java":{"insertions":12,"deletions":17}}}]},{"date":"2021-02-03","commitResults":[{"hash":"31c52905fa17d15f192b620fa7191bcd786e43ab","messageTitle":"week 4 IP tasks","messageBody":"","tags":["Level-4"],"fileTypesAndContributionMap":{"java":{"insertions":94,"deletions":38}}},{"hash":"1463717dee10ad24b97677e97226327e80db805d","messageTitle":"Cleaning code","messageBody":"","tags":["A-CodeQuality"],"fileTypesAndContributionMap":{"java":{"insertions":13,"deletions":10}}}]},{"date":"2021-02-04","commitResults":[{"hash":"ae96629343540d860076f18ed7f92e3ca32005b0","messageTitle":"Additional cleanup and coding standard fixes","messageBody":"","fileTypesAndContributionMap":{"java":{"insertions":7,"deletions":8}}}]},{"date":"2021-02-08","commitResults":[{"hash":"1a3d0246fabbe737c7ddd664cdadb837153ed0c7","messageTitle":"starting to implement exception handling","messageBody":"","fileTypesAndContributionMap":{"java":{"insertions":48,"deletions":33}}},{"hash":"99b0e448fba646bcfe8467112008540a9ed3c9b5","messageTitle":"more exceptions","messageBody":"","fileTypesAndContributionMap":{"java":{"insertions":13,"deletions":6}}},{"hash":"5c7be3ece578e85bb00a151915812482675440c4","messageTitle":"more exception handling","messageBody":"","fileTypesAndContributionMap":{"java":{"insertions":32,"deletions":12}}},{"hash":"dd224082032e543416c7abb127377f541c4a5d4a","messageTitle":"even more exception handling","messageBody":"","tags":["A-Exceptions"],"fileTypesAndContributionMap":{"java":{"insertions":5,"deletions":1}}},{"hash":"2c01558c00e2ca15abfc1095a5a07eee97fc3e2e","messageTitle":"reorganising file structure for packaging. Duke now runs from Main","messageBody":"","tags":["A-Packages"],"fileTypesAndContributionMap":{"java":{"insertions":34,"deletions":21},"bat":{"insertions":1,"deletions":1},"md":{"insertions":2,"deletions":2}}}]},{"date":"2021-02-17","commitResults":[{"hash":"4fd9d0e7250ec7184b4d72c7184c46338a61fe40","messageTitle":"collections","messageBody":"","tags":["A-collections"],"fileTypesAndContributionMap":{"java":{"insertions":7,"deletions":6}}}]},{"date":"2021-02-18","commitResults":[{"hash":"d0b63fdd9782aa254d557d005f0f0e5755b993a4","messageTitle":"Delete command added","messageBody":"","tags":["Level-6"],"fileTypesAndContributionMap":{"java":{"insertions":12,"deletions":1}}},{"hash":"94867110afd4fd0212cdb7b5292710b896ec0faf","messageTitle":"save functionality","messageBody":"","tags":["Level-7"],"fileTypesAndContributionMap":{"txt":{"insertions":5,"deletions":0},"java":{"insertions":66,"deletions":0}}},{"hash":"d1969c91082a013e0b472bdc28e0a0c1cc5e3252","messageTitle":"restructuring for JAR build","messageBody":"","tags":["A-Jar"],"fileTypesAndContributionMap":{"txt":{"insertions":3,"deletions":5},"java":{"insertions":15,"deletions":11}}},{"hash":"d43d0e4818b0027d5dc0fd9a37036587fd1a6185","messageTitle":"Revert \"Delete command added\"","messageBody":"This reverts commit d0b63fdd9782aa254d557d005f0f0e5755b993a4.\n","fileTypesAndContributionMap":{"java":{"insertions":1,"deletions":12}}}]}]},"authorFileTypeContributionMap":{"joohwan58":{"java":258,"md":2,"fxml":0,"sh":0,"bat":1,"gradle":0,"txt":3}},"authorContributionVariance":{"joohwan58":2275.9414},"authorDisplayNameMap":{"joohwan58":"CS2113-T10-1 KIM ..HWAN"}}
