[{"path":"README.md","fileType":"md","lines":[{"lineNumber":1,"author":{"gitId":"-"},"content":"# Duke project template"},{"lineNumber":2,"author":{"gitId":"-"},"content":""},{"lineNumber":3,"author":{"gitId":"-"},"content":"This is a project template for a greenfield Java project. It\u0027s named after the Java mascot _Duke_. Given below are instructions on how to use it."},{"lineNumber":4,"author":{"gitId":"-"},"content":""},{"lineNumber":5,"author":{"gitId":"-"},"content":"## Setting up in Intellij"},{"lineNumber":6,"author":{"gitId":"-"},"content":""},{"lineNumber":7,"author":{"gitId":"lihaoyangML"},"content":"Prerequisites: JDK 11, update IntelliJ to the most recent version."},{"lineNumber":8,"author":{"gitId":"-"},"content":""},{"lineNumber":9,"author":{"gitId":"lihaoyangML"},"content":"### On IntelliJ version 2020.3.1 (latest) and beyond"},{"lineNumber":10,"author":{"gitId":"lihaoyangML"},"content":""},{"lineNumber":11,"author":{"gitId":"lihaoyangML"},"content":"1. Open IntelliJ (if you are not in the welcome screen, click `File` \u003e `Close Project` to close the existing project first)"},{"lineNumber":12,"author":{"gitId":"lihaoyangML"},"content":"1. Import the project into IntelliJ as follows:"},{"lineNumber":13,"author":{"gitId":"lihaoyangML"},"content":"   1. Click `Open`"},{"lineNumber":14,"author":{"gitId":"-"},"content":"   1. Select the project directory, and click `OK`"},{"lineNumber":15,"author":{"gitId":"-"},"content":"   1. If there are any further prompts, accept the defaults."},{"lineNumber":16,"author":{"gitId":"lihaoyangML"},"content":"1. Configure the project to use **JDK 11** (not other versions) as explained in [here](https://www.jetbrains.com/help/idea/sdk.html#set-up-jdk)."},{"lineNumber":17,"author":{"gitId":"lihaoyangML"},"content":"1. After that, locate the `src/main/java/Duke.java` file, right-click it, and choose `Run Duke.main()`. If the setup is correct, you should see something like the output below."},{"lineNumber":18,"author":{"gitId":"lihaoyangML"},"content":""},{"lineNumber":19,"author":{"gitId":"-"},"content":"   ```"},{"lineNumber":20,"author":{"gitId":"-"},"content":"   Hello from"},{"lineNumber":21,"author":{"gitId":"-"},"content":"    ____        _        "},{"lineNumber":22,"author":{"gitId":"-"},"content":"   |  _ \\ _   _| | _____ "},{"lineNumber":23,"author":{"gitId":"-"},"content":"   | | | | | | | |/ / _ \\"},{"lineNumber":24,"author":{"gitId":"-"},"content":"   | |_| | |_| |   \u003c  __/"},{"lineNumber":25,"author":{"gitId":"-"},"content":"   |____/ \\__,_|_|\\_\\___|"},{"lineNumber":26,"author":{"gitId":"-"},"content":"   ```"}],"authorContributionMap":{"lihaoyangML":9,"-":17}},{"path":"src/main/java/Deadline.java","fileType":"java","lines":[{"lineNumber":1,"author":{"gitId":"lihaoyangML"},"content":"public class Deadline extends Task{"},{"lineNumber":2,"author":{"gitId":"lihaoyangML"},"content":"    private String deadline;"},{"lineNumber":3,"author":{"gitId":"lihaoyangML"},"content":"    private String keyWordBeforeDeadline;"},{"lineNumber":4,"author":{"gitId":"lihaoyangML"},"content":""},{"lineNumber":5,"author":{"gitId":"lihaoyangML"},"content":"    public Deadline(String description) {"},{"lineNumber":6,"author":{"gitId":"lihaoyangML"},"content":"        super(description);"},{"lineNumber":7,"author":{"gitId":"lihaoyangML"},"content":"        preprocessInput(description);"},{"lineNumber":8,"author":{"gitId":"lihaoyangML"},"content":"    }"},{"lineNumber":9,"author":{"gitId":"lihaoyangML"},"content":""},{"lineNumber":10,"author":{"gitId":"lihaoyangML"},"content":"    private void preprocessInput(String input){"},{"lineNumber":11,"author":{"gitId":"lihaoyangML"},"content":"        int indexOfBackslash \u003d input.indexOf(\"/\");"},{"lineNumber":12,"author":{"gitId":"lihaoyangML"},"content":"        this.description \u003d input.substring(0,indexOfBackslash);"},{"lineNumber":13,"author":{"gitId":"lihaoyangML"},"content":"        String stringAfterBackslash \u003d input.substring(indexOfBackslash+1);"},{"lineNumber":14,"author":{"gitId":"lihaoyangML"},"content":"        int indexFirstSpaceAfterBackslash \u003d stringAfterBackslash.indexOf(\" \");"},{"lineNumber":15,"author":{"gitId":"lihaoyangML"},"content":"        this.keyWordBeforeDeadline \u003d"},{"lineNumber":16,"author":{"gitId":"lihaoyangML"},"content":"                stringAfterBackslash.substring(0, indexFirstSpaceAfterBackslash);"},{"lineNumber":17,"author":{"gitId":"lihaoyangML"},"content":"        this.deadline \u003d stringAfterBackslash.substring(indexFirstSpaceAfterBackslash + 1);"},{"lineNumber":18,"author":{"gitId":"lihaoyangML"},"content":"    }"},{"lineNumber":19,"author":{"gitId":"lihaoyangML"},"content":""},{"lineNumber":20,"author":{"gitId":"lihaoyangML"},"content":"    public String getDeadline() {"},{"lineNumber":21,"author":{"gitId":"lihaoyangML"},"content":"        return deadline;"},{"lineNumber":22,"author":{"gitId":"lihaoyangML"},"content":"    }"},{"lineNumber":23,"author":{"gitId":"lihaoyangML"},"content":""},{"lineNumber":24,"author":{"gitId":"lihaoyangML"},"content":"    public void setDeadline(String deadline) {"},{"lineNumber":25,"author":{"gitId":"lihaoyangML"},"content":"        this.deadline \u003d deadline;"},{"lineNumber":26,"author":{"gitId":"lihaoyangML"},"content":"    }"},{"lineNumber":27,"author":{"gitId":"lihaoyangML"},"content":""},{"lineNumber":28,"author":{"gitId":"lihaoyangML"},"content":"    public String getKeyWordBeforeDeadline() {"},{"lineNumber":29,"author":{"gitId":"lihaoyangML"},"content":"        return keyWordBeforeDeadline;"},{"lineNumber":30,"author":{"gitId":"lihaoyangML"},"content":"    }"},{"lineNumber":31,"author":{"gitId":"lihaoyangML"},"content":""},{"lineNumber":32,"author":{"gitId":"lihaoyangML"},"content":"    public void setKeyWordBeforeDeadline(String keyWordBeforeDeadline) {"},{"lineNumber":33,"author":{"gitId":"lihaoyangML"},"content":"        this.keyWordBeforeDeadline \u003d keyWordBeforeDeadline;"},{"lineNumber":34,"author":{"gitId":"lihaoyangML"},"content":"    }"},{"lineNumber":35,"author":{"gitId":"lihaoyangML"},"content":""},{"lineNumber":36,"author":{"gitId":"lihaoyangML"},"content":"    @Override"},{"lineNumber":37,"author":{"gitId":"lihaoyangML"},"content":"    public void printTask() {"},{"lineNumber":38,"author":{"gitId":"lihaoyangML"},"content":"        System.out.printf(\"[D][%s] %s (%s: %s)\\n\","},{"lineNumber":39,"author":{"gitId":"lihaoyangML"},"content":"                super.getStatusIcon(), super.getDescription().substring(9),"},{"lineNumber":40,"author":{"gitId":"lihaoyangML"},"content":"                getKeyWordBeforeDeadline(), getDeadline());"},{"lineNumber":41,"author":{"gitId":"lihaoyangML"},"content":"    }"},{"lineNumber":42,"author":{"gitId":"lihaoyangML"},"content":"}"}],"authorContributionMap":{"lihaoyangML":42}},{"path":"src/main/java/Duke.java","fileType":"java","lines":[{"lineNumber":1,"author":{"gitId":"-"},"content":"public class Duke {"},{"lineNumber":2,"author":{"gitId":"-"},"content":"    public static void main(String[] args) {"},{"lineNumber":3,"author":{"gitId":"lihaoyangML"},"content":"        DukeUI.printWelcomeMessage();"},{"lineNumber":4,"author":{"gitId":"lihaoyangML"},"content":"        DukeUI.printMenu();"},{"lineNumber":5,"author":{"gitId":"lihaoyangML"},"content":"        DukeController.run();"},{"lineNumber":6,"author":{"gitId":"lihaoyangML"},"content":"        DukeUI.printExitMessage();"},{"lineNumber":7,"author":{"gitId":"-"},"content":"    }"},{"lineNumber":8,"author":{"gitId":"-"},"content":"}"}],"authorContributionMap":{"lihaoyangML":4,"-":4}},{"path":"src/main/java/DukeCommandValidator.java","fileType":"java","lines":[{"lineNumber":1,"author":{"gitId":"lihaoyangML"},"content":"public class DukeCommandValidator {"},{"lineNumber":2,"author":{"gitId":"lihaoyangML"},"content":"    static int MINIMUM_DONE_LENGTH \u003d 5;"},{"lineNumber":3,"author":{"gitId":"lihaoyangML"},"content":"    static int MINIMUN_TODO_LENGTH \u003d 6;"},{"lineNumber":4,"author":{"gitId":"lihaoyangML"},"content":"    static int MINIMUM_EVENT_LENGTH \u003d 12;"},{"lineNumber":5,"author":{"gitId":"lihaoyangML"},"content":"    static int MINIMUM_DEADLINE_LENGTH \u003d 15;"},{"lineNumber":6,"author":{"gitId":"lihaoyangML"},"content":""},{"lineNumber":7,"author":{"gitId":"lihaoyangML"},"content":"    public static int getCommand(String input){"},{"lineNumber":8,"author":{"gitId":"lihaoyangML"},"content":"        if(input.equals(\"bye\")){"},{"lineNumber":9,"author":{"gitId":"lihaoyangML"},"content":"            return DukeCommands.EXIT;"},{"lineNumber":10,"author":{"gitId":"lihaoyangML"},"content":"        }"},{"lineNumber":11,"author":{"gitId":"lihaoyangML"},"content":"        if(input.equals(\"list\")){"},{"lineNumber":12,"author":{"gitId":"lihaoyangML"},"content":"            return DukeCommands.LIST;"},{"lineNumber":13,"author":{"gitId":"lihaoyangML"},"content":"        }"},{"lineNumber":14,"author":{"gitId":"lihaoyangML"},"content":"        if(validateDoneCommand(input) \u003d\u003d true){"},{"lineNumber":15,"author":{"gitId":"lihaoyangML"},"content":"            return DukeCommands.DONE;"},{"lineNumber":16,"author":{"gitId":"lihaoyangML"},"content":"        }"},{"lineNumber":17,"author":{"gitId":"lihaoyangML"},"content":"        if(validateAddCommand(input) \u003d\u003d true) {"},{"lineNumber":18,"author":{"gitId":"lihaoyangML"},"content":"            return DukeCommands.ADD;"},{"lineNumber":19,"author":{"gitId":"lihaoyangML"},"content":"        }"},{"lineNumber":20,"author":{"gitId":"lihaoyangML"},"content":"        return DukeCommands.INVALID_COMMAND;"},{"lineNumber":21,"author":{"gitId":"lihaoyangML"},"content":"    }"},{"lineNumber":22,"author":{"gitId":"lihaoyangML"},"content":""},{"lineNumber":23,"author":{"gitId":"lihaoyangML"},"content":"    public static boolean validateTodo(String input){"},{"lineNumber":24,"author":{"gitId":"lihaoyangML"},"content":"        if(input.length()\u003e\u003dMINIMUN_TODO_LENGTH) {"},{"lineNumber":25,"author":{"gitId":"lihaoyangML"},"content":"            if (input.substring(0, 5).equals(\"todo \")) {"},{"lineNumber":26,"author":{"gitId":"lihaoyangML"},"content":"                return true;"},{"lineNumber":27,"author":{"gitId":"lihaoyangML"},"content":"            }"},{"lineNumber":28,"author":{"gitId":"lihaoyangML"},"content":"        }"},{"lineNumber":29,"author":{"gitId":"lihaoyangML"},"content":"        return false;"},{"lineNumber":30,"author":{"gitId":"lihaoyangML"},"content":"    }"},{"lineNumber":31,"author":{"gitId":"lihaoyangML"},"content":""},{"lineNumber":32,"author":{"gitId":"lihaoyangML"},"content":"    public static boolean validateDeadline(String input){"},{"lineNumber":33,"author":{"gitId":"lihaoyangML"},"content":"        if(input.length()\u003cMINIMUM_DEADLINE_LENGTH){"},{"lineNumber":34,"author":{"gitId":"lihaoyangML"},"content":"            return false;"},{"lineNumber":35,"author":{"gitId":"lihaoyangML"},"content":"        }"},{"lineNumber":36,"author":{"gitId":"lihaoyangML"},"content":"        if (!input.substring(0, 9).equals(\"deadline \")){"},{"lineNumber":37,"author":{"gitId":"lihaoyangML"},"content":"            return false;"},{"lineNumber":38,"author":{"gitId":"lihaoyangML"},"content":"        }"},{"lineNumber":39,"author":{"gitId":"lihaoyangML"},"content":"        // validate substring before backslash"},{"lineNumber":40,"author":{"gitId":"lihaoyangML"},"content":"        int indexOfBackslash \u003d input.indexOf(\"/\");"},{"lineNumber":41,"author":{"gitId":"lihaoyangML"},"content":"        if(indexOfBackslash \u003c 11){"},{"lineNumber":42,"author":{"gitId":"lihaoyangML"},"content":"            return false;"},{"lineNumber":43,"author":{"gitId":"lihaoyangML"},"content":"        }"},{"lineNumber":44,"author":{"gitId":"lihaoyangML"},"content":"        // validate substring after backslash"},{"lineNumber":45,"author":{"gitId":"lihaoyangML"},"content":"        String stringAfterBackslash \u003d input.substring(indexOfBackslash+1);"},{"lineNumber":46,"author":{"gitId":"lihaoyangML"},"content":"        int indexFirstSpaceAfterBackslash \u003d stringAfterBackslash.indexOf(\" \");"},{"lineNumber":47,"author":{"gitId":"lihaoyangML"},"content":"        if(indexFirstSpaceAfterBackslash \u003c 1){"},{"lineNumber":48,"author":{"gitId":"lihaoyangML"},"content":"            return false;"},{"lineNumber":49,"author":{"gitId":"lihaoyangML"},"content":"        }"},{"lineNumber":50,"author":{"gitId":"lihaoyangML"},"content":"        if(stringAfterBackslash.length() \u003d\u003d indexFirstSpaceAfterBackslash + 1){"},{"lineNumber":51,"author":{"gitId":"lihaoyangML"},"content":"            return false;"},{"lineNumber":52,"author":{"gitId":"lihaoyangML"},"content":"        }"},{"lineNumber":53,"author":{"gitId":"lihaoyangML"},"content":"        return true;"},{"lineNumber":54,"author":{"gitId":"lihaoyangML"},"content":"    }"},{"lineNumber":55,"author":{"gitId":"lihaoyangML"},"content":""},{"lineNumber":56,"author":{"gitId":"lihaoyangML"},"content":"    public static boolean validateEvent(String input){"},{"lineNumber":57,"author":{"gitId":"lihaoyangML"},"content":"        if(input.length()\u003cMINIMUM_EVENT_LENGTH){"},{"lineNumber":58,"author":{"gitId":"lihaoyangML"},"content":"            return false;"},{"lineNumber":59,"author":{"gitId":"lihaoyangML"},"content":"        }"},{"lineNumber":60,"author":{"gitId":"lihaoyangML"},"content":"        if (!input.substring(0, 6).equals(\"event \")){"},{"lineNumber":61,"author":{"gitId":"lihaoyangML"},"content":"            return false;"},{"lineNumber":62,"author":{"gitId":"lihaoyangML"},"content":"        }"},{"lineNumber":63,"author":{"gitId":"lihaoyangML"},"content":"        // validate substring before backslash"},{"lineNumber":64,"author":{"gitId":"lihaoyangML"},"content":"        int indexOfBackslash \u003d input.indexOf(\"/\");"},{"lineNumber":65,"author":{"gitId":"lihaoyangML"},"content":"        if(indexOfBackslash \u003c 8){"},{"lineNumber":66,"author":{"gitId":"lihaoyangML"},"content":"            return false;"},{"lineNumber":67,"author":{"gitId":"lihaoyangML"},"content":"        }"},{"lineNumber":68,"author":{"gitId":"lihaoyangML"},"content":"        // validate substring after backslash"},{"lineNumber":69,"author":{"gitId":"lihaoyangML"},"content":"        String stringAfterBackslash \u003d input.substring(indexOfBackslash+1);"},{"lineNumber":70,"author":{"gitId":"lihaoyangML"},"content":"        int indexFirstSpaceAfterBackslash \u003d stringAfterBackslash.indexOf(\" \");"},{"lineNumber":71,"author":{"gitId":"lihaoyangML"},"content":"        if(indexFirstSpaceAfterBackslash \u003c 1){"},{"lineNumber":72,"author":{"gitId":"lihaoyangML"},"content":"            return false;"},{"lineNumber":73,"author":{"gitId":"lihaoyangML"},"content":"        }"},{"lineNumber":74,"author":{"gitId":"lihaoyangML"},"content":"        if(stringAfterBackslash.length() \u003d\u003d indexFirstSpaceAfterBackslash + 1){"},{"lineNumber":75,"author":{"gitId":"lihaoyangML"},"content":"            return false;"},{"lineNumber":76,"author":{"gitId":"lihaoyangML"},"content":"        }"},{"lineNumber":77,"author":{"gitId":"lihaoyangML"},"content":"        return true;"},{"lineNumber":78,"author":{"gitId":"lihaoyangML"},"content":"    }"},{"lineNumber":79,"author":{"gitId":"lihaoyangML"},"content":""},{"lineNumber":80,"author":{"gitId":"lihaoyangML"},"content":""},{"lineNumber":81,"author":{"gitId":"lihaoyangML"},"content":"    public static Boolean validateAddCommand(String input){"},{"lineNumber":82,"author":{"gitId":"lihaoyangML"},"content":""},{"lineNumber":83,"author":{"gitId":"lihaoyangML"},"content":"        if(input.length()\u003e\u003dMINIMUN_TODO_LENGTH) {"},{"lineNumber":84,"author":{"gitId":"lihaoyangML"},"content":"            if (input.substring(0, 5).equals(\"todo \")) {"},{"lineNumber":85,"author":{"gitId":"lihaoyangML"},"content":"                return true;"},{"lineNumber":86,"author":{"gitId":"lihaoyangML"},"content":"            }"},{"lineNumber":87,"author":{"gitId":"lihaoyangML"},"content":"        }"},{"lineNumber":88,"author":{"gitId":"lihaoyangML"},"content":""},{"lineNumber":89,"author":{"gitId":"lihaoyangML"},"content":"        if(input.length()\u003e\u003dMINIMUM_EVENT_LENGTH) {"},{"lineNumber":90,"author":{"gitId":"lihaoyangML"},"content":"            if (input.substring(0, 6).equals(\"event \")) {"},{"lineNumber":91,"author":{"gitId":"lihaoyangML"},"content":"                return true;"},{"lineNumber":92,"author":{"gitId":"lihaoyangML"},"content":"            }"},{"lineNumber":93,"author":{"gitId":"lihaoyangML"},"content":"        }"},{"lineNumber":94,"author":{"gitId":"lihaoyangML"},"content":""},{"lineNumber":95,"author":{"gitId":"lihaoyangML"},"content":"        if(input.length()\u003e\u003dMINIMUM_DEADLINE_LENGTH) {"},{"lineNumber":96,"author":{"gitId":"lihaoyangML"},"content":"            if (input.substring(0, 9).equals(\"deadline \")) {"},{"lineNumber":97,"author":{"gitId":"lihaoyangML"},"content":"                return true;"},{"lineNumber":98,"author":{"gitId":"lihaoyangML"},"content":"            }"},{"lineNumber":99,"author":{"gitId":"lihaoyangML"},"content":"        }"},{"lineNumber":100,"author":{"gitId":"lihaoyangML"},"content":""},{"lineNumber":101,"author":{"gitId":"lihaoyangML"},"content":"        return false;"},{"lineNumber":102,"author":{"gitId":"lihaoyangML"},"content":"    }"},{"lineNumber":103,"author":{"gitId":"lihaoyangML"},"content":""},{"lineNumber":104,"author":{"gitId":"lihaoyangML"},"content":"    public static boolean validateDoneCommand(String input){"},{"lineNumber":105,"author":{"gitId":"lihaoyangML"},"content":"        if(input.length()\u003c\u003dMINIMUM_DONE_LENGTH){"},{"lineNumber":106,"author":{"gitId":"lihaoyangML"},"content":"            return false;"},{"lineNumber":107,"author":{"gitId":"lihaoyangML"},"content":"        }"},{"lineNumber":108,"author":{"gitId":"lihaoyangML"},"content":"        String firstFiveChars \u003d input.substring(0, 5);"},{"lineNumber":109,"author":{"gitId":"lihaoyangML"},"content":"        String sixthToLastChars \u003d input.substring(5);"},{"lineNumber":110,"author":{"gitId":"lihaoyangML"},"content":"        if(firstFiveChars.equals(\"done \") \u0026\u0026 isInteger(sixthToLastChars)){"},{"lineNumber":111,"author":{"gitId":"lihaoyangML"},"content":"            return true;"},{"lineNumber":112,"author":{"gitId":"lihaoyangML"},"content":"        }"},{"lineNumber":113,"author":{"gitId":"lihaoyangML"},"content":"        return false;"},{"lineNumber":114,"author":{"gitId":"lihaoyangML"},"content":"    }"},{"lineNumber":115,"author":{"gitId":"lihaoyangML"},"content":""},{"lineNumber":116,"author":{"gitId":"lihaoyangML"},"content":"    public static boolean isInteger(String s) {"},{"lineNumber":117,"author":{"gitId":"lihaoyangML"},"content":"        try {"},{"lineNumber":118,"author":{"gitId":"lihaoyangML"},"content":"            Integer.parseInt(s);"},{"lineNumber":119,"author":{"gitId":"lihaoyangML"},"content":"        } catch(NumberFormatException e) {"},{"lineNumber":120,"author":{"gitId":"lihaoyangML"},"content":"            return false;"},{"lineNumber":121,"author":{"gitId":"lihaoyangML"},"content":"        } catch(NullPointerException e) {"},{"lineNumber":122,"author":{"gitId":"lihaoyangML"},"content":"            return false;"},{"lineNumber":123,"author":{"gitId":"lihaoyangML"},"content":"        }"},{"lineNumber":124,"author":{"gitId":"lihaoyangML"},"content":"        return true;"},{"lineNumber":125,"author":{"gitId":"lihaoyangML"},"content":"    }"},{"lineNumber":126,"author":{"gitId":"lihaoyangML"},"content":"}"}],"authorContributionMap":{"lihaoyangML":126}},{"path":"src/main/java/DukeCommands.java","fileType":"java","lines":[{"lineNumber":1,"author":{"gitId":"lihaoyangML"},"content":"public class DukeCommands {"},{"lineNumber":2,"author":{"gitId":"lihaoyangML"},"content":"    public static final int INVALID_COMMAND \u003d 6386;"},{"lineNumber":3,"author":{"gitId":"lihaoyangML"},"content":"    public static final int LIST \u003d 2535;"},{"lineNumber":4,"author":{"gitId":"lihaoyangML"},"content":"    public static final int DONE \u003d 6346;"},{"lineNumber":5,"author":{"gitId":"lihaoyangML"},"content":"    public static final int EXIT \u003d  5686;"},{"lineNumber":6,"author":{"gitId":"lihaoyangML"},"content":"    public static final int ADD \u003d 9479;"},{"lineNumber":7,"author":{"gitId":"lihaoyangML"},"content":"    public static final int ADD_TODO \u003d 4786;"},{"lineNumber":8,"author":{"gitId":"lihaoyangML"},"content":"    public static final int ADD_DEADLINE \u003d 8568;"},{"lineNumber":9,"author":{"gitId":"lihaoyangML"},"content":"    public static final int ADD_EVENT \u003d 3476;"},{"lineNumber":10,"author":{"gitId":"lihaoyangML"},"content":""},{"lineNumber":11,"author":{"gitId":"lihaoyangML"},"content":"}"}],"authorContributionMap":{"lihaoyangML":11}},{"path":"src/main/java/DukeController.java","fileType":"java","lines":[{"lineNumber":1,"author":{"gitId":"lihaoyangML"},"content":"import java.util.Scanner;"},{"lineNumber":2,"author":{"gitId":"lihaoyangML"},"content":""},{"lineNumber":3,"author":{"gitId":"lihaoyangML"},"content":"public class DukeController {"},{"lineNumber":4,"author":{"gitId":"lihaoyangML"},"content":""},{"lineNumber":5,"author":{"gitId":"lihaoyangML"},"content":"    private static Task[] tasks \u003d new Task[100];"},{"lineNumber":6,"author":{"gitId":"lihaoyangML"},"content":"    private static int currentTaskLength \u003d 0;"},{"lineNumber":7,"author":{"gitId":"lihaoyangML"},"content":"    private static Scanner sc \u003d new Scanner(System.in);"},{"lineNumber":8,"author":{"gitId":"lihaoyangML"},"content":"    private static String input;"},{"lineNumber":9,"author":{"gitId":"lihaoyangML"},"content":"    private static int currentCommand;"},{"lineNumber":10,"author":{"gitId":"lihaoyangML"},"content":""},{"lineNumber":11,"author":{"gitId":"lihaoyangML"},"content":"    public static void run(){"},{"lineNumber":12,"author":{"gitId":"lihaoyangML"},"content":"        while (true){"},{"lineNumber":13,"author":{"gitId":"lihaoyangML"},"content":"            input \u003d sc.nextLine();"},{"lineNumber":14,"author":{"gitId":"lihaoyangML"},"content":"            currentCommand \u003d DukeCommandValidator.getCommand(input);"},{"lineNumber":15,"author":{"gitId":"lihaoyangML"},"content":""},{"lineNumber":16,"author":{"gitId":"lihaoyangML"},"content":"            switch (currentCommand){"},{"lineNumber":17,"author":{"gitId":"lihaoyangML"},"content":"            case DukeCommands.INVALID_COMMAND:{"},{"lineNumber":18,"author":{"gitId":"lihaoyangML"},"content":"                System.out.println(\"Please enter a valid command!\");"},{"lineNumber":19,"author":{"gitId":"lihaoyangML"},"content":"                DukeUI.printMenu();"},{"lineNumber":20,"author":{"gitId":"lihaoyangML"},"content":"                break;"},{"lineNumber":21,"author":{"gitId":"lihaoyangML"},"content":"            }"},{"lineNumber":22,"author":{"gitId":"lihaoyangML"},"content":"            case DukeCommands.LIST:{"},{"lineNumber":23,"author":{"gitId":"lihaoyangML"},"content":"                list();"},{"lineNumber":24,"author":{"gitId":"lihaoyangML"},"content":"                break;"},{"lineNumber":25,"author":{"gitId":"lihaoyangML"},"content":"            }"},{"lineNumber":26,"author":{"gitId":"lihaoyangML"},"content":"            case DukeCommands.EXIT:{"},{"lineNumber":27,"author":{"gitId":"lihaoyangML"},"content":"                return;"},{"lineNumber":28,"author":{"gitId":"lihaoyangML"},"content":"            }"},{"lineNumber":29,"author":{"gitId":"lihaoyangML"},"content":"            case DukeCommands.DONE:{"},{"lineNumber":30,"author":{"gitId":"lihaoyangML"},"content":"                done();"},{"lineNumber":31,"author":{"gitId":"lihaoyangML"},"content":"                break;"},{"lineNumber":32,"author":{"gitId":"lihaoyangML"},"content":"            }"},{"lineNumber":33,"author":{"gitId":"lihaoyangML"},"content":"            case DukeCommands.ADD:{"},{"lineNumber":34,"author":{"gitId":"lihaoyangML"},"content":"                add();"},{"lineNumber":35,"author":{"gitId":"lihaoyangML"},"content":"                break;"},{"lineNumber":36,"author":{"gitId":"lihaoyangML"},"content":"            }"},{"lineNumber":37,"author":{"gitId":"lihaoyangML"},"content":"            default: {"},{"lineNumber":38,"author":{"gitId":"lihaoyangML"},"content":"                System.out.println(\"Unknown error has occurred! Please try again.\");"},{"lineNumber":39,"author":{"gitId":"lihaoyangML"},"content":"            }"},{"lineNumber":40,"author":{"gitId":"lihaoyangML"},"content":"            }"},{"lineNumber":41,"author":{"gitId":"lihaoyangML"},"content":"        }"},{"lineNumber":42,"author":{"gitId":"lihaoyangML"},"content":"    }"},{"lineNumber":43,"author":{"gitId":"lihaoyangML"},"content":""},{"lineNumber":44,"author":{"gitId":"lihaoyangML"},"content":"    public static void list(){"},{"lineNumber":45,"author":{"gitId":"lihaoyangML"},"content":"        for(int i\u003d0; i\u003ccurrentTaskLength; i++){"},{"lineNumber":46,"author":{"gitId":"lihaoyangML"},"content":"            System.out.printf(\"%d.\", i+1);"},{"lineNumber":47,"author":{"gitId":"lihaoyangML"},"content":"            tasks[i].printTask();"},{"lineNumber":48,"author":{"gitId":"lihaoyangML"},"content":"        }"},{"lineNumber":49,"author":{"gitId":"lihaoyangML"},"content":"    }"},{"lineNumber":50,"author":{"gitId":"lihaoyangML"},"content":""},{"lineNumber":51,"author":{"gitId":"lihaoyangML"},"content":"    public static void done(){"},{"lineNumber":52,"author":{"gitId":"lihaoyangML"},"content":"        int taskIndex \u003d Integer.parseInt(input.substring(5)) - 1;"},{"lineNumber":53,"author":{"gitId":"lihaoyangML"},"content":"        if(taskIndex \u003e\u003d currentTaskLength || taskIndex \u003c 0){"},{"lineNumber":54,"author":{"gitId":"lihaoyangML"},"content":"            System.out.println(\"The task index you have entered is out of bound!\");"},{"lineNumber":55,"author":{"gitId":"lihaoyangML"},"content":"            return;"},{"lineNumber":56,"author":{"gitId":"lihaoyangML"},"content":"        }"},{"lineNumber":57,"author":{"gitId":"lihaoyangML"},"content":"        else{"},{"lineNumber":58,"author":{"gitId":"lihaoyangML"},"content":"            tasks[taskIndex].setIsDone(true);"},{"lineNumber":59,"author":{"gitId":"lihaoyangML"},"content":"            System.out.println(\"Nice! I\u0027ve marked this task as done: \");"},{"lineNumber":60,"author":{"gitId":"lihaoyangML"},"content":"            System.out.println(\"[\""},{"lineNumber":61,"author":{"gitId":"lihaoyangML"},"content":"                    + tasks[taskIndex].getStatusIcon() + \"] \""},{"lineNumber":62,"author":{"gitId":"lihaoyangML"},"content":"                    + tasks[taskIndex].getDescription());"},{"lineNumber":63,"author":{"gitId":"lihaoyangML"},"content":"        }"},{"lineNumber":64,"author":{"gitId":"lihaoyangML"},"content":""},{"lineNumber":65,"author":{"gitId":"lihaoyangML"},"content":"    }"},{"lineNumber":66,"author":{"gitId":"lihaoyangML"},"content":""},{"lineNumber":67,"author":{"gitId":"lihaoyangML"},"content":"    public static void add(){"},{"lineNumber":68,"author":{"gitId":"lihaoyangML"},"content":"        if(DukeCommandValidator.validateTodo(input)\u003d\u003dtrue){"},{"lineNumber":69,"author":{"gitId":"lihaoyangML"},"content":"            tasks[currentTaskLength] \u003d new ToDo(input);"},{"lineNumber":70,"author":{"gitId":"lihaoyangML"},"content":"        }else if(DukeCommandValidator.validateDeadline(input)\u003d\u003dtrue){"},{"lineNumber":71,"author":{"gitId":"lihaoyangML"},"content":"            tasks[currentTaskLength] \u003d new Deadline(input);;"},{"lineNumber":72,"author":{"gitId":"lihaoyangML"},"content":"        }else if(DukeCommandValidator.validateEvent(input)){"},{"lineNumber":73,"author":{"gitId":"lihaoyangML"},"content":"            tasks[currentTaskLength] \u003d new Event(input);"},{"lineNumber":74,"author":{"gitId":"lihaoyangML"},"content":"        }else{"},{"lineNumber":75,"author":{"gitId":"lihaoyangML"},"content":"            System.out.println(\"Invalid syntax for add commands! Please try again!\");"},{"lineNumber":76,"author":{"gitId":"lihaoyangML"},"content":"            DukeUI.printMenu();"},{"lineNumber":77,"author":{"gitId":"lihaoyangML"},"content":"            return;"},{"lineNumber":78,"author":{"gitId":"lihaoyangML"},"content":"        }"},{"lineNumber":79,"author":{"gitId":"lihaoyangML"},"content":"        System.out.printf(\"Got it. I\u0027ve added this task:\\n  \");"},{"lineNumber":80,"author":{"gitId":"lihaoyangML"},"content":"        tasks[currentTaskLength].printTask();"},{"lineNumber":81,"author":{"gitId":"lihaoyangML"},"content":"        System.out.printf(\"Now you have %d tasks in the list.\\n\", currentTaskLength + 1);"},{"lineNumber":82,"author":{"gitId":"lihaoyangML"},"content":"        currentTaskLength++;"},{"lineNumber":83,"author":{"gitId":"lihaoyangML"},"content":"    }"},{"lineNumber":84,"author":{"gitId":"lihaoyangML"},"content":""},{"lineNumber":85,"author":{"gitId":"lihaoyangML"},"content":"}"}],"authorContributionMap":{"lihaoyangML":85}},{"path":"src/main/java/DukeUI.java","fileType":"java","lines":[{"lineNumber":1,"author":{"gitId":"lihaoyangML"},"content":"public class DukeUI {"},{"lineNumber":2,"author":{"gitId":"lihaoyangML"},"content":""},{"lineNumber":3,"author":{"gitId":"lihaoyangML"},"content":"    public static void printWelcomeMessage(){"},{"lineNumber":4,"author":{"gitId":"lihaoyangML"},"content":"        System.out.printf(\"Hello! I\u0027m Duke\\n\" +"},{"lineNumber":5,"author":{"gitId":"lihaoyangML"},"content":"                \"What can I do for you?\\n\");"},{"lineNumber":6,"author":{"gitId":"lihaoyangML"},"content":"    }"},{"lineNumber":7,"author":{"gitId":"lihaoyangML"},"content":""},{"lineNumber":8,"author":{"gitId":"lihaoyangML"},"content":"    public static void printExitMessage(){"},{"lineNumber":9,"author":{"gitId":"lihaoyangML"},"content":"        System.out.printf(\"Bye. Hope to see you again soon!\\n\");"},{"lineNumber":10,"author":{"gitId":"lihaoyangML"},"content":"    }"},{"lineNumber":11,"author":{"gitId":"lihaoyangML"},"content":""},{"lineNumber":12,"author":{"gitId":"lihaoyangML"},"content":"    public static void printMenu() {"},{"lineNumber":13,"author":{"gitId":"lihaoyangML"},"content":"        System.out.printf(\"\\n\\n--------User Menu--------\\n\" +"},{"lineNumber":14,"author":{"gitId":"lihaoyangML"},"content":"                \"list: list current tasks and completion status\\n\" +"},{"lineNumber":15,"author":{"gitId":"lihaoyangML"},"content":"                \"done x: Mark task x as completed\\n\" +"},{"lineNumber":16,"author":{"gitId":"lihaoyangML"},"content":"                \"todo TASK_DESCRIPTION\\n\" +"},{"lineNumber":17,"author":{"gitId":"lihaoyangML"},"content":"                \"deadline TASK_DESCRIPTION /KEYWORD DATE_TIME\\n\" +"},{"lineNumber":18,"author":{"gitId":"lihaoyangML"},"content":"                \"event TASK_DESCRIPTION /KEYWORD DATE_TIME\\n\" +"},{"lineNumber":19,"author":{"gitId":"lihaoyangML"},"content":"                \"bye: Exit\\n\" +"},{"lineNumber":20,"author":{"gitId":"lihaoyangML"},"content":"                \"(KEYWORD: any single word such as before, by, after...)\\n\\n\");"},{"lineNumber":21,"author":{"gitId":"lihaoyangML"},"content":"    }"},{"lineNumber":22,"author":{"gitId":"lihaoyangML"},"content":"}"}],"authorContributionMap":{"lihaoyangML":22}},{"path":"src/main/java/Event.java","fileType":"java","lines":[{"lineNumber":1,"author":{"gitId":"lihaoyangML"},"content":"public class Event extends Task{"},{"lineNumber":2,"author":{"gitId":"lihaoyangML"},"content":"    private String duration;"},{"lineNumber":3,"author":{"gitId":"lihaoyangML"},"content":"    private String keyWordBeforeDuration;"},{"lineNumber":4,"author":{"gitId":"lihaoyangML"},"content":""},{"lineNumber":5,"author":{"gitId":"lihaoyangML"},"content":"    public Event(String description) {"},{"lineNumber":6,"author":{"gitId":"lihaoyangML"},"content":"        super(description);"},{"lineNumber":7,"author":{"gitId":"lihaoyangML"},"content":"        preprocessInput(description);"},{"lineNumber":8,"author":{"gitId":"lihaoyangML"},"content":"    }"},{"lineNumber":9,"author":{"gitId":"lihaoyangML"},"content":""},{"lineNumber":10,"author":{"gitId":"lihaoyangML"},"content":"    private void preprocessInput(String input){"},{"lineNumber":11,"author":{"gitId":"lihaoyangML"},"content":"        int indexOfBackslash \u003d input.indexOf(\"/\");"},{"lineNumber":12,"author":{"gitId":"lihaoyangML"},"content":"        this.description \u003d input.substring(0,indexOfBackslash);"},{"lineNumber":13,"author":{"gitId":"lihaoyangML"},"content":"        String stringAfterBackslash \u003d input.substring(indexOfBackslash+1);"},{"lineNumber":14,"author":{"gitId":"lihaoyangML"},"content":"        int indexFirstSpaceAfterBackslash \u003d stringAfterBackslash.indexOf(\" \");"},{"lineNumber":15,"author":{"gitId":"lihaoyangML"},"content":"        this.keyWordBeforeDuration \u003d"},{"lineNumber":16,"author":{"gitId":"lihaoyangML"},"content":"                stringAfterBackslash.substring(0, indexFirstSpaceAfterBackslash);"},{"lineNumber":17,"author":{"gitId":"lihaoyangML"},"content":"        this.duration \u003d stringAfterBackslash.substring(indexFirstSpaceAfterBackslash + 1);"},{"lineNumber":18,"author":{"gitId":"lihaoyangML"},"content":"    }"},{"lineNumber":19,"author":{"gitId":"lihaoyangML"},"content":""},{"lineNumber":20,"author":{"gitId":"lihaoyangML"},"content":"    public String getDuration() {"},{"lineNumber":21,"author":{"gitId":"lihaoyangML"},"content":"        return duration;"},{"lineNumber":22,"author":{"gitId":"lihaoyangML"},"content":"    }"},{"lineNumber":23,"author":{"gitId":"lihaoyangML"},"content":""},{"lineNumber":24,"author":{"gitId":"lihaoyangML"},"content":"    public void setDuration(String duration) {"},{"lineNumber":25,"author":{"gitId":"lihaoyangML"},"content":"        this.duration \u003d duration;"},{"lineNumber":26,"author":{"gitId":"lihaoyangML"},"content":"    }"},{"lineNumber":27,"author":{"gitId":"lihaoyangML"},"content":""},{"lineNumber":28,"author":{"gitId":"lihaoyangML"},"content":"    public String getKeyWordBeforeDuration() {"},{"lineNumber":29,"author":{"gitId":"lihaoyangML"},"content":"        return keyWordBeforeDuration;"},{"lineNumber":30,"author":{"gitId":"lihaoyangML"},"content":"    }"},{"lineNumber":31,"author":{"gitId":"lihaoyangML"},"content":""},{"lineNumber":32,"author":{"gitId":"lihaoyangML"},"content":"    public void setKeyWordBeforeDuration(String keyWordBeforeDuration) {"},{"lineNumber":33,"author":{"gitId":"lihaoyangML"},"content":"        this.keyWordBeforeDuration \u003d keyWordBeforeDuration;"},{"lineNumber":34,"author":{"gitId":"lihaoyangML"},"content":"    }"},{"lineNumber":35,"author":{"gitId":"lihaoyangML"},"content":""},{"lineNumber":36,"author":{"gitId":"lihaoyangML"},"content":"    @Override"},{"lineNumber":37,"author":{"gitId":"lihaoyangML"},"content":"    public void printTask() {"},{"lineNumber":38,"author":{"gitId":"lihaoyangML"},"content":"        System.out.printf(\"[E][%s] %s (%s: %s)\\n\","},{"lineNumber":39,"author":{"gitId":"lihaoyangML"},"content":"                super.getStatusIcon(), super.getDescription().substring(6),"},{"lineNumber":40,"author":{"gitId":"lihaoyangML"},"content":"                getKeyWordBeforeDuration(), getDuration());"},{"lineNumber":41,"author":{"gitId":"lihaoyangML"},"content":"    }"},{"lineNumber":42,"author":{"gitId":"lihaoyangML"},"content":"}"}],"authorContributionMap":{"lihaoyangML":42}},{"path":"src/main/java/Task.java","fileType":"java","lines":[{"lineNumber":1,"author":{"gitId":"lihaoyangML"},"content":"public class Task {"},{"lineNumber":2,"author":{"gitId":"lihaoyangML"},"content":"    protected String description;"},{"lineNumber":3,"author":{"gitId":"lihaoyangML"},"content":"    protected boolean isDone;"},{"lineNumber":4,"author":{"gitId":"lihaoyangML"},"content":""},{"lineNumber":5,"author":{"gitId":"lihaoyangML"},"content":"    public Task(String description) {"},{"lineNumber":6,"author":{"gitId":"lihaoyangML"},"content":"        this.description \u003d description;"},{"lineNumber":7,"author":{"gitId":"lihaoyangML"},"content":"        this.isDone \u003d false;"},{"lineNumber":8,"author":{"gitId":"lihaoyangML"},"content":"    }"},{"lineNumber":9,"author":{"gitId":"lihaoyangML"},"content":""},{"lineNumber":10,"author":{"gitId":"lihaoyangML"},"content":"    public String getDescription() {"},{"lineNumber":11,"author":{"gitId":"lihaoyangML"},"content":"        return description;"},{"lineNumber":12,"author":{"gitId":"lihaoyangML"},"content":"    }"},{"lineNumber":13,"author":{"gitId":"lihaoyangML"},"content":""},{"lineNumber":14,"author":{"gitId":"lihaoyangML"},"content":"    public void setDescription(String description){"},{"lineNumber":15,"author":{"gitId":"lihaoyangML"},"content":"        this.description \u003d description;"},{"lineNumber":16,"author":{"gitId":"lihaoyangML"},"content":"    }"},{"lineNumber":17,"author":{"gitId":"lihaoyangML"},"content":""},{"lineNumber":18,"author":{"gitId":"lihaoyangML"},"content":"    public boolean getIsDone(){"},{"lineNumber":19,"author":{"gitId":"lihaoyangML"},"content":"        return isDone;"},{"lineNumber":20,"author":{"gitId":"lihaoyangML"},"content":"    }"},{"lineNumber":21,"author":{"gitId":"lihaoyangML"},"content":""},{"lineNumber":22,"author":{"gitId":"lihaoyangML"},"content":"    public void setIsDone(boolean isDone){"},{"lineNumber":23,"author":{"gitId":"lihaoyangML"},"content":"        this.isDone \u003d isDone;"},{"lineNumber":24,"author":{"gitId":"lihaoyangML"},"content":"    }"},{"lineNumber":25,"author":{"gitId":"lihaoyangML"},"content":""},{"lineNumber":26,"author":{"gitId":"lihaoyangML"},"content":"    public String getStatusIcon() {"},{"lineNumber":27,"author":{"gitId":"lihaoyangML"},"content":"        return (isDone ? \"✓\" : \"✘\"); //return tick or X symbols"},{"lineNumber":28,"author":{"gitId":"lihaoyangML"},"content":"    }"},{"lineNumber":29,"author":{"gitId":"lihaoyangML"},"content":""},{"lineNumber":30,"author":{"gitId":"lihaoyangML"},"content":"    public void printTask(){"},{"lineNumber":31,"author":{"gitId":"lihaoyangML"},"content":"        System.out.printf(\"[%s] %s\\n\",getStatusIcon(), getDescription());"},{"lineNumber":32,"author":{"gitId":"lihaoyangML"},"content":"    }"},{"lineNumber":33,"author":{"gitId":"lihaoyangML"},"content":"}"}],"authorContributionMap":{"lihaoyangML":33}},{"path":"src/main/java/ToDo.java","fileType":"java","lines":[{"lineNumber":1,"author":{"gitId":"lihaoyangML"},"content":"public class ToDo extends Task{"},{"lineNumber":2,"author":{"gitId":"lihaoyangML"},"content":""},{"lineNumber":3,"author":{"gitId":"lihaoyangML"},"content":"    public ToDo(String description) {"},{"lineNumber":4,"author":{"gitId":"lihaoyangML"},"content":"        super(description);"},{"lineNumber":5,"author":{"gitId":"lihaoyangML"},"content":"    }"},{"lineNumber":6,"author":{"gitId":"lihaoyangML"},"content":""},{"lineNumber":7,"author":{"gitId":"lihaoyangML"},"content":"    @Override"},{"lineNumber":8,"author":{"gitId":"lihaoyangML"},"content":"    public void printTask() {"},{"lineNumber":9,"author":{"gitId":"lihaoyangML"},"content":"        System.out.printf(\"[T][%s] %s\\n\",super.getStatusIcon(), super.getDescription().substring(5));"},{"lineNumber":10,"author":{"gitId":"lihaoyangML"},"content":"    }"},{"lineNumber":11,"author":{"gitId":"lihaoyangML"},"content":"}"}],"authorContributionMap":{"lihaoyangML":11}},{"path":"text-ui-test/input.txt","fileType":"txt","lines":[{"lineNumber":1,"author":{"gitId":"lihaoyangML"},"content":"todo sleep"},{"lineNumber":2,"author":{"gitId":"lihaoyangML"},"content":"todoINVALIDCOMMAND"},{"lineNumber":3,"author":{"gitId":"lihaoyangML"},"content":"deadline CS2113 ip /by 10 Feb"},{"lineNumber":4,"author":{"gitId":"lihaoyangML"},"content":"deadline INVALIDCOMMAND/INVALIDCOMMAND"},{"lineNumber":5,"author":{"gitId":"lihaoyangML"},"content":"event exam /from 11 Feb 1pm to 2pm"},{"lineNumber":6,"author":{"gitId":"lihaoyangML"},"content":"event INVALIDCOMMAND /"},{"lineNumber":7,"author":{"gitId":"lihaoyangML"},"content":"list"},{"lineNumber":8,"author":{"gitId":"lihaoyangML"},"content":"done 1"},{"lineNumber":9,"author":{"gitId":"lihaoyangML"},"content":"list"},{"lineNumber":10,"author":{"gitId":"lihaoyangML"},"content":"done 3"},{"lineNumber":11,"author":{"gitId":"lihaoyangML"},"content":"list"},{"lineNumber":12,"author":{"gitId":"lihaoyangML"},"content":"done 0"},{"lineNumber":13,"author":{"gitId":"lihaoyangML"},"content":"list"},{"lineNumber":14,"author":{"gitId":"lihaoyangML"},"content":"INVALIDCOMMAND"},{"lineNumber":15,"author":{"gitId":"lihaoyangML"},"content":"bye"}],"authorContributionMap":{"lihaoyangML":15}}]
