[{"path":"data/dukeData.txt","fileType":"txt","lines":[{"lineNumber":1,"author":{"gitId":"lihaoyangML"},"content":"1   [T][1] todo 1"},{"lineNumber":2,"author":{"gitId":"lihaoyangML"},"content":"2   [E][0] event 5 /6 7"}],"authorContributionMap":{"lihaoyangML":2}},{"path":"src/main/java/duke/Deadline.java","fileType":"java","lines":[{"lineNumber":1,"author":{"gitId":"lihaoyangML"},"content":"package duke;"},{"lineNumber":2,"author":{"gitId":"lihaoyangML"},"content":""},{"lineNumber":3,"author":{"gitId":"lihaoyangML"},"content":"public class Deadline extends Task {"},{"lineNumber":4,"author":{"gitId":"lihaoyangML"},"content":"    private String deadline;"},{"lineNumber":5,"author":{"gitId":"lihaoyangML"},"content":"    private String keyWordBeforeDeadline;"},{"lineNumber":6,"author":{"gitId":"lihaoyangML"},"content":""},{"lineNumber":7,"author":{"gitId":"lihaoyangML"},"content":"    public Deadline(String description) {"},{"lineNumber":8,"author":{"gitId":"lihaoyangML"},"content":"        super(description);"},{"lineNumber":9,"author":{"gitId":"lihaoyangML"},"content":"        preprocessInput(description);"},{"lineNumber":10,"author":{"gitId":"lihaoyangML"},"content":"    }"},{"lineNumber":11,"author":{"gitId":"lihaoyangML"},"content":""},{"lineNumber":12,"author":{"gitId":"lihaoyangML"},"content":"    private void preprocessInput(String input){"},{"lineNumber":13,"author":{"gitId":"lihaoyangML"},"content":"        int indexOfBackslash \u003d input.indexOf(\"/\");"},{"lineNumber":14,"author":{"gitId":"lihaoyangML"},"content":"        this.description \u003d input.substring(0,indexOfBackslash);"},{"lineNumber":15,"author":{"gitId":"lihaoyangML"},"content":"        String stringAfterBackslash \u003d input.substring(indexOfBackslash+1);"},{"lineNumber":16,"author":{"gitId":"lihaoyangML"},"content":"        int indexFirstSpaceAfterBackslash \u003d stringAfterBackslash.indexOf(\" \");"},{"lineNumber":17,"author":{"gitId":"lihaoyangML"},"content":"        this.keyWordBeforeDeadline \u003d"},{"lineNumber":18,"author":{"gitId":"lihaoyangML"},"content":"                stringAfterBackslash.substring(0, indexFirstSpaceAfterBackslash);"},{"lineNumber":19,"author":{"gitId":"lihaoyangML"},"content":"        this.deadline \u003d stringAfterBackslash.substring(indexFirstSpaceAfterBackslash + 1);"},{"lineNumber":20,"author":{"gitId":"lihaoyangML"},"content":"    }"},{"lineNumber":21,"author":{"gitId":"lihaoyangML"},"content":""},{"lineNumber":22,"author":{"gitId":"lihaoyangML"},"content":"    public String getDeadline() {"},{"lineNumber":23,"author":{"gitId":"lihaoyangML"},"content":"        return deadline;"},{"lineNumber":24,"author":{"gitId":"lihaoyangML"},"content":"    }"},{"lineNumber":25,"author":{"gitId":"lihaoyangML"},"content":""},{"lineNumber":26,"author":{"gitId":"lihaoyangML"},"content":"    public void setDeadline(String deadline) {"},{"lineNumber":27,"author":{"gitId":"lihaoyangML"},"content":"        this.deadline \u003d deadline;"},{"lineNumber":28,"author":{"gitId":"lihaoyangML"},"content":"    }"},{"lineNumber":29,"author":{"gitId":"lihaoyangML"},"content":""},{"lineNumber":30,"author":{"gitId":"lihaoyangML"},"content":"    public String getKeyWordBeforeDeadline() {"},{"lineNumber":31,"author":{"gitId":"lihaoyangML"},"content":"        return keyWordBeforeDeadline;"},{"lineNumber":32,"author":{"gitId":"lihaoyangML"},"content":"    }"},{"lineNumber":33,"author":{"gitId":"lihaoyangML"},"content":""},{"lineNumber":34,"author":{"gitId":"lihaoyangML"},"content":"    public void setKeyWordBeforeDeadline(String keyWordBeforeDeadline) {"},{"lineNumber":35,"author":{"gitId":"lihaoyangML"},"content":"        this.keyWordBeforeDeadline \u003d keyWordBeforeDeadline;"},{"lineNumber":36,"author":{"gitId":"lihaoyangML"},"content":"    }"},{"lineNumber":37,"author":{"gitId":"lihaoyangML"},"content":""},{"lineNumber":38,"author":{"gitId":"lihaoyangML"},"content":"    @Override"},{"lineNumber":39,"author":{"gitId":"lihaoyangML"},"content":"    public void printTask() {"},{"lineNumber":40,"author":{"gitId":"lihaoyangML"},"content":"        System.out.printf(\"[D][%s] %s (%s: %s)\\n\","},{"lineNumber":41,"author":{"gitId":"lihaoyangML"},"content":"                super.getStatusIcon(), super.getDescription().substring(9),"},{"lineNumber":42,"author":{"gitId":"lihaoyangML"},"content":"                getKeyWordBeforeDeadline(), getDeadline());"},{"lineNumber":43,"author":{"gitId":"lihaoyangML"},"content":"    }"},{"lineNumber":44,"author":{"gitId":"lihaoyangML"},"content":"}"}],"authorContributionMap":{"lihaoyangML":44}},{"path":"src/main/java/duke/Duke.java","fileType":"java","lines":[{"lineNumber":1,"author":{"gitId":"lihaoyangML"},"content":"package duke;"},{"lineNumber":2,"author":{"gitId":"lihaoyangML"},"content":""},{"lineNumber":3,"author":{"gitId":"lihaoyangML"},"content":"import java.io.IOException;"},{"lineNumber":4,"author":{"gitId":"lihaoyangML"},"content":""},{"lineNumber":5,"author":{"gitId":"-"},"content":"public class Duke {"},{"lineNumber":6,"author":{"gitId":"lihaoyangML"},"content":"    public static void main(String[] args) throws IOException {"},{"lineNumber":7,"author":{"gitId":"lihaoyangML"},"content":"        DukeUI.printWelcomeMessage();"},{"lineNumber":8,"author":{"gitId":"lihaoyangML"},"content":"        DukeUI.printMenu();"},{"lineNumber":9,"author":{"gitId":"lihaoyangML"},"content":"        DukeController.run();"},{"lineNumber":10,"author":{"gitId":"lihaoyangML"},"content":"        DukeUI.printExitMessage();"},{"lineNumber":11,"author":{"gitId":"lihaoyangML"},"content":"    }"},{"lineNumber":12,"author":{"gitId":"-"},"content":"}"}],"authorContributionMap":{"lihaoyangML":10,"-":2}},{"path":"src/main/java/duke/DukeCommandValidator.java","fileType":"java","lines":[{"lineNumber":1,"author":{"gitId":"lihaoyangML"},"content":"package duke;"},{"lineNumber":2,"author":{"gitId":"lihaoyangML"},"content":""},{"lineNumber":3,"author":{"gitId":"lihaoyangML"},"content":"public class DukeCommandValidator {"},{"lineNumber":4,"author":{"gitId":"lihaoyangML"},"content":"    static int MINIMUM_DONE_LENGTH \u003d 5;"},{"lineNumber":5,"author":{"gitId":"lihaoyangML"},"content":"    static int MINIMUN_TODO_LENGTH \u003d 6;"},{"lineNumber":6,"author":{"gitId":"lihaoyangML"},"content":"    static int MINIMUM_EVENT_LENGTH \u003d 12;"},{"lineNumber":7,"author":{"gitId":"lihaoyangML"},"content":"    static int MINIMUM_DEADLINE_LENGTH \u003d 15;"},{"lineNumber":8,"author":{"gitId":"lihaoyangML"},"content":"    static int MINIMUM_DELETE_LENGTH \u003d 8;"},{"lineNumber":9,"author":{"gitId":"lihaoyangML"},"content":""},{"lineNumber":10,"author":{"gitId":"lihaoyangML"},"content":"    public static int getCommand(String input){"},{"lineNumber":11,"author":{"gitId":"lihaoyangML"},"content":"        if(input.equals(\"bye\")){"},{"lineNumber":12,"author":{"gitId":"lihaoyangML"},"content":"            return DukeCommands.EXIT;"},{"lineNumber":13,"author":{"gitId":"lihaoyangML"},"content":"        }"},{"lineNumber":14,"author":{"gitId":"lihaoyangML"},"content":"        if(input.equals(\"list\")){"},{"lineNumber":15,"author":{"gitId":"lihaoyangML"},"content":"            return DukeCommands.LIST;"},{"lineNumber":16,"author":{"gitId":"lihaoyangML"},"content":"        }"},{"lineNumber":17,"author":{"gitId":"lihaoyangML"},"content":"        if(isDoneCommandValid(input) \u003d\u003d true){"},{"lineNumber":18,"author":{"gitId":"lihaoyangML"},"content":"            return DukeCommands.DONE;"},{"lineNumber":19,"author":{"gitId":"lihaoyangML"},"content":"        }"},{"lineNumber":20,"author":{"gitId":"lihaoyangML"},"content":"        if(isAddCommandValid(input) \u003d\u003d true) {"},{"lineNumber":21,"author":{"gitId":"lihaoyangML"},"content":"            return DukeCommands.ADD;"},{"lineNumber":22,"author":{"gitId":"lihaoyangML"},"content":"        }"},{"lineNumber":23,"author":{"gitId":"lihaoyangML"},"content":"        if(isDeleteCommandValid(input) \u003d\u003d true) {"},{"lineNumber":24,"author":{"gitId":"lihaoyangML"},"content":"            return DukeCommands.DELETE;"},{"lineNumber":25,"author":{"gitId":"lihaoyangML"},"content":"        }"},{"lineNumber":26,"author":{"gitId":"lihaoyangML"},"content":"        return DukeCommands.INVALID_COMMAND;"},{"lineNumber":27,"author":{"gitId":"lihaoyangML"},"content":"    }"},{"lineNumber":28,"author":{"gitId":"lihaoyangML"},"content":""},{"lineNumber":29,"author":{"gitId":"lihaoyangML"},"content":"    public static boolean isToDoValid(String input){"},{"lineNumber":30,"author":{"gitId":"lihaoyangML"},"content":"        if(input.length()\u003e\u003dMINIMUN_TODO_LENGTH) {"},{"lineNumber":31,"author":{"gitId":"lihaoyangML"},"content":"            if (input.substring(0, 5).equals(\"todo \")) {"},{"lineNumber":32,"author":{"gitId":"lihaoyangML"},"content":"                return true;"},{"lineNumber":33,"author":{"gitId":"lihaoyangML"},"content":"            }"},{"lineNumber":34,"author":{"gitId":"lihaoyangML"},"content":"        }"},{"lineNumber":35,"author":{"gitId":"lihaoyangML"},"content":"        return false;"},{"lineNumber":36,"author":{"gitId":"lihaoyangML"},"content":"    }"},{"lineNumber":37,"author":{"gitId":"lihaoyangML"},"content":""},{"lineNumber":38,"author":{"gitId":"lihaoyangML"},"content":"    public static boolean isDeleteCommandValid(String input){"},{"lineNumber":39,"author":{"gitId":"lihaoyangML"},"content":"        if(input.length()\u003cMINIMUM_DELETE_LENGTH){"},{"lineNumber":40,"author":{"gitId":"lihaoyangML"},"content":"            return false;"},{"lineNumber":41,"author":{"gitId":"lihaoyangML"},"content":"        }"},{"lineNumber":42,"author":{"gitId":"lihaoyangML"},"content":"        if(!input.substring(0,7).equals(\"delete \")){"},{"lineNumber":43,"author":{"gitId":"lihaoyangML"},"content":"            return false;"},{"lineNumber":44,"author":{"gitId":"lihaoyangML"},"content":"        }"},{"lineNumber":45,"author":{"gitId":"lihaoyangML"},"content":"        // valid string after \"delete \""},{"lineNumber":46,"author":{"gitId":"lihaoyangML"},"content":"        String indexToDelete \u003d input.substring(7);"},{"lineNumber":47,"author":{"gitId":"lihaoyangML"},"content":"        if(!isInteger(indexToDelete)){"},{"lineNumber":48,"author":{"gitId":"lihaoyangML"},"content":"            return false;"},{"lineNumber":49,"author":{"gitId":"lihaoyangML"},"content":"        }"},{"lineNumber":50,"author":{"gitId":"lihaoyangML"},"content":"        return true;"},{"lineNumber":51,"author":{"gitId":"lihaoyangML"},"content":"    }"},{"lineNumber":52,"author":{"gitId":"lihaoyangML"},"content":""},{"lineNumber":53,"author":{"gitId":"lihaoyangML"},"content":"    public static boolean isDeadlineValid(String input){"},{"lineNumber":54,"author":{"gitId":"lihaoyangML"},"content":"        if(input.length()\u003cMINIMUM_DEADLINE_LENGTH){"},{"lineNumber":55,"author":{"gitId":"lihaoyangML"},"content":"            return false;"},{"lineNumber":56,"author":{"gitId":"lihaoyangML"},"content":"        }"},{"lineNumber":57,"author":{"gitId":"lihaoyangML"},"content":"        if (!input.substring(0, 9).equals(\"deadline \")){"},{"lineNumber":58,"author":{"gitId":"lihaoyangML"},"content":"            return false;"},{"lineNumber":59,"author":{"gitId":"lihaoyangML"},"content":"        }"},{"lineNumber":60,"author":{"gitId":"lihaoyangML"},"content":"        // validate substring before backslash"},{"lineNumber":61,"author":{"gitId":"lihaoyangML"},"content":"        int indexOfBackslash \u003d input.indexOf(\"/\");"},{"lineNumber":62,"author":{"gitId":"lihaoyangML"},"content":"        if(indexOfBackslash \u003c 11){"},{"lineNumber":63,"author":{"gitId":"lihaoyangML"},"content":"            return false;"},{"lineNumber":64,"author":{"gitId":"lihaoyangML"},"content":"        }"},{"lineNumber":65,"author":{"gitId":"lihaoyangML"},"content":"        // validate substring after backslash"},{"lineNumber":66,"author":{"gitId":"lihaoyangML"},"content":"        String stringAfterBackslash \u003d input.substring(indexOfBackslash+1);"},{"lineNumber":67,"author":{"gitId":"lihaoyangML"},"content":"        int indexFirstSpaceAfterBackslash \u003d stringAfterBackslash.indexOf(\" \");"},{"lineNumber":68,"author":{"gitId":"lihaoyangML"},"content":"        if(indexFirstSpaceAfterBackslash \u003c 1){"},{"lineNumber":69,"author":{"gitId":"lihaoyangML"},"content":"            return false;"},{"lineNumber":70,"author":{"gitId":"lihaoyangML"},"content":"        }"},{"lineNumber":71,"author":{"gitId":"lihaoyangML"},"content":"        if(stringAfterBackslash.length() \u003d\u003d indexFirstSpaceAfterBackslash + 1){"},{"lineNumber":72,"author":{"gitId":"lihaoyangML"},"content":"            return false;"},{"lineNumber":73,"author":{"gitId":"lihaoyangML"},"content":"        }"},{"lineNumber":74,"author":{"gitId":"lihaoyangML"},"content":"        return true;"},{"lineNumber":75,"author":{"gitId":"lihaoyangML"},"content":"    }"},{"lineNumber":76,"author":{"gitId":"lihaoyangML"},"content":""},{"lineNumber":77,"author":{"gitId":"lihaoyangML"},"content":"    public static boolean isEventValid(String input){"},{"lineNumber":78,"author":{"gitId":"lihaoyangML"},"content":"        if(input.length()\u003cMINIMUM_EVENT_LENGTH){"},{"lineNumber":79,"author":{"gitId":"lihaoyangML"},"content":"            return false;"},{"lineNumber":80,"author":{"gitId":"lihaoyangML"},"content":"        }"},{"lineNumber":81,"author":{"gitId":"lihaoyangML"},"content":"        if (!input.substring(0, 6).equals(\"event \")){"},{"lineNumber":82,"author":{"gitId":"lihaoyangML"},"content":"            return false;"},{"lineNumber":83,"author":{"gitId":"lihaoyangML"},"content":"        }"},{"lineNumber":84,"author":{"gitId":"lihaoyangML"},"content":"        // validate substring before backslash"},{"lineNumber":85,"author":{"gitId":"lihaoyangML"},"content":"        int indexOfBackslash \u003d input.indexOf(\"/\");"},{"lineNumber":86,"author":{"gitId":"lihaoyangML"},"content":"        if(indexOfBackslash \u003c 8){"},{"lineNumber":87,"author":{"gitId":"lihaoyangML"},"content":"            return false;"},{"lineNumber":88,"author":{"gitId":"lihaoyangML"},"content":"        }"},{"lineNumber":89,"author":{"gitId":"lihaoyangML"},"content":"        // validate substring after backslash"},{"lineNumber":90,"author":{"gitId":"lihaoyangML"},"content":"        String stringAfterBackslash \u003d input.substring(indexOfBackslash+1);"},{"lineNumber":91,"author":{"gitId":"lihaoyangML"},"content":"        int indexFirstSpaceAfterBackslash \u003d stringAfterBackslash.indexOf(\" \");"},{"lineNumber":92,"author":{"gitId":"lihaoyangML"},"content":"        if(indexFirstSpaceAfterBackslash \u003c 1){"},{"lineNumber":93,"author":{"gitId":"lihaoyangML"},"content":"            return false;"},{"lineNumber":94,"author":{"gitId":"lihaoyangML"},"content":"        }"},{"lineNumber":95,"author":{"gitId":"lihaoyangML"},"content":"        if(stringAfterBackslash.length() \u003d\u003d indexFirstSpaceAfterBackslash + 1){"},{"lineNumber":96,"author":{"gitId":"lihaoyangML"},"content":"            return false;"},{"lineNumber":97,"author":{"gitId":"lihaoyangML"},"content":"        }"},{"lineNumber":98,"author":{"gitId":"lihaoyangML"},"content":"        return true;"},{"lineNumber":99,"author":{"gitId":"lihaoyangML"},"content":"    }"},{"lineNumber":100,"author":{"gitId":"lihaoyangML"},"content":""},{"lineNumber":101,"author":{"gitId":"lihaoyangML"},"content":""},{"lineNumber":102,"author":{"gitId":"lihaoyangML"},"content":"    public static Boolean isAddCommandValid(String input){"},{"lineNumber":103,"author":{"gitId":"lihaoyangML"},"content":""},{"lineNumber":104,"author":{"gitId":"lihaoyangML"},"content":"        if(input.length()\u003e\u003dMINIMUN_TODO_LENGTH) {"},{"lineNumber":105,"author":{"gitId":"lihaoyangML"},"content":"            if (input.substring(0, 5).equals(\"todo \")) {"},{"lineNumber":106,"author":{"gitId":"lihaoyangML"},"content":"                return true;"},{"lineNumber":107,"author":{"gitId":"lihaoyangML"},"content":"            }"},{"lineNumber":108,"author":{"gitId":"lihaoyangML"},"content":"        }"},{"lineNumber":109,"author":{"gitId":"lihaoyangML"},"content":""},{"lineNumber":110,"author":{"gitId":"lihaoyangML"},"content":"        if(input.length()\u003e\u003dMINIMUM_EVENT_LENGTH) {"},{"lineNumber":111,"author":{"gitId":"lihaoyangML"},"content":"            if (input.substring(0, 6).equals(\"event \")) {"},{"lineNumber":112,"author":{"gitId":"lihaoyangML"},"content":"                return true;"},{"lineNumber":113,"author":{"gitId":"lihaoyangML"},"content":"            }"},{"lineNumber":114,"author":{"gitId":"lihaoyangML"},"content":"        }"},{"lineNumber":115,"author":{"gitId":"lihaoyangML"},"content":""},{"lineNumber":116,"author":{"gitId":"lihaoyangML"},"content":"        if(input.length()\u003e\u003dMINIMUM_DEADLINE_LENGTH) {"},{"lineNumber":117,"author":{"gitId":"lihaoyangML"},"content":"            if (input.substring(0, 9).equals(\"deadline \")) {"},{"lineNumber":118,"author":{"gitId":"lihaoyangML"},"content":"                return true;"},{"lineNumber":119,"author":{"gitId":"lihaoyangML"},"content":"            }"},{"lineNumber":120,"author":{"gitId":"lihaoyangML"},"content":"        }"},{"lineNumber":121,"author":{"gitId":"lihaoyangML"},"content":""},{"lineNumber":122,"author":{"gitId":"lihaoyangML"},"content":"        return false;"},{"lineNumber":123,"author":{"gitId":"lihaoyangML"},"content":"    }"},{"lineNumber":124,"author":{"gitId":"lihaoyangML"},"content":""},{"lineNumber":125,"author":{"gitId":"lihaoyangML"},"content":"    public static boolean isDoneCommandValid(String input){"},{"lineNumber":126,"author":{"gitId":"lihaoyangML"},"content":"        if(input.length()\u003c\u003dMINIMUM_DONE_LENGTH){"},{"lineNumber":127,"author":{"gitId":"lihaoyangML"},"content":"            return false;"},{"lineNumber":128,"author":{"gitId":"lihaoyangML"},"content":"        }"},{"lineNumber":129,"author":{"gitId":"lihaoyangML"},"content":"        String firstFiveChars \u003d input.substring(0, 5);"},{"lineNumber":130,"author":{"gitId":"lihaoyangML"},"content":"        String sixthToLastChars \u003d input.substring(5);"},{"lineNumber":131,"author":{"gitId":"lihaoyangML"},"content":"        if(firstFiveChars.equals(\"done \") \u0026\u0026 isInteger(sixthToLastChars)){"},{"lineNumber":132,"author":{"gitId":"lihaoyangML"},"content":"            return true;"},{"lineNumber":133,"author":{"gitId":"lihaoyangML"},"content":"        }"},{"lineNumber":134,"author":{"gitId":"lihaoyangML"},"content":"        return false;"},{"lineNumber":135,"author":{"gitId":"lihaoyangML"},"content":"    }"},{"lineNumber":136,"author":{"gitId":"lihaoyangML"},"content":""},{"lineNumber":137,"author":{"gitId":"lihaoyangML"},"content":"    public static boolean isInteger(String input) {"},{"lineNumber":138,"author":{"gitId":"lihaoyangML"},"content":"        try {"},{"lineNumber":139,"author":{"gitId":"lihaoyangML"},"content":"            Integer.parseInt(input);"},{"lineNumber":140,"author":{"gitId":"lihaoyangML"},"content":"        } catch(NumberFormatException e) {"},{"lineNumber":141,"author":{"gitId":"lihaoyangML"},"content":"            return false;"},{"lineNumber":142,"author":{"gitId":"lihaoyangML"},"content":"        } catch(NullPointerException e) {"},{"lineNumber":143,"author":{"gitId":"lihaoyangML"},"content":"            return false;"},{"lineNumber":144,"author":{"gitId":"lihaoyangML"},"content":"        }"},{"lineNumber":145,"author":{"gitId":"lihaoyangML"},"content":"        return true;"},{"lineNumber":146,"author":{"gitId":"lihaoyangML"},"content":"    }"},{"lineNumber":147,"author":{"gitId":"lihaoyangML"},"content":"}"}],"authorContributionMap":{"lihaoyangML":147}},{"path":"src/main/java/duke/DukeCommands.java","fileType":"java","lines":[{"lineNumber":1,"author":{"gitId":"lihaoyangML"},"content":"package duke;"},{"lineNumber":2,"author":{"gitId":"lihaoyangML"},"content":""},{"lineNumber":3,"author":{"gitId":"lihaoyangML"},"content":"public class DukeCommands {"},{"lineNumber":4,"author":{"gitId":"lihaoyangML"},"content":"    public static final int INVALID_COMMAND \u003d 6386;"},{"lineNumber":5,"author":{"gitId":"lihaoyangML"},"content":"    public static final int LIST \u003d 2535;"},{"lineNumber":6,"author":{"gitId":"lihaoyangML"},"content":"    public static final int DONE \u003d 6346;"},{"lineNumber":7,"author":{"gitId":"lihaoyangML"},"content":"    public static final int EXIT \u003d  5686;"},{"lineNumber":8,"author":{"gitId":"lihaoyangML"},"content":"    public static final int ADD \u003d 9479;"},{"lineNumber":9,"author":{"gitId":"lihaoyangML"},"content":"    public static final int DELETE \u003d 3540;"},{"lineNumber":10,"author":{"gitId":"lihaoyangML"},"content":""},{"lineNumber":11,"author":{"gitId":"lihaoyangML"},"content":"}"}],"authorContributionMap":{"lihaoyangML":11}},{"path":"src/main/java/duke/DukeController.java","fileType":"java","lines":[{"lineNumber":1,"author":{"gitId":"lihaoyangML"},"content":"package duke;"},{"lineNumber":2,"author":{"gitId":"lihaoyangML"},"content":""},{"lineNumber":3,"author":{"gitId":"lihaoyangML"},"content":"import java.io.IOException;"},{"lineNumber":4,"author":{"gitId":"lihaoyangML"},"content":"import java.util.Scanner;"},{"lineNumber":5,"author":{"gitId":"lihaoyangML"},"content":""},{"lineNumber":6,"author":{"gitId":"lihaoyangML"},"content":"public class DukeController {"},{"lineNumber":7,"author":{"gitId":"lihaoyangML"},"content":""},{"lineNumber":8,"author":{"gitId":"lihaoyangML"},"content":"    private static Task[] tasks \u003d new Task[100];"},{"lineNumber":9,"author":{"gitId":"lihaoyangML"},"content":"    private static int currentTaskLength \u003d 0;"},{"lineNumber":10,"author":{"gitId":"lihaoyangML"},"content":"    private static Scanner sc \u003d new Scanner(System.in);"},{"lineNumber":11,"author":{"gitId":"lihaoyangML"},"content":"    private static String input;"},{"lineNumber":12,"author":{"gitId":"lihaoyangML"},"content":"    private static int currentCommand;"},{"lineNumber":13,"author":{"gitId":"lihaoyangML"},"content":""},{"lineNumber":14,"author":{"gitId":"lihaoyangML"},"content":""},{"lineNumber":15,"author":{"gitId":"lihaoyangML"},"content":"    public static void run() throws IOException {"},{"lineNumber":16,"author":{"gitId":"lihaoyangML"},"content":"        DukeIO.initialize();"},{"lineNumber":17,"author":{"gitId":"lihaoyangML"},"content":"        while (true){"},{"lineNumber":18,"author":{"gitId":"lihaoyangML"},"content":"            input \u003d sc.nextLine();"},{"lineNumber":19,"author":{"gitId":"lihaoyangML"},"content":"            currentCommand \u003d DukeCommandValidator.getCommand(input);"},{"lineNumber":20,"author":{"gitId":"lihaoyangML"},"content":"            switch (currentCommand){"},{"lineNumber":21,"author":{"gitId":"lihaoyangML"},"content":"            case DukeCommands.INVALID_COMMAND:{"},{"lineNumber":22,"author":{"gitId":"lihaoyangML"},"content":"                System.out.println(\"Please enter a valid command!\");"},{"lineNumber":23,"author":{"gitId":"lihaoyangML"},"content":"                DukeUI.printMenu();"},{"lineNumber":24,"author":{"gitId":"lihaoyangML"},"content":"                break;"},{"lineNumber":25,"author":{"gitId":"lihaoyangML"},"content":"            }"},{"lineNumber":26,"author":{"gitId":"lihaoyangML"},"content":"            case DukeCommands.LIST:{"},{"lineNumber":27,"author":{"gitId":"lihaoyangML"},"content":"                DukeIO.readDukeData();"},{"lineNumber":28,"author":{"gitId":"lihaoyangML"},"content":"                list();"},{"lineNumber":29,"author":{"gitId":"lihaoyangML"},"content":"                break;"},{"lineNumber":30,"author":{"gitId":"lihaoyangML"},"content":"            }"},{"lineNumber":31,"author":{"gitId":"lihaoyangML"},"content":"            case DukeCommands.EXIT:{"},{"lineNumber":32,"author":{"gitId":"lihaoyangML"},"content":"                return;"},{"lineNumber":33,"author":{"gitId":"lihaoyangML"},"content":"            }"},{"lineNumber":34,"author":{"gitId":"lihaoyangML"},"content":"            case DukeCommands.DONE:{"},{"lineNumber":35,"author":{"gitId":"lihaoyangML"},"content":"                DukeIO.readDukeData();"},{"lineNumber":36,"author":{"gitId":"lihaoyangML"},"content":"                done();"},{"lineNumber":37,"author":{"gitId":"lihaoyangML"},"content":"                DukeIO.writeDukeData();"},{"lineNumber":38,"author":{"gitId":"lihaoyangML"},"content":"                break;"},{"lineNumber":39,"author":{"gitId":"lihaoyangML"},"content":"            }"},{"lineNumber":40,"author":{"gitId":"lihaoyangML"},"content":"            case DukeCommands.ADD:{"},{"lineNumber":41,"author":{"gitId":"lihaoyangML"},"content":"                DukeIO.readDukeData();"},{"lineNumber":42,"author":{"gitId":"lihaoyangML"},"content":"                add();"},{"lineNumber":43,"author":{"gitId":"lihaoyangML"},"content":"                DukeIO.writeDukeData();"},{"lineNumber":44,"author":{"gitId":"lihaoyangML"},"content":"                break;"},{"lineNumber":45,"author":{"gitId":"lihaoyangML"},"content":"            }"},{"lineNumber":46,"author":{"gitId":"lihaoyangML"},"content":"            case DukeCommands.DELETE:{"},{"lineNumber":47,"author":{"gitId":"lihaoyangML"},"content":"                DukeIO.readDukeData();"},{"lineNumber":48,"author":{"gitId":"lihaoyangML"},"content":"                delete();"},{"lineNumber":49,"author":{"gitId":"lihaoyangML"},"content":"                DukeIO.writeDukeData();"},{"lineNumber":50,"author":{"gitId":"lihaoyangML"},"content":"                break;"},{"lineNumber":51,"author":{"gitId":"lihaoyangML"},"content":"            }"},{"lineNumber":52,"author":{"gitId":"lihaoyangML"},"content":"            default: {"},{"lineNumber":53,"author":{"gitId":"lihaoyangML"},"content":"                System.out.println(\"Unknown error has occurred! Please try again.\");"},{"lineNumber":54,"author":{"gitId":"lihaoyangML"},"content":"            }"},{"lineNumber":55,"author":{"gitId":"lihaoyangML"},"content":"            }"},{"lineNumber":56,"author":{"gitId":"lihaoyangML"},"content":"        }"},{"lineNumber":57,"author":{"gitId":"lihaoyangML"},"content":"    }"},{"lineNumber":58,"author":{"gitId":"lihaoyangML"},"content":""},{"lineNumber":59,"author":{"gitId":"lihaoyangML"},"content":"    public static void list(){"},{"lineNumber":60,"author":{"gitId":"lihaoyangML"},"content":"        for(int i\u003d0; i\u003ccurrentTaskLength; i++){"},{"lineNumber":61,"author":{"gitId":"lihaoyangML"},"content":"            System.out.printf(\"%d.\", i+1);"},{"lineNumber":62,"author":{"gitId":"lihaoyangML"},"content":"            tasks[i].printTask();"},{"lineNumber":63,"author":{"gitId":"lihaoyangML"},"content":"        }"},{"lineNumber":64,"author":{"gitId":"lihaoyangML"},"content":"    }"},{"lineNumber":65,"author":{"gitId":"lihaoyangML"},"content":""},{"lineNumber":66,"author":{"gitId":"lihaoyangML"},"content":"    public static void delete(){"},{"lineNumber":67,"author":{"gitId":"lihaoyangML"},"content":"        // ensure task index to delete is in range"},{"lineNumber":68,"author":{"gitId":"lihaoyangML"},"content":"        int taskNumberToDelete \u003d Integer.parseInt(input.substring(7));"},{"lineNumber":69,"author":{"gitId":"lihaoyangML"},"content":"        if(taskNumberToDelete\u003ecurrentTaskLength || taskNumberToDelete \u003c 1) {"},{"lineNumber":70,"author":{"gitId":"lihaoyangML"},"content":"            System.out.println(\"The task number is out of range! Please check the \" +"},{"lineNumber":71,"author":{"gitId":"lihaoyangML"},"content":"                    \"current tasks using the list command and enter a valid task number.\");"},{"lineNumber":72,"author":{"gitId":"lihaoyangML"},"content":"            return;"},{"lineNumber":73,"author":{"gitId":"lihaoyangML"},"content":"        }"},{"lineNumber":74,"author":{"gitId":"lihaoyangML"},"content":"        // delete the task"},{"lineNumber":75,"author":{"gitId":"lihaoyangML"},"content":"        Task[] copy \u003d new Task[100];"},{"lineNumber":76,"author":{"gitId":"lihaoyangML"},"content":"        for (int i \u003d 0, j \u003d 0; i \u003c currentTaskLength; i++) {"},{"lineNumber":77,"author":{"gitId":"lihaoyangML"},"content":"            if (i !\u003d taskNumberToDelete - 1) {"},{"lineNumber":78,"author":{"gitId":"lihaoyangML"},"content":"                copy[j++] \u003d tasks[i];"},{"lineNumber":79,"author":{"gitId":"lihaoyangML"},"content":"            }else{"},{"lineNumber":80,"author":{"gitId":"lihaoyangML"},"content":"                System.out.println(\"Noted. I\u0027ve removed this task:\");"},{"lineNumber":81,"author":{"gitId":"lihaoyangML"},"content":"                System.out.println(\"  [\""},{"lineNumber":82,"author":{"gitId":"lihaoyangML"},"content":"                        + tasks[i].getStatusIcon() + \"] \""},{"lineNumber":83,"author":{"gitId":"lihaoyangML"},"content":"                        + tasks[i].getDescription());"},{"lineNumber":84,"author":{"gitId":"lihaoyangML"},"content":"            }"},{"lineNumber":85,"author":{"gitId":"lihaoyangML"},"content":"        }"},{"lineNumber":86,"author":{"gitId":"lihaoyangML"},"content":"        tasks \u003d copy;"},{"lineNumber":87,"author":{"gitId":"lihaoyangML"},"content":"        currentTaskLength--;"},{"lineNumber":88,"author":{"gitId":"lihaoyangML"},"content":"        System.out.printf(\"Now you have %d tasks in the list.\\n\", currentTaskLength);"},{"lineNumber":89,"author":{"gitId":"lihaoyangML"},"content":"    }"},{"lineNumber":90,"author":{"gitId":"lihaoyangML"},"content":""},{"lineNumber":91,"author":{"gitId":"lihaoyangML"},"content":"    public static void done(){"},{"lineNumber":92,"author":{"gitId":"lihaoyangML"},"content":"        int taskIndex \u003d Integer.parseInt(input.substring(5)) - 1;"},{"lineNumber":93,"author":{"gitId":"lihaoyangML"},"content":"        if(taskIndex \u003e\u003d currentTaskLength || taskIndex \u003c 0){"},{"lineNumber":94,"author":{"gitId":"lihaoyangML"},"content":"            System.out.println(\"The task index you have entered is out of bound!\");"},{"lineNumber":95,"author":{"gitId":"lihaoyangML"},"content":"            return;"},{"lineNumber":96,"author":{"gitId":"lihaoyangML"},"content":"        }"},{"lineNumber":97,"author":{"gitId":"lihaoyangML"},"content":"        else{"},{"lineNumber":98,"author":{"gitId":"lihaoyangML"},"content":"            tasks[taskIndex].setIsDone(true);"},{"lineNumber":99,"author":{"gitId":"lihaoyangML"},"content":"            System.out.println(\"Nice! I\u0027ve marked this task as done: \");"},{"lineNumber":100,"author":{"gitId":"lihaoyangML"},"content":"            System.out.println(\"[\""},{"lineNumber":101,"author":{"gitId":"lihaoyangML"},"content":"                    + tasks[taskIndex].getStatusIcon() + \"] \""},{"lineNumber":102,"author":{"gitId":"lihaoyangML"},"content":"                    + tasks[taskIndex].getDescription());"},{"lineNumber":103,"author":{"gitId":"lihaoyangML"},"content":"        }"},{"lineNumber":104,"author":{"gitId":"lihaoyangML"},"content":""},{"lineNumber":105,"author":{"gitId":"lihaoyangML"},"content":"    }"},{"lineNumber":106,"author":{"gitId":"lihaoyangML"},"content":""},{"lineNumber":107,"author":{"gitId":"lihaoyangML"},"content":"    public static void add(){"},{"lineNumber":108,"author":{"gitId":"lihaoyangML"},"content":"        if(DukeCommandValidator.isToDoValid(input)\u003d\u003dtrue){"},{"lineNumber":109,"author":{"gitId":"lihaoyangML"},"content":"            tasks[currentTaskLength] \u003d new ToDo(input);"},{"lineNumber":110,"author":{"gitId":"lihaoyangML"},"content":"        }else if(DukeCommandValidator.isDeadlineValid(input)\u003d\u003dtrue){"},{"lineNumber":111,"author":{"gitId":"lihaoyangML"},"content":"            tasks[currentTaskLength] \u003d new Deadline(input);;"},{"lineNumber":112,"author":{"gitId":"lihaoyangML"},"content":"        }else if(DukeCommandValidator.isEventValid(input)){"},{"lineNumber":113,"author":{"gitId":"lihaoyangML"},"content":"            tasks[currentTaskLength] \u003d new Event(input);"},{"lineNumber":114,"author":{"gitId":"lihaoyangML"},"content":"        }else{"},{"lineNumber":115,"author":{"gitId":"lihaoyangML"},"content":"            System.out.println(\"Invalid syntax for add commands! Please try again!\");"},{"lineNumber":116,"author":{"gitId":"lihaoyangML"},"content":"            DukeUI.printMenu();"},{"lineNumber":117,"author":{"gitId":"lihaoyangML"},"content":"            return;"},{"lineNumber":118,"author":{"gitId":"lihaoyangML"},"content":"        }"},{"lineNumber":119,"author":{"gitId":"lihaoyangML"},"content":"        System.out.printf(\"Got it. I\u0027ve added this task:\\n  \");"},{"lineNumber":120,"author":{"gitId":"lihaoyangML"},"content":"        tasks[currentTaskLength].printTask();"},{"lineNumber":121,"author":{"gitId":"lihaoyangML"},"content":"        System.out.printf(\"Now you have %d tasks in the list.\\n\", currentTaskLength + 1);"},{"lineNumber":122,"author":{"gitId":"lihaoyangML"},"content":"        currentTaskLength++;"},{"lineNumber":123,"author":{"gitId":"lihaoyangML"},"content":"    }"},{"lineNumber":124,"author":{"gitId":"lihaoyangML"},"content":""},{"lineNumber":125,"author":{"gitId":"lihaoyangML"},"content":"    public static int getCurrentTaskLength(){"},{"lineNumber":126,"author":{"gitId":"lihaoyangML"},"content":"        return currentTaskLength;"},{"lineNumber":127,"author":{"gitId":"lihaoyangML"},"content":"    }"},{"lineNumber":128,"author":{"gitId":"lihaoyangML"},"content":""},{"lineNumber":129,"author":{"gitId":"lihaoyangML"},"content":"    public static void setCurrentTaskLength(int newlength){"},{"lineNumber":130,"author":{"gitId":"lihaoyangML"},"content":"        currentTaskLength \u003d newlength;"},{"lineNumber":131,"author":{"gitId":"lihaoyangML"},"content":"    }"},{"lineNumber":132,"author":{"gitId":"lihaoyangML"},"content":""},{"lineNumber":133,"author":{"gitId":"lihaoyangML"},"content":"    public static Task[] getTasks(){"},{"lineNumber":134,"author":{"gitId":"lihaoyangML"},"content":"        return tasks;"},{"lineNumber":135,"author":{"gitId":"lihaoyangML"},"content":"    }"},{"lineNumber":136,"author":{"gitId":"lihaoyangML"},"content":""},{"lineNumber":137,"author":{"gitId":"lihaoyangML"},"content":"    public static void setTasks(Task[] newTasks){"},{"lineNumber":138,"author":{"gitId":"lihaoyangML"},"content":"        tasks \u003d newTasks;"},{"lineNumber":139,"author":{"gitId":"lihaoyangML"},"content":"    }"},{"lineNumber":140,"author":{"gitId":"lihaoyangML"},"content":"}"}],"authorContributionMap":{"lihaoyangML":140}},{"path":"src/main/java/duke/DukeIO.java","fileType":"java","lines":[{"lineNumber":1,"author":{"gitId":"lihaoyangML"},"content":"package duke;"},{"lineNumber":2,"author":{"gitId":"lihaoyangML"},"content":""},{"lineNumber":3,"author":{"gitId":"lihaoyangML"},"content":"import java.io.File;"},{"lineNumber":4,"author":{"gitId":"lihaoyangML"},"content":"import java.io.FileNotFoundException;"},{"lineNumber":5,"author":{"gitId":"lihaoyangML"},"content":"import java.io.FileWriter;"},{"lineNumber":6,"author":{"gitId":"lihaoyangML"},"content":"import java.io.IOException;"},{"lineNumber":7,"author":{"gitId":"lihaoyangML"},"content":"import java.util.Scanner;"},{"lineNumber":8,"author":{"gitId":"lihaoyangML"},"content":""},{"lineNumber":9,"author":{"gitId":"lihaoyangML"},"content":"public class DukeIO {"},{"lineNumber":10,"author":{"gitId":"lihaoyangML"},"content":""},{"lineNumber":11,"author":{"gitId":"lihaoyangML"},"content":"    private static final String DUKEDATADIR \u003d \"data\";"},{"lineNumber":12,"author":{"gitId":"lihaoyangML"},"content":"    private static final String DUKEDATA \u003d \"data/dukeData.txt\";"},{"lineNumber":13,"author":{"gitId":"lihaoyangML"},"content":""},{"lineNumber":14,"author":{"gitId":"lihaoyangML"},"content":"    // create file and directory if they are not created yet"},{"lineNumber":15,"author":{"gitId":"lihaoyangML"},"content":"    public static void initialize() throws IOException {"},{"lineNumber":16,"author":{"gitId":"lihaoyangML"},"content":"        File dataDirectory \u003d new File(DUKEDATADIR);"},{"lineNumber":17,"author":{"gitId":"lihaoyangML"},"content":"        if (!dataDirectory.exists()){"},{"lineNumber":18,"author":{"gitId":"lihaoyangML"},"content":"            dataDirectory.mkdirs();"},{"lineNumber":19,"author":{"gitId":"lihaoyangML"},"content":"        }"},{"lineNumber":20,"author":{"gitId":"lihaoyangML"},"content":"        File dukeData \u003d new File(DUKEDATA);"},{"lineNumber":21,"author":{"gitId":"lihaoyangML"},"content":"        if(!dukeData.exists()){"},{"lineNumber":22,"author":{"gitId":"lihaoyangML"},"content":"            dukeData.createNewFile();"},{"lineNumber":23,"author":{"gitId":"lihaoyangML"},"content":"        }"},{"lineNumber":24,"author":{"gitId":"lihaoyangML"},"content":"    }"},{"lineNumber":25,"author":{"gitId":"lihaoyangML"},"content":""},{"lineNumber":26,"author":{"gitId":"lihaoyangML"},"content":"    public static void writeDukeData() throws IOException {"},{"lineNumber":27,"author":{"gitId":"lihaoyangML"},"content":"        // clear existing data in the txt file"},{"lineNumber":28,"author":{"gitId":"lihaoyangML"},"content":"        File file \u003d new File(DUKEDATA);"},{"lineNumber":29,"author":{"gitId":"lihaoyangML"},"content":"        if(file.exists()){"},{"lineNumber":30,"author":{"gitId":"lihaoyangML"},"content":"            file.delete();"},{"lineNumber":31,"author":{"gitId":"lihaoyangML"},"content":"        }"},{"lineNumber":32,"author":{"gitId":"lihaoyangML"},"content":"        file.createNewFile();"},{"lineNumber":33,"author":{"gitId":"lihaoyangML"},"content":"        FileWriter fw \u003d new FileWriter(DUKEDATA);"},{"lineNumber":34,"author":{"gitId":"lihaoyangML"},"content":""},{"lineNumber":35,"author":{"gitId":"lihaoyangML"},"content":"        String line; //string to write to the txt file(per line)"},{"lineNumber":36,"author":{"gitId":"lihaoyangML"},"content":"        String taskNum; //task number"},{"lineNumber":37,"author":{"gitId":"lihaoyangML"},"content":"        int padding; //adding certain spaces after the task number"},{"lineNumber":38,"author":{"gitId":"lihaoyangML"},"content":"        String taskIsDone;"},{"lineNumber":39,"author":{"gitId":"lihaoyangML"},"content":"        String taskDescription;"},{"lineNumber":40,"author":{"gitId":"lihaoyangML"},"content":"        Task[] tasks \u003d DukeController.getTasks();"},{"lineNumber":41,"author":{"gitId":"lihaoyangML"},"content":"        int currentTaskLength \u003d DukeController.getCurrentTaskLength();"},{"lineNumber":42,"author":{"gitId":"lihaoyangML"},"content":""},{"lineNumber":43,"author":{"gitId":"lihaoyangML"},"content":"        // format data line by line and write to the txt file"},{"lineNumber":44,"author":{"gitId":"lihaoyangML"},"content":"        // example formatting for todo:     1   [T][1] todo eat"},{"lineNumber":45,"author":{"gitId":"lihaoyangML"},"content":"        // example formatting for deadline: 35  [D][0] deadline assignment /by 29990930"},{"lineNumber":46,"author":{"gitId":"lihaoyangML"},"content":"        // example formatting for event:    100 [E][1] event sleep /on 29991001"},{"lineNumber":47,"author":{"gitId":"lihaoyangML"},"content":"        for(int i\u003d0; i\u003ccurrentTaskLength; i++){"},{"lineNumber":48,"author":{"gitId":"lihaoyangML"},"content":"            //common formatting for the 3 task types"},{"lineNumber":49,"author":{"gitId":"lihaoyangML"},"content":"            taskNum \u003d String.valueOf(i+1);"},{"lineNumber":50,"author":{"gitId":"lihaoyangML"},"content":"            padding \u003d 3 - taskNum.length();"},{"lineNumber":51,"author":{"gitId":"lihaoyangML"},"content":"            for(int j\u003d0; j\u003cpadding; j++){"},{"lineNumber":52,"author":{"gitId":"lihaoyangML"},"content":"                taskNum \u003d  taskNum + \" \";"},{"lineNumber":53,"author":{"gitId":"lihaoyangML"},"content":"            }"},{"lineNumber":54,"author":{"gitId":"lihaoyangML"},"content":"            if(tasks[i].getIsDone() \u003d\u003d true){"},{"lineNumber":55,"author":{"gitId":"lihaoyangML"},"content":"                taskIsDone \u003d \"[1] \";"},{"lineNumber":56,"author":{"gitId":"lihaoyangML"},"content":"            }else{"},{"lineNumber":57,"author":{"gitId":"lihaoyangML"},"content":"                taskIsDone \u003d \"[0] \";"},{"lineNumber":58,"author":{"gitId":"lihaoyangML"},"content":"            }"},{"lineNumber":59,"author":{"gitId":"lihaoyangML"},"content":""},{"lineNumber":60,"author":{"gitId":"lihaoyangML"},"content":"            //individual formatting for the 3 task types"},{"lineNumber":61,"author":{"gitId":"lihaoyangML"},"content":"            if(tasks[i] instanceof ToDo){"},{"lineNumber":62,"author":{"gitId":"lihaoyangML"},"content":"                taskDescription \u003d tasks[i].getDescription();"},{"lineNumber":63,"author":{"gitId":"lihaoyangML"},"content":"                line \u003d taskNum + \" [T]\" + taskIsDone + taskDescription;"},{"lineNumber":64,"author":{"gitId":"lihaoyangML"},"content":"            }else if(tasks[i] instanceof Deadline){"},{"lineNumber":65,"author":{"gitId":"lihaoyangML"},"content":"                taskDescription \u003d tasks[i].getDescription() + \"/\" + ((Deadline) tasks[i]).getKeyWordBeforeDeadline()"},{"lineNumber":66,"author":{"gitId":"lihaoyangML"},"content":"                        + \" \" + ((Deadline) tasks[i]).getDeadline();"},{"lineNumber":67,"author":{"gitId":"lihaoyangML"},"content":"                line \u003d taskNum + \" [D]\" + taskIsDone + taskDescription;"},{"lineNumber":68,"author":{"gitId":"lihaoyangML"},"content":"            }else{"},{"lineNumber":69,"author":{"gitId":"lihaoyangML"},"content":"                taskDescription \u003d tasks[i].getDescription() + \"/\" + ((Event) tasks[i]).getKeyWordBeforeDuration()"},{"lineNumber":70,"author":{"gitId":"lihaoyangML"},"content":"                        + \" \" + ((Event) tasks[i]).getDuration();"},{"lineNumber":71,"author":{"gitId":"lihaoyangML"},"content":"                line \u003d taskNum + \" [E]\" + taskIsDone + taskDescription;"},{"lineNumber":72,"author":{"gitId":"lihaoyangML"},"content":"            }"},{"lineNumber":73,"author":{"gitId":"lihaoyangML"},"content":""},{"lineNumber":74,"author":{"gitId":"lihaoyangML"},"content":"            //write each line to the txt file"},{"lineNumber":75,"author":{"gitId":"lihaoyangML"},"content":"            if(i \u003d\u003d currentTaskLength - 1){"},{"lineNumber":76,"author":{"gitId":"lihaoyangML"},"content":"                fw.write(line);"},{"lineNumber":77,"author":{"gitId":"lihaoyangML"},"content":"            }else{"},{"lineNumber":78,"author":{"gitId":"lihaoyangML"},"content":"                fw.write(line + System.lineSeparator());"},{"lineNumber":79,"author":{"gitId":"lihaoyangML"},"content":"            }"},{"lineNumber":80,"author":{"gitId":"lihaoyangML"},"content":"        }"},{"lineNumber":81,"author":{"gitId":"lihaoyangML"},"content":"        fw.close();"},{"lineNumber":82,"author":{"gitId":"lihaoyangML"},"content":"    }"},{"lineNumber":83,"author":{"gitId":"lihaoyangML"},"content":""},{"lineNumber":84,"author":{"gitId":"lihaoyangML"},"content":"    public static void readDukeData() throws FileNotFoundException {"},{"lineNumber":85,"author":{"gitId":"lihaoyangML"},"content":"        String line; //string to read from the txt file(per line)"},{"lineNumber":86,"author":{"gitId":"lihaoyangML"},"content":"        Task[] tasks \u003d new Task[100];"},{"lineNumber":87,"author":{"gitId":"lihaoyangML"},"content":"        Task task;"},{"lineNumber":88,"author":{"gitId":"lihaoyangML"},"content":"        int currentTaskLength \u003d 0;"},{"lineNumber":89,"author":{"gitId":"lihaoyangML"},"content":"        File dukeData \u003d new File(DUKEDATA); // create a File for the given file path"},{"lineNumber":90,"author":{"gitId":"lihaoyangML"},"content":"        Scanner sc \u003d new Scanner(dukeData); // create a Scanner using the File as the source"},{"lineNumber":91,"author":{"gitId":"lihaoyangML"},"content":"        while (sc.hasNextLine()) {"},{"lineNumber":92,"author":{"gitId":"lihaoyangML"},"content":"            line \u003d sc.nextLine();"},{"lineNumber":93,"author":{"gitId":"lihaoyangML"},"content":"            // identify the task object and create the object according to each line of the txt file"},{"lineNumber":94,"author":{"gitId":"lihaoyangML"},"content":"            if(line.substring(4,7).equals(\"[T]\")){"},{"lineNumber":95,"author":{"gitId":"lihaoyangML"},"content":"                task \u003d new ToDo(line.substring(11));"},{"lineNumber":96,"author":{"gitId":"lihaoyangML"},"content":""},{"lineNumber":97,"author":{"gitId":"lihaoyangML"},"content":"            }else if(line.substring(4,7).equals(\"[D]\")){"},{"lineNumber":98,"author":{"gitId":"lihaoyangML"},"content":"                task \u003d new Deadline(line.substring(11));"},{"lineNumber":99,"author":{"gitId":"lihaoyangML"},"content":"            }else{"},{"lineNumber":100,"author":{"gitId":"lihaoyangML"},"content":"                task \u003d new Event(line.substring(11));"},{"lineNumber":101,"author":{"gitId":"lihaoyangML"},"content":"            }"},{"lineNumber":102,"author":{"gitId":"lihaoyangML"},"content":"            // get the isDone value of the object from the txt file"},{"lineNumber":103,"author":{"gitId":"lihaoyangML"},"content":"            if(line.substring(8,9).equals(\"0\")) {"},{"lineNumber":104,"author":{"gitId":"lihaoyangML"},"content":"                task.setIsDone(false);"},{"lineNumber":105,"author":{"gitId":"lihaoyangML"},"content":"            } else {"},{"lineNumber":106,"author":{"gitId":"lihaoyangML"},"content":"                task.setIsDone(true);"},{"lineNumber":107,"author":{"gitId":"lihaoyangML"},"content":"            }"},{"lineNumber":108,"author":{"gitId":"lihaoyangML"},"content":"            // add the task to the array"},{"lineNumber":109,"author":{"gitId":"lihaoyangML"},"content":"            tasks[currentTaskLength] \u003d task;"},{"lineNumber":110,"author":{"gitId":"lihaoyangML"},"content":"            currentTaskLength++;"},{"lineNumber":111,"author":{"gitId":"lihaoyangML"},"content":"        }"},{"lineNumber":112,"author":{"gitId":"lihaoyangML"},"content":"        DukeController.setTasks(tasks);"},{"lineNumber":113,"author":{"gitId":"lihaoyangML"},"content":"        DukeController.setCurrentTaskLength(currentTaskLength);"},{"lineNumber":114,"author":{"gitId":"lihaoyangML"},"content":"    }"},{"lineNumber":115,"author":{"gitId":"lihaoyangML"},"content":""},{"lineNumber":116,"author":{"gitId":"lihaoyangML"},"content":"}"}],"authorContributionMap":{"lihaoyangML":116}},{"path":"src/main/java/duke/DukeUI.java","fileType":"java","lines":[{"lineNumber":1,"author":{"gitId":"lihaoyangML"},"content":"package duke;"},{"lineNumber":2,"author":{"gitId":"lihaoyangML"},"content":""},{"lineNumber":3,"author":{"gitId":"lihaoyangML"},"content":"public class DukeUI {"},{"lineNumber":4,"author":{"gitId":"lihaoyangML"},"content":""},{"lineNumber":5,"author":{"gitId":"lihaoyangML"},"content":"    public static void printWelcomeMessage(){"},{"lineNumber":6,"author":{"gitId":"lihaoyangML"},"content":"        System.out.printf(\"Hello! I\u0027m Duke\\n\" +"},{"lineNumber":7,"author":{"gitId":"lihaoyangML"},"content":"                \"What can I do for you?\\n\");"},{"lineNumber":8,"author":{"gitId":"lihaoyangML"},"content":"    }"},{"lineNumber":9,"author":{"gitId":"lihaoyangML"},"content":""},{"lineNumber":10,"author":{"gitId":"lihaoyangML"},"content":"    public static void printExitMessage(){"},{"lineNumber":11,"author":{"gitId":"lihaoyangML"},"content":"        System.out.printf(\"Bye. Hope to see you again soon!\\n\");"},{"lineNumber":12,"author":{"gitId":"lihaoyangML"},"content":"    }"},{"lineNumber":13,"author":{"gitId":"lihaoyangML"},"content":""},{"lineNumber":14,"author":{"gitId":"lihaoyangML"},"content":"    public static void printMenu() {"},{"lineNumber":15,"author":{"gitId":"lihaoyangML"},"content":"        System.out.printf(\"\\n\\n--------User Menu--------\\n\" +"},{"lineNumber":16,"author":{"gitId":"lihaoyangML"},"content":"                \"list: list current tasks and completion status\\n\" +"},{"lineNumber":17,"author":{"gitId":"lihaoyangML"},"content":"                \"done x: Mark task x as completed\\n\" +"},{"lineNumber":18,"author":{"gitId":"lihaoyangML"},"content":"                \"todo TASK_DESCRIPTION\\n\" +"},{"lineNumber":19,"author":{"gitId":"lihaoyangML"},"content":"                \"deadline TASK_DESCRIPTION /KEYWORD DATE_TIME\\n\" +"},{"lineNumber":20,"author":{"gitId":"lihaoyangML"},"content":"                \"event TASK_DESCRIPTION /KEYWORD DATE_TIME\\n\" +"},{"lineNumber":21,"author":{"gitId":"lihaoyangML"},"content":"                \"delete TASK_NUMBER\\n\" +"},{"lineNumber":22,"author":{"gitId":"lihaoyangML"},"content":"                \"bye: Exit\\n\" +"},{"lineNumber":23,"author":{"gitId":"lihaoyangML"},"content":"                \"(KEYWORD: any single word such as before, by, after...)\\n\\n\");"},{"lineNumber":24,"author":{"gitId":"lihaoyangML"},"content":"    }"},{"lineNumber":25,"author":{"gitId":"lihaoyangML"},"content":"}"}],"authorContributionMap":{"lihaoyangML":25}},{"path":"src/main/java/duke/Event.java","fileType":"java","lines":[{"lineNumber":1,"author":{"gitId":"lihaoyangML"},"content":"package duke;"},{"lineNumber":2,"author":{"gitId":"lihaoyangML"},"content":""},{"lineNumber":3,"author":{"gitId":"lihaoyangML"},"content":"public class Event extends Task {"},{"lineNumber":4,"author":{"gitId":"lihaoyangML"},"content":"    private String duration;"},{"lineNumber":5,"author":{"gitId":"lihaoyangML"},"content":"    private String keyWordBeforeDuration;"},{"lineNumber":6,"author":{"gitId":"lihaoyangML"},"content":""},{"lineNumber":7,"author":{"gitId":"lihaoyangML"},"content":"    public Event(String description) {"},{"lineNumber":8,"author":{"gitId":"lihaoyangML"},"content":"        super(description);"},{"lineNumber":9,"author":{"gitId":"lihaoyangML"},"content":"        preprocessInput(description);"},{"lineNumber":10,"author":{"gitId":"lihaoyangML"},"content":"    }"},{"lineNumber":11,"author":{"gitId":"lihaoyangML"},"content":""},{"lineNumber":12,"author":{"gitId":"lihaoyangML"},"content":"    private void preprocessInput(String input){"},{"lineNumber":13,"author":{"gitId":"lihaoyangML"},"content":"        int indexOfBackslash \u003d input.indexOf(\"/\");"},{"lineNumber":14,"author":{"gitId":"lihaoyangML"},"content":"        this.description \u003d input.substring(0,indexOfBackslash);"},{"lineNumber":15,"author":{"gitId":"lihaoyangML"},"content":"        String stringAfterBackslash \u003d input.substring(indexOfBackslash+1);"},{"lineNumber":16,"author":{"gitId":"lihaoyangML"},"content":"        int indexFirstSpaceAfterBackslash \u003d stringAfterBackslash.indexOf(\" \");"},{"lineNumber":17,"author":{"gitId":"lihaoyangML"},"content":"        this.keyWordBeforeDuration \u003d"},{"lineNumber":18,"author":{"gitId":"lihaoyangML"},"content":"                stringAfterBackslash.substring(0, indexFirstSpaceAfterBackslash);"},{"lineNumber":19,"author":{"gitId":"lihaoyangML"},"content":"        this.duration \u003d stringAfterBackslash.substring(indexFirstSpaceAfterBackslash + 1);"},{"lineNumber":20,"author":{"gitId":"lihaoyangML"},"content":"    }"},{"lineNumber":21,"author":{"gitId":"lihaoyangML"},"content":""},{"lineNumber":22,"author":{"gitId":"lihaoyangML"},"content":"    public String getDuration() {"},{"lineNumber":23,"author":{"gitId":"lihaoyangML"},"content":"        return duration;"},{"lineNumber":24,"author":{"gitId":"lihaoyangML"},"content":"    }"},{"lineNumber":25,"author":{"gitId":"lihaoyangML"},"content":""},{"lineNumber":26,"author":{"gitId":"lihaoyangML"},"content":"    public void setDuration(String duration) {"},{"lineNumber":27,"author":{"gitId":"lihaoyangML"},"content":"        this.duration \u003d duration;"},{"lineNumber":28,"author":{"gitId":"lihaoyangML"},"content":"    }"},{"lineNumber":29,"author":{"gitId":"lihaoyangML"},"content":""},{"lineNumber":30,"author":{"gitId":"lihaoyangML"},"content":"    public String getKeyWordBeforeDuration() {"},{"lineNumber":31,"author":{"gitId":"lihaoyangML"},"content":"        return keyWordBeforeDuration;"},{"lineNumber":32,"author":{"gitId":"lihaoyangML"},"content":"    }"},{"lineNumber":33,"author":{"gitId":"lihaoyangML"},"content":""},{"lineNumber":34,"author":{"gitId":"lihaoyangML"},"content":"    public void setKeyWordBeforeDuration(String keyWordBeforeDuration) {"},{"lineNumber":35,"author":{"gitId":"lihaoyangML"},"content":"        this.keyWordBeforeDuration \u003d keyWordBeforeDuration;"},{"lineNumber":36,"author":{"gitId":"lihaoyangML"},"content":"    }"},{"lineNumber":37,"author":{"gitId":"lihaoyangML"},"content":""},{"lineNumber":38,"author":{"gitId":"lihaoyangML"},"content":"    @Override"},{"lineNumber":39,"author":{"gitId":"lihaoyangML"},"content":"    public void printTask() {"},{"lineNumber":40,"author":{"gitId":"lihaoyangML"},"content":"        System.out.printf(\"[E][%s] %s (%s: %s)\\n\","},{"lineNumber":41,"author":{"gitId":"lihaoyangML"},"content":"                super.getStatusIcon(), super.getDescription().substring(6),"},{"lineNumber":42,"author":{"gitId":"lihaoyangML"},"content":"                getKeyWordBeforeDuration(), getDuration());"},{"lineNumber":43,"author":{"gitId":"lihaoyangML"},"content":"    }"},{"lineNumber":44,"author":{"gitId":"lihaoyangML"},"content":"}"}],"authorContributionMap":{"lihaoyangML":44}},{"path":"src/main/java/duke/Task.java","fileType":"java","lines":[{"lineNumber":1,"author":{"gitId":"lihaoyangML"},"content":"package duke;"},{"lineNumber":2,"author":{"gitId":"lihaoyangML"},"content":""},{"lineNumber":3,"author":{"gitId":"lihaoyangML"},"content":"public class Task {"},{"lineNumber":4,"author":{"gitId":"lihaoyangML"},"content":"    protected String description;"},{"lineNumber":5,"author":{"gitId":"lihaoyangML"},"content":"    protected boolean isDone;"},{"lineNumber":6,"author":{"gitId":"lihaoyangML"},"content":""},{"lineNumber":7,"author":{"gitId":"lihaoyangML"},"content":"    public Task(String description) {"},{"lineNumber":8,"author":{"gitId":"lihaoyangML"},"content":"        this.description \u003d description;"},{"lineNumber":9,"author":{"gitId":"lihaoyangML"},"content":"        this.isDone \u003d false;"},{"lineNumber":10,"author":{"gitId":"lihaoyangML"},"content":"    }"},{"lineNumber":11,"author":{"gitId":"lihaoyangML"},"content":""},{"lineNumber":12,"author":{"gitId":"lihaoyangML"},"content":"    public String getDescription() {"},{"lineNumber":13,"author":{"gitId":"lihaoyangML"},"content":"        return description;"},{"lineNumber":14,"author":{"gitId":"lihaoyangML"},"content":"    }"},{"lineNumber":15,"author":{"gitId":"lihaoyangML"},"content":""},{"lineNumber":16,"author":{"gitId":"lihaoyangML"},"content":"    public void setDescription(String description){"},{"lineNumber":17,"author":{"gitId":"lihaoyangML"},"content":"        this.description \u003d description;"},{"lineNumber":18,"author":{"gitId":"lihaoyangML"},"content":"    }"},{"lineNumber":19,"author":{"gitId":"lihaoyangML"},"content":""},{"lineNumber":20,"author":{"gitId":"lihaoyangML"},"content":"    public boolean getIsDone(){"},{"lineNumber":21,"author":{"gitId":"lihaoyangML"},"content":"        return isDone;"},{"lineNumber":22,"author":{"gitId":"lihaoyangML"},"content":"    }"},{"lineNumber":23,"author":{"gitId":"lihaoyangML"},"content":""},{"lineNumber":24,"author":{"gitId":"lihaoyangML"},"content":"    public void setIsDone(boolean isDone){"},{"lineNumber":25,"author":{"gitId":"lihaoyangML"},"content":"        this.isDone \u003d isDone;"},{"lineNumber":26,"author":{"gitId":"lihaoyangML"},"content":"    }"},{"lineNumber":27,"author":{"gitId":"lihaoyangML"},"content":""},{"lineNumber":28,"author":{"gitId":"lihaoyangML"},"content":"    public String getStatusIcon() {"},{"lineNumber":29,"author":{"gitId":"lihaoyangML"},"content":"        return (isDone ? \"1\" : \"0\"); //return 1 or 0 symbols"},{"lineNumber":30,"author":{"gitId":"lihaoyangML"},"content":"    }"},{"lineNumber":31,"author":{"gitId":"lihaoyangML"},"content":""},{"lineNumber":32,"author":{"gitId":"lihaoyangML"},"content":"    public void printTask(){"},{"lineNumber":33,"author":{"gitId":"lihaoyangML"},"content":"        System.out.printf(\"[%s] %s\\n\",getStatusIcon(), getDescription());"},{"lineNumber":34,"author":{"gitId":"lihaoyangML"},"content":"    }"},{"lineNumber":35,"author":{"gitId":"lihaoyangML"},"content":"}"}],"authorContributionMap":{"lihaoyangML":35}},{"path":"src/main/java/duke/ToDo.java","fileType":"java","lines":[{"lineNumber":1,"author":{"gitId":"lihaoyangML"},"content":"package duke;"},{"lineNumber":2,"author":{"gitId":"lihaoyangML"},"content":""},{"lineNumber":3,"author":{"gitId":"lihaoyangML"},"content":"public class ToDo extends Task {"},{"lineNumber":4,"author":{"gitId":"lihaoyangML"},"content":""},{"lineNumber":5,"author":{"gitId":"lihaoyangML"},"content":"    public ToDo(String description) {"},{"lineNumber":6,"author":{"gitId":"lihaoyangML"},"content":"        super(description);"},{"lineNumber":7,"author":{"gitId":"lihaoyangML"},"content":"    }"},{"lineNumber":8,"author":{"gitId":"lihaoyangML"},"content":""},{"lineNumber":9,"author":{"gitId":"lihaoyangML"},"content":"    @Override"},{"lineNumber":10,"author":{"gitId":"lihaoyangML"},"content":"    public void printTask() {"},{"lineNumber":11,"author":{"gitId":"lihaoyangML"},"content":"        System.out.printf(\"[T][%s] %s\\n\",super.getStatusIcon(), super.getDescription().substring(5));"},{"lineNumber":12,"author":{"gitId":"lihaoyangML"},"content":"    }"},{"lineNumber":13,"author":{"gitId":"lihaoyangML"},"content":"}"}],"authorContributionMap":{"lihaoyangML":13}},{"path":"text-ui-test/input.txt","fileType":"txt","lines":[{"lineNumber":1,"author":{"gitId":"lihaoyangML"},"content":"todo sleep"},{"lineNumber":2,"author":{"gitId":"lihaoyangML"},"content":"todoINVALIDCOMMAND"},{"lineNumber":3,"author":{"gitId":"lihaoyangML"},"content":"deadline CS2113 ip /by 10 Feb"},{"lineNumber":4,"author":{"gitId":"lihaoyangML"},"content":"deadline INVALIDCOMMAND/INVALIDCOMMAND"},{"lineNumber":5,"author":{"gitId":"lihaoyangML"},"content":"event exam /from 11 Feb 1pm to 2pm"},{"lineNumber":6,"author":{"gitId":"lihaoyangML"},"content":"event INVALIDCOMMAND /"},{"lineNumber":7,"author":{"gitId":"lihaoyangML"},"content":"list"},{"lineNumber":8,"author":{"gitId":"lihaoyangML"},"content":"done 1"},{"lineNumber":9,"author":{"gitId":"lihaoyangML"},"content":"list"},{"lineNumber":10,"author":{"gitId":"lihaoyangML"},"content":"done 3"},{"lineNumber":11,"author":{"gitId":"lihaoyangML"},"content":"list"},{"lineNumber":12,"author":{"gitId":"lihaoyangML"},"content":"done 0"},{"lineNumber":13,"author":{"gitId":"lihaoyangML"},"content":"list"},{"lineNumber":14,"author":{"gitId":"lihaoyangML"},"content":"INVALIDCOMMAND"},{"lineNumber":15,"author":{"gitId":"lihaoyangML"},"content":"bye"}],"authorContributionMap":{"lihaoyangML":15}}]
