[{"path":"src/main/java/Duke.java","fileType":"java","lines":[{"lineNumber":1,"author":{"gitId":"douglaslewpc"},"content":"import java.util.Scanner;"},{"lineNumber":2,"author":{"gitId":"douglaslewpc"},"content":""},{"lineNumber":3,"author":{"gitId":"douglaslewpc"},"content":"import commands.Task;"},{"lineNumber":4,"author":{"gitId":"douglaslewpc"},"content":"import commands.Todo;"},{"lineNumber":5,"author":{"gitId":"douglaslewpc"},"content":"import commands.Deadline;"},{"lineNumber":6,"author":{"gitId":"douglaslewpc"},"content":"import commands.Event;"},{"lineNumber":7,"author":{"gitId":"douglaslewpc"},"content":"import exceptions.DukeException;"},{"lineNumber":8,"author":{"gitId":"douglaslewpc"},"content":"import java.util.ArrayList;"},{"lineNumber":9,"author":{"gitId":"douglaslewpc"},"content":""},{"lineNumber":10,"author":{"gitId":"douglaslewpc"},"content":"import java.util.ArrayList;"},{"lineNumber":11,"author":{"gitId":"douglaslewpc"},"content":"import java.io.File;"},{"lineNumber":12,"author":{"gitId":"douglaslewpc"},"content":"import java.io.FileWriter;"},{"lineNumber":13,"author":{"gitId":"douglaslewpc"},"content":"import java.io.IOException;"},{"lineNumber":14,"author":{"gitId":"douglaslewpc"},"content":"import java.io.FileNotFoundException;"},{"lineNumber":15,"author":{"gitId":"douglaslewpc"},"content":""},{"lineNumber":16,"author":{"gitId":"-"},"content":"public class Duke {"},{"lineNumber":17,"author":{"gitId":"douglaslewpc"},"content":"    public static final int maxTasks \u003d 100;"},{"lineNumber":18,"author":{"gitId":"douglaslewpc"},"content":"    private static final String border \u003d \"    ――――――――――――――――――――――――――――――――――――――――――――――――――――――――――――――――――――――――――――――――\";"},{"lineNumber":19,"author":{"gitId":"douglaslewpc"},"content":"    public static final ArrayList\u003cTask\u003e tasks \u003d new ArrayList\u003cTask\u003e();"},{"lineNumber":20,"author":{"gitId":"douglaslewpc"},"content":"    public static int n \u003d 0;"},{"lineNumber":21,"author":{"gitId":"douglaslewpc"},"content":""},{"lineNumber":22,"author":{"gitId":"-"},"content":"    public static void main(String[] args) {"},{"lineNumber":23,"author":{"gitId":"douglaslewpc"},"content":"        try {"},{"lineNumber":24,"author":{"gitId":"douglaslewpc"},"content":"            loadFile();"},{"lineNumber":25,"author":{"gitId":"douglaslewpc"},"content":"        } catch (FileNotFoundException e) {"},{"lineNumber":26,"author":{"gitId":"douglaslewpc"},"content":"            System.out.println(\"No saved file found\");"},{"lineNumber":27,"author":{"gitId":"douglaslewpc"},"content":"        }"},{"lineNumber":28,"author":{"gitId":"douglaslewpc"},"content":"        welcomeMessage();"},{"lineNumber":29,"author":{"gitId":"douglaslewpc"},"content":"        if (!tasks.isEmpty()) {"},{"lineNumber":30,"author":{"gitId":"douglaslewpc"},"content":"            System.out.println(border);"},{"lineNumber":31,"author":{"gitId":"douglaslewpc"},"content":"            System.out.println(\"    Here are the tasks in your list:\");"},{"lineNumber":32,"author":{"gitId":"douglaslewpc"},"content":"            for (int i \u003d 0; i \u003c n; i++) {"},{"lineNumber":33,"author":{"gitId":"douglaslewpc"},"content":"                System.out.println(\"    \" + (i + 1) + \". \" + tasks.get(i));"},{"lineNumber":34,"author":{"gitId":"douglaslewpc"},"content":"            }"},{"lineNumber":35,"author":{"gitId":"douglaslewpc"},"content":"            System.out.println(\" \");"},{"lineNumber":36,"author":{"gitId":"douglaslewpc"},"content":"            System.out.println(border);"},{"lineNumber":37,"author":{"gitId":"douglaslewpc"},"content":"        }"},{"lineNumber":38,"author":{"gitId":"douglaslewpc"},"content":"        Scanner in \u003d new Scanner(System.in);"},{"lineNumber":39,"author":{"gitId":"douglaslewpc"},"content":"        boolean isOn \u003d true;"},{"lineNumber":40,"author":{"gitId":"douglaslewpc"},"content":"        int numOfCompletedTasks \u003d 0;"},{"lineNumber":41,"author":{"gitId":"douglaslewpc"},"content":"        int numOfTasks \u003d 0;"},{"lineNumber":42,"author":{"gitId":"douglaslewpc"},"content":"        while (isOn \u0026\u0026 in.hasNextLine()) {"},{"lineNumber":43,"author":{"gitId":"douglaslewpc"},"content":"            String line \u003d in.nextLine();"},{"lineNumber":44,"author":{"gitId":"douglaslewpc"},"content":"            String[] words \u003d line.split(\" \");"},{"lineNumber":45,"author":{"gitId":"douglaslewpc"},"content":"            try {"},{"lineNumber":46,"author":{"gitId":"douglaslewpc"},"content":"                if (line.equals(\"bye\")) {"},{"lineNumber":47,"author":{"gitId":"douglaslewpc"},"content":"                    try {"},{"lineNumber":48,"author":{"gitId":"douglaslewpc"},"content":"                        saveFile();"},{"lineNumber":49,"author":{"gitId":"douglaslewpc"},"content":"                    } catch (IOException e) {"},{"lineNumber":50,"author":{"gitId":"douglaslewpc"},"content":"                        System.out.println(\"Unable to save the current list as a text file\");"},{"lineNumber":51,"author":{"gitId":"douglaslewpc"},"content":"                    }"},{"lineNumber":52,"author":{"gitId":"douglaslewpc"},"content":"                    System.out.println(border);"},{"lineNumber":53,"author":{"gitId":"douglaslewpc"},"content":"                    System.out.println(\"    Bye. Hope to see you again soon!\");"},{"lineNumber":54,"author":{"gitId":"douglaslewpc"},"content":"                    System.out.println(\" \");"},{"lineNumber":55,"author":{"gitId":"douglaslewpc"},"content":"                    System.out.println(border);"},{"lineNumber":56,"author":{"gitId":"douglaslewpc"},"content":"                    isOn \u003d false;"},{"lineNumber":57,"author":{"gitId":"douglaslewpc"},"content":"                } else if (words[0].equals(\"todo\")) {"},{"lineNumber":58,"author":{"gitId":"douglaslewpc"},"content":"                    String description \u003d \"\";"},{"lineNumber":59,"author":{"gitId":"douglaslewpc"},"content":"                    try {"},{"lineNumber":60,"author":{"gitId":"douglaslewpc"},"content":"                        int wordsCount \u003d words.length;"},{"lineNumber":61,"author":{"gitId":"douglaslewpc"},"content":"                        if (words.length \u003d\u003d 1) {"},{"lineNumber":62,"author":{"gitId":"douglaslewpc"},"content":"                            throw new DukeException(\"missing_parameter\");"},{"lineNumber":63,"author":{"gitId":"douglaslewpc"},"content":"                        }"},{"lineNumber":64,"author":{"gitId":"douglaslewpc"},"content":"                        for (String word : words) {"},{"lineNumber":65,"author":{"gitId":"douglaslewpc"},"content":"                            wordsCount--;"},{"lineNumber":66,"author":{"gitId":"douglaslewpc"},"content":"                            if (word.equals(\"todo\")) {"},{"lineNumber":67,"author":{"gitId":"douglaslewpc"},"content":"                                continue;"},{"lineNumber":68,"author":{"gitId":"douglaslewpc"},"content":"                            } else if (wordsCount \u003d\u003d 0) {"},{"lineNumber":69,"author":{"gitId":"douglaslewpc"},"content":"                                description \u003d description + word;"},{"lineNumber":70,"author":{"gitId":"douglaslewpc"},"content":"                            } else {"},{"lineNumber":71,"author":{"gitId":"douglaslewpc"},"content":"                                description \u003d description + word + \" \";"},{"lineNumber":72,"author":{"gitId":"douglaslewpc"},"content":"                            }"},{"lineNumber":73,"author":{"gitId":"douglaslewpc"},"content":"                        }"},{"lineNumber":74,"author":{"gitId":"douglaslewpc"},"content":"                        Todo todo \u003d new Todo(description);"},{"lineNumber":75,"author":{"gitId":"douglaslewpc"},"content":"                        tasks.add(todo);"},{"lineNumber":76,"author":{"gitId":"douglaslewpc"},"content":"                        System.out.println(border);"},{"lineNumber":77,"author":{"gitId":"douglaslewpc"},"content":"                        System.out.println(\"    Got it. I\u0027ve added this task:\");"},{"lineNumber":78,"author":{"gitId":"douglaslewpc"},"content":"                        System.out.println(\"      \" + tasks.get(n));"},{"lineNumber":79,"author":{"gitId":"douglaslewpc"},"content":"                        n++;"},{"lineNumber":80,"author":{"gitId":"douglaslewpc"},"content":"                        System.out.println(\"    Now you have \" + n + \" tasks in the list.\");"},{"lineNumber":81,"author":{"gitId":"douglaslewpc"},"content":"                        System.out.println(\" \");"},{"lineNumber":82,"author":{"gitId":"douglaslewpc"},"content":"                        System.out.println(border);"},{"lineNumber":83,"author":{"gitId":"douglaslewpc"},"content":"                        try {"},{"lineNumber":84,"author":{"gitId":"douglaslewpc"},"content":"                            saveFile();"},{"lineNumber":85,"author":{"gitId":"douglaslewpc"},"content":"                        } catch (IOException e) {"},{"lineNumber":86,"author":{"gitId":"douglaslewpc"},"content":"                            System.out.println(\"Unable to save the current list as a text file\");"},{"lineNumber":87,"author":{"gitId":"douglaslewpc"},"content":"                        }"},{"lineNumber":88,"author":{"gitId":"douglaslewpc"},"content":"                    } catch (DukeException e) {"},{"lineNumber":89,"author":{"gitId":"douglaslewpc"},"content":"                        System.out.println(border);"},{"lineNumber":90,"author":{"gitId":"douglaslewpc"},"content":"                        System.out.println(\"    OOPS!! The description of a todo cannot be empty.\");"},{"lineNumber":91,"author":{"gitId":"douglaslewpc"},"content":"                        System.out.println(border);"},{"lineNumber":92,"author":{"gitId":"douglaslewpc"},"content":"                    }"},{"lineNumber":93,"author":{"gitId":"douglaslewpc"},"content":"                } else if (words[0].equals(\"deadline\")) {"},{"lineNumber":94,"author":{"gitId":"douglaslewpc"},"content":"                    String description \u003d \"\";"},{"lineNumber":95,"author":{"gitId":"douglaslewpc"},"content":"                    String by \u003d \"\";"},{"lineNumber":96,"author":{"gitId":"douglaslewpc"},"content":"                    try {"},{"lineNumber":97,"author":{"gitId":"douglaslewpc"},"content":"                        boolean byFlag \u003d false;"},{"lineNumber":98,"author":{"gitId":"douglaslewpc"},"content":"                        int wordsCount \u003d words.length;"},{"lineNumber":99,"author":{"gitId":"douglaslewpc"},"content":"                        if (wordsCount \u003d\u003d 1) {"},{"lineNumber":100,"author":{"gitId":"douglaslewpc"},"content":"                            throw new DukeException(\"missing_parameter\");"},{"lineNumber":101,"author":{"gitId":"douglaslewpc"},"content":"                        }"},{"lineNumber":102,"author":{"gitId":"douglaslewpc"},"content":"                        for (String word : words) {"},{"lineNumber":103,"author":{"gitId":"douglaslewpc"},"content":"                            wordsCount--;"},{"lineNumber":104,"author":{"gitId":"douglaslewpc"},"content":"                            if (word.equals(\"/by\")) {"},{"lineNumber":105,"author":{"gitId":"douglaslewpc"},"content":"                                byFlag \u003d true;"},{"lineNumber":106,"author":{"gitId":"douglaslewpc"},"content":"                                continue;"},{"lineNumber":107,"author":{"gitId":"douglaslewpc"},"content":"                            }"},{"lineNumber":108,"author":{"gitId":"douglaslewpc"},"content":"                            if (word.equals(\"deadline\")) {"},{"lineNumber":109,"author":{"gitId":"douglaslewpc"},"content":"                                continue;"},{"lineNumber":110,"author":{"gitId":"douglaslewpc"},"content":"                            }"},{"lineNumber":111,"author":{"gitId":"douglaslewpc"},"content":"                            if (byFlag \u0026\u0026 wordsCount \u003d\u003d 0) {"},{"lineNumber":112,"author":{"gitId":"douglaslewpc"},"content":"                                by \u003d by + word;"},{"lineNumber":113,"author":{"gitId":"douglaslewpc"},"content":"                            } else if (byFlag) {"},{"lineNumber":114,"author":{"gitId":"douglaslewpc"},"content":"                                by \u003d by + word + \" \";"},{"lineNumber":115,"author":{"gitId":"douglaslewpc"},"content":"                            } else {"},{"lineNumber":116,"author":{"gitId":"douglaslewpc"},"content":"                                description \u003d description + word + \" \";"},{"lineNumber":117,"author":{"gitId":"douglaslewpc"},"content":"                            }"},{"lineNumber":118,"author":{"gitId":"douglaslewpc"},"content":"                        }"},{"lineNumber":119,"author":{"gitId":"douglaslewpc"},"content":"                        Deadline deadline \u003d new Deadline(description, by);"},{"lineNumber":120,"author":{"gitId":"douglaslewpc"},"content":"                        tasks.add(deadline);"},{"lineNumber":121,"author":{"gitId":"douglaslewpc"},"content":"                        System.out.println(border);"},{"lineNumber":122,"author":{"gitId":"douglaslewpc"},"content":"                        System.out.println(\"    Got it. I\u0027ve added this task:\");"},{"lineNumber":123,"author":{"gitId":"douglaslewpc"},"content":"                        System.out.println(\"      \" + tasks.get(n));"},{"lineNumber":124,"author":{"gitId":"douglaslewpc"},"content":"                        n++;"},{"lineNumber":125,"author":{"gitId":"douglaslewpc"},"content":"                        System.out.println(\"    Now you have \" + n + \" tasks in the list.\");"},{"lineNumber":126,"author":{"gitId":"douglaslewpc"},"content":"                        System.out.println(\" \");"},{"lineNumber":127,"author":{"gitId":"douglaslewpc"},"content":"                        System.out.println(border);"},{"lineNumber":128,"author":{"gitId":"douglaslewpc"},"content":"                        try {"},{"lineNumber":129,"author":{"gitId":"douglaslewpc"},"content":"                            saveFile();"},{"lineNumber":130,"author":{"gitId":"douglaslewpc"},"content":"                        } catch (IOException e) {"},{"lineNumber":131,"author":{"gitId":"douglaslewpc"},"content":"                            System.out.println(\"Unable to save the current list as a text file\");"},{"lineNumber":132,"author":{"gitId":"douglaslewpc"},"content":"                        }"},{"lineNumber":133,"author":{"gitId":"douglaslewpc"},"content":"                    } catch (DukeException e) {"},{"lineNumber":134,"author":{"gitId":"douglaslewpc"},"content":"                        System.out.println(border);"},{"lineNumber":135,"author":{"gitId":"douglaslewpc"},"content":"                        System.out.println(\"    OOPS!! The description of the deadline cannot be empty.\");"},{"lineNumber":136,"author":{"gitId":"douglaslewpc"},"content":"                        System.out.println(border);"},{"lineNumber":137,"author":{"gitId":"douglaslewpc"},"content":"                    }"},{"lineNumber":138,"author":{"gitId":"douglaslewpc"},"content":""},{"lineNumber":139,"author":{"gitId":"douglaslewpc"},"content":"                } else if (words[0].equals(\"event\")) {"},{"lineNumber":140,"author":{"gitId":"douglaslewpc"},"content":"                    String description \u003d \"\";"},{"lineNumber":141,"author":{"gitId":"douglaslewpc"},"content":"                    String at \u003d \"\";"},{"lineNumber":142,"author":{"gitId":"douglaslewpc"},"content":"                    try {"},{"lineNumber":143,"author":{"gitId":"douglaslewpc"},"content":"                        boolean atFlag \u003d false;"},{"lineNumber":144,"author":{"gitId":"douglaslewpc"},"content":"                        int wordsCount \u003d words.length;"},{"lineNumber":145,"author":{"gitId":"douglaslewpc"},"content":"                        if (wordsCount \u003d\u003d 1) {"},{"lineNumber":146,"author":{"gitId":"douglaslewpc"},"content":"                            throw new DukeException(\"missing_parameter\");"},{"lineNumber":147,"author":{"gitId":"douglaslewpc"},"content":"                        }"},{"lineNumber":148,"author":{"gitId":"douglaslewpc"},"content":"                        for (String word : words) {"},{"lineNumber":149,"author":{"gitId":"douglaslewpc"},"content":"                            wordsCount--;"},{"lineNumber":150,"author":{"gitId":"douglaslewpc"},"content":"                            if (word.equals(\"/at\")) {"},{"lineNumber":151,"author":{"gitId":"douglaslewpc"},"content":"                                atFlag \u003d true;"},{"lineNumber":152,"author":{"gitId":"douglaslewpc"},"content":"                                continue;"},{"lineNumber":153,"author":{"gitId":"douglaslewpc"},"content":"                            }"},{"lineNumber":154,"author":{"gitId":"douglaslewpc"},"content":"                            if (word.equals(\"event\")) {"},{"lineNumber":155,"author":{"gitId":"douglaslewpc"},"content":"                                continue;"},{"lineNumber":156,"author":{"gitId":"douglaslewpc"},"content":"                            }"},{"lineNumber":157,"author":{"gitId":"douglaslewpc"},"content":"                            if (atFlag \u0026\u0026 wordsCount \u003d\u003d 0) {"},{"lineNumber":158,"author":{"gitId":"douglaslewpc"},"content":"                                at \u003d at + word;"},{"lineNumber":159,"author":{"gitId":"douglaslewpc"},"content":"                            } else if (atFlag) {"},{"lineNumber":160,"author":{"gitId":"douglaslewpc"},"content":"                                at \u003d at + word + \" \";"},{"lineNumber":161,"author":{"gitId":"douglaslewpc"},"content":"                            } else {"},{"lineNumber":162,"author":{"gitId":"douglaslewpc"},"content":"                                description \u003d description + word + \" \";"},{"lineNumber":163,"author":{"gitId":"douglaslewpc"},"content":"                            }"},{"lineNumber":164,"author":{"gitId":"douglaslewpc"},"content":"                        }"},{"lineNumber":165,"author":{"gitId":"douglaslewpc"},"content":"                        Event event \u003d new Event(description, at);"},{"lineNumber":166,"author":{"gitId":"douglaslewpc"},"content":"                        tasks.add(event);"},{"lineNumber":167,"author":{"gitId":"douglaslewpc"},"content":"                        System.out.println(border);"},{"lineNumber":168,"author":{"gitId":"douglaslewpc"},"content":"                        System.out.println(\"    Got it. I\u0027ve added this task:\");"},{"lineNumber":169,"author":{"gitId":"douglaslewpc"},"content":"                        System.out.println(\"      \" + tasks.get(n));"},{"lineNumber":170,"author":{"gitId":"douglaslewpc"},"content":"                        n++;"},{"lineNumber":171,"author":{"gitId":"douglaslewpc"},"content":"                        System.out.println(\"    Now you have \" + n + \" tasks in the list.\");"},{"lineNumber":172,"author":{"gitId":"douglaslewpc"},"content":"                        System.out.println(\" \");"},{"lineNumber":173,"author":{"gitId":"douglaslewpc"},"content":"                        System.out.println(border);"},{"lineNumber":174,"author":{"gitId":"douglaslewpc"},"content":"                        try {"},{"lineNumber":175,"author":{"gitId":"douglaslewpc"},"content":"                            saveFile();"},{"lineNumber":176,"author":{"gitId":"douglaslewpc"},"content":"                        } catch (IOException e) {"},{"lineNumber":177,"author":{"gitId":"douglaslewpc"},"content":"                            System.out.println(\"Unable to save the current list as a text file\");"},{"lineNumber":178,"author":{"gitId":"douglaslewpc"},"content":"                        }"},{"lineNumber":179,"author":{"gitId":"douglaslewpc"},"content":"                    } catch (DukeException e) {"},{"lineNumber":180,"author":{"gitId":"douglaslewpc"},"content":"                        System.out.println(border);"},{"lineNumber":181,"author":{"gitId":"douglaslewpc"},"content":"                        System.out.println(\"    OOPS!! The description of the deadline cannot be empty.\");"},{"lineNumber":182,"author":{"gitId":"douglaslewpc"},"content":"                        System.out.println(border);"},{"lineNumber":183,"author":{"gitId":"douglaslewpc"},"content":"                    }"},{"lineNumber":184,"author":{"gitId":"douglaslewpc"},"content":"                } else if (words[0].equals(\"done\")) {"},{"lineNumber":185,"author":{"gitId":"douglaslewpc"},"content":"                    int taskNum \u003d Integer.parseInt(words[1]) - 1;"},{"lineNumber":186,"author":{"gitId":"douglaslewpc"},"content":"                    tasks.get(taskNum).markAsDone();"},{"lineNumber":187,"author":{"gitId":"douglaslewpc"},"content":"                    System.out.println(border);"},{"lineNumber":188,"author":{"gitId":"douglaslewpc"},"content":"                    System.out.println(\"    Nice! I\u0027ve marked this task as done:\");"},{"lineNumber":189,"author":{"gitId":"douglaslewpc"},"content":"                    System.out.println(\"      \" + tasks.get(taskNum));"},{"lineNumber":190,"author":{"gitId":"douglaslewpc"},"content":"                    System.out.println(\" \");"},{"lineNumber":191,"author":{"gitId":"douglaslewpc"},"content":"                    System.out.println(border);"},{"lineNumber":192,"author":{"gitId":"douglaslewpc"},"content":"                    try {"},{"lineNumber":193,"author":{"gitId":"douglaslewpc"},"content":"                        saveFile();"},{"lineNumber":194,"author":{"gitId":"douglaslewpc"},"content":"                    } catch (IOException e) {"},{"lineNumber":195,"author":{"gitId":"douglaslewpc"},"content":"                        System.out.println(\"Unable to save the current list as a text file\");"},{"lineNumber":196,"author":{"gitId":"douglaslewpc"},"content":"                    }"},{"lineNumber":197,"author":{"gitId":"douglaslewpc"},"content":"                } else if (line.equals(\"list\")) {"},{"lineNumber":198,"author":{"gitId":"douglaslewpc"},"content":"                    System.out.println(border);"},{"lineNumber":199,"author":{"gitId":"douglaslewpc"},"content":"                    System.out.println(\"    Here are the tasks in your list:\");"},{"lineNumber":200,"author":{"gitId":"douglaslewpc"},"content":"                    for (int i \u003d 0; i \u003c n; i++) {"},{"lineNumber":201,"author":{"gitId":"douglaslewpc"},"content":"                        System.out.println(\"    \" + (i + 1) + \". \" + tasks.get(i));"},{"lineNumber":202,"author":{"gitId":"douglaslewpc"},"content":"                    }"},{"lineNumber":203,"author":{"gitId":"douglaslewpc"},"content":"                    System.out.println(\" \");"},{"lineNumber":204,"author":{"gitId":"douglaslewpc"},"content":"                    System.out.println(border);"},{"lineNumber":205,"author":{"gitId":"douglaslewpc"},"content":"                } else if (words[0].equals(\"delete\")) {"},{"lineNumber":206,"author":{"gitId":"douglaslewpc"},"content":"                    int taskNum \u003d Integer.parseInt(words[1]) - 1;"},{"lineNumber":207,"author":{"gitId":"douglaslewpc"},"content":"                    if (taskNum \u003c n \u0026\u0026 taskNum \u003e\u003d 0) {"},{"lineNumber":208,"author":{"gitId":"douglaslewpc"},"content":"                        System.out.println(border);"},{"lineNumber":209,"author":{"gitId":"douglaslewpc"},"content":"                        System.out.println(\"    Noted. I\u0027ve removed this task:\");"},{"lineNumber":210,"author":{"gitId":"douglaslewpc"},"content":"                        System.out.println(\"      \" + tasks.get(taskNum));"},{"lineNumber":211,"author":{"gitId":"douglaslewpc"},"content":"                        System.out.println(\" \");"},{"lineNumber":212,"author":{"gitId":"douglaslewpc"},"content":"                        System.out.println(border);"},{"lineNumber":213,"author":{"gitId":"douglaslewpc"},"content":"                        tasks.remove(taskNum);"},{"lineNumber":214,"author":{"gitId":"douglaslewpc"},"content":"                        n--;"},{"lineNumber":215,"author":{"gitId":"douglaslewpc"},"content":"                    } else {"},{"lineNumber":216,"author":{"gitId":"douglaslewpc"},"content":"                        System.out.println(border);"},{"lineNumber":217,"author":{"gitId":"douglaslewpc"},"content":"                        System.out.println(\"    Index out of range\");"},{"lineNumber":218,"author":{"gitId":"douglaslewpc"},"content":"                        System.out.println(\" \");"},{"lineNumber":219,"author":{"gitId":"douglaslewpc"},"content":"                        System.out.println(border);"},{"lineNumber":220,"author":{"gitId":"douglaslewpc"},"content":"                    }"},{"lineNumber":221,"author":{"gitId":"douglaslewpc"},"content":"                    try {"},{"lineNumber":222,"author":{"gitId":"douglaslewpc"},"content":"                        saveFile();"},{"lineNumber":223,"author":{"gitId":"douglaslewpc"},"content":"                    } catch (IOException e) {"},{"lineNumber":224,"author":{"gitId":"douglaslewpc"},"content":"                        System.out.println(\"Unable to save the current list as a text file\");"},{"lineNumber":225,"author":{"gitId":"douglaslewpc"},"content":"                    }"},{"lineNumber":226,"author":{"gitId":"douglaslewpc"},"content":"                } else {"},{"lineNumber":227,"author":{"gitId":"douglaslewpc"},"content":"                    throw new DukeException(\"unrecognized_input\");"},{"lineNumber":228,"author":{"gitId":"douglaslewpc"},"content":"                }"},{"lineNumber":229,"author":{"gitId":"douglaslewpc"},"content":"            } catch (DukeException e) {"},{"lineNumber":230,"author":{"gitId":"douglaslewpc"},"content":"                System.out.println(border);"},{"lineNumber":231,"author":{"gitId":"douglaslewpc"},"content":"                System.out.println(\"    OOPS!! I\u0027m sorry, but I don\u0027t know what that means.\");"},{"lineNumber":232,"author":{"gitId":"douglaslewpc"},"content":"                System.out.println(border);"},{"lineNumber":233,"author":{"gitId":"douglaslewpc"},"content":"            }"},{"lineNumber":234,"author":{"gitId":"douglaslewpc"},"content":"        }"},{"lineNumber":235,"author":{"gitId":"douglaslewpc"},"content":"    }"},{"lineNumber":236,"author":{"gitId":"douglaslewpc"},"content":""},{"lineNumber":237,"author":{"gitId":"douglaslewpc"},"content":"    public static void saveFile() throws IOException {"},{"lineNumber":238,"author":{"gitId":"douglaslewpc"},"content":"        File filePath \u003d new File(\"duke.txt\");"},{"lineNumber":239,"author":{"gitId":"douglaslewpc"},"content":"        if (!filePath.exists()) {"},{"lineNumber":240,"author":{"gitId":"douglaslewpc"},"content":"            if (filePath.createNewFile()) {"},{"lineNumber":241,"author":{"gitId":"douglaslewpc"},"content":"                throw new IOException();"},{"lineNumber":242,"author":{"gitId":"douglaslewpc"},"content":"            }"},{"lineNumber":243,"author":{"gitId":"douglaslewpc"},"content":"        }"},{"lineNumber":244,"author":{"gitId":"douglaslewpc"},"content":"        FileWriter fileWriter \u003d new FileWriter(filePath);"},{"lineNumber":245,"author":{"gitId":"douglaslewpc"},"content":"        for (int i \u003d 0; i \u003c n; i++) {"},{"lineNumber":246,"author":{"gitId":"douglaslewpc"},"content":"            String task \u003d tasks.get(i).toString() + \"\\n\";"},{"lineNumber":247,"author":{"gitId":"douglaslewpc"},"content":"            fileWriter.write(task);"},{"lineNumber":248,"author":{"gitId":"douglaslewpc"},"content":"        }"},{"lineNumber":249,"author":{"gitId":"douglaslewpc"},"content":"        fileWriter.close();"},{"lineNumber":250,"author":{"gitId":"douglaslewpc"},"content":"    }"},{"lineNumber":251,"author":{"gitId":"douglaslewpc"},"content":""},{"lineNumber":252,"author":{"gitId":"douglaslewpc"},"content":"    public static void loadFile() throws FileNotFoundException {"},{"lineNumber":253,"author":{"gitId":"douglaslewpc"},"content":"        File filePath \u003d new File(\"duke.txt\");"},{"lineNumber":254,"author":{"gitId":"douglaslewpc"},"content":"        if (!filePath.exists()) {"},{"lineNumber":255,"author":{"gitId":"douglaslewpc"},"content":"            throw new FileNotFoundException();"},{"lineNumber":256,"author":{"gitId":"douglaslewpc"},"content":"        }"},{"lineNumber":257,"author":{"gitId":"douglaslewpc"},"content":"        Scanner s \u003d new Scanner(filePath);"},{"lineNumber":258,"author":{"gitId":"douglaslewpc"},"content":"        if (filePath.length() !\u003d 0) {"},{"lineNumber":259,"author":{"gitId":"douglaslewpc"},"content":"            while (s.hasNext()) {"},{"lineNumber":260,"author":{"gitId":"douglaslewpc"},"content":"                String currentLine \u003d s.nextLine();"},{"lineNumber":261,"author":{"gitId":"douglaslewpc"},"content":"                String[] words \u003d currentLine.split(\" \");"},{"lineNumber":262,"author":{"gitId":"douglaslewpc"},"content":"                if (words[0].equals(\"[T]\")) {"},{"lineNumber":263,"author":{"gitId":"douglaslewpc"},"content":"                    String description \u003d \"\";"},{"lineNumber":264,"author":{"gitId":"douglaslewpc"},"content":"                    int startingIndex \u003d 2;"},{"lineNumber":265,"author":{"gitId":"douglaslewpc"},"content":"                    if (words[1].equals(\"[\")) {"},{"lineNumber":266,"author":{"gitId":"douglaslewpc"},"content":"                        startingIndex \u003d 3;"},{"lineNumber":267,"author":{"gitId":"douglaslewpc"},"content":"                    }"},{"lineNumber":268,"author":{"gitId":"douglaslewpc"},"content":"                    for (int i \u003d startingIndex; i \u003c words.length; i++) {"},{"lineNumber":269,"author":{"gitId":"douglaslewpc"},"content":"                        description \u003d description + words[i] + \" \";"},{"lineNumber":270,"author":{"gitId":"douglaslewpc"},"content":"                    }"},{"lineNumber":271,"author":{"gitId":"douglaslewpc"},"content":"                    Todo todo \u003d new Todo(description);"},{"lineNumber":272,"author":{"gitId":"douglaslewpc"},"content":"                    tasks.add(todo);"},{"lineNumber":273,"author":{"gitId":"douglaslewpc"},"content":"                    if (words[1].equals(\"[X]\")) {"},{"lineNumber":274,"author":{"gitId":"douglaslewpc"},"content":"                        tasks.get(n).markAsDone();"},{"lineNumber":275,"author":{"gitId":"douglaslewpc"},"content":"                    }"},{"lineNumber":276,"author":{"gitId":"douglaslewpc"},"content":"                    n++;"},{"lineNumber":277,"author":{"gitId":"douglaslewpc"},"content":"                } else if (words[0].equals(\"[D]\")) {"},{"lineNumber":278,"author":{"gitId":"douglaslewpc"},"content":"                    String description \u003d \"\";"},{"lineNumber":279,"author":{"gitId":"douglaslewpc"},"content":"                    String by \u003d \"\";"},{"lineNumber":280,"author":{"gitId":"douglaslewpc"},"content":"                    boolean byFlag \u003d false;"},{"lineNumber":281,"author":{"gitId":"douglaslewpc"},"content":"                    int startingIndex \u003d 2;"},{"lineNumber":282,"author":{"gitId":"douglaslewpc"},"content":"                    if (words[1].equals(\"[\")) {"},{"lineNumber":283,"author":{"gitId":"douglaslewpc"},"content":"                        startingIndex \u003d 3;"},{"lineNumber":284,"author":{"gitId":"douglaslewpc"},"content":"                    }"},{"lineNumber":285,"author":{"gitId":"douglaslewpc"},"content":"                    for (int i \u003d startingIndex; i \u003c words.length; i++) {"},{"lineNumber":286,"author":{"gitId":"douglaslewpc"},"content":"                        if (words[i].equals(\"(by:\")) {"},{"lineNumber":287,"author":{"gitId":"douglaslewpc"},"content":"                            byFlag \u003d true;"},{"lineNumber":288,"author":{"gitId":"douglaslewpc"},"content":"                        } else if (!byFlag) {"},{"lineNumber":289,"author":{"gitId":"douglaslewpc"},"content":"                            description \u003d description + words[i] + \" \";"},{"lineNumber":290,"author":{"gitId":"douglaslewpc"},"content":"                        } else {"},{"lineNumber":291,"author":{"gitId":"douglaslewpc"},"content":"                            if(i\u003d\u003d words.length-1){"},{"lineNumber":292,"author":{"gitId":"douglaslewpc"},"content":"                                by \u003d by + words[i];"},{"lineNumber":293,"author":{"gitId":"douglaslewpc"},"content":"                            }else {"},{"lineNumber":294,"author":{"gitId":"douglaslewpc"},"content":"                                by \u003d by + words[i] + \" \";"},{"lineNumber":295,"author":{"gitId":"douglaslewpc"},"content":"                            }"},{"lineNumber":296,"author":{"gitId":"douglaslewpc"},"content":"                        }"},{"lineNumber":297,"author":{"gitId":"douglaslewpc"},"content":"                    }"},{"lineNumber":298,"author":{"gitId":"douglaslewpc"},"content":"                    by \u003d by.replace(\")\", \"\");"},{"lineNumber":299,"author":{"gitId":"douglaslewpc"},"content":"                    Deadline deadline \u003d new Deadline(description, by);"},{"lineNumber":300,"author":{"gitId":"douglaslewpc"},"content":"                    tasks.add(deadline);"},{"lineNumber":301,"author":{"gitId":"douglaslewpc"},"content":"                    if (words[1].equals(\"[X]\")) {"},{"lineNumber":302,"author":{"gitId":"douglaslewpc"},"content":"                        tasks.get(n).markAsDone();"},{"lineNumber":303,"author":{"gitId":"douglaslewpc"},"content":"                    }"},{"lineNumber":304,"author":{"gitId":"douglaslewpc"},"content":"                    n++;"},{"lineNumber":305,"author":{"gitId":"douglaslewpc"},"content":"                } else if (words[0].equals(\"[E]\")) {"},{"lineNumber":306,"author":{"gitId":"douglaslewpc"},"content":"                    String description \u003d \"\";"},{"lineNumber":307,"author":{"gitId":"douglaslewpc"},"content":"                    String at \u003d \"\";"},{"lineNumber":308,"author":{"gitId":"douglaslewpc"},"content":"                    boolean atFlag \u003d false;"},{"lineNumber":309,"author":{"gitId":"douglaslewpc"},"content":"                    int startingIndex \u003d 2;"},{"lineNumber":310,"author":{"gitId":"douglaslewpc"},"content":"                    if (words[1].equals(\"[\")) {"},{"lineNumber":311,"author":{"gitId":"douglaslewpc"},"content":"                        startingIndex \u003d 3;"},{"lineNumber":312,"author":{"gitId":"douglaslewpc"},"content":"                    }"},{"lineNumber":313,"author":{"gitId":"douglaslewpc"},"content":"                    for (int i \u003d startingIndex; i \u003c words.length; i++) {"},{"lineNumber":314,"author":{"gitId":"douglaslewpc"},"content":"                        if (words[i].equals(\"(at:\")) {"},{"lineNumber":315,"author":{"gitId":"douglaslewpc"},"content":"                            atFlag \u003d true;"},{"lineNumber":316,"author":{"gitId":"douglaslewpc"},"content":"                        } else if (!atFlag) {"},{"lineNumber":317,"author":{"gitId":"douglaslewpc"},"content":"                            description \u003d description + words[i] + \" \";"},{"lineNumber":318,"author":{"gitId":"douglaslewpc"},"content":"                        } else {"},{"lineNumber":319,"author":{"gitId":"douglaslewpc"},"content":"                            if (i \u003d\u003d words.length - 1) {"},{"lineNumber":320,"author":{"gitId":"douglaslewpc"},"content":"                                at \u003d at + words[i];"},{"lineNumber":321,"author":{"gitId":"douglaslewpc"},"content":"                            } else {"},{"lineNumber":322,"author":{"gitId":"douglaslewpc"},"content":"                                at \u003d at + words[i] + \" \";"},{"lineNumber":323,"author":{"gitId":"douglaslewpc"},"content":"                            }"},{"lineNumber":324,"author":{"gitId":"douglaslewpc"},"content":"                        }"},{"lineNumber":325,"author":{"gitId":"douglaslewpc"},"content":"                    }"},{"lineNumber":326,"author":{"gitId":"douglaslewpc"},"content":"                    at \u003d at.replace(\")\", \"\");"},{"lineNumber":327,"author":{"gitId":"douglaslewpc"},"content":"                    Event event \u003d new Event(description, at);"},{"lineNumber":328,"author":{"gitId":"douglaslewpc"},"content":"                    tasks.add(event);"},{"lineNumber":329,"author":{"gitId":"douglaslewpc"},"content":"                    if (words[1].equals(\"[X]\")) {"},{"lineNumber":330,"author":{"gitId":"douglaslewpc"},"content":"                        tasks.get(n).markAsDone();"},{"lineNumber":331,"author":{"gitId":"douglaslewpc"},"content":"                    }"},{"lineNumber":332,"author":{"gitId":"douglaslewpc"},"content":"                    n++;"},{"lineNumber":333,"author":{"gitId":"douglaslewpc"},"content":"                }"},{"lineNumber":334,"author":{"gitId":"douglaslewpc"},"content":"            }"},{"lineNumber":335,"author":{"gitId":"douglaslewpc"},"content":"        }"},{"lineNumber":336,"author":{"gitId":"-"},"content":"    }"},{"lineNumber":337,"author":{"gitId":"douglaslewpc"},"content":""},{"lineNumber":338,"author":{"gitId":"douglaslewpc"},"content":"    private static void welcomeMessage() {"},{"lineNumber":339,"author":{"gitId":"-"},"content":"        String logo \u003d \" ____        _        \\n\""},{"lineNumber":340,"author":{"gitId":"-"},"content":"                + \"|  _ \\\\ _   _| | _____ \\n\""},{"lineNumber":341,"author":{"gitId":"-"},"content":"                + \"| | | | | | | |/ / _ \\\\\\n\""},{"lineNumber":342,"author":{"gitId":"-"},"content":"                + \"| |_| | |_| |   \u003c  __/\\n\""},{"lineNumber":343,"author":{"gitId":"-"},"content":"                + \"|____/ \\\\__,_|_|\\\\_\\\\___|\\n\";"},{"lineNumber":344,"author":{"gitId":"-"},"content":"        System.out.println(\"Hello from\\n\" + logo);"},{"lineNumber":345,"author":{"gitId":"douglaslewpc"},"content":"        System.out.println(\"――――――――――――――――――――――――――――――――――――――――――――――――――――――――――――――――――――――――――――――――\");"},{"lineNumber":346,"author":{"gitId":"douglaslewpc"},"content":"        System.out.println(\"Hello! I\u0027m Duke\");"},{"lineNumber":347,"author":{"gitId":"douglaslewpc"},"content":"        System.out.println(\"What can I do for you?\");"},{"lineNumber":348,"author":{"gitId":"douglaslewpc"},"content":"        System.out.println(\" \");"},{"lineNumber":349,"author":{"gitId":"douglaslewpc"},"content":"        System.out.println(\"――――――――――――――――――――――――――――――――――――――――――――――――――――――――――――――――――――――――――――――――\");"},{"lineNumber":350,"author":{"gitId":"-"},"content":"    }"},{"lineNumber":351,"author":{"gitId":"-"},"content":"}"}],"authorContributionMap":{"douglaslewpc":340,"-":11}},{"path":"src/main/java/commands/Deadline.java","fileType":"java","lines":[{"lineNumber":1,"author":{"gitId":"douglaslewpc"},"content":"package commands;"},{"lineNumber":2,"author":{"gitId":"douglaslewpc"},"content":""},{"lineNumber":3,"author":{"gitId":"douglaslewpc"},"content":"public class Deadline extends Task{"},{"lineNumber":4,"author":{"gitId":"douglaslewpc"},"content":"    protected String by;"},{"lineNumber":5,"author":{"gitId":"douglaslewpc"},"content":""},{"lineNumber":6,"author":{"gitId":"douglaslewpc"},"content":"    public Deadline(String description, String by){"},{"lineNumber":7,"author":{"gitId":"douglaslewpc"},"content":"        super(description);"},{"lineNumber":8,"author":{"gitId":"douglaslewpc"},"content":"        this.by \u003d by;"},{"lineNumber":9,"author":{"gitId":"douglaslewpc"},"content":"    }"},{"lineNumber":10,"author":{"gitId":"douglaslewpc"},"content":""},{"lineNumber":11,"author":{"gitId":"douglaslewpc"},"content":"    @Override"},{"lineNumber":12,"author":{"gitId":"douglaslewpc"},"content":"    public String toString(){"},{"lineNumber":13,"author":{"gitId":"douglaslewpc"},"content":"        return \"[D] \" + super.toString() + \"(by: \" + by + \")\";"},{"lineNumber":14,"author":{"gitId":"douglaslewpc"},"content":"    }"},{"lineNumber":15,"author":{"gitId":"douglaslewpc"},"content":""},{"lineNumber":16,"author":{"gitId":"douglaslewpc"},"content":"}"}],"authorContributionMap":{"douglaslewpc":16}},{"path":"src/main/java/commands/Event.java","fileType":"java","lines":[{"lineNumber":1,"author":{"gitId":"douglaslewpc"},"content":"package commands;"},{"lineNumber":2,"author":{"gitId":"douglaslewpc"},"content":""},{"lineNumber":3,"author":{"gitId":"douglaslewpc"},"content":"public class Event extends Task{"},{"lineNumber":4,"author":{"gitId":"douglaslewpc"},"content":""},{"lineNumber":5,"author":{"gitId":"douglaslewpc"},"content":"    protected String at;"},{"lineNumber":6,"author":{"gitId":"douglaslewpc"},"content":""},{"lineNumber":7,"author":{"gitId":"douglaslewpc"},"content":"    public Event(String description, String at){"},{"lineNumber":8,"author":{"gitId":"douglaslewpc"},"content":"        super(description);"},{"lineNumber":9,"author":{"gitId":"douglaslewpc"},"content":"        this.at \u003d at;"},{"lineNumber":10,"author":{"gitId":"douglaslewpc"},"content":"    }"},{"lineNumber":11,"author":{"gitId":"douglaslewpc"},"content":""},{"lineNumber":12,"author":{"gitId":"douglaslewpc"},"content":"    @Override"},{"lineNumber":13,"author":{"gitId":"douglaslewpc"},"content":"    public String toString(){"},{"lineNumber":14,"author":{"gitId":"douglaslewpc"},"content":"        return \"[E] \" + super.toString() + \"(at: \" + at + \")\";"},{"lineNumber":15,"author":{"gitId":"douglaslewpc"},"content":"    }"},{"lineNumber":16,"author":{"gitId":"douglaslewpc"},"content":"}"}],"authorContributionMap":{"douglaslewpc":16}},{"path":"src/main/java/commands/Task.java","fileType":"java","lines":[{"lineNumber":1,"author":{"gitId":"douglaslewpc"},"content":"package commands;"},{"lineNumber":2,"author":{"gitId":"douglaslewpc"},"content":""},{"lineNumber":3,"author":{"gitId":"douglaslewpc"},"content":"public class Task {"},{"lineNumber":4,"author":{"gitId":"douglaslewpc"},"content":"    protected String description;"},{"lineNumber":5,"author":{"gitId":"douglaslewpc"},"content":"    protected boolean isDone;"},{"lineNumber":6,"author":{"gitId":"douglaslewpc"},"content":""},{"lineNumber":7,"author":{"gitId":"douglaslewpc"},"content":"    public Task(String description){"},{"lineNumber":8,"author":{"gitId":"douglaslewpc"},"content":"        this.description \u003d description;"},{"lineNumber":9,"author":{"gitId":"douglaslewpc"},"content":"        this.isDone \u003d false;"},{"lineNumber":10,"author":{"gitId":"douglaslewpc"},"content":"    }"},{"lineNumber":11,"author":{"gitId":"douglaslewpc"},"content":""},{"lineNumber":12,"author":{"gitId":"douglaslewpc"},"content":"    public void markAsDone(){"},{"lineNumber":13,"author":{"gitId":"douglaslewpc"},"content":"        isDone \u003d true;"},{"lineNumber":14,"author":{"gitId":"douglaslewpc"},"content":"    }"},{"lineNumber":15,"author":{"gitId":"douglaslewpc"},"content":"    public String getTask(){"},{"lineNumber":16,"author":{"gitId":"douglaslewpc"},"content":"        return description;"},{"lineNumber":17,"author":{"gitId":"douglaslewpc"},"content":"    }"},{"lineNumber":18,"author":{"gitId":"douglaslewpc"},"content":""},{"lineNumber":19,"author":{"gitId":"douglaslewpc"},"content":"    @Override"},{"lineNumber":20,"author":{"gitId":"douglaslewpc"},"content":"    public String toString(){"},{"lineNumber":21,"author":{"gitId":"douglaslewpc"},"content":"        if(isDone){"},{"lineNumber":22,"author":{"gitId":"douglaslewpc"},"content":"            return \"[X] \" + description;"},{"lineNumber":23,"author":{"gitId":"douglaslewpc"},"content":"        }"},{"lineNumber":24,"author":{"gitId":"douglaslewpc"},"content":"        else{"},{"lineNumber":25,"author":{"gitId":"douglaslewpc"},"content":"            return \"[ ] \" + description;"},{"lineNumber":26,"author":{"gitId":"douglaslewpc"},"content":"        }"},{"lineNumber":27,"author":{"gitId":"douglaslewpc"},"content":"    }"},{"lineNumber":28,"author":{"gitId":"douglaslewpc"},"content":""},{"lineNumber":29,"author":{"gitId":"douglaslewpc"},"content":"}"}],"authorContributionMap":{"douglaslewpc":29}},{"path":"src/main/java/commands/Todo.java","fileType":"java","lines":[{"lineNumber":1,"author":{"gitId":"douglaslewpc"},"content":"package commands;"},{"lineNumber":2,"author":{"gitId":"douglaslewpc"},"content":""},{"lineNumber":3,"author":{"gitId":"douglaslewpc"},"content":"public class Todo extends Task{"},{"lineNumber":4,"author":{"gitId":"douglaslewpc"},"content":""},{"lineNumber":5,"author":{"gitId":"douglaslewpc"},"content":"    public Todo(String description){"},{"lineNumber":6,"author":{"gitId":"douglaslewpc"},"content":"        super(description);"},{"lineNumber":7,"author":{"gitId":"douglaslewpc"},"content":"    }"},{"lineNumber":8,"author":{"gitId":"douglaslewpc"},"content":""},{"lineNumber":9,"author":{"gitId":"douglaslewpc"},"content":"    @Override"},{"lineNumber":10,"author":{"gitId":"douglaslewpc"},"content":"    public String toString(){"},{"lineNumber":11,"author":{"gitId":"douglaslewpc"},"content":"        return \"[T] \" + super.toString();"},{"lineNumber":12,"author":{"gitId":"douglaslewpc"},"content":"    }"},{"lineNumber":13,"author":{"gitId":"douglaslewpc"},"content":"}"}],"authorContributionMap":{"douglaslewpc":13}},{"path":"src/main/java/exceptions/DukeException.java","fileType":"java","lines":[{"lineNumber":1,"author":{"gitId":"douglaslewpc"},"content":"package exceptions;"},{"lineNumber":2,"author":{"gitId":"douglaslewpc"},"content":""},{"lineNumber":3,"author":{"gitId":"douglaslewpc"},"content":"public class DukeException extends Exception{"},{"lineNumber":4,"author":{"gitId":"douglaslewpc"},"content":"    public DukeException(String s){"},{"lineNumber":5,"author":{"gitId":"douglaslewpc"},"content":"        super(s);"},{"lineNumber":6,"author":{"gitId":"douglaslewpc"},"content":"    }"},{"lineNumber":7,"author":{"gitId":"douglaslewpc"},"content":""},{"lineNumber":8,"author":{"gitId":"douglaslewpc"},"content":"}"}],"authorContributionMap":{"douglaslewpc":8}},{"path":"text-ui-test/input.txt","fileType":"txt","lines":[{"lineNumber":1,"author":{"gitId":"douglaslewpc"},"content":"todo read book"},{"lineNumber":2,"author":{"gitId":"douglaslewpc"},"content":"list"},{"lineNumber":3,"author":{"gitId":"douglaslewpc"},"content":"deadline return book /by June 6th"},{"lineNumber":4,"author":{"gitId":"douglaslewpc"},"content":"event project meeting /at Aug 6th 2-4pm"},{"lineNumber":5,"author":{"gitId":"douglaslewpc"},"content":"todo join sports club"},{"lineNumber":6,"author":{"gitId":"douglaslewpc"},"content":"done 1"},{"lineNumber":7,"author":{"gitId":"douglaslewpc"},"content":"done 4"},{"lineNumber":8,"author":{"gitId":"douglaslewpc"},"content":"todo borrow book"},{"lineNumber":9,"author":{"gitId":"douglaslewpc"},"content":"list"},{"lineNumber":10,"author":{"gitId":"douglaslewpc"},"content":"deadline return book /by Sunday"},{"lineNumber":11,"author":{"gitId":"douglaslewpc"},"content":"event projects meeting /at Mon 2-4pm"},{"lineNumber":12,"author":{"gitId":"douglaslewpc"},"content":"list"}],"authorContributionMap":{"douglaslewpc":12}}]
