{"authorDailyContributionsMap":{"douglaslewpc":[{"date":"2021-01-27","commitResults":[{"hash":"c0bebf9334c316158fdf56a1e708ced0e28b076d","messageTitle":"Level-0","messageBody":"","tags":["Level-0"],"fileTypesAndContributionMap":{"java":{"insertions":10,"deletions":6}}},{"hash":"cb9c0880d6b7c6767bc8357c2d8da09ff104e057","messageTitle":"Greet, Echo, Exit","messageBody":"","tags":["Level-1"],"fileTypesAndContributionMap":{"java":{"insertions":13,"deletions":0}}},{"hash":"f7d842fcb2c40e60973a0f1cfed27560518fb51a","messageTitle":"Add, List","messageBody":"","tags":["Level-2"],"fileTypesAndContributionMap":{"java":{"insertions":10,"deletions":1}}},{"hash":"f99527be6243d4d837185ea8f29ed4f00d2e4fb4","messageTitle":"Mark as Done","messageBody":"","tags":["Level-3"],"fileTypesAndContributionMap":{"java":{"insertions":32,"deletions":3}}},{"hash":"d7c824dba537729661ebf61df5ff7d9cf8d77799","messageTitle":"Coding Standard","messageBody":"","tags":["A-CodingStandard"],"fileTypesAndContributionMap":{"java":{"insertions":6,"deletions":12}}}]},{"date":"2021-02-03","commitResults":[{"hash":"059580c2aebb2460b32580a2059bda9d4dd45fc9","messageTitle":"ToDo, Event, Deadline","messageBody":"","tags":["Level-4"],"fileTypesAndContributionMap":{"java":{"insertions":174,"deletions":13}}},{"hash":"2fc1b983df8a72ad5c30880e529010dbbbefc08a","messageTitle":"A-TextUiTesting","messageBody":"","tags":["A-TextUiTesting"],"fileTypesAndContributionMap":{"txt":{"insertions":12,"deletions":0},"java":{"insertions":6,"deletions":6}}},{"hash":"a35f4e2848a90431d473807b2069202b1f1b15f5","messageTitle":"Improve code quality","messageBody":"","tags":["A-CodeQuality"],"fileTypesAndContributionMap":{"java":{"insertions":16,"deletions":12}}}]},{"date":"2021-02-10","commitResults":[{"hash":"9fd159aad35b13081c3a95244bce6f1e40c697f6","messageTitle":"Handle Errors","messageBody":"","fileTypesAndContributionMap":{"java":{"insertions":19,"deletions":26}}},{"hash":"2d69fc76b6f4daaffec1d9337271106a64b4683b","messageTitle":"Edited Task Class","messageBody":"","fileTypesAndContributionMap":{"java":{"insertions":0,"deletions":3}}},{"hash":"0f5088f397389aff47907bd727c887adb7ab00af","messageTitle":"Implemented try and catch statements to handle exceptions","messageBody":"","tags":["A-Exceptions"],"fileTypesAndContributionMap":{"java":{"insertions":145,"deletions":112}}},{"hash":"e3b97523be2cb52f27debc5f96e53ec2abf0f9d5","messageTitle":"Implemented Packages","messageBody":"","tags":["A-Packages"],"fileTypesAndContributionMap":{"java":{"insertions":18,"deletions":3}}}]},{"date":"2021-02-17","commitResults":[{"hash":"177d2cd8c2eb23bdca6349f17f40b5a989f6ce5c","messageTitle":"Delete","messageBody":"","tags":["Level-6","A-Collections"],"fileTypesAndContributionMap":{"java":{"insertions":25,"deletions":11}}}]},{"date":"2021-02-18","commitResults":[{"hash":"bca743a9e576555e6f048a8156cfa790f598f23c","messageTitle":"Save","messageBody":"","tags":["Level-7"],"fileTypesAndContributionMap":{"java":{"insertions":225,"deletions":53}}}]},{"date":"2021-03-03","commitResults":[{"hash":"693a60cd36a26950fd5343706bec5d6b8e602ea0","messageTitle":"A-MoreOOP","messageBody":"","tags":["A-MoreOOP"],"fileTypesAndContributionMap":{"txt":{"insertions":8,"deletions":0},"java":{"insertions":478,"deletions":300}}},{"hash":"e87b9b8111867ea0b2322de9e3b42aee087b7f2c","messageTitle":"MoreOOP","messageBody":"","fileTypesAndContributionMap":{"txt":{"insertions":0,"deletions":8}}},{"hash":"ac70fc4e508f19eac27fdbcdb7794506dfbf703f","messageTitle":"Level-9","messageBody":"","fileTypesAndContributionMap":{"txt":{"insertions":2,"deletions":0},"java":{"insertions":28,"deletions":16}}},{"hash":"2e2b12dd84506cee1056248631c3028a5a32a2b2","messageTitle":"A-JavaDoc","messageBody":"","tags":["A-JavaDoc"],"fileTypesAndContributionMap":{"java":{"insertions":29,"deletions":4}}}]},{"date":"2021-03-04","commitResults":[{"hash":"f94e0955d5d5ce0c5a975650f3597b6ef1bb8f2d","messageTitle":"A-UserGuide","messageBody":"","tags":["A-UserGuide"],"fileTypesAndContributionMap":{"txt":{"insertions":0,"deletions":2},"md":{"insertions":30,"deletions":5}}},{"hash":"36c0c9147a07cd205bddf86188c2210663fdece2","messageTitle":"A-UserGuide","messageBody":"","fileTypesAndContributionMap":{"md":{"insertions":1,"deletions":1}}},{"hash":"6619775802672bd88194ef685bcb248b5cb019d4","messageTitle":"Changed border","messageBody":"","tags":["A-Release"],"fileTypesAndContributionMap":{"java":{"insertions":6,"deletions":6},"md":{"insertions":4,"deletions":4}}}]},{"date":"2021-03-05","commitResults":[{"hash":"b2ce6c3093cf56009ccb2e3f11f123055843a25a","messageTitle":"A-JavaDoc","messageBody":"","fileTypesAndContributionMap":{"java":{"insertions":9,"deletions":1}}},{"hash":"7c5bbe37f8d3aa73d972676261073888f2e8622b","messageTitle":"A-JavaDoc","messageBody":"","fileTypesAndContributionMap":{"java":{"insertions":2,"deletions":2}}}]}]},"authorFileTypeContributionMap":{"douglaslewpc":{"java":652,"md":30,"fxml":0,"sh":0,"bat":0,"gradle":0,"txt":12}},"authorContributionVariance":{"douglaslewpc":17561.248},"authorDisplayNameMap":{"douglaslewpc":"CS2113T-T09-3 LEW ..GLAS"}}
