{"authorDailyContributionsMap":{"averliz":[{"date":"2021-01-18","commitResults":[{"hash":"c380181ff9c7396d21406a765b8aa71285075ed4","messageTitle":"Update readme to reflect new IntelliJ version","messageBody":"","fileTypesAndContributionMap":{"md":{"insertions":10,"deletions":10}}},{"hash":"8cf74a9bf270a216eeedae558b9ebe1681ed3386","messageTitle":"Update README.md","messageBody":"","fileTypesAndContributionMap":{"md":{"insertions":2,"deletions":2}}}]},{"date":"2021-01-26","commitResults":[{"hash":"e1d45956c39108ee7d2c051cc581bf21fa463cb2","messageTitle":"Duke Level 0 - Greet","messageBody":"","tags":["Level-0"],"fileTypesAndContributionMap":{"java":{"insertions":13,"deletions":1}}},{"hash":"d077c54f7249763a12b61d2836d0d83730b89776","messageTitle":"Updated code with echo command","messageBody":"","tags":["Level-1"],"fileTypesAndContributionMap":{"java":{"insertions":25,"deletions":7}}},{"hash":"ea3185d852591e8c31a9bdf55963bd2d45eeb028","messageTitle":"Level 2. Add, List functions","messageBody":"","tags":["Level-2"],"fileTypesAndContributionMap":{"java":{"insertions":49,"deletions":4}}},{"hash":"2f93cbb4aa7d8e2601fcea40063f30aaeaa68e61","messageTitle":"Updated Level 3 requirements","messageBody":"","tags":["Level-3"],"fileTypesAndContributionMap":{"java":{"insertions":122,"deletions":30}}},{"hash":"2900eacafdaf0084390f93ed382c295d75f8a432","messageTitle":"Checked through for coding style","messageBody":"","tags":["A-CodingStandard"],"fileTypesAndContributionMap":{"java":{"insertions":5,"deletions":5}}}]},{"date":"2021-02-02","commitResults":[{"hash":"89f4cc3d1429de6a2d4c39f77f3e67be83f83cdb","messageTitle":"Updated Duke class. Implemented Todo, Event and Deadline Class.","messageBody":"","tags":["Level-4"],"fileTypesAndContributionMap":{"java":{"insertions":170,"deletions":96}}},{"hash":"78bdde8007c90601d349e99854e0f3013704dc29","messageTitle":"Updated code to meet coding standards","messageBody":"","tags":["A-CodeQuality"],"fileTypesAndContributionMap":{"java":{"insertions":16,"deletions":17}}}]}]},"authorFileTypeContributionMap":{"averliz":{"java":246,"md":9,"fxml":0,"sh":0,"bat":0,"gradle":0,"txt":0}},"authorContributionVariance":{"averliz":6229.108},"authorDisplayNameMap":{"averliz":"JERE.. PNG"}}
