[{"path":"README.md","fileType":"md","lines":[{"lineNumber":1,"author":{"gitId":"-"},"content":"# Duke project template"},{"lineNumber":2,"author":{"gitId":"-"},"content":""},{"lineNumber":3,"author":{"gitId":"fupernova"},"content":"This is a project template for a greenfield Java project. It\u0027s named after the Java mascot _Duke_."},{"lineNumber":4,"author":{"gitId":"-"},"content":""},{"lineNumber":5,"author":{"gitId":"fupernova"},"content":"## This be some kind of fancy techmology"},{"lineNumber":6,"author":{"gitId":"-"},"content":""},{"lineNumber":7,"author":{"gitId":"fupernova"},"content":"Duke chatbot inspired by Ali G. West side."},{"lineNumber":8,"author":{"gitId":"-"},"content":""},{"lineNumber":9,"author":{"gitId":"fupernova"},"content":"Done as part of individual project component of CS2113."}],"authorContributionMap":{"fupernova":4,"-":5}},{"path":"src/main/java/Deadline.java","fileType":"java","lines":[{"lineNumber":1,"author":{"gitId":"fupernova"},"content":"public class Deadline extends Task{"},{"lineNumber":2,"author":{"gitId":"fupernova"},"content":"    protected static String deadline;"},{"lineNumber":3,"author":{"gitId":"fupernova"},"content":""},{"lineNumber":4,"author":{"gitId":"fupernova"},"content":"    public Deadline(String name, String deadline) {"},{"lineNumber":5,"author":{"gitId":"fupernova"},"content":"        super(name);"},{"lineNumber":6,"author":{"gitId":"fupernova"},"content":"        this.deadline \u003d deadline;"},{"lineNumber":7,"author":{"gitId":"fupernova"},"content":"    }"},{"lineNumber":8,"author":{"gitId":"fupernova"},"content":""},{"lineNumber":9,"author":{"gitId":"fupernova"},"content":"    @Override"},{"lineNumber":10,"author":{"gitId":"fupernova"},"content":"    public String getType() {"},{"lineNumber":11,"author":{"gitId":"fupernova"},"content":"        return \"[D]\";"},{"lineNumber":12,"author":{"gitId":"fupernova"},"content":"    }"},{"lineNumber":13,"author":{"gitId":"fupernova"},"content":""},{"lineNumber":14,"author":{"gitId":"fupernova"},"content":"    @Override"},{"lineNumber":15,"author":{"gitId":"fupernova"},"content":"    public String getDate() {"},{"lineNumber":16,"author":{"gitId":"fupernova"},"content":"        return \"(by: \" + this.deadline + \")\";"},{"lineNumber":17,"author":{"gitId":"fupernova"},"content":"    }"},{"lineNumber":18,"author":{"gitId":"fupernova"},"content":"}"}],"authorContributionMap":{"fupernova":18}},{"path":"src/main/java/Duke.java","fileType":"java","lines":[{"lineNumber":1,"author":{"gitId":"fupernova"},"content":"import java.util.Scanner;"},{"lineNumber":2,"author":{"gitId":"fupernova"},"content":""},{"lineNumber":3,"author":{"gitId":"-"},"content":"public class Duke {"},{"lineNumber":4,"author":{"gitId":"fupernova"},"content":"    private static final int ERR_OUT_OF_BOUNDS \u003d -2;"},{"lineNumber":5,"author":{"gitId":"fupernova"},"content":"    private static final int ERR_WRONG_FORMAT \u003d -1;"},{"lineNumber":6,"author":{"gitId":"fupernova"},"content":"    private static final int INVALID_DONE \u003d -1;"},{"lineNumber":7,"author":{"gitId":"fupernova"},"content":"    private static final int EXIT \u003d 0;"},{"lineNumber":8,"author":{"gitId":"fupernova"},"content":"    private static final int LIST \u003d 1;"},{"lineNumber":9,"author":{"gitId":"fupernova"},"content":"    private static final int MARK \u003d 2;"},{"lineNumber":10,"author":{"gitId":"fupernova"},"content":"    private static final int ADD \u003d 3;"},{"lineNumber":11,"author":{"gitId":"fupernova"},"content":"    private static final int ADD_TODO \u003d 4;"},{"lineNumber":12,"author":{"gitId":"fupernova"},"content":"    private static final int ADD_DEADLINE \u003d 5;"},{"lineNumber":13,"author":{"gitId":"fupernova"},"content":"    private static final int ADD_EVENT \u003d 6;"},{"lineNumber":14,"author":{"gitId":"fupernova"},"content":""},{"lineNumber":15,"author":{"gitId":"fupernova"},"content":"    public static Task[] Tasks \u003d new Task[100];"},{"lineNumber":16,"author":{"gitId":"fupernova"},"content":""},{"lineNumber":17,"author":{"gitId":"-"},"content":"    public static void main(String[] args) {"},{"lineNumber":18,"author":{"gitId":"fupernova"},"content":"        printGreeting();"},{"lineNumber":19,"author":{"gitId":"fupernova"},"content":"        loopCommands();"},{"lineNumber":20,"author":{"gitId":"fupernova"},"content":"        sayGoodbye();"},{"lineNumber":21,"author":{"gitId":"fupernova"},"content":"    }"},{"lineNumber":22,"author":{"gitId":"fupernova"},"content":""},{"lineNumber":23,"author":{"gitId":"fupernova"},"content":"    public static int getCommand(String line) {"},{"lineNumber":24,"author":{"gitId":"fupernova"},"content":"        String[] subStrings \u003d line.split(\" \");"},{"lineNumber":25,"author":{"gitId":"fupernova"},"content":"        if (subStrings[0].equalsIgnoreCase(\"bye\")) {"},{"lineNumber":26,"author":{"gitId":"fupernova"},"content":"            return EXIT;"},{"lineNumber":27,"author":{"gitId":"fupernova"},"content":"        }"},{"lineNumber":28,"author":{"gitId":"fupernova"},"content":"        if (subStrings[0].equalsIgnoreCase(\"done\")) {"},{"lineNumber":29,"author":{"gitId":"fupernova"},"content":"            return MARK;"},{"lineNumber":30,"author":{"gitId":"fupernova"},"content":"        }"},{"lineNumber":31,"author":{"gitId":"fupernova"},"content":"        if (subStrings[0].equalsIgnoreCase(\"list\")) {"},{"lineNumber":32,"author":{"gitId":"fupernova"},"content":"            return LIST;"},{"lineNumber":33,"author":{"gitId":"fupernova"},"content":"        }"},{"lineNumber":34,"author":{"gitId":"fupernova"},"content":"        return ADD;"},{"lineNumber":35,"author":{"gitId":"fupernova"},"content":"    }"},{"lineNumber":36,"author":{"gitId":"fupernova"},"content":"    public static int getItemType(String line) {"},{"lineNumber":37,"author":{"gitId":"fupernova"},"content":"        if(line.equalsIgnoreCase(\"todo\")) {"},{"lineNumber":38,"author":{"gitId":"fupernova"},"content":"            return ADD_TODO;"},{"lineNumber":39,"author":{"gitId":"fupernova"},"content":"        }"},{"lineNumber":40,"author":{"gitId":"fupernova"},"content":"        if(line.equalsIgnoreCase(\"deadline\")) {"},{"lineNumber":41,"author":{"gitId":"fupernova"},"content":"            return ADD_DEADLINE;"},{"lineNumber":42,"author":{"gitId":"fupernova"},"content":"        }"},{"lineNumber":43,"author":{"gitId":"fupernova"},"content":"        if(line.equalsIgnoreCase(\"event\")) {"},{"lineNumber":44,"author":{"gitId":"fupernova"},"content":"            return ADD_EVENT;"},{"lineNumber":45,"author":{"gitId":"fupernova"},"content":"        }"},{"lineNumber":46,"author":{"gitId":"fupernova"},"content":"        return ERR_WRONG_FORMAT;"},{"lineNumber":47,"author":{"gitId":"fupernova"},"content":"    }"},{"lineNumber":48,"author":{"gitId":"fupernova"},"content":"    /**"},{"lineNumber":49,"author":{"gitId":"fupernova"},"content":"     * Loops through all features available."},{"lineNumber":50,"author":{"gitId":"fupernova"},"content":"     * Returns if user inputs bye or number of tasks exceeds 100"},{"lineNumber":51,"author":{"gitId":"fupernova"},"content":"     */"},{"lineNumber":52,"author":{"gitId":"fupernova"},"content":"    public static void loopCommands() {"},{"lineNumber":53,"author":{"gitId":"fupernova"},"content":"        while (true) {"},{"lineNumber":54,"author":{"gitId":"fupernova"},"content":"            if (Task.totalTasks \u003e 100) {"},{"lineNumber":55,"author":{"gitId":"fupernova"},"content":"                System.out.println(\"Maximum capacity reached\");"},{"lineNumber":56,"author":{"gitId":"fupernova"},"content":"                return;"},{"lineNumber":57,"author":{"gitId":"fupernova"},"content":"            }"},{"lineNumber":58,"author":{"gitId":"fupernova"},"content":"            Scanner in \u003d new Scanner(System.in);"},{"lineNumber":59,"author":{"gitId":"fupernova"},"content":"            String line;"},{"lineNumber":60,"author":{"gitId":"fupernova"},"content":"            while (in.hasNextLine()) {"},{"lineNumber":61,"author":{"gitId":"fupernova"},"content":"                line \u003d in.nextLine();"},{"lineNumber":62,"author":{"gitId":"fupernova"},"content":"                int command \u003d getCommand(line);"},{"lineNumber":63,"author":{"gitId":"fupernova"},"content":"                // No fallthrough required"},{"lineNumber":64,"author":{"gitId":"fupernova"},"content":"                switch (command) {"},{"lineNumber":65,"author":{"gitId":"fupernova"},"content":"                // If user wants to mark a task as done"},{"lineNumber":66,"author":{"gitId":"fupernova"},"content":"                case MARK:"},{"lineNumber":67,"author":{"gitId":"fupernova"},"content":"                    markAsDone(line);"},{"lineNumber":68,"author":{"gitId":"fupernova"},"content":"                    break;"},{"lineNumber":69,"author":{"gitId":"fupernova"},"content":"                // If user wants to list all tasks"},{"lineNumber":70,"author":{"gitId":"fupernova"},"content":"                case LIST:"},{"lineNumber":71,"author":{"gitId":"fupernova"},"content":"                    listItems();"},{"lineNumber":72,"author":{"gitId":"fupernova"},"content":"                    break;"},{"lineNumber":73,"author":{"gitId":"fupernova"},"content":"                case ADD:"},{"lineNumber":74,"author":{"gitId":"fupernova"},"content":"                    // If user wants to add an item"},{"lineNumber":75,"author":{"gitId":"fupernova"},"content":"                    addItem(line);"},{"lineNumber":76,"author":{"gitId":"fupernova"},"content":"                    break;"},{"lineNumber":77,"author":{"gitId":"fupernova"},"content":"                case EXIT:"},{"lineNumber":78,"author":{"gitId":"fupernova"},"content":"                    return;"},{"lineNumber":79,"author":{"gitId":"fupernova"},"content":"                }"},{"lineNumber":80,"author":{"gitId":"fupernova"},"content":"            }"},{"lineNumber":81,"author":{"gitId":"fupernova"},"content":"        }"},{"lineNumber":82,"author":{"gitId":"fupernova"},"content":"    }"},{"lineNumber":83,"author":{"gitId":"fupernova"},"content":"    /**"},{"lineNumber":84,"author":{"gitId":"fupernova"},"content":"     * Marks a task as done"},{"lineNumber":85,"author":{"gitId":"fupernova"},"content":"     * Checks for out of bounds access and presence of numerical value"},{"lineNumber":86,"author":{"gitId":"fupernova"},"content":"     * @param line user input"},{"lineNumber":87,"author":{"gitId":"fupernova"},"content":"     */"},{"lineNumber":88,"author":{"gitId":"fupernova"},"content":"    public static void markAsDone(String line) {"},{"lineNumber":89,"author":{"gitId":"fupernova"},"content":"        int listNum \u003d checkValidDone(line);"},{"lineNumber":90,"author":{"gitId":"fupernova"},"content":"        if(listNum \u003d\u003d INVALID_DONE) {"},{"lineNumber":91,"author":{"gitId":"fupernova"},"content":"            printError(ERR_OUT_OF_BOUNDS);"},{"lineNumber":92,"author":{"gitId":"fupernova"},"content":"        } else {"},{"lineNumber":93,"author":{"gitId":"fupernova"},"content":"            listNum -\u003d 1;"},{"lineNumber":94,"author":{"gitId":"fupernova"},"content":"            Tasks[listNum].setDone();"},{"lineNumber":95,"author":{"gitId":"fupernova"},"content":"            System.out.println(Tasks[listNum].getName() + \" set to done. You\u0027re well smart innit?\");"},{"lineNumber":96,"author":{"gitId":"fupernova"},"content":"        }"},{"lineNumber":97,"author":{"gitId":"fupernova"},"content":"        printLine();"},{"lineNumber":98,"author":{"gitId":"fupernova"},"content":"    }"},{"lineNumber":99,"author":{"gitId":"fupernova"},"content":""},{"lineNumber":100,"author":{"gitId":"fupernova"},"content":"    /**"},{"lineNumber":101,"author":{"gitId":"fupernova"},"content":"     * Checks for presence of number in input AND for any illegal access of indexes"},{"lineNumber":102,"author":{"gitId":"fupernova"},"content":"     * @param line input from user"},{"lineNumber":103,"author":{"gitId":"fupernova"},"content":"     * @return index of item to mark as done if valid, -1 otherwise"},{"lineNumber":104,"author":{"gitId":"fupernova"},"content":"     */"},{"lineNumber":105,"author":{"gitId":"fupernova"},"content":"    public static int checkValidDone(String line) {"},{"lineNumber":106,"author":{"gitId":"fupernova"},"content":"        if (line.substring(5).matches(\"[0-9]+\")) {"},{"lineNumber":107,"author":{"gitId":"fupernova"},"content":"            int listNum \u003d Integer.parseInt(line.substring(5));"},{"lineNumber":108,"author":{"gitId":"fupernova"},"content":"            // Check for illegal access to out of bounds index"},{"lineNumber":109,"author":{"gitId":"fupernova"},"content":"            if (listNum \u003e Task.totalTasks || listNum \u003d\u003d 0) {"},{"lineNumber":110,"author":{"gitId":"fupernova"},"content":"                return INVALID_DONE;"},{"lineNumber":111,"author":{"gitId":"fupernova"},"content":"            }"},{"lineNumber":112,"author":{"gitId":"fupernova"},"content":"            return listNum;"},{"lineNumber":113,"author":{"gitId":"fupernova"},"content":"        }"},{"lineNumber":114,"author":{"gitId":"fupernova"},"content":"        return INVALID_DONE;"},{"lineNumber":115,"author":{"gitId":"fupernova"},"content":"    }"},{"lineNumber":116,"author":{"gitId":"fupernova"},"content":"    /**"},{"lineNumber":117,"author":{"gitId":"fupernova"},"content":"     * Lists all items that were added to the list"},{"lineNumber":118,"author":{"gitId":"fupernova"},"content":"     */"},{"lineNumber":119,"author":{"gitId":"fupernova"},"content":"    public static void listItems() {"},{"lineNumber":120,"author":{"gitId":"fupernova"},"content":"        System.out.println(\"Eez are the tings you added to the list\");"},{"lineNumber":121,"author":{"gitId":"fupernova"},"content":"        for(int i \u003d 0; i \u003c Task.totalTasks; i++) {"},{"lineNumber":122,"author":{"gitId":"fupernova"},"content":"            printListItem(i+1, Tasks[i].getType(), Tasks[i].getStatusIcon(),"},{"lineNumber":123,"author":{"gitId":"fupernova"},"content":"                    Tasks[i].getName(), Tasks[i].getDate());"},{"lineNumber":124,"author":{"gitId":"fupernova"},"content":"        }"},{"lineNumber":125,"author":{"gitId":"fupernova"},"content":"        printLine();"},{"lineNumber":126,"author":{"gitId":"fupernova"},"content":"    }"},{"lineNumber":127,"author":{"gitId":"fupernova"},"content":"    /**"},{"lineNumber":128,"author":{"gitId":"fupernova"},"content":"     * Append new item to back of the list"},{"lineNumber":129,"author":{"gitId":"fupernova"},"content":"     * @param line raw input given by user"},{"lineNumber":130,"author":{"gitId":"fupernova"},"content":"     */"},{"lineNumber":131,"author":{"gitId":"fupernova"},"content":"    public static void addItem(String line) {"},{"lineNumber":132,"author":{"gitId":"fupernova"},"content":"        String prefix \u003d line.split(\" \")[0];"},{"lineNumber":133,"author":{"gitId":"fupernova"},"content":"        int itemType \u003d getItemType(prefix);"},{"lineNumber":134,"author":{"gitId":"fupernova"},"content":"        // No fallthrough required"},{"lineNumber":135,"author":{"gitId":"fupernova"},"content":"        switch (itemType) {"},{"lineNumber":136,"author":{"gitId":"fupernova"},"content":"        case ADD_TODO:"},{"lineNumber":137,"author":{"gitId":"fupernova"},"content":"            addTodo(line);"},{"lineNumber":138,"author":{"gitId":"fupernova"},"content":"            break;"},{"lineNumber":139,"author":{"gitId":"fupernova"},"content":"        case ADD_DEADLINE:"},{"lineNumber":140,"author":{"gitId":"fupernova"},"content":"            addDeadline(line);"},{"lineNumber":141,"author":{"gitId":"fupernova"},"content":"            break;"},{"lineNumber":142,"author":{"gitId":"fupernova"},"content":"        case ADD_EVENT:"},{"lineNumber":143,"author":{"gitId":"fupernova"},"content":"            addEvent(line);"},{"lineNumber":144,"author":{"gitId":"fupernova"},"content":"            break;"},{"lineNumber":145,"author":{"gitId":"fupernova"},"content":"        case ERR_WRONG_FORMAT:"},{"lineNumber":146,"author":{"gitId":"fupernova"},"content":"            printError(ERR_WRONG_FORMAT);"},{"lineNumber":147,"author":{"gitId":"fupernova"},"content":"        }"},{"lineNumber":148,"author":{"gitId":"fupernova"},"content":"        printLine();"},{"lineNumber":149,"author":{"gitId":"fupernova"},"content":"    }"},{"lineNumber":150,"author":{"gitId":"fupernova"},"content":"    public static void addTodo(String line) {"},{"lineNumber":151,"author":{"gitId":"fupernova"},"content":"        int current \u003d Task.totalTasks;"},{"lineNumber":152,"author":{"gitId":"fupernova"},"content":"        String nameOfTask \u003d line.substring(5);"},{"lineNumber":153,"author":{"gitId":"fupernova"},"content":"        Tasks[current] \u003d new Todo(nameOfTask);"},{"lineNumber":154,"author":{"gitId":"fupernova"},"content":"        Task.totalTasks +\u003d 1;"},{"lineNumber":155,"author":{"gitId":"fupernova"},"content":"        printAddedToList(current, nameOfTask);"},{"lineNumber":156,"author":{"gitId":"fupernova"},"content":"    }"},{"lineNumber":157,"author":{"gitId":"fupernova"},"content":"    public static void addDeadline(String line) {"},{"lineNumber":158,"author":{"gitId":"fupernova"},"content":"        if(line.contains(\"/by\")) {"},{"lineNumber":159,"author":{"gitId":"fupernova"},"content":"            int current \u003d Task.totalTasks;"},{"lineNumber":160,"author":{"gitId":"fupernova"},"content":"            // Details of task starts at index 9 of input"},{"lineNumber":161,"author":{"gitId":"fupernova"},"content":"            String nameAndDeadline \u003d line.substring(9);"},{"lineNumber":162,"author":{"gitId":"fupernova"},"content":"            String[] split \u003d nameAndDeadline.split(\" /by \");"},{"lineNumber":163,"author":{"gitId":"fupernova"},"content":"            String name \u003d split[0];"},{"lineNumber":164,"author":{"gitId":"fupernova"},"content":"            String deadline \u003d split[1];"},{"lineNumber":165,"author":{"gitId":"fupernova"},"content":"            Tasks[current] \u003d new Deadline(name, deadline);"},{"lineNumber":166,"author":{"gitId":"fupernova"},"content":"            Task.totalTasks +\u003d 1;"},{"lineNumber":167,"author":{"gitId":"fupernova"},"content":"            printAddedToList(current, name);"},{"lineNumber":168,"author":{"gitId":"fupernova"},"content":"        } else {"},{"lineNumber":169,"author":{"gitId":"fupernova"},"content":"            printError(ERR_WRONG_FORMAT);"},{"lineNumber":170,"author":{"gitId":"fupernova"},"content":"        }"},{"lineNumber":171,"author":{"gitId":"fupernova"},"content":"    }"},{"lineNumber":172,"author":{"gitId":"fupernova"},"content":"    public static void addEvent(String nameOfTask) {"},{"lineNumber":173,"author":{"gitId":"fupernova"},"content":"        if(nameOfTask.contains(\"/at\")) {"},{"lineNumber":174,"author":{"gitId":"fupernova"},"content":"            int current \u003d Task.totalTasks;"},{"lineNumber":175,"author":{"gitId":"fupernova"},"content":"            // Details of task starts at index 6 of input"},{"lineNumber":176,"author":{"gitId":"fupernova"},"content":"            String nameAndTime \u003d nameOfTask.substring(6);"},{"lineNumber":177,"author":{"gitId":"fupernova"},"content":"            String[] split \u003d nameAndTime.split(\" /at \");"},{"lineNumber":178,"author":{"gitId":"fupernova"},"content":"            String name \u003d split[0];"},{"lineNumber":179,"author":{"gitId":"fupernova"},"content":"            String time \u003d split[1];"},{"lineNumber":180,"author":{"gitId":"fupernova"},"content":"            Tasks[current] \u003d new Event(name, time);"},{"lineNumber":181,"author":{"gitId":"fupernova"},"content":"            Task.totalTasks +\u003d 1;"},{"lineNumber":182,"author":{"gitId":"fupernova"},"content":"            printAddedToList(current, name);"},{"lineNumber":183,"author":{"gitId":"fupernova"},"content":"        } else {"},{"lineNumber":184,"author":{"gitId":"fupernova"},"content":"            printError(ERR_WRONG_FORMAT);"},{"lineNumber":185,"author":{"gitId":"fupernova"},"content":"        }"},{"lineNumber":186,"author":{"gitId":"fupernova"},"content":"    }"},{"lineNumber":187,"author":{"gitId":"fupernova"},"content":"    public static void printListItem(int index, String type, String status, String name, String date) {"},{"lineNumber":188,"author":{"gitId":"fupernova"},"content":"        System.out.println(index + \". \" + type + \"[\" + status + \"] \" + name + \" \" + date);"},{"lineNumber":189,"author":{"gitId":"fupernova"},"content":"    }"},{"lineNumber":190,"author":{"gitId":"fupernova"},"content":"    public static void printGreeting() {"},{"lineNumber":191,"author":{"gitId":"fupernova"},"content":"        System.out.println(\"Wagwan! I is Ali G. West side.\\nWhat is we chattin\u0027 bout today?\");"},{"lineNumber":192,"author":{"gitId":"fupernova"},"content":"        printLine();"},{"lineNumber":193,"author":{"gitId":"fupernova"},"content":"    }"},{"lineNumber":194,"author":{"gitId":"fupernova"},"content":"    public static void printLine() {"},{"lineNumber":195,"author":{"gitId":"fupernova"},"content":"        System.out.println(\"____________________________________________________________\");"},{"lineNumber":196,"author":{"gitId":"fupernova"},"content":"    }"},{"lineNumber":197,"author":{"gitId":"fupernova"},"content":"    public static void sayGoodbye() {"},{"lineNumber":198,"author":{"gitId":"fupernova"},"content":"        System.out.println(\"Goodbye, big up yourself, keep it real, respekt.\");"},{"lineNumber":199,"author":{"gitId":"fupernova"},"content":"        printLine();"},{"lineNumber":200,"author":{"gitId":"fupernova"},"content":"    }"},{"lineNumber":201,"author":{"gitId":"fupernova"},"content":"    public static void printError(int type) {"},{"lineNumber":202,"author":{"gitId":"fupernova"},"content":"        // No fallthrough required"},{"lineNumber":203,"author":{"gitId":"fupernova"},"content":"        switch (type) {"},{"lineNumber":204,"author":{"gitId":"fupernova"},"content":"        case ERR_OUT_OF_BOUNDS:"},{"lineNumber":205,"author":{"gitId":"fupernova"},"content":"            System.out.println(\"Woah woah. Don\u0027t violate the rules aight. I is watching you.\");"},{"lineNumber":206,"author":{"gitId":"fupernova"},"content":"            printLine();"},{"lineNumber":207,"author":{"gitId":"fupernova"},"content":"            break;"},{"lineNumber":208,"author":{"gitId":"fupernova"},"content":"        case ERR_WRONG_FORMAT:"},{"lineNumber":209,"author":{"gitId":"fupernova"},"content":"            System.out.println(\"Are you spasticated? The format is wrong!\");"},{"lineNumber":210,"author":{"gitId":"fupernova"},"content":"            break;"},{"lineNumber":211,"author":{"gitId":"fupernova"},"content":"        }"},{"lineNumber":212,"author":{"gitId":"fupernova"},"content":"    }"},{"lineNumber":213,"author":{"gitId":"fupernova"},"content":"    public static void printAddedToList(int current, String name) {"},{"lineNumber":214,"author":{"gitId":"fupernova"},"content":"        System.out.println(\"Wicked. This ting is now on da list.\");"},{"lineNumber":215,"author":{"gitId":"fupernova"},"content":"        System.out.println(Tasks[current].getType() + \"[ ] \" + name + \" \" + Tasks[current].getDate());"},{"lineNumber":216,"author":{"gitId":"fupernova"},"content":"        printTotalTasks();"},{"lineNumber":217,"author":{"gitId":"fupernova"},"content":"    }"},{"lineNumber":218,"author":{"gitId":"fupernova"},"content":"    public static void printTotalTasks() {"},{"lineNumber":219,"author":{"gitId":"fupernova"},"content":"        System.out.println(\"You is having \" + Task.totalTasks + \" task(s) on your list\");"},{"lineNumber":220,"author":{"gitId":"-"},"content":"    }"},{"lineNumber":221,"author":{"gitId":"-"},"content":"}"}],"authorContributionMap":{"fupernova":217,"-":4}},{"path":"src/main/java/Event.java","fileType":"java","lines":[{"lineNumber":1,"author":{"gitId":"fupernova"},"content":"public class Event extends Task{"},{"lineNumber":2,"author":{"gitId":"fupernova"},"content":"    protected static String eventTime;"},{"lineNumber":3,"author":{"gitId":"fupernova"},"content":""},{"lineNumber":4,"author":{"gitId":"fupernova"},"content":"    public Event(String name, String eventTime) {"},{"lineNumber":5,"author":{"gitId":"fupernova"},"content":"        super(name);"},{"lineNumber":6,"author":{"gitId":"fupernova"},"content":"        this.eventTime \u003d eventTime;"},{"lineNumber":7,"author":{"gitId":"fupernova"},"content":"    }"},{"lineNumber":8,"author":{"gitId":"fupernova"},"content":""},{"lineNumber":9,"author":{"gitId":"fupernova"},"content":"    @Override"},{"lineNumber":10,"author":{"gitId":"fupernova"},"content":"    public String getType() {"},{"lineNumber":11,"author":{"gitId":"fupernova"},"content":"        return \"[E]\";"},{"lineNumber":12,"author":{"gitId":"fupernova"},"content":"    }"},{"lineNumber":13,"author":{"gitId":"fupernova"},"content":""},{"lineNumber":14,"author":{"gitId":"fupernova"},"content":"    @Override"},{"lineNumber":15,"author":{"gitId":"fupernova"},"content":"    public String getDate() {"},{"lineNumber":16,"author":{"gitId":"fupernova"},"content":"        return \"(at: \" + this.eventTime + \")\";"},{"lineNumber":17,"author":{"gitId":"fupernova"},"content":"    }"},{"lineNumber":18,"author":{"gitId":"fupernova"},"content":"}"}],"authorContributionMap":{"fupernova":18}},{"path":"src/main/java/Task.java","fileType":"java","lines":[{"lineNumber":1,"author":{"gitId":"fupernova"},"content":"public class Task {"},{"lineNumber":2,"author":{"gitId":"fupernova"},"content":"    protected String name;"},{"lineNumber":3,"author":{"gitId":"fupernova"},"content":"    protected boolean isDone;"},{"lineNumber":4,"author":{"gitId":"fupernova"},"content":"    public static int totalTasks \u003d 0;"},{"lineNumber":5,"author":{"gitId":"fupernova"},"content":""},{"lineNumber":6,"author":{"gitId":"fupernova"},"content":"    protected Task(String name) {"},{"lineNumber":7,"author":{"gitId":"fupernova"},"content":"        this.name \u003d name;"},{"lineNumber":8,"author":{"gitId":"fupernova"},"content":"        this.isDone \u003d false;"},{"lineNumber":9,"author":{"gitId":"fupernova"},"content":"    }"},{"lineNumber":10,"author":{"gitId":"fupernova"},"content":""},{"lineNumber":11,"author":{"gitId":"fupernova"},"content":"    public void setDone() {"},{"lineNumber":12,"author":{"gitId":"fupernova"},"content":"        this.isDone \u003d true;"},{"lineNumber":13,"author":{"gitId":"fupernova"},"content":"    }"},{"lineNumber":14,"author":{"gitId":"fupernova"},"content":""},{"lineNumber":15,"author":{"gitId":"fupernova"},"content":"    /**"},{"lineNumber":16,"author":{"gitId":"fupernova"},"content":"     * @return \"x\" if task is done, empty space otherwise"},{"lineNumber":17,"author":{"gitId":"fupernova"},"content":"     */"},{"lineNumber":18,"author":{"gitId":"fupernova"},"content":"    public String getStatusIcon() {"},{"lineNumber":19,"author":{"gitId":"fupernova"},"content":"        return (isDone? \"\\u2718\" : \" \");"},{"lineNumber":20,"author":{"gitId":"fupernova"},"content":"    }"},{"lineNumber":21,"author":{"gitId":"fupernova"},"content":""},{"lineNumber":22,"author":{"gitId":"fupernova"},"content":"    public String getName() {"},{"lineNumber":23,"author":{"gitId":"fupernova"},"content":"        return name;"},{"lineNumber":24,"author":{"gitId":"fupernova"},"content":"    }"},{"lineNumber":25,"author":{"gitId":"fupernova"},"content":"    // To be overridden"},{"lineNumber":26,"author":{"gitId":"fupernova"},"content":"    public String getType() {"},{"lineNumber":27,"author":{"gitId":"fupernova"},"content":"        return \"[ ]\";"},{"lineNumber":28,"author":{"gitId":"fupernova"},"content":"    }"},{"lineNumber":29,"author":{"gitId":"fupernova"},"content":"    // To be overridden"},{"lineNumber":30,"author":{"gitId":"fupernova"},"content":"    public String getDate() {"},{"lineNumber":31,"author":{"gitId":"fupernova"},"content":"        return \"\";"},{"lineNumber":32,"author":{"gitId":"fupernova"},"content":"    }"},{"lineNumber":33,"author":{"gitId":"fupernova"},"content":"}"}],"authorContributionMap":{"fupernova":33}},{"path":"src/main/java/Todo.java","fileType":"java","lines":[{"lineNumber":1,"author":{"gitId":"fupernova"},"content":"public class Todo extends Task{"},{"lineNumber":2,"author":{"gitId":"fupernova"},"content":""},{"lineNumber":3,"author":{"gitId":"fupernova"},"content":"    public Todo(String name) {"},{"lineNumber":4,"author":{"gitId":"fupernova"},"content":"        super(name);"},{"lineNumber":5,"author":{"gitId":"fupernova"},"content":"    }"},{"lineNumber":6,"author":{"gitId":"fupernova"},"content":""},{"lineNumber":7,"author":{"gitId":"fupernova"},"content":"    @Override"},{"lineNumber":8,"author":{"gitId":"fupernova"},"content":"    public String getType() {"},{"lineNumber":9,"author":{"gitId":"fupernova"},"content":"        return \"[T]\";"},{"lineNumber":10,"author":{"gitId":"fupernova"},"content":"    }"},{"lineNumber":11,"author":{"gitId":"fupernova"},"content":"}"}],"authorContributionMap":{"fupernova":11}},{"path":"text-ui-test/input.txt","fileType":"txt","lines":[{"lineNumber":1,"author":{"gitId":"fupernova"},"content":"todo remove"},{"lineNumber":2,"author":{"gitId":"fupernova"},"content":"list"},{"lineNumber":3,"author":{"gitId":"fupernova"},"content":"bye"}],"authorContributionMap":{"fupernova":3}}]
