[{"path":"src/main/java/Duke.java","fileType":"java","lines":[{"lineNumber":1,"author":{"gitId":"fupernova"},"content":"import java.util.Scanner;"},{"lineNumber":2,"author":{"gitId":"fupernova"},"content":""},{"lineNumber":3,"author":{"gitId":"-"},"content":"public class Duke {"},{"lineNumber":4,"author":{"gitId":"fupernova"},"content":"    public static Task[] Tasks \u003d new Task[100];"},{"lineNumber":5,"author":{"gitId":"fupernova"},"content":""},{"lineNumber":6,"author":{"gitId":"-"},"content":"    public static void main(String[] args) {"},{"lineNumber":7,"author":{"gitId":"fupernova"},"content":"        printGreeting();"},{"lineNumber":8,"author":{"gitId":"fupernova"},"content":"        printLine();"},{"lineNumber":9,"author":{"gitId":"fupernova"},"content":"        loopAddListAndMark();"},{"lineNumber":10,"author":{"gitId":"fupernova"},"content":"        sayGoodbye();"},{"lineNumber":11,"author":{"gitId":"fupernova"},"content":"    }"},{"lineNumber":12,"author":{"gitId":"fupernova"},"content":""},{"lineNumber":13,"author":{"gitId":"fupernova"},"content":"    /**"},{"lineNumber":14,"author":{"gitId":"fupernova"},"content":"     * Loops through all features available."},{"lineNumber":15,"author":{"gitId":"fupernova"},"content":"     * Returns if user types bye or number of tasks exceeds 100"},{"lineNumber":16,"author":{"gitId":"fupernova"},"content":"     */"},{"lineNumber":17,"author":{"gitId":"fupernova"},"content":"    public static void loopAddListAndMark() {"},{"lineNumber":18,"author":{"gitId":"fupernova"},"content":"        while(true) {"},{"lineNumber":19,"author":{"gitId":"fupernova"},"content":"            if(Task.totalTasks \u003e 100) {"},{"lineNumber":20,"author":{"gitId":"fupernova"},"content":"                System.out.println(\"Maximum capacity reached\");"},{"lineNumber":21,"author":{"gitId":"fupernova"},"content":"                return;"},{"lineNumber":22,"author":{"gitId":"fupernova"},"content":"            }"},{"lineNumber":23,"author":{"gitId":"fupernova"},"content":"            String line \u003d getInput();"},{"lineNumber":24,"author":{"gitId":"fupernova"},"content":"            if(line.equalsIgnoreCase(\"bye\")) {"},{"lineNumber":25,"author":{"gitId":"fupernova"},"content":"                return;"},{"lineNumber":26,"author":{"gitId":"fupernova"},"content":"            }"},{"lineNumber":27,"author":{"gitId":"fupernova"},"content":"            // If user wants to mark a task as done"},{"lineNumber":28,"author":{"gitId":"fupernova"},"content":"            if(line.substring(0, 4).equalsIgnoreCase(\"done\")) {"},{"lineNumber":29,"author":{"gitId":"fupernova"},"content":"                // Check validity of input"},{"lineNumber":30,"author":{"gitId":"fupernova"},"content":"                if(isValidMark(line)) {"},{"lineNumber":31,"author":{"gitId":"fupernova"},"content":"                    int listNum \u003d Integer.parseInt(line.substring(5));"},{"lineNumber":32,"author":{"gitId":"fupernova"},"content":"                    // Check for illegal access to out of bounds index"},{"lineNumber":33,"author":{"gitId":"fupernova"},"content":"                    if(listNum \u003e Task.totalTasks) {"},{"lineNumber":34,"author":{"gitId":"fupernova"},"content":"                        System.out.println(\"Woah woah. Don\u0027t violate the rules aight. I\u0027m watching you.\");"},{"lineNumber":35,"author":{"gitId":"fupernova"},"content":"                        printLine();"},{"lineNumber":36,"author":{"gitId":"fupernova"},"content":"                        continue;"},{"lineNumber":37,"author":{"gitId":"fupernova"},"content":"                    }"},{"lineNumber":38,"author":{"gitId":"fupernova"},"content":"                    listNum -\u003d 1;"},{"lineNumber":39,"author":{"gitId":"fupernova"},"content":"                    Tasks[listNum].setDone();"},{"lineNumber":40,"author":{"gitId":"fupernova"},"content":"                    System.out.println(Tasks[listNum].name + \" set to done. You\u0027re well smart innit?\");"},{"lineNumber":41,"author":{"gitId":"fupernova"},"content":"                } else {"},{"lineNumber":42,"author":{"gitId":"fupernova"},"content":"                    System.out.println(\"Aye aye that\u0027s the wrong format homie. \" +"},{"lineNumber":43,"author":{"gitId":"fupernova"},"content":"                            \"To set a task to done, type done \u003cnumber\u003e.\");"},{"lineNumber":44,"author":{"gitId":"fupernova"},"content":"                }"},{"lineNumber":45,"author":{"gitId":"fupernova"},"content":"                printLine();"},{"lineNumber":46,"author":{"gitId":"fupernova"},"content":"                continue;"},{"lineNumber":47,"author":{"gitId":"fupernova"},"content":"            }"},{"lineNumber":48,"author":{"gitId":"fupernova"},"content":"            // If user wants to list all tasks"},{"lineNumber":49,"author":{"gitId":"fupernova"},"content":"            if(line.equalsIgnoreCase(\"list\")) {"},{"lineNumber":50,"author":{"gitId":"fupernova"},"content":"                listItems();"},{"lineNumber":51,"author":{"gitId":"fupernova"},"content":"            } else {"},{"lineNumber":52,"author":{"gitId":"fupernova"},"content":"                // If user wants to add an item"},{"lineNumber":53,"author":{"gitId":"fupernova"},"content":"                addItem(line);"},{"lineNumber":54,"author":{"gitId":"fupernova"},"content":"            }"},{"lineNumber":55,"author":{"gitId":"fupernova"},"content":"        }"},{"lineNumber":56,"author":{"gitId":"fupernova"},"content":"    }"},{"lineNumber":57,"author":{"gitId":"fupernova"},"content":""},{"lineNumber":58,"author":{"gitId":"fupernova"},"content":"    /**"},{"lineNumber":59,"author":{"gitId":"fupernova"},"content":"     * Lists all items that were added to the list"},{"lineNumber":60,"author":{"gitId":"fupernova"},"content":"     */"},{"lineNumber":61,"author":{"gitId":"fupernova"},"content":"    public static void listItems() {"},{"lineNumber":62,"author":{"gitId":"fupernova"},"content":"        System.out.println(\"Eez are the tings you added to the list\");"},{"lineNumber":63,"author":{"gitId":"fupernova"},"content":"        for(int i \u003d 0; i \u003c Task.totalTasks; i++) {"},{"lineNumber":64,"author":{"gitId":"fupernova"},"content":"            System.out.println(i+1 + \".[\" + Tasks[i].getStatusIcon() + \"] \" + Tasks[i].name);"},{"lineNumber":65,"author":{"gitId":"fupernova"},"content":"        }"},{"lineNumber":66,"author":{"gitId":"fupernova"},"content":"        printLine();"},{"lineNumber":67,"author":{"gitId":"fupernova"},"content":"    }"},{"lineNumber":68,"author":{"gitId":"fupernova"},"content":""},{"lineNumber":69,"author":{"gitId":"fupernova"},"content":"    /**"},{"lineNumber":70,"author":{"gitId":"fupernova"},"content":"     * Append new item to back of the list"},{"lineNumber":71,"author":{"gitId":"fupernova"},"content":"     * @param nameOfTask name of new item"},{"lineNumber":72,"author":{"gitId":"fupernova"},"content":"     */"},{"lineNumber":73,"author":{"gitId":"fupernova"},"content":"    public static void addItem(String nameOfTask) {"},{"lineNumber":74,"author":{"gitId":"fupernova"},"content":"        int current \u003d Task.totalTasks;"},{"lineNumber":75,"author":{"gitId":"fupernova"},"content":"        Tasks[current] \u003d new Task(nameOfTask);"},{"lineNumber":76,"author":{"gitId":"fupernova"},"content":"        System.out.println(\"Wawaweewah! Added: \" + nameOfTask);"},{"lineNumber":77,"author":{"gitId":"fupernova"},"content":"        Task.totalTasks +\u003d 1;"},{"lineNumber":78,"author":{"gitId":"fupernova"},"content":"        printLine();"},{"lineNumber":79,"author":{"gitId":"fupernova"},"content":"    }"},{"lineNumber":80,"author":{"gitId":"fupernova"},"content":""},{"lineNumber":81,"author":{"gitId":"fupernova"},"content":"    /**"},{"lineNumber":82,"author":{"gitId":"fupernova"},"content":"     * Checks if input is of valid format."},{"lineNumber":83,"author":{"gitId":"fupernova"},"content":"     * Format should be \"done\u003cspace\u003e\u003cnumber\u003e."},{"lineNumber":84,"author":{"gitId":"fupernova"},"content":"     * @param line input string"},{"lineNumber":85,"author":{"gitId":"fupernova"},"content":"     * @return true if line is valid format, else false"},{"lineNumber":86,"author":{"gitId":"fupernova"},"content":"     */"},{"lineNumber":87,"author":{"gitId":"fupernova"},"content":"    public static boolean isValidMark(String line) {"},{"lineNumber":88,"author":{"gitId":"fupernova"},"content":"        return line.substring(5).matches(\"[0-9]+\");"},{"lineNumber":89,"author":{"gitId":"fupernova"},"content":"    }"},{"lineNumber":90,"author":{"gitId":"fupernova"},"content":"    public static void printGreeting() {"},{"lineNumber":91,"author":{"gitId":"fupernova"},"content":"        System.out.println(\"Wagwan! I is Ali G. West side.\");"},{"lineNumber":92,"author":{"gitId":"fupernova"},"content":"        System.out.println(\"What is we chattin bout today?\");"},{"lineNumber":93,"author":{"gitId":"fupernova"},"content":"    }"},{"lineNumber":94,"author":{"gitId":"fupernova"},"content":"    public static void printLine() {"},{"lineNumber":95,"author":{"gitId":"fupernova"},"content":"        System.out.println(\"____________________________________________________________\");"},{"lineNumber":96,"author":{"gitId":"fupernova"},"content":"    }"},{"lineNumber":97,"author":{"gitId":"fupernova"},"content":"    public static void sayGoodbye() {"},{"lineNumber":98,"author":{"gitId":"fupernova"},"content":"        System.out.println(\"Goodbye, big up yourself, keep it real, respekt.\");"},{"lineNumber":99,"author":{"gitId":"fupernova"},"content":"        printLine();"},{"lineNumber":100,"author":{"gitId":"fupernova"},"content":"    }"},{"lineNumber":101,"author":{"gitId":"fupernova"},"content":"    public static String getInput() {"},{"lineNumber":102,"author":{"gitId":"fupernova"},"content":"        Scanner in \u003d new Scanner(System.in);"},{"lineNumber":103,"author":{"gitId":"fupernova"},"content":"        return in.nextLine();"},{"lineNumber":104,"author":{"gitId":"-"},"content":"    }"},{"lineNumber":105,"author":{"gitId":"-"},"content":"}"}],"authorContributionMap":{"fupernova":101,"-":4}},{"path":"src/main/java/Task.java","fileType":"java","lines":[{"lineNumber":1,"author":{"gitId":"fupernova"},"content":"public class Task {"},{"lineNumber":2,"author":{"gitId":"fupernova"},"content":"    protected String name;"},{"lineNumber":3,"author":{"gitId":"fupernova"},"content":"    protected boolean isDone;"},{"lineNumber":4,"author":{"gitId":"fupernova"},"content":"    public static int totalTasks \u003d 0;"},{"lineNumber":5,"author":{"gitId":"fupernova"},"content":""},{"lineNumber":6,"author":{"gitId":"fupernova"},"content":"    public Task(String name) {"},{"lineNumber":7,"author":{"gitId":"fupernova"},"content":"        this.name \u003d name;"},{"lineNumber":8,"author":{"gitId":"fupernova"},"content":"        this.isDone \u003d false;"},{"lineNumber":9,"author":{"gitId":"fupernova"},"content":"    }"},{"lineNumber":10,"author":{"gitId":"fupernova"},"content":""},{"lineNumber":11,"author":{"gitId":"fupernova"},"content":"    public void setDone() {"},{"lineNumber":12,"author":{"gitId":"fupernova"},"content":"        this.isDone \u003d true;"},{"lineNumber":13,"author":{"gitId":"fupernova"},"content":"    }"},{"lineNumber":14,"author":{"gitId":"fupernova"},"content":""},{"lineNumber":15,"author":{"gitId":"fupernova"},"content":"    /**"},{"lineNumber":16,"author":{"gitId":"fupernova"},"content":"     * @return \"x\" if task is done, empty space otherwise"},{"lineNumber":17,"author":{"gitId":"fupernova"},"content":"     */"},{"lineNumber":18,"author":{"gitId":"fupernova"},"content":"    public String getStatusIcon() {"},{"lineNumber":19,"author":{"gitId":"fupernova"},"content":"        return (isDone? \"\\u2718\" : \" \");"},{"lineNumber":20,"author":{"gitId":"fupernova"},"content":"    }"},{"lineNumber":21,"author":{"gitId":"fupernova"},"content":""},{"lineNumber":22,"author":{"gitId":"fupernova"},"content":"    public String getName() {"},{"lineNumber":23,"author":{"gitId":"fupernova"},"content":"        return name;"},{"lineNumber":24,"author":{"gitId":"fupernova"},"content":"    }"},{"lineNumber":25,"author":{"gitId":"fupernova"},"content":"}"}],"authorContributionMap":{"fupernova":25}}]
