{"authorDailyContributionsMap":{"fupernova":[{"date":"2021-01-16","commitResults":[{"hash":"6ca8061ae26a1fa32f609d0fb465b410a0db97dd","messageTitle":"Add Level-0 in Duke.java","messageBody":"","fileTypesAndContributionMap":{"java":{"insertions":3,"deletions":6}}}]},{"date":"2021-01-23","commitResults":[{"hash":"4840245aa7171f80ad3c94b53ddfedf777317ddc","messageTitle":"Add Level-1","messageBody":"","tags":["Level-1"],"fileTypesAndContributionMap":{"java":{"insertions":38,"deletions":3}}}]},{"date":"2021-01-24","commitResults":[{"hash":"250b7895db94ecba9ce7f3f08041b27637c9f49a","messageTitle":"Complete Level 1","messageBody":"","tags":["Level-2"],"fileTypesAndContributionMap":{"java":{"insertions":42,"deletions":14}}}]},{"date":"2021-01-25","commitResults":[{"hash":"4b092eb7a10be8dbce47355454dcb3b7b277fb20","messageTitle":"Implement Level-3","messageBody":"","fileTypesAndContributionMap":{"java":{"insertions":70,"deletions":10}}},{"hash":"fc06424456e5ac43c79a70cb9ddcec407eb5b7f4","messageTitle":"Add comment for getStatusIcon method","messageBody":"","tags":["Level-3"],"fileTypesAndContributionMap":{"java":{"insertions":7,"deletions":7}}}]},{"date":"2021-01-30","commitResults":[{"hash":"b1f41db94d5541be1fee9d785f1ee06a27e3b50b","messageTitle":"Edit to follow coding standards","messageBody":"","tags":["A-CodingStandard"],"fileTypesAndContributionMap":{"java":{"insertions":1,"deletions":1}}}]},{"date":"2021-01-31","commitResults":[{"hash":"faeccd913a2e7fcb5c4ed6d9174953f0de5c34eb","messageTitle":"Implement Level-4","messageBody":"","tags":["Level-4"],"fileTypesAndContributionMap":{"java":{"insertions":216,"deletions":49}}},{"hash":"08a3d32df2c8e4a4ee892f5629ddc6112429c485","messageTitle":"Modify code to run Testing UI","messageBody":"","tags":["A-TextUiTesting"],"fileTypesAndContributionMap":{"txt":{"insertions":3,"deletions":0},"java":{"insertions":24,"deletions":24}}},{"hash":"0e0884cd74885f696051f300fa78b2f094a1a673","messageTitle":"Update README.md","messageBody":"","fileTypesAndContributionMap":{"md":{"insertions":4,"deletions":21}}}]},{"date":"2021-02-01","commitResults":[{"hash":"3c205c8d733c341d16af505556941d03acf2d762","messageTitle":"Extract methods","messageBody":"","tags":["A-CodeQuality"],"fileTypesAndContributionMap":{"java":{"insertions":8,"deletions":4}}}]},{"date":"2021-02-05","commitResults":[{"hash":"a80af81fa2d101a4cbe878c27a5f9765a442de65","messageTitle":"Refactor using feedback given and implement robust text-ui-test","messageBody":"","fileTypesAndContributionMap":{"txt":{"insertions":10,"deletions":0},"java":{"insertions":110,"deletions":73}}},{"hash":"f0f2064ddc24617184d7e01a71f522f5f700202b","messageTitle":"Update README.md","messageBody":"","fileTypesAndContributionMap":{"md":{"insertions":2,"deletions":2}}}]},{"date":"2021-02-07","commitResults":[{"hash":"0333f20377e223202c05b5939b2255b71a64e850","messageTitle":"Implement Level-5","messageBody":"","fileTypesAndContributionMap":{"java":{"insertions":118,"deletions":83}}},{"hash":"2ae7fdfc5996c3d0bd9c094e87d901cd7138d162","messageTitle":"Update README.md","messageBody":"","fileTypesAndContributionMap":{"md":{"insertions":2,"deletions":2}}},{"hash":"c60220f9be00837080d139fcc205c36bf751d735","messageTitle":"Change input.txt","messageBody":"","fileTypesAndContributionMap":{"txt":{"insertions":0,"deletions":1}}},{"hash":"1e8db7c2903fec38e5a58e8d15affb0cb5b1a002","messageTitle":"Modify border line","messageBody":"","fileTypesAndContributionMap":{"java":{"insertions":1,"deletions":1}}},{"hash":"92118872424537d72efbac46c72d7c4416c68bf9","messageTitle":"Add tag A-Exceptions","messageBody":"","tags":["A-Exceptions"],"fileTypesAndContributionMap":{"java":{"insertions":0,"deletions":1}}}]},{"date":"2021-02-08","commitResults":[{"hash":"8955e55e3558515c7f72709c0fe57ce1b7a38a1b","messageTitle":"Move files into packages","messageBody":"","tags":["A-Packages"],"fileTypesAndContributionMap":{"java":{"insertions":38,"deletions":15},"md":{"insertions":2,"deletions":2}}},{"hash":"602c76217a7995d625fd71eb72a82de58b6e3428","messageTitle":"Add new test inputs, change file path in runtest.bat","messageBody":"","fileTypesAndContributionMap":{"txt":{"insertions":10,"deletions":4},"bat":{"insertions":1,"deletions":1},"md":{"insertions":3,"deletions":7}}},{"hash":"29e85cc8c13225a9903be85871de3707cf1016d2","messageTitle":"Edit comments","messageBody":"","fileTypesAndContributionMap":{"java":{"insertions":10,"deletions":11}}}]},{"date":"2021-02-14","commitResults":[{"hash":"eadaa811aa322bf87c3b91404d066add55985c10","messageTitle":"Add delete feature for level 6","messageBody":"","tags":["Level-6"],"fileTypesAndContributionMap":{"txt":{"insertions":1,"deletions":0},"java":{"insertions":105,"deletions":36}}},{"hash":"153c7ccceb6feed1c1da10a39e5aaceb780191af","messageTitle":"Implement file operations for level 7","messageBody":"","fileTypesAndContributionMap":{"txt":{"insertions":5,"deletions":0},"java":{"insertions":94,"deletions":9}}},{"hash":"81928dc6600c9c5cf12662554f8d719c200a4cf6","messageTitle":"Tag level-7","messageBody":"","tags":["Level-7"],"fileTypesAndContributionMap":{"java":{"insertions":2,"deletions":2}}}]},{"date":"2021-02-15","commitResults":[{"hash":"c56cf4dfabd462f7f91d7b203c6d708ff3da545a","messageTitle":"Add tag for A-Collections, add comments","messageBody":"","tags":["A-Collections"],"fileTypesAndContributionMap":{"java":{"insertions":28,"deletions":9}}},{"hash":"101d71dee9255c79abd85b8b1e7a88ecf3b13c58","messageTitle":"Change loadData name for consistency","messageBody":"","tags":["v0.1","A-Jar"],"fileTypesAndContributionMap":{"java":{"insertions":2,"deletions":2}}}]},{"date":"2021-02-19","commitResults":[{"hash":"ee4f879ea29b1c8a7b5462006885308bef187e3a","messageTitle":"MoreOOP Checkpoint 1","messageBody":"","fileTypesAndContributionMap":{"txt":{"insertions":3,"deletions":3},"java":{"insertions":198,"deletions":154}}}]},{"date":"2021-02-20","commitResults":[{"hash":"4bc78cd452b0ce9df26b4011b40bd4be711ed678","messageTitle":"MoreOOP Checkpoint 2 - Minimal requirements done","messageBody":"","fileTypesAndContributionMap":{"txt":{"insertions":1,"deletions":1},"java":{"insertions":351,"deletions":309}}}]},{"date":"2021-02-21","commitResults":[{"hash":"6a9578368ce9386facc17c71bf3de1ef54d69474","messageTitle":"Create abstract command class and finish MoreOOP","messageBody":"","tags":["A-MoreOOP"],"fileTypesAndContributionMap":{"java":{"insertions":415,"deletions":259}}}]},{"date":"2021-02-22","commitResults":[{"hash":"9f943c4f3b391a0478208b866b9d235956b7f5e6","messageTitle":"Add JavaDocs","messageBody":"","fileTypesAndContributionMap":{"java":{"insertions":146,"deletions":43}}}]},{"date":"2021-02-23","commitResults":[{"hash":"cec63278aeb5dcd1332ca7a4f19380be8d43d94e","messageTitle":"Implement date for Event and Deadline","messageBody":"","tags":["Level-8"],"fileTypesAndContributionMap":{"txt":{"insertions":4,"deletions":2},"java":{"insertions":10,"deletions":16}}},{"hash":"65161f11f0f762cb8f50a3f84401d0a70161d29a","messageTitle":"Implement find command, finish level 9","messageBody":"","tags":["Level-9"],"fileTypesAndContributionMap":{"txt":{"insertions":3,"deletions":4},"java":{"insertions":152,"deletions":77}}},{"hash":"07af89948acb13faaa5140055d320487e2afc67d","messageTitle":"Touch up on JavaDocs, complete A-JavaDoc","messageBody":"","tags":["A-JavaDoc"],"fileTypesAndContributionMap":{"txt":{"insertions":5,"deletions":3},"java":{"insertions":39,"deletions":13}}}]},{"date":"2021-02-24","commitResults":[{"hash":"4bb28106b71f08c25e2dd0f68b28109af392b904","messageTitle":"Finish user guide","messageBody":"","tags":["A-UserGuide"],"fileTypesAndContributionMap":{"txt":{"insertions":2,"deletions":8},"md":{"insertions":188,"deletions":11}}},{"hash":"782478daf203655d857774d814dac3ad2dd49c16","messageTitle":"Reformat header","messageBody":"","fileTypesAndContributionMap":{"md":{"insertions":3,"deletions":1}}},{"hash":"908f5042b536f08818af01d17bd883f86d919e34","messageTitle":"Print border line after adding a task","messageBody":"","fileTypesAndContributionMap":{"txt":{"insertions":5,"deletions":2},"java":{"insertions":1,"deletions":0}}},{"hash":"18460186496810d394098d9c548068ec2e485213","messageTitle":"Create branch for JavaDoc","messageBody":"","fileTypesAndContributionMap":{"java":{"insertions":1,"deletions":1}}}]}]},"authorFileTypeContributionMap":{"fupernova":{"java":1006,"md":191,"fxml":0,"sh":0,"bat":1,"gradle":0,"txt":24}},"authorContributionVariance":{"fupernova":26300.172},"authorDisplayNameMap":{"fupernova":"CS2113T-W09-2 XIA ..FUXI"}}
