{"authorDailyContributionsMap":{"MingShun98":[{"date":"2021-01-26","commitResults":[{"hash":"df880605c87d09fc34cd6f24a5feeaac168c02bd","messageTitle":" Level 0.Greet","messageBody":"","tags":["Level0"],"fileTypesAndContributionMap":{"java":{"insertions":6,"deletions":2}}},{"hash":"0d89023d912998bc90555979ef5fd183b4169e7c","messageTitle":"Level-1","messageBody":"","tags":["Level-1"],"fileTypesAndContributionMap":{"java":{"insertions":14,"deletions":1}}}]},{"date":"2021-01-27","commitResults":[{"hash":"9674a3aa7ee57a26141813b04f72b747916ceb16","messageTitle":"Level-2","messageBody":"","tags":["Level-2"],"fileTypesAndContributionMap":{"java":{"insertions":9,"deletions":1}}},{"hash":"6e3527e6aa6baac816f336dbf922d124f2912942","messageTitle":"Level-3","messageBody":"","tags":["Level-3"],"fileTypesAndContributionMap":{"java":{"insertions":17,"deletions":5}}},{"hash":"e5ced07760ea84aa25c42b18880918df0f9d0a6b","messageTitle":"A-CodingStandard","messageBody":"","tags":["A-CodingStandard"],"fileTypesAndContributionMap":{"java":{"insertions":8,"deletions":8}}}]},{"date":"2021-02-03","commitResults":[{"hash":"a5555b267a066a97920d3f37307bf54bd7db2419","messageTitle":"Level 4.ToDos, Events, Deadlines","messageBody":"","tags":["Level-4"],"fileTypesAndContributionMap":{"java":{"insertions":52,"deletions":9}}},{"hash":"093a4c2eeea46455b9fa33311b2d3e5893bb02ef","messageTitle":"A-CodeQuality","messageBody":"","tags":["A-CodeQuality"],"fileTypesAndContributionMap":{"java":{"insertions":0,"deletions":5}}}]},{"date":"2021-02-05","commitResults":[{"hash":"0e4a21a0dbf1506b5f04e811600197c5f14630b6","messageTitle":"Level-4","messageBody":"","tags":["Level-4-updated"],"fileTypesAndContributionMap":{"java":{"insertions":57,"deletions":0}}},{"hash":"0956e329fbcebce00da2b66724f0ed701a218a16","messageTitle":"A-CodeQuality","messageBody":"","tags":["A-CodeQuality-updated"],"fileTypesAndContributionMap":{"java":{"insertions":1,"deletions":1}}}]},{"date":"2021-02-11","commitResults":[{"hash":"8a174183871f31a3d4004463fbe14d678029c33c","messageTitle":"Level 5.Handle errors","messageBody":"","fileTypesAndContributionMap":{"java":{"insertions":73,"deletions":41}}}]},{"date":"2021-02-14","commitResults":[{"hash":"82ee8e3adc00deb262097f13c6889b317cd94284","messageTitle":"added deleted function + updated methods and codeQuality","messageBody":"","fileTypesAndContributionMap":{"java":{"insertions":161,"deletions":94}}}]},{"date":"2021-02-15","commitResults":[{"hash":"f058dd93717d0f34c38ba0a5fe197c44c7875eee","messageTitle":"push to branch-level07","messageBody":"","fileTypesAndContributionMap":{"java":{"insertions":23,"deletions":0}}}]},{"date":"2021-02-16","commitResults":[{"hash":"1be9bd8ab6b755616e0b76143e29efdfe26d1860","messageTitle":"updated storage.java to save and load from file","messageBody":"","fileTypesAndContributionMap":{"txt":{"insertions":1,"deletions":0},"java":{"insertions":66,"deletions":12}}}]},{"date":"2021-02-19","commitResults":[{"hash":"ae2aeb16a37174d701db1a4966388cb100b597a1","messageTitle":"updated function error","messageBody":"","fileTypesAndContributionMap":{"txt":{"insertions":4,"deletions":1},"java":{"insertions":5,"deletions":4}}}]},{"date":"2021-02-28","commitResults":[{"hash":"a6b584c0c21c2a8e7c018bf75be33201a943f8b8","messageTitle":"A-MoreOOP","messageBody":"","tags":["A-MoreOOP"],"fileTypesAndContributionMap":{"txt":{"insertions":2,"deletions":4},"java":{"insertions":423,"deletions":234}}},{"hash":"344fd251cb0c2ac4f407f48c4d21b3f6a7fee02d","messageTitle":"Level-9.Find","messageBody":"","tags":["Level-9"],"fileTypesAndContributionMap":{"txt":{"insertions":1,"deletions":1},"java":{"insertions":46,"deletions":0}}}]},{"date":"2021-03-01","commitResults":[{"hash":"94a44bdce7ca0d8bed58b69dd69abdba1f0ababc","messageTitle":"A-JavaDoc","messageBody":"","fileTypesAndContributionMap":{"txt":{"insertions":0,"deletions":1},"java":{"insertions":59,"deletions":0}}},{"hash":"8753f54353cfb0f7e1bb9ffff0a6dcabd0d67c6e","messageTitle":"A-UserGuide","messageBody":"A-UserGuide","fileTypesAndContributionMap":{"md":{"insertions":95,"deletions":6}}},{"hash":"1091d5476988592be9aa460214b2e868acc45261","messageTitle":"A-UserGuide","messageBody":"A-UserGuide","fileTypesAndContributionMap":{"md":{"insertions":3,"deletions":3}}},{"hash":"a2ea0606db360f6045c46ce368108026af568439","messageTitle":"A-UserGuide","messageBody":"A-UserGuide","fileTypesAndContributionMap":{"md":{"insertions":3,"deletions":3}}},{"hash":"c10bff7c28a5adb9be852532605c144fa505c71b","messageTitle":"A-UserGuide","messageBody":"A-UserGuide","fileTypesAndContributionMap":{"md":{"insertions":5,"deletions":5}}},{"hash":"336357cf4c716f874d82c44c492c8ab8270a4a9c","messageTitle":"A-UserGuide","messageBody":"A-UserGuide","fileTypesAndContributionMap":{"md":{"insertions":3,"deletions":3}}},{"hash":"a6a168f16d2fe65e475b60b1ef2b0babf040fe69","messageTitle":"A-UserGuide","messageBody":"A-UserGuide","fileTypesAndContributionMap":{"md":{"insertions":3,"deletions":3}}},{"hash":"4787de0c1aaa41e08b208a8d1d01a4ad8f639949","messageTitle":"A-UserGuide","messageBody":"A-UserGuide","fileTypesAndContributionMap":{"md":{"insertions":2,"deletions":2}}},{"hash":"6537f01c3316d9bdd2f02d258d833fe5d4f7f853","messageTitle":"Update README.md","messageBody":"","fileTypesAndContributionMap":{"md":{"insertions":2,"deletions":2}}},{"hash":"c99b24c25369d34ae29415f5451a33396c31eb21","messageTitle":"Update README.md","messageBody":"","fileTypesAndContributionMap":{"md":{"insertions":3,"deletions":3}}},{"hash":"8aa4174763f5cb912623c08c006c31656f6491cd","messageTitle":"A-UserGuide","messageBody":"A-UserGuide","fileTypesAndContributionMap":{"md":{"insertions":18,"deletions":18}}},{"hash":"c1f0a443fc91a960c10d11a1311990e1f1449850","messageTitle":"Update README.md","messageBody":"","fileTypesAndContributionMap":{"md":{"insertions":6,"deletions":6}}},{"hash":"6d148ec85970343aae9c1887db581f793fe1ed20","messageTitle":"Update README.md","messageBody":"","fileTypesAndContributionMap":{"md":{"insertions":4,"deletions":4}}},{"hash":"3bc2b30af89d6347f722e31ff2ef57c00cb0a0e3","messageTitle":"Update README.md","messageBody":"","fileTypesAndContributionMap":{"md":{"insertions":5,"deletions":5}}},{"hash":"700a22cea20515f85389d1ed921369c7be7fb53a","messageTitle":"Update README.md","messageBody":"","fileTypesAndContributionMap":{"md":{"insertions":8,"deletions":8}}},{"hash":"7b6863ef51c8a520c40f9d10075a538f5e03ab96","messageTitle":"Update README.md","messageBody":"","fileTypesAndContributionMap":{"md":{"insertions":3,"deletions":3}}},{"hash":"fe0941f5b8cc9672ae00c468d5549eec22ea330b","messageTitle":"Update README.md","messageBody":"","fileTypesAndContributionMap":{"md":{"insertions":5,"deletions":5}}},{"hash":"d418ebb8fd9846ac56c6ac3c899ec3dbe7f9dc8a","messageTitle":"A-UserGuide","messageBody":"A-UserGuide","fileTypesAndContributionMap":{"md":{"insertions":2,"deletions":2}}},{"hash":"89c1ea6bc91bf2d03664c2a2843f73aafe2f21cf","messageTitle":"A-UserGuide","messageBody":"A-UserGuide","tags":["A-Release"],"fileTypesAndContributionMap":{"md":{"insertions":1,"deletions":1}}}]}]},"authorFileTypeContributionMap":{"MingShun98":{"java":613,"md":89,"fxml":0,"sh":0,"bat":0,"gradle":0,"txt":1}},"authorContributionVariance":{"MingShun98":12820.131},"authorDisplayNameMap":{"MingShun98":"CS2113T-F08-2 KWEK..SHUN"}}
