[{"path":"README.md","fileType":"md","lines":[{"lineNumber":1,"author":{"gitId":"-"},"content":"# Duke project template"},{"lineNumber":2,"author":{"gitId":"-"},"content":""},{"lineNumber":3,"author":{"gitId":"-"},"content":"This is a project template for a greenfield Java project. It\u0027s named after the Java mascot _Duke_. Given below are instructions on how to use it."},{"lineNumber":4,"author":{"gitId":"-"},"content":""},{"lineNumber":5,"author":{"gitId":"-"},"content":"## Setting up in Intellij"},{"lineNumber":6,"author":{"gitId":"-"},"content":""},{"lineNumber":7,"author":{"gitId":"chenling1022"},"content":"Prerequisites: JDK 11, update IntelliJ to the most recent version."},{"lineNumber":8,"author":{"gitId":"-"},"content":""},{"lineNumber":9,"author":{"gitId":"chenling1022"},"content":"### On IntelliJ version 2020.3.1 (latest) and beyond"},{"lineNumber":10,"author":{"gitId":"chenling1022"},"content":""},{"lineNumber":11,"author":{"gitId":"chenling1022"},"content":"1. Open IntelliJ (if you are not in the welcome screen, click `File` \u003e `Close Project` to close the existing project first)"},{"lineNumber":12,"author":{"gitId":"chenling1022"},"content":"1. Import the project into IntelliJ as follows:"},{"lineNumber":13,"author":{"gitId":"chenling1022"},"content":"   1. Click `Open`"},{"lineNumber":14,"author":{"gitId":"-"},"content":"   1. Select the project directory, and click `OK`"},{"lineNumber":15,"author":{"gitId":"-"},"content":"   1. If there are any further prompts, accept the defaults."},{"lineNumber":16,"author":{"gitId":"chenling1022"},"content":"1. Configure the project to use **JDK 11** (not other versions) as explained in [here](https://www.jetbrains.com/help/idea/sdk.html#set-up-jdk)."},{"lineNumber":17,"author":{"gitId":"chenling1022"},"content":"1. After that, locate the `src/main/java/Duke.java` file, right-click it, and choose `Run Duke.main()`. If the setup is correct, you should see something like the output below."},{"lineNumber":18,"author":{"gitId":"chenling1022"},"content":""},{"lineNumber":19,"author":{"gitId":"-"},"content":"   ```"},{"lineNumber":20,"author":{"gitId":"-"},"content":"   Hello from"},{"lineNumber":21,"author":{"gitId":"-"},"content":"    ____        _        "},{"lineNumber":22,"author":{"gitId":"-"},"content":"   |  _ \\ _   _| | _____ "},{"lineNumber":23,"author":{"gitId":"-"},"content":"   | | | | | | | |/ / _ \\"},{"lineNumber":24,"author":{"gitId":"-"},"content":"   | |_| | |_| |   \u003c  __/"},{"lineNumber":25,"author":{"gitId":"-"},"content":"   |____/ \\__,_|_|\\_\\___|"},{"lineNumber":26,"author":{"gitId":"-"},"content":"   ```"}],"authorContributionMap":{"chenling1022":9,"-":17}},{"path":"src/main/java/Duke.java","fileType":"java","lines":[{"lineNumber":1,"author":{"gitId":"chenling1022"},"content":"import java.util.*;"},{"lineNumber":2,"author":{"gitId":"chenling1022"},"content":""},{"lineNumber":3,"author":{"gitId":"chenling1022"},"content":""},{"lineNumber":4,"author":{"gitId":"-"},"content":"public class Duke {"},{"lineNumber":5,"author":{"gitId":"chenling1022"},"content":"    //public static String[] to_do_list\u003d new String[100];"},{"lineNumber":6,"author":{"gitId":"chenling1022"},"content":"    //public static Task finish_goal \u003d new Task(\"finish goal in list\");"},{"lineNumber":7,"author":{"gitId":"chenling1022"},"content":"    public static Task t[] \u003d new Task[100];"},{"lineNumber":8,"author":{"gitId":"chenling1022"},"content":"    public static void show_welcome_msg(){"},{"lineNumber":9,"author":{"gitId":"-"},"content":"        String logo \u003d \" ____        _        \\n\""},{"lineNumber":10,"author":{"gitId":"-"},"content":"                + \"|  _ \\\\ _   _| | _____ \\n\""},{"lineNumber":11,"author":{"gitId":"-"},"content":"                + \"| | | | | | | |/ / _ \\\\\\n\""},{"lineNumber":12,"author":{"gitId":"-"},"content":"                + \"| |_| | |_| |   \u003c  __/\\n\""},{"lineNumber":13,"author":{"gitId":"-"},"content":"                + \"|____/ \\\\__,_|_|\\\\_\\\\___|\\n\";"},{"lineNumber":14,"author":{"gitId":"-"},"content":"        System.out.println(\"Hello from\\n\" + logo);"},{"lineNumber":15,"author":{"gitId":"chenling1022"},"content":"        System.out.println(\"____________________________________________________________\\n\" +"},{"lineNumber":16,"author":{"gitId":"chenling1022"},"content":"                \" Hello! I\u0027m Duke\\n\" +"},{"lineNumber":17,"author":{"gitId":"chenling1022"},"content":"                \" What can I do for you?\\n\" +"},{"lineNumber":18,"author":{"gitId":"chenling1022"},"content":"                \"____________________________________________________________\\n\");"},{"lineNumber":19,"author":{"gitId":"chenling1022"},"content":"    }"},{"lineNumber":20,"author":{"gitId":"chenling1022"},"content":"    public static void show_list(int num){"},{"lineNumber":21,"author":{"gitId":"chenling1022"},"content":"        System.out.println(\" ____________________________________________________________\\n\" +"},{"lineNumber":22,"author":{"gitId":"chenling1022"},"content":"                \"     Here are the tasks in your list:\");"},{"lineNumber":23,"author":{"gitId":"chenling1022"},"content":"        for(int i\u003d0; i\u003c num;i++){"},{"lineNumber":24,"author":{"gitId":"chenling1022"},"content":"            System.out.println((i+1) +\". \"+ \"[\" + t[i].getStatusIcon()+\"] \"+ t[i].getDescription());"},{"lineNumber":25,"author":{"gitId":"chenling1022"},"content":"        }"},{"lineNumber":26,"author":{"gitId":"chenling1022"},"content":"    }"},{"lineNumber":27,"author":{"gitId":"chenling1022"},"content":""},{"lineNumber":28,"author":{"gitId":"chenling1022"},"content":""},{"lineNumber":29,"author":{"gitId":"chenling1022"},"content":"    public static void main(String[] args) {"},{"lineNumber":30,"author":{"gitId":"chenling1022"},"content":""},{"lineNumber":31,"author":{"gitId":"chenling1022"},"content":"        show_welcome_msg();"},{"lineNumber":32,"author":{"gitId":"chenling1022"},"content":"        Scanner sc \u003d new Scanner(System.in);"},{"lineNumber":33,"author":{"gitId":"chenling1022"},"content":"        String user_input \u003d sc.nextLine();"},{"lineNumber":34,"author":{"gitId":"chenling1022"},"content":"        int num_of_goals \u003d 0;"},{"lineNumber":35,"author":{"gitId":"chenling1022"},"content":"        while(!user_input.equals(\"bye\")){"},{"lineNumber":36,"author":{"gitId":"chenling1022"},"content":"            if(user_input.equals(\"list\")){"},{"lineNumber":37,"author":{"gitId":"chenling1022"},"content":"                show_list(num_of_goals);"},{"lineNumber":38,"author":{"gitId":"chenling1022"},"content":"            }"},{"lineNumber":39,"author":{"gitId":"chenling1022"},"content":""},{"lineNumber":40,"author":{"gitId":"chenling1022"},"content":"            else{"},{"lineNumber":41,"author":{"gitId":"chenling1022"},"content":"                int spacing \u003d user_input.indexOf(\" \");"},{"lineNumber":42,"author":{"gitId":"chenling1022"},"content":"                String user_done \u003d user_input.substring(0,spacing);"},{"lineNumber":43,"author":{"gitId":"chenling1022"},"content":"                if(user_done.equals(\"done\")){"},{"lineNumber":44,"author":{"gitId":"chenling1022"},"content":"                    String number \u003d user_input.substring(spacing+1);"},{"lineNumber":45,"author":{"gitId":"chenling1022"},"content":"                    int number_converted \u003d Integer.parseInt(number);"},{"lineNumber":46,"author":{"gitId":"chenling1022"},"content":"                    t[number_converted-1].markAsDone();"},{"lineNumber":47,"author":{"gitId":"chenling1022"},"content":"                    System.out.println(\"____________________________________________________________\\n\" +"},{"lineNumber":48,"author":{"gitId":"chenling1022"},"content":"                            \"     Nice! I\u0027ve marked this task as done: \" );"},{"lineNumber":49,"author":{"gitId":"chenling1022"},"content":"                    System.out.println(\"[\" + t[number_converted-1].getStatusIcon()+\"] \"+ t[number_converted-1].getDescription());"},{"lineNumber":50,"author":{"gitId":"chenling1022"},"content":"                    System.out.println(\"____________________________________________________________\");"},{"lineNumber":51,"author":{"gitId":"chenling1022"},"content":"                }"},{"lineNumber":52,"author":{"gitId":"chenling1022"},"content":"                else{"},{"lineNumber":53,"author":{"gitId":"chenling1022"},"content":"                    System.out.println( \"___________________________________________________________\\n\" +"},{"lineNumber":54,"author":{"gitId":"chenling1022"},"content":"                            \"Added: \"+ user_input +  \"____________________________________________________________\" );"},{"lineNumber":55,"author":{"gitId":"chenling1022"},"content":"                    //to_do_list[num_of_goals] \u003d user_input;"},{"lineNumber":56,"author":{"gitId":"chenling1022"},"content":"                    t[num_of_goals] \u003d new Task(user_input);"},{"lineNumber":57,"author":{"gitId":"chenling1022"},"content":"                    num_of_goals++;"},{"lineNumber":58,"author":{"gitId":"chenling1022"},"content":"                }"},{"lineNumber":59,"author":{"gitId":"chenling1022"},"content":"            }"},{"lineNumber":60,"author":{"gitId":"chenling1022"},"content":"            user_input \u003d sc.nextLine();"},{"lineNumber":61,"author":{"gitId":"chenling1022"},"content":"        }"},{"lineNumber":62,"author":{"gitId":"chenling1022"},"content":"        System.out.println(\"____________________________________________________________\\n\" +"},{"lineNumber":63,"author":{"gitId":"chenling1022"},"content":"                \"     Bye. Hope to see you again soon!\\n\" +"},{"lineNumber":64,"author":{"gitId":"chenling1022"},"content":"                \"    ____________________________________________________________\");"},{"lineNumber":65,"author":{"gitId":"chenling1022"},"content":""},{"lineNumber":66,"author":{"gitId":"chenling1022"},"content":""},{"lineNumber":67,"author":{"gitId":"chenling1022"},"content":""},{"lineNumber":68,"author":{"gitId":"-"},"content":"    }"},{"lineNumber":69,"author":{"gitId":"chenling1022"},"content":""},{"lineNumber":70,"author":{"gitId":"-"},"content":"}"}],"authorContributionMap":{"chenling1022":61,"-":9}},{"path":"src/main/java/Task.java","fileType":"java","lines":[{"lineNumber":1,"author":{"gitId":"chenling1022"},"content":"public class Task {"},{"lineNumber":2,"author":{"gitId":"chenling1022"},"content":"    protected String description;"},{"lineNumber":3,"author":{"gitId":"chenling1022"},"content":"    protected boolean isDone;"},{"lineNumber":4,"author":{"gitId":"chenling1022"},"content":""},{"lineNumber":5,"author":{"gitId":"chenling1022"},"content":"    public Task(String description) {"},{"lineNumber":6,"author":{"gitId":"chenling1022"},"content":"        this.description \u003d description;"},{"lineNumber":7,"author":{"gitId":"chenling1022"},"content":"        this.isDone \u003d false;"},{"lineNumber":8,"author":{"gitId":"chenling1022"},"content":"    }"},{"lineNumber":9,"author":{"gitId":"chenling1022"},"content":""},{"lineNumber":10,"author":{"gitId":"chenling1022"},"content":"    public void setIsDone_or_not(boolean done){"},{"lineNumber":11,"author":{"gitId":"chenling1022"},"content":"        isDone \u003d done;"},{"lineNumber":12,"author":{"gitId":"chenling1022"},"content":"    }"},{"lineNumber":13,"author":{"gitId":"chenling1022"},"content":""},{"lineNumber":14,"author":{"gitId":"chenling1022"},"content":"    public String getDescription(){"},{"lineNumber":15,"author":{"gitId":"chenling1022"},"content":"        return description;"},{"lineNumber":16,"author":{"gitId":"chenling1022"},"content":"    }"},{"lineNumber":17,"author":{"gitId":"chenling1022"},"content":"    public void setDescription(String description){"},{"lineNumber":18,"author":{"gitId":"chenling1022"},"content":"        this.description \u003d description;"},{"lineNumber":19,"author":{"gitId":"chenling1022"},"content":"    }"},{"lineNumber":20,"author":{"gitId":"chenling1022"},"content":""},{"lineNumber":21,"author":{"gitId":"chenling1022"},"content":"    public String getStatusIcon() {"},{"lineNumber":22,"author":{"gitId":"chenling1022"},"content":"        return (isDone ? \"\\u2713\" : \"\\u2718\"); //return tick or X symbols"},{"lineNumber":23,"author":{"gitId":"chenling1022"},"content":"    }"},{"lineNumber":24,"author":{"gitId":"chenling1022"},"content":"    public void markAsDone(){"},{"lineNumber":25,"author":{"gitId":"chenling1022"},"content":"        isDone \u003d true;"},{"lineNumber":26,"author":{"gitId":"chenling1022"},"content":"    }"},{"lineNumber":27,"author":{"gitId":"chenling1022"},"content":""},{"lineNumber":28,"author":{"gitId":"chenling1022"},"content":"    //..."},{"lineNumber":29,"author":{"gitId":"chenling1022"},"content":"}"}],"authorContributionMap":{"chenling1022":29}}]
