{"authorDailyContributionsMap":{"chenling1022":[{"date":"2021-01-18","commitResults":[{"hash":"c380181ff9c7396d21406a765b8aa71285075ed4","messageTitle":"Update readme to reflect new IntelliJ version","messageBody":"","fileTypesAndContributionMap":{"md":{"insertions":10,"deletions":10}}},{"hash":"8cf74a9bf270a216eeedae558b9ebe1681ed3386","messageTitle":"Update README.md","messageBody":"","fileTypesAndContributionMap":{"md":{"insertions":2,"deletions":2}}}]},{"date":"2021-01-25","commitResults":[{"hash":"b1d597065d6e750f1b3159df84db4dd12d2b6dd8","messageTitle":"no message","messageBody":"","fileTypesAndContributionMap":{"java":{"insertions":7,"deletions":0}}},{"hash":"61b8d19872882cba61b4b44aaae2a11835666208","messageTitle":"no message","messageBody":"","tags":["Level-1"],"fileTypesAndContributionMap":{"java":{"insertions":8,"deletions":3}}},{"hash":"598d0c827c3c0731508a2de145ee314971a93052","messageTitle":"no message","messageBody":"","fileTypesAndContributionMap":{"java":{"insertions":15,"deletions":2}}},{"hash":"3d9f5e07831810de9c7ac4d6c15d5f9eecc33fd0","messageTitle":"no message","messageBody":"","tags":["Level-2"],"fileTypesAndContributionMap":{"java":{"insertions":17,"deletions":6}}},{"hash":"996c2b96ebe1439ee90a0a347c29c65898dec43f","messageTitle":"no message","messageBody":"","tags":["Level-3"],"fileTypesAndContributionMap":{"java":{"insertions":67,"deletions":14}}}]},{"date":"2021-02-01","commitResults":[{"hash":"f954714ef4ac9710594c90f522b3a5d2f6037fa5","messageTitle":"Level 4","messageBody":"","tags":["Level-4","A-CodeQuality"],"fileTypesAndContributionMap":{"java":{"insertions":110,"deletions":11}}}]}]},"authorFileTypeContributionMap":{"chenling1022":{"java":189,"md":9,"fxml":0,"sh":0,"bat":0,"gradle":0,"txt":0}},"authorContributionVariance":{"chenling1022":1403.2645},"authorDisplayNameMap":{"chenling1022":"CUI ..LING"}}
