[{"path":"src/main/java/Deadline.java","fileType":"java","lines":[{"lineNumber":1,"author":{"gitId":"cloudy3"},"content":"public class Deadline extends Task {"},{"lineNumber":2,"author":{"gitId":"cloudy3"},"content":""},{"lineNumber":3,"author":{"gitId":"cloudy3"},"content":"    protected String by;"},{"lineNumber":4,"author":{"gitId":"cloudy3"},"content":""},{"lineNumber":5,"author":{"gitId":"cloudy3"},"content":"    public Deadline(String description, String by) {"},{"lineNumber":6,"author":{"gitId":"cloudy3"},"content":"        super(description);"},{"lineNumber":7,"author":{"gitId":"cloudy3"},"content":"        this.by \u003d by;"},{"lineNumber":8,"author":{"gitId":"cloudy3"},"content":"    }"},{"lineNumber":9,"author":{"gitId":"cloudy3"},"content":""},{"lineNumber":10,"author":{"gitId":"cloudy3"},"content":"    @Override"},{"lineNumber":11,"author":{"gitId":"cloudy3"},"content":"    public String toString() {"},{"lineNumber":12,"author":{"gitId":"cloudy3"},"content":"        return \"[D]\" + super.toString() + \" (by: \" + this.by + \")\";"},{"lineNumber":13,"author":{"gitId":"cloudy3"},"content":"    }"},{"lineNumber":14,"author":{"gitId":"cloudy3"},"content":""},{"lineNumber":15,"author":{"gitId":"cloudy3"},"content":"}"}],"authorContributionMap":{"cloudy3":15}},{"path":"src/main/java/Duke.java","fileType":"java","lines":[{"lineNumber":1,"author":{"gitId":"cloudy3"},"content":"import java.util.ArrayList;"},{"lineNumber":2,"author":{"gitId":"cloudy3"},"content":"import java.util.Scanner;"},{"lineNumber":3,"author":{"gitId":"cloudy3"},"content":""},{"lineNumber":4,"author":{"gitId":"-"},"content":"public class Duke {"},{"lineNumber":5,"author":{"gitId":"-"},"content":"    public static void main(String[] args) {"},{"lineNumber":6,"author":{"gitId":"-"},"content":"        String logo \u003d \" ____        _        \\n\""},{"lineNumber":7,"author":{"gitId":"-"},"content":"                + \"|  _ \\\\ _   _| | _____ \\n\""},{"lineNumber":8,"author":{"gitId":"-"},"content":"                + \"| | | | | | | |/ / _ \\\\\\n\""},{"lineNumber":9,"author":{"gitId":"-"},"content":"                + \"| |_| | |_| |   \u003c  __/\\n\""},{"lineNumber":10,"author":{"gitId":"-"},"content":"                + \"|____/ \\\\__,_|_|\\\\_\\\\___|\\n\";"},{"lineNumber":11,"author":{"gitId":"-"},"content":"        System.out.println(\"Hello from\\n\" + logo);"},{"lineNumber":12,"author":{"gitId":"cloudy3"},"content":""},{"lineNumber":13,"author":{"gitId":"cloudy3"},"content":"        Scanner sc \u003d new Scanner(System.in);"},{"lineNumber":14,"author":{"gitId":"cloudy3"},"content":"        ArrayList\u003cTask\u003e tasks \u003d new ArrayList\u003cTask\u003e();"},{"lineNumber":15,"author":{"gitId":"cloudy3"},"content":""},{"lineNumber":16,"author":{"gitId":"cloudy3"},"content":"        System.out.println(\"~____________________________________________________________~\");"},{"lineNumber":17,"author":{"gitId":"cloudy3"},"content":"        System.out.println(\"What\u0027s up! I\u0027m Duke\");"},{"lineNumber":18,"author":{"gitId":"cloudy3"},"content":"        System.out.println(\"What can I do for you?\");"},{"lineNumber":19,"author":{"gitId":"cloudy3"},"content":"        System.out.println(\"~____________________________________________________________~\\n\");"},{"lineNumber":20,"author":{"gitId":"cloudy3"},"content":""},{"lineNumber":21,"author":{"gitId":"cloudy3"},"content":"        boolean isRunning \u003d true;"},{"lineNumber":22,"author":{"gitId":"cloudy3"},"content":"        while (isRunning) {"},{"lineNumber":23,"author":{"gitId":"cloudy3"},"content":"            String phrase \u003d sc.nextLine();"},{"lineNumber":24,"author":{"gitId":"cloudy3"},"content":""},{"lineNumber":25,"author":{"gitId":"cloudy3"},"content":"            if (phrase.equals(\"bye\")) {"},{"lineNumber":26,"author":{"gitId":"cloudy3"},"content":"                // Exits program"},{"lineNumber":27,"author":{"gitId":"cloudy3"},"content":"                isRunning \u003d false;"},{"lineNumber":28,"author":{"gitId":"cloudy3"},"content":"            } else if (phrase.equals(\"list\")) {"},{"lineNumber":29,"author":{"gitId":"cloudy3"},"content":"                // List all tasks"},{"lineNumber":30,"author":{"gitId":"cloudy3"},"content":"                System.out.println(\"~____________________________________________________________~\");"},{"lineNumber":31,"author":{"gitId":"cloudy3"},"content":"                System.out.println(\"Here are the tasks in your list:\");"},{"lineNumber":32,"author":{"gitId":"cloudy3"},"content":"                int i \u003d 0;"},{"lineNumber":33,"author":{"gitId":"cloudy3"},"content":"                for (Task task : tasks) {"},{"lineNumber":34,"author":{"gitId":"cloudy3"},"content":"                    System.out.println(++i + \". [\" + task.getStatusIcon() + \"] \" + task.getDescription());"},{"lineNumber":35,"author":{"gitId":"cloudy3"},"content":"                };"},{"lineNumber":36,"author":{"gitId":"cloudy3"},"content":"                System.out.println(\"~____________________________________________________________~\\n\");"},{"lineNumber":37,"author":{"gitId":"cloudy3"},"content":"            } else if (phrase.startsWith(\"done \")) {"},{"lineNumber":38,"author":{"gitId":"cloudy3"},"content":"                // Set a task as done"},{"lineNumber":39,"author":{"gitId":"cloudy3"},"content":"                int taskIndex \u003d phrase.charAt(phrase.length()-1) - \u00270\u0027;"},{"lineNumber":40,"author":{"gitId":"cloudy3"},"content":""},{"lineNumber":41,"author":{"gitId":"cloudy3"},"content":"                System.out.println(\"~____________________________________________________________~\");"},{"lineNumber":42,"author":{"gitId":"cloudy3"},"content":"                System.out.println(\"Nice! I\u0027ve marked this task as done:\");"},{"lineNumber":43,"author":{"gitId":"cloudy3"},"content":"                Task task \u003d tasks.get(taskIndex - 1);"},{"lineNumber":44,"author":{"gitId":"cloudy3"},"content":"                task.markAsDone();"},{"lineNumber":45,"author":{"gitId":"cloudy3"},"content":"                System.out.println(\"[\" + task.getStatusIcon() + \"] \" + task.getDescription());"},{"lineNumber":46,"author":{"gitId":"cloudy3"},"content":"                System.out.println(\"~____________________________________________________________~\\n\");"},{"lineNumber":47,"author":{"gitId":"cloudy3"},"content":"            } else if (phrase.startsWith(\"todo \")) {"},{"lineNumber":48,"author":{"gitId":"cloudy3"},"content":"                // Add a To-Do"},{"lineNumber":49,"author":{"gitId":"cloudy3"},"content":"                System.out.println(\"~____________________________________________________________~\");"},{"lineNumber":50,"author":{"gitId":"cloudy3"},"content":"                Todo todo \u003d new Todo(phrase);"},{"lineNumber":51,"author":{"gitId":"cloudy3"},"content":"                System.out.println(\"Got it! I\u0027ve added this task:\");"},{"lineNumber":52,"author":{"gitId":"cloudy3"},"content":"                tasks.add(todo);"},{"lineNumber":53,"author":{"gitId":"cloudy3"},"content":"                System.out.println(todo);"},{"lineNumber":54,"author":{"gitId":"cloudy3"},"content":"                System.out.println(\"Now you have \" + tasks.size() + \" tasks in the list.\");"},{"lineNumber":55,"author":{"gitId":"cloudy3"},"content":"                System.out.println(\"~____________________________________________________________~\\n\");"},{"lineNumber":56,"author":{"gitId":"cloudy3"},"content":"            } else if (phrase.startsWith(\"deadline \")) {"},{"lineNumber":57,"author":{"gitId":"cloudy3"},"content":"                // Add a Deadline"},{"lineNumber":58,"author":{"gitId":"cloudy3"},"content":"                System.out.println(\"~____________________________________________________________~\");"},{"lineNumber":59,"author":{"gitId":"cloudy3"},"content":"                Deadline deadline \u003d new Deadline(phrase, null); // TODO:Add deadline param"},{"lineNumber":60,"author":{"gitId":"cloudy3"},"content":"                System.out.println(\"Got it! I\u0027ve added this task:\");"},{"lineNumber":61,"author":{"gitId":"cloudy3"},"content":"                tasks.add(deadline);"},{"lineNumber":62,"author":{"gitId":"cloudy3"},"content":"                System.out.println(deadline);"},{"lineNumber":63,"author":{"gitId":"cloudy3"},"content":"                System.out.println(\"Now you have \" + tasks.size() + \" tasks in the list.\");"},{"lineNumber":64,"author":{"gitId":"cloudy3"},"content":"                System.out.println(\"~____________________________________________________________~\\n\");"},{"lineNumber":65,"author":{"gitId":"cloudy3"},"content":"            } else if (phrase.startsWith(\"event \")) {"},{"lineNumber":66,"author":{"gitId":"cloudy3"},"content":"                // Add a Deadline"},{"lineNumber":67,"author":{"gitId":"cloudy3"},"content":"                System.out.println(\"~____________________________________________________________~\");"},{"lineNumber":68,"author":{"gitId":"cloudy3"},"content":"                Event event \u003d new Event(phrase, null); // TODO:Add event time param"},{"lineNumber":69,"author":{"gitId":"cloudy3"},"content":"                System.out.println(\"Got it! I\u0027ve added this task:\");"},{"lineNumber":70,"author":{"gitId":"cloudy3"},"content":"                tasks.add(event);"},{"lineNumber":71,"author":{"gitId":"cloudy3"},"content":"                System.out.println(event);"},{"lineNumber":72,"author":{"gitId":"cloudy3"},"content":"                System.out.println(\"Now you have \" + tasks.size() + \" tasks in the list.\");"},{"lineNumber":73,"author":{"gitId":"cloudy3"},"content":"                System.out.println(\"~____________________________________________________________~\\n\");"},{"lineNumber":74,"author":{"gitId":"cloudy3"},"content":"            } else {"},{"lineNumber":75,"author":{"gitId":"cloudy3"},"content":"                // TODO: Error Handling"},{"lineNumber":76,"author":{"gitId":"cloudy3"},"content":"            }"},{"lineNumber":77,"author":{"gitId":"cloudy3"},"content":"        }"},{"lineNumber":78,"author":{"gitId":"cloudy3"},"content":"        System.out.println(\"\\n~____________________________________________________________~\");"},{"lineNumber":79,"author":{"gitId":"cloudy3"},"content":"        System.out.println(\"Alright cheers mate!\");"},{"lineNumber":80,"author":{"gitId":"cloudy3"},"content":"        System.out.println(\"~____________________________________________________________~\");"},{"lineNumber":81,"author":{"gitId":"-"},"content":"    }"},{"lineNumber":82,"author":{"gitId":"-"},"content":"}"}],"authorContributionMap":{"cloudy3":72,"-":10}},{"path":"src/main/java/Event.java","fileType":"java","lines":[{"lineNumber":1,"author":{"gitId":"cloudy3"},"content":"public class Event extends Task {"},{"lineNumber":2,"author":{"gitId":"cloudy3"},"content":""},{"lineNumber":3,"author":{"gitId":"cloudy3"},"content":"    private final String eventTime;"},{"lineNumber":4,"author":{"gitId":"cloudy3"},"content":""},{"lineNumber":5,"author":{"gitId":"cloudy3"},"content":"    public Event(String description, String eventTime) {"},{"lineNumber":6,"author":{"gitId":"cloudy3"},"content":"        super(description);"},{"lineNumber":7,"author":{"gitId":"cloudy3"},"content":"        this.eventTime \u003d eventTime;"},{"lineNumber":8,"author":{"gitId":"cloudy3"},"content":"    }"},{"lineNumber":9,"author":{"gitId":"cloudy3"},"content":""},{"lineNumber":10,"author":{"gitId":"cloudy3"},"content":"    @Override"},{"lineNumber":11,"author":{"gitId":"cloudy3"},"content":"    public String toString() {"},{"lineNumber":12,"author":{"gitId":"cloudy3"},"content":"        return \"[E]\" + super.toString() + \" (at: \" + this.eventTime + \")\";"},{"lineNumber":13,"author":{"gitId":"cloudy3"},"content":"    }"},{"lineNumber":14,"author":{"gitId":"cloudy3"},"content":""},{"lineNumber":15,"author":{"gitId":"cloudy3"},"content":"}"}],"authorContributionMap":{"cloudy3":15}},{"path":"src/main/java/Task.java","fileType":"java","lines":[{"lineNumber":1,"author":{"gitId":"cloudy3"},"content":"public abstract class Task {"},{"lineNumber":2,"author":{"gitId":"cloudy3"},"content":"    protected String description;"},{"lineNumber":3,"author":{"gitId":"cloudy3"},"content":"    protected boolean isDone;"},{"lineNumber":4,"author":{"gitId":"cloudy3"},"content":""},{"lineNumber":5,"author":{"gitId":"cloudy3"},"content":"    public Task(String description) {"},{"lineNumber":6,"author":{"gitId":"cloudy3"},"content":"        this.description \u003d description;"},{"lineNumber":7,"author":{"gitId":"cloudy3"},"content":"        this.isDone \u003d false;"},{"lineNumber":8,"author":{"gitId":"cloudy3"},"content":"    }"},{"lineNumber":9,"author":{"gitId":"cloudy3"},"content":""},{"lineNumber":10,"author":{"gitId":"cloudy3"},"content":"    public String getDescription() {"},{"lineNumber":11,"author":{"gitId":"cloudy3"},"content":"        return this.description;"},{"lineNumber":12,"author":{"gitId":"cloudy3"},"content":"    }"},{"lineNumber":13,"author":{"gitId":"cloudy3"},"content":""},{"lineNumber":14,"author":{"gitId":"cloudy3"},"content":"    public void markAsDone() {"},{"lineNumber":15,"author":{"gitId":"cloudy3"},"content":"        this.isDone \u003d true;"},{"lineNumber":16,"author":{"gitId":"cloudy3"},"content":"    }"},{"lineNumber":17,"author":{"gitId":"cloudy3"},"content":""},{"lineNumber":18,"author":{"gitId":"cloudy3"},"content":"    public String getStatusIcon() {"},{"lineNumber":19,"author":{"gitId":"cloudy3"},"content":"        return (isDone ? \"\\u2713\" : \" \");  // return tick symbol if done"},{"lineNumber":20,"author":{"gitId":"cloudy3"},"content":"    }"},{"lineNumber":21,"author":{"gitId":"cloudy3"},"content":""},{"lineNumber":22,"author":{"gitId":"cloudy3"},"content":"    @Override"},{"lineNumber":23,"author":{"gitId":"cloudy3"},"content":"    public String toString() {"},{"lineNumber":24,"author":{"gitId":"cloudy3"},"content":"        return (\"[\" + getStatusIcon() + \"] \" + getDescription());"},{"lineNumber":25,"author":{"gitId":"cloudy3"},"content":"    }"},{"lineNumber":26,"author":{"gitId":"cloudy3"},"content":""},{"lineNumber":27,"author":{"gitId":"cloudy3"},"content":"}"}],"authorContributionMap":{"cloudy3":27}},{"path":"src/main/java/Todo.java","fileType":"java","lines":[{"lineNumber":1,"author":{"gitId":"cloudy3"},"content":"public class Todo extends Task {"},{"lineNumber":2,"author":{"gitId":"cloudy3"},"content":""},{"lineNumber":3,"author":{"gitId":"cloudy3"},"content":"    public Todo(String description) {"},{"lineNumber":4,"author":{"gitId":"cloudy3"},"content":"        super(description);"},{"lineNumber":5,"author":{"gitId":"cloudy3"},"content":"    }"},{"lineNumber":6,"author":{"gitId":"cloudy3"},"content":""},{"lineNumber":7,"author":{"gitId":"cloudy3"},"content":"    @Override"},{"lineNumber":8,"author":{"gitId":"cloudy3"},"content":"    public String toString() {"},{"lineNumber":9,"author":{"gitId":"cloudy3"},"content":"        return \"[T]\" + super.toString();"},{"lineNumber":10,"author":{"gitId":"cloudy3"},"content":"    }"},{"lineNumber":11,"author":{"gitId":"cloudy3"},"content":""},{"lineNumber":12,"author":{"gitId":"cloudy3"},"content":"}"}],"authorContributionMap":{"cloudy3":12}}]
