[{"path":"src/main/java/Duke.java","fileType":"java","lines":[{"lineNumber":1,"author":{"gitId":"cloudy3"},"content":"import commands.Command;"},{"lineNumber":2,"author":{"gitId":"cloudy3"},"content":"import exceptions.MissingInfoException;"},{"lineNumber":3,"author":{"gitId":"cloudy3"},"content":"import exceptions.UnknownCommandException;"},{"lineNumber":4,"author":{"gitId":"cloudy3"},"content":"import exceptions.UnknownFormatException;"},{"lineNumber":5,"author":{"gitId":"cloudy3"},"content":"import io.DukePrint;"},{"lineNumber":6,"author":{"gitId":"cloudy3"},"content":"import io.FileManager;"},{"lineNumber":7,"author":{"gitId":"cloudy3"},"content":"import models.Task;"},{"lineNumber":8,"author":{"gitId":"cloudy3"},"content":"import models.TaskList;"},{"lineNumber":9,"author":{"gitId":"cloudy3"},"content":"import parser.CommandParser;"},{"lineNumber":10,"author":{"gitId":"cloudy3"},"content":""},{"lineNumber":11,"author":{"gitId":"cloudy3"},"content":"import java.io.IOException;"},{"lineNumber":12,"author":{"gitId":"cloudy3"},"content":"import java.text.ParseException;"},{"lineNumber":13,"author":{"gitId":"cloudy3"},"content":"import java.util.ArrayList;"},{"lineNumber":14,"author":{"gitId":"cloudy3"},"content":"import java.util.Scanner;"},{"lineNumber":15,"author":{"gitId":"cloudy3"},"content":""},{"lineNumber":16,"author":{"gitId":"-"},"content":"public class Duke {"},{"lineNumber":17,"author":{"gitId":"cloudy3"},"content":""},{"lineNumber":18,"author":{"gitId":"cloudy3"},"content":"    private final DukePrint dukePrint;"},{"lineNumber":19,"author":{"gitId":"cloudy3"},"content":"    private final CommandParser parser;"},{"lineNumber":20,"author":{"gitId":"cloudy3"},"content":"    private final FileManager fileManager;"},{"lineNumber":21,"author":{"gitId":"cloudy3"},"content":"    private TaskList tasks;"},{"lineNumber":22,"author":{"gitId":"cloudy3"},"content":""},{"lineNumber":23,"author":{"gitId":"cloudy3"},"content":"    public Duke() {"},{"lineNumber":24,"author":{"gitId":"cloudy3"},"content":"        dukePrint \u003d new DukePrint();"},{"lineNumber":25,"author":{"gitId":"cloudy3"},"content":"        fileManager \u003d new FileManager();"},{"lineNumber":26,"author":{"gitId":"cloudy3"},"content":"        dukePrint.printLogo();"},{"lineNumber":27,"author":{"gitId":"cloudy3"},"content":""},{"lineNumber":28,"author":{"gitId":"cloudy3"},"content":"        try {"},{"lineNumber":29,"author":{"gitId":"cloudy3"},"content":"            tasks \u003d new TaskList(fileManager.loadFile());"},{"lineNumber":30,"author":{"gitId":"cloudy3"},"content":"            System.out.println(\"Save data loaded!\");"},{"lineNumber":31,"author":{"gitId":"cloudy3"},"content":"        } catch (Exception e) {"},{"lineNumber":32,"author":{"gitId":"cloudy3"},"content":"            System.out.println(\"No save files found.\");"},{"lineNumber":33,"author":{"gitId":"cloudy3"},"content":"            ArrayList\u003cTask\u003e taskList \u003d new ArrayList\u003c\u003e();"},{"lineNumber":34,"author":{"gitId":"cloudy3"},"content":"            tasks \u003d new TaskList(taskList);"},{"lineNumber":35,"author":{"gitId":"cloudy3"},"content":"        }"},{"lineNumber":36,"author":{"gitId":"cloudy3"},"content":""},{"lineNumber":37,"author":{"gitId":"cloudy3"},"content":"        parser \u003d new CommandParser(tasks, dukePrint);"},{"lineNumber":38,"author":{"gitId":"cloudy3"},"content":"    }"},{"lineNumber":39,"author":{"gitId":"cloudy3"},"content":""},{"lineNumber":40,"author":{"gitId":"-"},"content":"    public static void main(String[] args) {"},{"lineNumber":41,"author":{"gitId":"cloudy3"},"content":"        new Duke().run();"},{"lineNumber":42,"author":{"gitId":"cloudy3"},"content":"    }"},{"lineNumber":43,"author":{"gitId":"cloudy3"},"content":""},{"lineNumber":44,"author":{"gitId":"cloudy3"},"content":"    /**"},{"lineNumber":45,"author":{"gitId":"cloudy3"},"content":"     * Runs the main Duke application"},{"lineNumber":46,"author":{"gitId":"cloudy3"},"content":"     */"},{"lineNumber":47,"author":{"gitId":"cloudy3"},"content":"    public void run() {"},{"lineNumber":48,"author":{"gitId":"cloudy3"},"content":"        Scanner sc \u003d new Scanner(System.in);"},{"lineNumber":49,"author":{"gitId":"cloudy3"},"content":"        String phrase;"},{"lineNumber":50,"author":{"gitId":"cloudy3"},"content":"        Command command;"},{"lineNumber":51,"author":{"gitId":"cloudy3"},"content":""},{"lineNumber":52,"author":{"gitId":"cloudy3"},"content":"        dukePrint.printWelcome();"},{"lineNumber":53,"author":{"gitId":"cloudy3"},"content":""},{"lineNumber":54,"author":{"gitId":"cloudy3"},"content":"        do {"},{"lineNumber":55,"author":{"gitId":"cloudy3"},"content":"            try {"},{"lineNumber":56,"author":{"gitId":"cloudy3"},"content":"                phrase \u003d sc.nextLine();"},{"lineNumber":57,"author":{"gitId":"cloudy3"},"content":"                dukePrint.printDivider();"},{"lineNumber":58,"author":{"gitId":"cloudy3"},"content":"                command \u003d parser.parse(phrase);"},{"lineNumber":59,"author":{"gitId":"cloudy3"},"content":"                command.execute();"},{"lineNumber":60,"author":{"gitId":"cloudy3"},"content":"                dukePrint.printEndDivider();"},{"lineNumber":61,"author":{"gitId":"cloudy3"},"content":"                fileManager.saveFile(tasks.getTaskList());"},{"lineNumber":62,"author":{"gitId":"cloudy3"},"content":"                if (phrase.equals(\"bye\")) {"},{"lineNumber":63,"author":{"gitId":"cloudy3"},"content":"                    break;"},{"lineNumber":64,"author":{"gitId":"cloudy3"},"content":"                }"},{"lineNumber":65,"author":{"gitId":"cloudy3"},"content":"            } catch (MissingInfoException | UnknownCommandException | UnknownFormatException | ParseException | IOException e) {"},{"lineNumber":66,"author":{"gitId":"cloudy3"},"content":"                System.out.println(e.getMessage());"},{"lineNumber":67,"author":{"gitId":"cloudy3"},"content":"            }"},{"lineNumber":68,"author":{"gitId":"cloudy3"},"content":"        } while (true);"},{"lineNumber":69,"author":{"gitId":"-"},"content":"    }"},{"lineNumber":70,"author":{"gitId":"-"},"content":"}"}],"authorContributionMap":{"cloudy3":66,"-":4}},{"path":"src/main/java/commands/AddCommand.java","fileType":"java","lines":[{"lineNumber":1,"author":{"gitId":"cloudy3"},"content":"package commands;"},{"lineNumber":2,"author":{"gitId":"cloudy3"},"content":""},{"lineNumber":3,"author":{"gitId":"cloudy3"},"content":"import io.DukePrint;"},{"lineNumber":4,"author":{"gitId":"cloudy3"},"content":"import models.Task;"},{"lineNumber":5,"author":{"gitId":"cloudy3"},"content":"import models.TaskList;"},{"lineNumber":6,"author":{"gitId":"cloudy3"},"content":""},{"lineNumber":7,"author":{"gitId":"cloudy3"},"content":"public class AddCommand extends Command {"},{"lineNumber":8,"author":{"gitId":"cloudy3"},"content":"    TaskList tasks;"},{"lineNumber":9,"author":{"gitId":"cloudy3"},"content":"    Task taskToAdd;"},{"lineNumber":10,"author":{"gitId":"cloudy3"},"content":""},{"lineNumber":11,"author":{"gitId":"cloudy3"},"content":"    public AddCommand(TaskList tasks, DukePrint dukePrint) {"},{"lineNumber":12,"author":{"gitId":"cloudy3"},"content":"        super(dukePrint);"},{"lineNumber":13,"author":{"gitId":"cloudy3"},"content":"        this.tasks \u003d tasks;"},{"lineNumber":14,"author":{"gitId":"cloudy3"},"content":"    }"},{"lineNumber":15,"author":{"gitId":"cloudy3"},"content":""},{"lineNumber":16,"author":{"gitId":"cloudy3"},"content":"    /**"},{"lineNumber":17,"author":{"gitId":"cloudy3"},"content":"     * Adds Task to the TaskList and prints the add message"},{"lineNumber":18,"author":{"gitId":"cloudy3"},"content":"     */"},{"lineNumber":19,"author":{"gitId":"cloudy3"},"content":"    @Override"},{"lineNumber":20,"author":{"gitId":"cloudy3"},"content":"    public void execute() {"},{"lineNumber":21,"author":{"gitId":"cloudy3"},"content":"        tasks.add(taskToAdd);"},{"lineNumber":22,"author":{"gitId":"cloudy3"},"content":"        dukePrint.printAdd(taskToAdd, tasks.getSize());"},{"lineNumber":23,"author":{"gitId":"cloudy3"},"content":"    }"},{"lineNumber":24,"author":{"gitId":"cloudy3"},"content":"}"}],"authorContributionMap":{"cloudy3":24}},{"path":"src/main/java/commands/AddDeadlineCommand.java","fileType":"java","lines":[{"lineNumber":1,"author":{"gitId":"cloudy3"},"content":"package commands;"},{"lineNumber":2,"author":{"gitId":"cloudy3"},"content":""},{"lineNumber":3,"author":{"gitId":"cloudy3"},"content":"import io.DukePrint;"},{"lineNumber":4,"author":{"gitId":"cloudy3"},"content":"import models.Deadline;"},{"lineNumber":5,"author":{"gitId":"cloudy3"},"content":"import models.TaskList;"},{"lineNumber":6,"author":{"gitId":"cloudy3"},"content":""},{"lineNumber":7,"author":{"gitId":"cloudy3"},"content":"import java.text.DateFormat;"},{"lineNumber":8,"author":{"gitId":"cloudy3"},"content":"import java.text.ParseException;"},{"lineNumber":9,"author":{"gitId":"cloudy3"},"content":"import java.text.SimpleDateFormat;"},{"lineNumber":10,"author":{"gitId":"cloudy3"},"content":""},{"lineNumber":11,"author":{"gitId":"cloudy3"},"content":"public class AddDeadlineCommand extends AddCommand {"},{"lineNumber":12,"author":{"gitId":"cloudy3"},"content":""},{"lineNumber":13,"author":{"gitId":"cloudy3"},"content":"    public AddDeadlineCommand(TaskList taskList, DukePrint dukePrint,"},{"lineNumber":14,"author":{"gitId":"cloudy3"},"content":"                              String name, String date) throws ParseException {"},{"lineNumber":15,"author":{"gitId":"cloudy3"},"content":"        super(taskList, dukePrint);"},{"lineNumber":16,"author":{"gitId":"cloudy3"},"content":"        DateFormat dateFormat \u003d new SimpleDateFormat(\"dd/MM/yyyy HHmm\");"},{"lineNumber":17,"author":{"gitId":"cloudy3"},"content":"        taskToAdd \u003d new Deadline(name, dateFormat.parse(date));"},{"lineNumber":18,"author":{"gitId":"cloudy3"},"content":"    }"},{"lineNumber":19,"author":{"gitId":"cloudy3"},"content":"}"}],"authorContributionMap":{"cloudy3":19}},{"path":"src/main/java/commands/AddEventCommand.java","fileType":"java","lines":[{"lineNumber":1,"author":{"gitId":"cloudy3"},"content":"package commands;"},{"lineNumber":2,"author":{"gitId":"cloudy3"},"content":""},{"lineNumber":3,"author":{"gitId":"cloudy3"},"content":"import io.DukePrint;"},{"lineNumber":4,"author":{"gitId":"cloudy3"},"content":"import models.Event;"},{"lineNumber":5,"author":{"gitId":"cloudy3"},"content":"import models.TaskList;"},{"lineNumber":6,"author":{"gitId":"cloudy3"},"content":""},{"lineNumber":7,"author":{"gitId":"cloudy3"},"content":"import java.text.DateFormat;"},{"lineNumber":8,"author":{"gitId":"cloudy3"},"content":"import java.text.ParseException;"},{"lineNumber":9,"author":{"gitId":"cloudy3"},"content":"import java.text.SimpleDateFormat;"},{"lineNumber":10,"author":{"gitId":"cloudy3"},"content":""},{"lineNumber":11,"author":{"gitId":"cloudy3"},"content":"public class AddEventCommand extends AddCommand {"},{"lineNumber":12,"author":{"gitId":"cloudy3"},"content":""},{"lineNumber":13,"author":{"gitId":"cloudy3"},"content":"    public AddEventCommand(TaskList taskList, DukePrint dukePrint,"},{"lineNumber":14,"author":{"gitId":"cloudy3"},"content":"                           String name, String date) throws ParseException {"},{"lineNumber":15,"author":{"gitId":"cloudy3"},"content":"        super(taskList, dukePrint);"},{"lineNumber":16,"author":{"gitId":"cloudy3"},"content":"        DateFormat dateFormat \u003d new SimpleDateFormat(\"dd/MM/yyyy HHmm\");"},{"lineNumber":17,"author":{"gitId":"cloudy3"},"content":"        taskToAdd \u003d new Event(name, dateFormat.parse(date));"},{"lineNumber":18,"author":{"gitId":"cloudy3"},"content":"    }"},{"lineNumber":19,"author":{"gitId":"cloudy3"},"content":"}"}],"authorContributionMap":{"cloudy3":19}},{"path":"src/main/java/commands/AddToDoCommand.java","fileType":"java","lines":[{"lineNumber":1,"author":{"gitId":"cloudy3"},"content":"package commands;"},{"lineNumber":2,"author":{"gitId":"cloudy3"},"content":""},{"lineNumber":3,"author":{"gitId":"cloudy3"},"content":"import io.DukePrint;"},{"lineNumber":4,"author":{"gitId":"cloudy3"},"content":"import models.TaskList;"},{"lineNumber":5,"author":{"gitId":"cloudy3"},"content":"import models.Todo;"},{"lineNumber":6,"author":{"gitId":"cloudy3"},"content":""},{"lineNumber":7,"author":{"gitId":"cloudy3"},"content":"public class AddToDoCommand extends AddCommand {"},{"lineNumber":8,"author":{"gitId":"cloudy3"},"content":""},{"lineNumber":9,"author":{"gitId":"cloudy3"},"content":"    public AddToDoCommand(TaskList taskList, DukePrint dukePrint,"},{"lineNumber":10,"author":{"gitId":"cloudy3"},"content":"                          String name) {"},{"lineNumber":11,"author":{"gitId":"cloudy3"},"content":"        super(taskList, dukePrint);"},{"lineNumber":12,"author":{"gitId":"cloudy3"},"content":"        taskToAdd \u003d new Todo(name);"},{"lineNumber":13,"author":{"gitId":"cloudy3"},"content":"    }"},{"lineNumber":14,"author":{"gitId":"cloudy3"},"content":"}"}],"authorContributionMap":{"cloudy3":14}},{"path":"src/main/java/commands/Command.java","fileType":"java","lines":[{"lineNumber":1,"author":{"gitId":"cloudy3"},"content":"package commands;"},{"lineNumber":2,"author":{"gitId":"cloudy3"},"content":""},{"lineNumber":3,"author":{"gitId":"cloudy3"},"content":"import io.DukePrint;"},{"lineNumber":4,"author":{"gitId":"cloudy3"},"content":""},{"lineNumber":5,"author":{"gitId":"cloudy3"},"content":"public abstract class Command {"},{"lineNumber":6,"author":{"gitId":"cloudy3"},"content":"    protected DukePrint dukePrint;"},{"lineNumber":7,"author":{"gitId":"cloudy3"},"content":""},{"lineNumber":8,"author":{"gitId":"cloudy3"},"content":"    Command(DukePrint dukePrint) {"},{"lineNumber":9,"author":{"gitId":"cloudy3"},"content":"        this.dukePrint \u003d dukePrint;"},{"lineNumber":10,"author":{"gitId":"cloudy3"},"content":"    }"},{"lineNumber":11,"author":{"gitId":"cloudy3"},"content":""},{"lineNumber":12,"author":{"gitId":"cloudy3"},"content":"    /**"},{"lineNumber":13,"author":{"gitId":"cloudy3"},"content":"     * Executes the specific command"},{"lineNumber":14,"author":{"gitId":"cloudy3"},"content":"     */"},{"lineNumber":15,"author":{"gitId":"cloudy3"},"content":"    public abstract void execute();"},{"lineNumber":16,"author":{"gitId":"cloudy3"},"content":"}"}],"authorContributionMap":{"cloudy3":16}},{"path":"src/main/java/commands/DeleteCommand.java","fileType":"java","lines":[{"lineNumber":1,"author":{"gitId":"cloudy3"},"content":"package commands;"},{"lineNumber":2,"author":{"gitId":"cloudy3"},"content":""},{"lineNumber":3,"author":{"gitId":"cloudy3"},"content":"import io.DukePrint;"},{"lineNumber":4,"author":{"gitId":"cloudy3"},"content":"import models.Task;"},{"lineNumber":5,"author":{"gitId":"cloudy3"},"content":"import models.TaskList;"},{"lineNumber":6,"author":{"gitId":"cloudy3"},"content":""},{"lineNumber":7,"author":{"gitId":"cloudy3"},"content":"public class DeleteCommand extends Command {"},{"lineNumber":8,"author":{"gitId":"cloudy3"},"content":""},{"lineNumber":9,"author":{"gitId":"cloudy3"},"content":"    /**"},{"lineNumber":10,"author":{"gitId":"cloudy3"},"content":"     * Index of the Task to be deleted specified by the user"},{"lineNumber":11,"author":{"gitId":"cloudy3"},"content":"     */"},{"lineNumber":12,"author":{"gitId":"cloudy3"},"content":"    private final int toDelete;"},{"lineNumber":13,"author":{"gitId":"cloudy3"},"content":"    private TaskList taskList;"},{"lineNumber":14,"author":{"gitId":"cloudy3"},"content":""},{"lineNumber":15,"author":{"gitId":"cloudy3"},"content":"    public DeleteCommand(TaskList taskList, int toDelete, DukePrint dukePrint) {"},{"lineNumber":16,"author":{"gitId":"cloudy3"},"content":"        super(dukePrint);"},{"lineNumber":17,"author":{"gitId":"cloudy3"},"content":"        this.taskList \u003d taskList;"},{"lineNumber":18,"author":{"gitId":"cloudy3"},"content":"        this.toDelete \u003d toDelete;"},{"lineNumber":19,"author":{"gitId":"cloudy3"},"content":"    }"},{"lineNumber":20,"author":{"gitId":"cloudy3"},"content":""},{"lineNumber":21,"author":{"gitId":"cloudy3"},"content":"    /**"},{"lineNumber":22,"author":{"gitId":"cloudy3"},"content":"     * Removes the specified Task from the TaskList and prints the delete message"},{"lineNumber":23,"author":{"gitId":"cloudy3"},"content":"     */"},{"lineNumber":24,"author":{"gitId":"cloudy3"},"content":"    @Override"},{"lineNumber":25,"author":{"gitId":"cloudy3"},"content":"    public void execute() {"},{"lineNumber":26,"author":{"gitId":"cloudy3"},"content":"        Task removedTask \u003d taskList.remove(toDelete - 1);"},{"lineNumber":27,"author":{"gitId":"cloudy3"},"content":"        dukePrint.printDelete(removedTask);"},{"lineNumber":28,"author":{"gitId":"cloudy3"},"content":"    }"},{"lineNumber":29,"author":{"gitId":"cloudy3"},"content":"}"}],"authorContributionMap":{"cloudy3":29}},{"path":"src/main/java/commands/DoneCommand.java","fileType":"java","lines":[{"lineNumber":1,"author":{"gitId":"cloudy3"},"content":"package commands;"},{"lineNumber":2,"author":{"gitId":"cloudy3"},"content":""},{"lineNumber":3,"author":{"gitId":"cloudy3"},"content":"import io.DukePrint;"},{"lineNumber":4,"author":{"gitId":"cloudy3"},"content":"import models.TaskList;"},{"lineNumber":5,"author":{"gitId":"cloudy3"},"content":""},{"lineNumber":6,"author":{"gitId":"cloudy3"},"content":"public class DoneCommand extends Command {"},{"lineNumber":7,"author":{"gitId":"cloudy3"},"content":""},{"lineNumber":8,"author":{"gitId":"cloudy3"},"content":"    /**"},{"lineNumber":9,"author":{"gitId":"cloudy3"},"content":"     * Index of the Task to be marked as done as specified by User"},{"lineNumber":10,"author":{"gitId":"cloudy3"},"content":"     */"},{"lineNumber":11,"author":{"gitId":"cloudy3"},"content":"    private final int taskCount;"},{"lineNumber":12,"author":{"gitId":"cloudy3"},"content":"    private TaskList taskList;"},{"lineNumber":13,"author":{"gitId":"cloudy3"},"content":""},{"lineNumber":14,"author":{"gitId":"cloudy3"},"content":""},{"lineNumber":15,"author":{"gitId":"cloudy3"},"content":"    public DoneCommand(TaskList taskList, int taskCount, DukePrint dukePrint) {"},{"lineNumber":16,"author":{"gitId":"cloudy3"},"content":"        super(dukePrint);"},{"lineNumber":17,"author":{"gitId":"cloudy3"},"content":"        this.taskList \u003d taskList;"},{"lineNumber":18,"author":{"gitId":"cloudy3"},"content":"        this.taskCount \u003d taskCount;"},{"lineNumber":19,"author":{"gitId":"cloudy3"},"content":"    }"},{"lineNumber":20,"author":{"gitId":"cloudy3"},"content":""},{"lineNumber":21,"author":{"gitId":"cloudy3"},"content":"    /**"},{"lineNumber":22,"author":{"gitId":"cloudy3"},"content":"     * Marks the specific Task as done and prints the done message"},{"lineNumber":23,"author":{"gitId":"cloudy3"},"content":"     */"},{"lineNumber":24,"author":{"gitId":"cloudy3"},"content":"    @Override"},{"lineNumber":25,"author":{"gitId":"cloudy3"},"content":"    public void execute() {"},{"lineNumber":26,"author":{"gitId":"cloudy3"},"content":"        taskList.get(taskCount - 1).markAsDone();"},{"lineNumber":27,"author":{"gitId":"cloudy3"},"content":"        dukePrint.printDone(taskList.get(taskCount - 1));"},{"lineNumber":28,"author":{"gitId":"cloudy3"},"content":"    }"},{"lineNumber":29,"author":{"gitId":"cloudy3"},"content":"}"}],"authorContributionMap":{"cloudy3":29}},{"path":"src/main/java/commands/ExitCommand.java","fileType":"java","lines":[{"lineNumber":1,"author":{"gitId":"cloudy3"},"content":"package commands;"},{"lineNumber":2,"author":{"gitId":"cloudy3"},"content":""},{"lineNumber":3,"author":{"gitId":"cloudy3"},"content":"import io.DukePrint;"},{"lineNumber":4,"author":{"gitId":"cloudy3"},"content":""},{"lineNumber":5,"author":{"gitId":"cloudy3"},"content":"public class ExitCommand extends Command {"},{"lineNumber":6,"author":{"gitId":"cloudy3"},"content":""},{"lineNumber":7,"author":{"gitId":"cloudy3"},"content":"    public ExitCommand(DukePrint dukePrint) {"},{"lineNumber":8,"author":{"gitId":"cloudy3"},"content":"        super(dukePrint);"},{"lineNumber":9,"author":{"gitId":"cloudy3"},"content":"    }"},{"lineNumber":10,"author":{"gitId":"cloudy3"},"content":""},{"lineNumber":11,"author":{"gitId":"cloudy3"},"content":"    /**"},{"lineNumber":12,"author":{"gitId":"cloudy3"},"content":"     * Prints the Goodbye Message"},{"lineNumber":13,"author":{"gitId":"cloudy3"},"content":"     */"},{"lineNumber":14,"author":{"gitId":"cloudy3"},"content":"    @Override"},{"lineNumber":15,"author":{"gitId":"cloudy3"},"content":"    public void execute() {"},{"lineNumber":16,"author":{"gitId":"cloudy3"},"content":"        dukePrint.printBye();"},{"lineNumber":17,"author":{"gitId":"cloudy3"},"content":"    }"},{"lineNumber":18,"author":{"gitId":"cloudy3"},"content":"}"}],"authorContributionMap":{"cloudy3":18}},{"path":"src/main/java/commands/FindCommand.java","fileType":"java","lines":[{"lineNumber":1,"author":{"gitId":"cloudy3"},"content":"package commands;"},{"lineNumber":2,"author":{"gitId":"cloudy3"},"content":""},{"lineNumber":3,"author":{"gitId":"cloudy3"},"content":"import io.DukePrint;"},{"lineNumber":4,"author":{"gitId":"cloudy3"},"content":"import models.Task;"},{"lineNumber":5,"author":{"gitId":"cloudy3"},"content":"import models.TaskList;"},{"lineNumber":6,"author":{"gitId":"cloudy3"},"content":""},{"lineNumber":7,"author":{"gitId":"cloudy3"},"content":"import java.util.ArrayList;"},{"lineNumber":8,"author":{"gitId":"cloudy3"},"content":""},{"lineNumber":9,"author":{"gitId":"cloudy3"},"content":"public class FindCommand extends Command {"},{"lineNumber":10,"author":{"gitId":"cloudy3"},"content":""},{"lineNumber":11,"author":{"gitId":"cloudy3"},"content":"    /**"},{"lineNumber":12,"author":{"gitId":"cloudy3"},"content":"     * Keyword that the user searches"},{"lineNumber":13,"author":{"gitId":"cloudy3"},"content":"     */"},{"lineNumber":14,"author":{"gitId":"cloudy3"},"content":"    private final String search;"},{"lineNumber":15,"author":{"gitId":"cloudy3"},"content":"    private TaskList taskList;"},{"lineNumber":16,"author":{"gitId":"cloudy3"},"content":""},{"lineNumber":17,"author":{"gitId":"cloudy3"},"content":"    public FindCommand(String search, TaskList taskList,"},{"lineNumber":18,"author":{"gitId":"cloudy3"},"content":"                       DukePrint dukePrint) {"},{"lineNumber":19,"author":{"gitId":"cloudy3"},"content":"        super(dukePrint);"},{"lineNumber":20,"author":{"gitId":"cloudy3"},"content":"        this.search \u003d search;"},{"lineNumber":21,"author":{"gitId":"cloudy3"},"content":"        this.taskList \u003d taskList;"},{"lineNumber":22,"author":{"gitId":"cloudy3"},"content":"    }"},{"lineNumber":23,"author":{"gitId":"cloudy3"},"content":""},{"lineNumber":24,"author":{"gitId":"cloudy3"},"content":"    /**"},{"lineNumber":25,"author":{"gitId":"cloudy3"},"content":"     * Searches the TaskList for any matches with the keyword"},{"lineNumber":26,"author":{"gitId":"cloudy3"},"content":"     *"},{"lineNumber":27,"author":{"gitId":"cloudy3"},"content":"     * @return matchingTasks ArrayList of Tasks that matches the keyword"},{"lineNumber":28,"author":{"gitId":"cloudy3"},"content":"     */"},{"lineNumber":29,"author":{"gitId":"cloudy3"},"content":"    private ArrayList\u003cTask\u003e findTasks() {"},{"lineNumber":30,"author":{"gitId":"cloudy3"},"content":"        ArrayList\u003cTask\u003e matchingTasks \u003d new ArrayList\u003c\u003e();"},{"lineNumber":31,"author":{"gitId":"cloudy3"},"content":"        for (Task task : taskList.getTaskList()) {"},{"lineNumber":32,"author":{"gitId":"cloudy3"},"content":"            if (task.getDescription().contains(search)) {"},{"lineNumber":33,"author":{"gitId":"cloudy3"},"content":"                matchingTasks.add(task);"},{"lineNumber":34,"author":{"gitId":"cloudy3"},"content":"            }"},{"lineNumber":35,"author":{"gitId":"cloudy3"},"content":"        }"},{"lineNumber":36,"author":{"gitId":"cloudy3"},"content":"        return matchingTasks;"},{"lineNumber":37,"author":{"gitId":"cloudy3"},"content":"    }"},{"lineNumber":38,"author":{"gitId":"cloudy3"},"content":""},{"lineNumber":39,"author":{"gitId":"cloudy3"},"content":"    /**"},{"lineNumber":40,"author":{"gitId":"cloudy3"},"content":"     * Prints the list of tasks that contain the relevant keyword"},{"lineNumber":41,"author":{"gitId":"cloudy3"},"content":"     */"},{"lineNumber":42,"author":{"gitId":"cloudy3"},"content":"    @Override"},{"lineNumber":43,"author":{"gitId":"cloudy3"},"content":"    public void execute() {"},{"lineNumber":44,"author":{"gitId":"cloudy3"},"content":"        ArrayList\u003cTask\u003e matchingTasks \u003d findTasks();"},{"lineNumber":45,"author":{"gitId":"cloudy3"},"content":"        dukePrint.printFind(matchingTasks);"},{"lineNumber":46,"author":{"gitId":"cloudy3"},"content":"    }"},{"lineNumber":47,"author":{"gitId":"cloudy3"},"content":"}"}],"authorContributionMap":{"cloudy3":47}},{"path":"src/main/java/commands/ListCommand.java","fileType":"java","lines":[{"lineNumber":1,"author":{"gitId":"cloudy3"},"content":"package commands;"},{"lineNumber":2,"author":{"gitId":"cloudy3"},"content":""},{"lineNumber":3,"author":{"gitId":"cloudy3"},"content":"import io.DukePrint;"},{"lineNumber":4,"author":{"gitId":"cloudy3"},"content":"import models.TaskList;"},{"lineNumber":5,"author":{"gitId":"cloudy3"},"content":""},{"lineNumber":6,"author":{"gitId":"cloudy3"},"content":"public class ListCommand extends Command {"},{"lineNumber":7,"author":{"gitId":"cloudy3"},"content":""},{"lineNumber":8,"author":{"gitId":"cloudy3"},"content":"    private TaskList taskList;"},{"lineNumber":9,"author":{"gitId":"cloudy3"},"content":""},{"lineNumber":10,"author":{"gitId":"cloudy3"},"content":"    public ListCommand(TaskList taskList, DukePrint dukePrint) {"},{"lineNumber":11,"author":{"gitId":"cloudy3"},"content":"        super(dukePrint);"},{"lineNumber":12,"author":{"gitId":"cloudy3"},"content":"        this.taskList \u003d taskList;"},{"lineNumber":13,"author":{"gitId":"cloudy3"},"content":"    }"},{"lineNumber":14,"author":{"gitId":"cloudy3"},"content":""},{"lineNumber":15,"author":{"gitId":"cloudy3"},"content":"    /**"},{"lineNumber":16,"author":{"gitId":"cloudy3"},"content":"     * Prints the TaskList"},{"lineNumber":17,"author":{"gitId":"cloudy3"},"content":"     */"},{"lineNumber":18,"author":{"gitId":"cloudy3"},"content":"    @Override"},{"lineNumber":19,"author":{"gitId":"cloudy3"},"content":"    public void execute() {"},{"lineNumber":20,"author":{"gitId":"cloudy3"},"content":"        dukePrint.printList(taskList);"},{"lineNumber":21,"author":{"gitId":"cloudy3"},"content":"    }"},{"lineNumber":22,"author":{"gitId":"cloudy3"},"content":"}"}],"authorContributionMap":{"cloudy3":22}},{"path":"src/main/java/exceptions/MissingInfoException.java","fileType":"java","lines":[{"lineNumber":1,"author":{"gitId":"cloudy3"},"content":"package exceptions;"},{"lineNumber":2,"author":{"gitId":"cloudy3"},"content":""},{"lineNumber":3,"author":{"gitId":"cloudy3"},"content":"public class MissingInfoException extends RuntimeException {"},{"lineNumber":4,"author":{"gitId":"cloudy3"},"content":""},{"lineNumber":5,"author":{"gitId":"cloudy3"},"content":"    public MissingInfoException(String message) {"},{"lineNumber":6,"author":{"gitId":"cloudy3"},"content":"        super(message);"},{"lineNumber":7,"author":{"gitId":"cloudy3"},"content":"    }"},{"lineNumber":8,"author":{"gitId":"cloudy3"},"content":"}"}],"authorContributionMap":{"cloudy3":8}},{"path":"src/main/java/exceptions/UnknownCommandException.java","fileType":"java","lines":[{"lineNumber":1,"author":{"gitId":"cloudy3"},"content":"package exceptions;"},{"lineNumber":2,"author":{"gitId":"cloudy3"},"content":""},{"lineNumber":3,"author":{"gitId":"cloudy3"},"content":"public class UnknownCommandException extends RuntimeException {"},{"lineNumber":4,"author":{"gitId":"cloudy3"},"content":""},{"lineNumber":5,"author":{"gitId":"cloudy3"},"content":"    public UnknownCommandException(String message) {"},{"lineNumber":6,"author":{"gitId":"cloudy3"},"content":"        super(message);"},{"lineNumber":7,"author":{"gitId":"cloudy3"},"content":"    }"},{"lineNumber":8,"author":{"gitId":"cloudy3"},"content":"}"}],"authorContributionMap":{"cloudy3":8}},{"path":"src/main/java/exceptions/UnknownFormatException.java","fileType":"java","lines":[{"lineNumber":1,"author":{"gitId":"cloudy3"},"content":"package exceptions;"},{"lineNumber":2,"author":{"gitId":"cloudy3"},"content":""},{"lineNumber":3,"author":{"gitId":"cloudy3"},"content":"public class UnknownFormatException extends RuntimeException {"},{"lineNumber":4,"author":{"gitId":"cloudy3"},"content":""},{"lineNumber":5,"author":{"gitId":"cloudy3"},"content":"    public UnknownFormatException(String message) {"},{"lineNumber":6,"author":{"gitId":"cloudy3"},"content":"        super(message);"},{"lineNumber":7,"author":{"gitId":"cloudy3"},"content":"    }"},{"lineNumber":8,"author":{"gitId":"cloudy3"},"content":"}"}],"authorContributionMap":{"cloudy3":8}},{"path":"src/main/java/io/DukePrint.java","fileType":"java","lines":[{"lineNumber":1,"author":{"gitId":"cloudy3"},"content":"package io;"},{"lineNumber":2,"author":{"gitId":"cloudy3"},"content":""},{"lineNumber":3,"author":{"gitId":"cloudy3"},"content":"import models.Task;"},{"lineNumber":4,"author":{"gitId":"cloudy3"},"content":"import models.TaskList;"},{"lineNumber":5,"author":{"gitId":"cloudy3"},"content":""},{"lineNumber":6,"author":{"gitId":"cloudy3"},"content":"import java.util.ArrayList;"},{"lineNumber":7,"author":{"gitId":"cloudy3"},"content":""},{"lineNumber":8,"author":{"gitId":"cloudy3"},"content":"public class DukePrint {"},{"lineNumber":9,"author":{"gitId":"cloudy3"},"content":"    private static final String LOGO \u003d"},{"lineNumber":10,"author":{"gitId":"cloudy3"},"content":"            \" ____        _        \\n\""},{"lineNumber":11,"author":{"gitId":"cloudy3"},"content":"                    + \"|  _ \\\\ _   _| | _____ \\n\""},{"lineNumber":12,"author":{"gitId":"cloudy3"},"content":"                    + \"| | | | | | | |/ / _ \\\\\\n\""},{"lineNumber":13,"author":{"gitId":"cloudy3"},"content":"                    + \"| |_| | |_| |   \u003c  __/\\n\""},{"lineNumber":14,"author":{"gitId":"cloudy3"},"content":"                    + \"|____/ \\\\__,_|_|\\\\_\\\\___|\\n\";"},{"lineNumber":15,"author":{"gitId":"cloudy3"},"content":"    private static final String DIVIDER \u003d"},{"lineNumber":16,"author":{"gitId":"cloudy3"},"content":"            \"~____________________________________________________________~\";"},{"lineNumber":17,"author":{"gitId":"cloudy3"},"content":"    private static final String END_DIVIDER \u003d"},{"lineNumber":18,"author":{"gitId":"cloudy3"},"content":"            \"~____________________________________________________________~\\n\";"},{"lineNumber":19,"author":{"gitId":"cloudy3"},"content":"    private static final String LIST_MESSAGE \u003d \"Here are the tasks in your list:\";"},{"lineNumber":20,"author":{"gitId":"cloudy3"},"content":"    private static final String DONE_MESSAGE \u003d \"Nice! I\u0027ve marked this task as done:\";"},{"lineNumber":21,"author":{"gitId":"cloudy3"},"content":"    private static final String ADD_MESSAGE \u003d \"Got it. I\u0027ve added this task:\";"},{"lineNumber":22,"author":{"gitId":"cloudy3"},"content":"    private static final String DELETE_MESSAGE \u003d \"Noted. I\u0027ve removed this task:\";"},{"lineNumber":23,"author":{"gitId":"cloudy3"},"content":"    private static final String BYE_MESSAGE \u003d \"Alright cheers mate!\";"},{"lineNumber":24,"author":{"gitId":"cloudy3"},"content":"    private static final String FIND_MESSAGE \u003d \"Here are the matching tasks in your list:\";"},{"lineNumber":25,"author":{"gitId":"cloudy3"},"content":""},{"lineNumber":26,"author":{"gitId":"cloudy3"},"content":"    /**"},{"lineNumber":27,"author":{"gitId":"cloudy3"},"content":"     * Prints the starting divider before every message"},{"lineNumber":28,"author":{"gitId":"cloudy3"},"content":"     */"},{"lineNumber":29,"author":{"gitId":"cloudy3"},"content":"    public void printDivider() {"},{"lineNumber":30,"author":{"gitId":"cloudy3"},"content":"        System.out.println(DIVIDER);"},{"lineNumber":31,"author":{"gitId":"cloudy3"},"content":"    }"},{"lineNumber":32,"author":{"gitId":"cloudy3"},"content":""},{"lineNumber":33,"author":{"gitId":"cloudy3"},"content":"    /**"},{"lineNumber":34,"author":{"gitId":"cloudy3"},"content":"     * Prints the ending divider after every message"},{"lineNumber":35,"author":{"gitId":"cloudy3"},"content":"     */"},{"lineNumber":36,"author":{"gitId":"cloudy3"},"content":"    public void printEndDivider() {"},{"lineNumber":37,"author":{"gitId":"cloudy3"},"content":"        System.out.println(END_DIVIDER);"},{"lineNumber":38,"author":{"gitId":"cloudy3"},"content":"    }"},{"lineNumber":39,"author":{"gitId":"cloudy3"},"content":""},{"lineNumber":40,"author":{"gitId":"cloudy3"},"content":"    /**"},{"lineNumber":41,"author":{"gitId":"cloudy3"},"content":"     * Prints the number of tasks in the TaskList"},{"lineNumber":42,"author":{"gitId":"cloudy3"},"content":"     *"},{"lineNumber":43,"author":{"gitId":"cloudy3"},"content":"     * @param numTasks Number of Tasks"},{"lineNumber":44,"author":{"gitId":"cloudy3"},"content":"     */"},{"lineNumber":45,"author":{"gitId":"cloudy3"},"content":"    public void printTaskSize(int numTasks) {"},{"lineNumber":46,"author":{"gitId":"cloudy3"},"content":"        System.out.println(\"Now you have \" + numTasks + \" tasks in the list.\");"},{"lineNumber":47,"author":{"gitId":"cloudy3"},"content":"    }"},{"lineNumber":48,"author":{"gitId":"cloudy3"},"content":""},{"lineNumber":49,"author":{"gitId":"cloudy3"},"content":"    /**"},{"lineNumber":50,"author":{"gitId":"cloudy3"},"content":"     * Prints the DUKE Logo"},{"lineNumber":51,"author":{"gitId":"cloudy3"},"content":"     */"},{"lineNumber":52,"author":{"gitId":"cloudy3"},"content":"    public void printLogo() {"},{"lineNumber":53,"author":{"gitId":"cloudy3"},"content":"        System.out.println(\"Hello from\\n\" + LOGO);"},{"lineNumber":54,"author":{"gitId":"cloudy3"},"content":"    }"},{"lineNumber":55,"author":{"gitId":"cloudy3"},"content":""},{"lineNumber":56,"author":{"gitId":"cloudy3"},"content":"    /**"},{"lineNumber":57,"author":{"gitId":"cloudy3"},"content":"     * Prints Welcome message"},{"lineNumber":58,"author":{"gitId":"cloudy3"},"content":"     */"},{"lineNumber":59,"author":{"gitId":"cloudy3"},"content":"    public void printWelcome() {"},{"lineNumber":60,"author":{"gitId":"cloudy3"},"content":"        printDivider();"},{"lineNumber":61,"author":{"gitId":"cloudy3"},"content":"        System.out.println(\"What\u0027s up! I\u0027m Duke\");"},{"lineNumber":62,"author":{"gitId":"cloudy3"},"content":"        System.out.println(\"What can I do for you?\");"},{"lineNumber":63,"author":{"gitId":"cloudy3"},"content":"        printEndDivider();"},{"lineNumber":64,"author":{"gitId":"cloudy3"},"content":"    }"},{"lineNumber":65,"author":{"gitId":"cloudy3"},"content":""},{"lineNumber":66,"author":{"gitId":"cloudy3"},"content":"    /**"},{"lineNumber":67,"author":{"gitId":"cloudy3"},"content":"     * Prints the Bye message"},{"lineNumber":68,"author":{"gitId":"cloudy3"},"content":"     */"},{"lineNumber":69,"author":{"gitId":"cloudy3"},"content":"    public void printBye() {"},{"lineNumber":70,"author":{"gitId":"cloudy3"},"content":"        System.out.println(BYE_MESSAGE);"},{"lineNumber":71,"author":{"gitId":"cloudy3"},"content":"    }"},{"lineNumber":72,"author":{"gitId":"cloudy3"},"content":""},{"lineNumber":73,"author":{"gitId":"cloudy3"},"content":"    /**"},{"lineNumber":74,"author":{"gitId":"cloudy3"},"content":"     * Prints the Add message"},{"lineNumber":75,"author":{"gitId":"cloudy3"},"content":"     *"},{"lineNumber":76,"author":{"gitId":"cloudy3"},"content":"     * @param addedTask Task to be added"},{"lineNumber":77,"author":{"gitId":"cloudy3"},"content":"     * @param numTasks  Number of Tasks"},{"lineNumber":78,"author":{"gitId":"cloudy3"},"content":"     */"},{"lineNumber":79,"author":{"gitId":"cloudy3"},"content":"    public void printAdd(Task addedTask, int numTasks) {"},{"lineNumber":80,"author":{"gitId":"cloudy3"},"content":"        System.out.println(ADD_MESSAGE);"},{"lineNumber":81,"author":{"gitId":"cloudy3"},"content":"        System.out.println(addedTask);"},{"lineNumber":82,"author":{"gitId":"cloudy3"},"content":"        printTaskSize(numTasks);"},{"lineNumber":83,"author":{"gitId":"cloudy3"},"content":"    }"},{"lineNumber":84,"author":{"gitId":"cloudy3"},"content":""},{"lineNumber":85,"author":{"gitId":"cloudy3"},"content":"    /**"},{"lineNumber":86,"author":{"gitId":"cloudy3"},"content":"     * Prints the Delete message"},{"lineNumber":87,"author":{"gitId":"cloudy3"},"content":"     *"},{"lineNumber":88,"author":{"gitId":"cloudy3"},"content":"     * @param deletedTask Task to be deleted"},{"lineNumber":89,"author":{"gitId":"cloudy3"},"content":"     */"},{"lineNumber":90,"author":{"gitId":"cloudy3"},"content":"    public void printDelete(Task deletedTask) {"},{"lineNumber":91,"author":{"gitId":"cloudy3"},"content":"        System.out.println(DELETE_MESSAGE);"},{"lineNumber":92,"author":{"gitId":"cloudy3"},"content":"        System.out.println(deletedTask);"},{"lineNumber":93,"author":{"gitId":"cloudy3"},"content":"    }"},{"lineNumber":94,"author":{"gitId":"cloudy3"},"content":""},{"lineNumber":95,"author":{"gitId":"cloudy3"},"content":"    /**"},{"lineNumber":96,"author":{"gitId":"cloudy3"},"content":"     * Prints the list of Tasks int he TaskList"},{"lineNumber":97,"author":{"gitId":"cloudy3"},"content":"     *"},{"lineNumber":98,"author":{"gitId":"cloudy3"},"content":"     * @param taskList TaskList object containing the Tasks"},{"lineNumber":99,"author":{"gitId":"cloudy3"},"content":"     */"},{"lineNumber":100,"author":{"gitId":"cloudy3"},"content":"    public void printList(TaskList taskList) {"},{"lineNumber":101,"author":{"gitId":"cloudy3"},"content":"        System.out.println(LIST_MESSAGE);"},{"lineNumber":102,"author":{"gitId":"cloudy3"},"content":"        if (taskList.getSize() !\u003d 0) {"},{"lineNumber":103,"author":{"gitId":"cloudy3"},"content":"            int i \u003d 0;"},{"lineNumber":104,"author":{"gitId":"cloudy3"},"content":"            for (Task task : taskList.getTaskList()) {"},{"lineNumber":105,"author":{"gitId":"cloudy3"},"content":"                System.out.println(++i + \". \" + task.toString());"},{"lineNumber":106,"author":{"gitId":"cloudy3"},"content":"            }"},{"lineNumber":107,"author":{"gitId":"cloudy3"},"content":"        } else {"},{"lineNumber":108,"author":{"gitId":"cloudy3"},"content":"            System.out.println(\"--(Task list is empty)--\");"},{"lineNumber":109,"author":{"gitId":"cloudy3"},"content":"        }"},{"lineNumber":110,"author":{"gitId":"cloudy3"},"content":"    }"},{"lineNumber":111,"author":{"gitId":"cloudy3"},"content":""},{"lineNumber":112,"author":{"gitId":"cloudy3"},"content":"    /**"},{"lineNumber":113,"author":{"gitId":"cloudy3"},"content":"     * Prints the Mark As Done message"},{"lineNumber":114,"author":{"gitId":"cloudy3"},"content":"     *"},{"lineNumber":115,"author":{"gitId":"cloudy3"},"content":"     * @param doneTask Tasks to be marked as done"},{"lineNumber":116,"author":{"gitId":"cloudy3"},"content":"     */"},{"lineNumber":117,"author":{"gitId":"cloudy3"},"content":"    public void printDone(Task doneTask) {"},{"lineNumber":118,"author":{"gitId":"cloudy3"},"content":"        System.out.println(DONE_MESSAGE);"},{"lineNumber":119,"author":{"gitId":"cloudy3"},"content":"        System.out.println(\"[\" + doneTask.getStatusIcon() + \"] \" + doneTask.getDescription());"},{"lineNumber":120,"author":{"gitId":"cloudy3"},"content":"    }"},{"lineNumber":121,"author":{"gitId":"cloudy3"},"content":""},{"lineNumber":122,"author":{"gitId":"cloudy3"},"content":"    /**"},{"lineNumber":123,"author":{"gitId":"cloudy3"},"content":"     * Prints all the Tasks that contains the search keyword"},{"lineNumber":124,"author":{"gitId":"cloudy3"},"content":"     *"},{"lineNumber":125,"author":{"gitId":"cloudy3"},"content":"     * @param matchingTasks ArrayList of Tasks that contains the keyword"},{"lineNumber":126,"author":{"gitId":"cloudy3"},"content":"     */"},{"lineNumber":127,"author":{"gitId":"cloudy3"},"content":"    public void printFind(ArrayList\u003cTask\u003e matchingTasks) {"},{"lineNumber":128,"author":{"gitId":"cloudy3"},"content":"        System.out.println(FIND_MESSAGE);"},{"lineNumber":129,"author":{"gitId":"cloudy3"},"content":"        int i \u003d 0;"},{"lineNumber":130,"author":{"gitId":"cloudy3"},"content":"        for (Task task : matchingTasks) {"},{"lineNumber":131,"author":{"gitId":"cloudy3"},"content":"            System.out.println(++i + \". \" + task.toString());"},{"lineNumber":132,"author":{"gitId":"cloudy3"},"content":"        }"},{"lineNumber":133,"author":{"gitId":"cloudy3"},"content":"    }"},{"lineNumber":134,"author":{"gitId":"cloudy3"},"content":"}"}],"authorContributionMap":{"cloudy3":134}},{"path":"src/main/java/io/FileManager.java","fileType":"java","lines":[{"lineNumber":1,"author":{"gitId":"cloudy3"},"content":"package io;"},{"lineNumber":2,"author":{"gitId":"cloudy3"},"content":""},{"lineNumber":3,"author":{"gitId":"cloudy3"},"content":"import models.Task;"},{"lineNumber":4,"author":{"gitId":"cloudy3"},"content":"import parser.DataParser;"},{"lineNumber":5,"author":{"gitId":"cloudy3"},"content":""},{"lineNumber":6,"author":{"gitId":"cloudy3"},"content":"import java.io.File;"},{"lineNumber":7,"author":{"gitId":"cloudy3"},"content":"import java.io.FileNotFoundException;"},{"lineNumber":8,"author":{"gitId":"cloudy3"},"content":"import java.io.FileWriter;"},{"lineNumber":9,"author":{"gitId":"cloudy3"},"content":"import java.io.IOException;"},{"lineNumber":10,"author":{"gitId":"cloudy3"},"content":"import java.util.ArrayList;"},{"lineNumber":11,"author":{"gitId":"cloudy3"},"content":"import java.util.Scanner;"},{"lineNumber":12,"author":{"gitId":"cloudy3"},"content":""},{"lineNumber":13,"author":{"gitId":"cloudy3"},"content":"public class FileManager {"},{"lineNumber":14,"author":{"gitId":"cloudy3"},"content":""},{"lineNumber":15,"author":{"gitId":"cloudy3"},"content":"    private static DataParser dataParser;"},{"lineNumber":16,"author":{"gitId":"cloudy3"},"content":""},{"lineNumber":17,"author":{"gitId":"cloudy3"},"content":"    public FileManager() {"},{"lineNumber":18,"author":{"gitId":"cloudy3"},"content":"        dataParser \u003d new DataParser();"},{"lineNumber":19,"author":{"gitId":"cloudy3"},"content":"    }"},{"lineNumber":20,"author":{"gitId":"cloudy3"},"content":""},{"lineNumber":21,"author":{"gitId":"cloudy3"},"content":"    /**"},{"lineNumber":22,"author":{"gitId":"cloudy3"},"content":"     * Saves the current list of Tasks and writes them to a Text file"},{"lineNumber":23,"author":{"gitId":"cloudy3"},"content":"     *"},{"lineNumber":24,"author":{"gitId":"cloudy3"},"content":"     * @param tasks ArrayList of Tasks to be saved"},{"lineNumber":25,"author":{"gitId":"cloudy3"},"content":"     * @throws IOException Exception while trying to create a new File"},{"lineNumber":26,"author":{"gitId":"cloudy3"},"content":"     */"},{"lineNumber":27,"author":{"gitId":"cloudy3"},"content":"    public void saveFile(ArrayList\u003cTask\u003e tasks) throws IOException {"},{"lineNumber":28,"author":{"gitId":"cloudy3"},"content":"        File path \u003d new File(\"tasks.txt\");"},{"lineNumber":29,"author":{"gitId":"cloudy3"},"content":"        if (!path.exists()) {"},{"lineNumber":30,"author":{"gitId":"cloudy3"},"content":"            if (!path.createNewFile()) {"},{"lineNumber":31,"author":{"gitId":"cloudy3"},"content":"                throw new IOException();"},{"lineNumber":32,"author":{"gitId":"cloudy3"},"content":"            }"},{"lineNumber":33,"author":{"gitId":"cloudy3"},"content":"        }"},{"lineNumber":34,"author":{"gitId":"cloudy3"},"content":"        FileWriter fileWriter \u003d new FileWriter(path);"},{"lineNumber":35,"author":{"gitId":"cloudy3"},"content":"        for (Task task : tasks) {"},{"lineNumber":36,"author":{"gitId":"cloudy3"},"content":"            fileWriter.write(task.formatData());"},{"lineNumber":37,"author":{"gitId":"cloudy3"},"content":"        }"},{"lineNumber":38,"author":{"gitId":"cloudy3"},"content":"        fileWriter.flush();"},{"lineNumber":39,"author":{"gitId":"cloudy3"},"content":"        fileWriter.close();"},{"lineNumber":40,"author":{"gitId":"cloudy3"},"content":"    }"},{"lineNumber":41,"author":{"gitId":"cloudy3"},"content":""},{"lineNumber":42,"author":{"gitId":"cloudy3"},"content":"    /**"},{"lineNumber":43,"author":{"gitId":"cloudy3"},"content":"     * Loads the TaskList by reading the tasks from the Text file"},{"lineNumber":44,"author":{"gitId":"cloudy3"},"content":"     *"},{"lineNumber":45,"author":{"gitId":"cloudy3"},"content":"     * @return taskList ArrayList of previously saved Tasks"},{"lineNumber":46,"author":{"gitId":"cloudy3"},"content":"     * @throws FileNotFoundException Exception when Text file does not exist"},{"lineNumber":47,"author":{"gitId":"cloudy3"},"content":"     */"},{"lineNumber":48,"author":{"gitId":"cloudy3"},"content":"    public ArrayList\u003cTask\u003e loadFile() throws FileNotFoundException {"},{"lineNumber":49,"author":{"gitId":"cloudy3"},"content":"        ArrayList\u003cTask\u003e taskList \u003d new ArrayList\u003c\u003e();"},{"lineNumber":50,"author":{"gitId":"cloudy3"},"content":""},{"lineNumber":51,"author":{"gitId":"cloudy3"},"content":"        File path \u003d new File(\"tasks.txt\");"},{"lineNumber":52,"author":{"gitId":"cloudy3"},"content":"        if (!path.exists()) {"},{"lineNumber":53,"author":{"gitId":"cloudy3"},"content":"            throw new FileNotFoundException();"},{"lineNumber":54,"author":{"gitId":"cloudy3"},"content":"        }"},{"lineNumber":55,"author":{"gitId":"cloudy3"},"content":"        Scanner scanner \u003d new Scanner(path);"},{"lineNumber":56,"author":{"gitId":"cloudy3"},"content":"        try {"},{"lineNumber":57,"author":{"gitId":"cloudy3"},"content":"            while (scanner.hasNext()) {"},{"lineNumber":58,"author":{"gitId":"cloudy3"},"content":"                String line \u003d scanner.nextLine();"},{"lineNumber":59,"author":{"gitId":"cloudy3"},"content":"                Task task \u003d dataParser.parseData(line);"},{"lineNumber":60,"author":{"gitId":"cloudy3"},"content":"                if (task !\u003d null) {"},{"lineNumber":61,"author":{"gitId":"cloudy3"},"content":"                    taskList.add(task);"},{"lineNumber":62,"author":{"gitId":"cloudy3"},"content":"                }"},{"lineNumber":63,"author":{"gitId":"cloudy3"},"content":"            }"},{"lineNumber":64,"author":{"gitId":"cloudy3"},"content":"        } catch (Exception e) {"},{"lineNumber":65,"author":{"gitId":"cloudy3"},"content":"            System.out.println(\"Failed to load!\");"},{"lineNumber":66,"author":{"gitId":"cloudy3"},"content":"        }"},{"lineNumber":67,"author":{"gitId":"cloudy3"},"content":"        return taskList;"},{"lineNumber":68,"author":{"gitId":"cloudy3"},"content":"    }"},{"lineNumber":69,"author":{"gitId":"cloudy3"},"content":"}"}],"authorContributionMap":{"cloudy3":69}},{"path":"src/main/java/models/Dates.java","fileType":"java","lines":[{"lineNumber":1,"author":{"gitId":"cloudy3"},"content":"package models;"},{"lineNumber":2,"author":{"gitId":"cloudy3"},"content":""},{"lineNumber":3,"author":{"gitId":"cloudy3"},"content":"import java.text.DateFormat;"},{"lineNumber":4,"author":{"gitId":"cloudy3"},"content":"import java.text.SimpleDateFormat;"},{"lineNumber":5,"author":{"gitId":"cloudy3"},"content":""},{"lineNumber":6,"author":{"gitId":"cloudy3"},"content":"public class Dates {"},{"lineNumber":7,"author":{"gitId":"cloudy3"},"content":"    /**"},{"lineNumber":8,"author":{"gitId":"cloudy3"},"content":"     * Format of Date that the User inputs"},{"lineNumber":9,"author":{"gitId":"cloudy3"},"content":"     */"},{"lineNumber":10,"author":{"gitId":"cloudy3"},"content":"    public static final DateFormat inputFormat \u003d new SimpleDateFormat(\"dd/MM/yyyy HHmm\");"},{"lineNumber":11,"author":{"gitId":"cloudy3"},"content":"    /**"},{"lineNumber":12,"author":{"gitId":"cloudy3"},"content":"     * Format of Date that the System outputs"},{"lineNumber":13,"author":{"gitId":"cloudy3"},"content":"     */"},{"lineNumber":14,"author":{"gitId":"cloudy3"},"content":"    public static final DateFormat outputFormat \u003d new SimpleDateFormat(\"dd \u0027of\u0027 MMMMMMMMM yyyy, hh:mm aaa\");"},{"lineNumber":15,"author":{"gitId":"cloudy3"},"content":"}"}],"authorContributionMap":{"cloudy3":15}},{"path":"src/main/java/models/Deadline.java","fileType":"java","lines":[{"lineNumber":1,"author":{"gitId":"cloudy3"},"content":"package models;"},{"lineNumber":2,"author":{"gitId":"cloudy3"},"content":""},{"lineNumber":3,"author":{"gitId":"cloudy3"},"content":"import java.text.DateFormat;"},{"lineNumber":4,"author":{"gitId":"cloudy3"},"content":"import java.util.Date;"},{"lineNumber":5,"author":{"gitId":"cloudy3"},"content":""},{"lineNumber":6,"author":{"gitId":"cloudy3"},"content":"public class Deadline extends Task {"},{"lineNumber":7,"author":{"gitId":"cloudy3"},"content":""},{"lineNumber":8,"author":{"gitId":"cloudy3"},"content":"    private final DateFormat inputFormat \u003d Dates.inputFormat;"},{"lineNumber":9,"author":{"gitId":"cloudy3"},"content":"    private final DateFormat outputFormat \u003d Dates.outputFormat;"},{"lineNumber":10,"author":{"gitId":"cloudy3"},"content":"    protected Date by;"},{"lineNumber":11,"author":{"gitId":"cloudy3"},"content":""},{"lineNumber":12,"author":{"gitId":"cloudy3"},"content":"    public Deadline(String description, Date by) {"},{"lineNumber":13,"author":{"gitId":"cloudy3"},"content":"        super(description);"},{"lineNumber":14,"author":{"gitId":"cloudy3"},"content":"        this.by \u003d by;"},{"lineNumber":15,"author":{"gitId":"cloudy3"},"content":"    }"},{"lineNumber":16,"author":{"gitId":"cloudy3"},"content":""},{"lineNumber":17,"author":{"gitId":"cloudy3"},"content":"    public Deadline(String description, Date by, boolean isDone) {"},{"lineNumber":18,"author":{"gitId":"cloudy3"},"content":"        super(description, isDone);"},{"lineNumber":19,"author":{"gitId":"cloudy3"},"content":"        this.by \u003d by;"},{"lineNumber":20,"author":{"gitId":"cloudy3"},"content":"    }"},{"lineNumber":21,"author":{"gitId":"cloudy3"},"content":""},{"lineNumber":22,"author":{"gitId":"cloudy3"},"content":"    /**"},{"lineNumber":23,"author":{"gitId":"cloudy3"},"content":"     * @return String describing the Deadline Task"},{"lineNumber":24,"author":{"gitId":"cloudy3"},"content":"     */"},{"lineNumber":25,"author":{"gitId":"cloudy3"},"content":"    @Override"},{"lineNumber":26,"author":{"gitId":"cloudy3"},"content":"    public String toString() {"},{"lineNumber":27,"author":{"gitId":"cloudy3"},"content":"        return \"[D]\" + super.toString() + \" (by: \" + outputFormat.format(this.by) + \")\";"},{"lineNumber":28,"author":{"gitId":"cloudy3"},"content":"    }"},{"lineNumber":29,"author":{"gitId":"cloudy3"},"content":""},{"lineNumber":30,"author":{"gitId":"cloudy3"},"content":"    /**"},{"lineNumber":31,"author":{"gitId":"cloudy3"},"content":"     * @return String with formatted Data to be written onto Text file"},{"lineNumber":32,"author":{"gitId":"cloudy3"},"content":"     */"},{"lineNumber":33,"author":{"gitId":"cloudy3"},"content":"    @Override"},{"lineNumber":34,"author":{"gitId":"cloudy3"},"content":"    public String formatData() {"},{"lineNumber":35,"author":{"gitId":"cloudy3"},"content":"        int done;"},{"lineNumber":36,"author":{"gitId":"cloudy3"},"content":"        if (isDone) {"},{"lineNumber":37,"author":{"gitId":"cloudy3"},"content":"            done \u003d 1;"},{"lineNumber":38,"author":{"gitId":"cloudy3"},"content":"        } else {"},{"lineNumber":39,"author":{"gitId":"cloudy3"},"content":"            done \u003d 0;"},{"lineNumber":40,"author":{"gitId":"cloudy3"},"content":"        }"},{"lineNumber":41,"author":{"gitId":"cloudy3"},"content":"        return \"D\" + \"#\" + done + \"#\" + description + \"#\" + inputFormat.format(this.by) + \"\\n\";"},{"lineNumber":42,"author":{"gitId":"cloudy3"},"content":"    }"},{"lineNumber":43,"author":{"gitId":"cloudy3"},"content":"}"}],"authorContributionMap":{"cloudy3":43}},{"path":"src/main/java/models/Event.java","fileType":"java","lines":[{"lineNumber":1,"author":{"gitId":"cloudy3"},"content":"package models;"},{"lineNumber":2,"author":{"gitId":"cloudy3"},"content":""},{"lineNumber":3,"author":{"gitId":"cloudy3"},"content":"import java.text.DateFormat;"},{"lineNumber":4,"author":{"gitId":"cloudy3"},"content":"import java.util.Date;"},{"lineNumber":5,"author":{"gitId":"cloudy3"},"content":""},{"lineNumber":6,"author":{"gitId":"cloudy3"},"content":"public class Event extends Task {"},{"lineNumber":7,"author":{"gitId":"cloudy3"},"content":""},{"lineNumber":8,"author":{"gitId":"cloudy3"},"content":"    private Date eventTime;"},{"lineNumber":9,"author":{"gitId":"cloudy3"},"content":"    private DateFormat inputFormat \u003d Dates.inputFormat;"},{"lineNumber":10,"author":{"gitId":"cloudy3"},"content":"    private DateFormat outputFormat \u003d Dates.outputFormat;"},{"lineNumber":11,"author":{"gitId":"cloudy3"},"content":""},{"lineNumber":12,"author":{"gitId":"cloudy3"},"content":"    public Event(String description, Date eventTime) {"},{"lineNumber":13,"author":{"gitId":"cloudy3"},"content":"        super(description);"},{"lineNumber":14,"author":{"gitId":"cloudy3"},"content":"        this.eventTime \u003d eventTime;"},{"lineNumber":15,"author":{"gitId":"cloudy3"},"content":"    }"},{"lineNumber":16,"author":{"gitId":"cloudy3"},"content":""},{"lineNumber":17,"author":{"gitId":"cloudy3"},"content":"    public Event(String description, Date eventTime, boolean isDone) {"},{"lineNumber":18,"author":{"gitId":"cloudy3"},"content":"        super(description, isDone);"},{"lineNumber":19,"author":{"gitId":"cloudy3"},"content":"        this.eventTime \u003d eventTime;"},{"lineNumber":20,"author":{"gitId":"cloudy3"},"content":"    }"},{"lineNumber":21,"author":{"gitId":"cloudy3"},"content":""},{"lineNumber":22,"author":{"gitId":"cloudy3"},"content":"    /**"},{"lineNumber":23,"author":{"gitId":"cloudy3"},"content":"     * @return String describing the Event Task"},{"lineNumber":24,"author":{"gitId":"cloudy3"},"content":"     */"},{"lineNumber":25,"author":{"gitId":"cloudy3"},"content":"    @Override"},{"lineNumber":26,"author":{"gitId":"cloudy3"},"content":"    public String toString() {"},{"lineNumber":27,"author":{"gitId":"cloudy3"},"content":"        return \"[E]\" + super.toString() + \" (at: \" + outputFormat.format(this.eventTime) + \")\";"},{"lineNumber":28,"author":{"gitId":"cloudy3"},"content":"    }"},{"lineNumber":29,"author":{"gitId":"cloudy3"},"content":""},{"lineNumber":30,"author":{"gitId":"cloudy3"},"content":"    /**"},{"lineNumber":31,"author":{"gitId":"cloudy3"},"content":"     * @return String with formatted Data to be written onto Text file"},{"lineNumber":32,"author":{"gitId":"cloudy3"},"content":"     */"},{"lineNumber":33,"author":{"gitId":"cloudy3"},"content":"    @Override"},{"lineNumber":34,"author":{"gitId":"cloudy3"},"content":"    public String formatData() {"},{"lineNumber":35,"author":{"gitId":"cloudy3"},"content":"        int done;"},{"lineNumber":36,"author":{"gitId":"cloudy3"},"content":"        if (isDone) {"},{"lineNumber":37,"author":{"gitId":"cloudy3"},"content":"            done \u003d 1;"},{"lineNumber":38,"author":{"gitId":"cloudy3"},"content":"        } else {"},{"lineNumber":39,"author":{"gitId":"cloudy3"},"content":"            done \u003d 0;"},{"lineNumber":40,"author":{"gitId":"cloudy3"},"content":"        }"},{"lineNumber":41,"author":{"gitId":"cloudy3"},"content":"        return \"E\" + \"#\" + done + \"#\" + description + \"#\" + inputFormat.format(eventTime) + \"\\n\";"},{"lineNumber":42,"author":{"gitId":"cloudy3"},"content":"    }"},{"lineNumber":43,"author":{"gitId":"cloudy3"},"content":"}"}],"authorContributionMap":{"cloudy3":43}},{"path":"src/main/java/models/Task.java","fileType":"java","lines":[{"lineNumber":1,"author":{"gitId":"cloudy3"},"content":"package models;"},{"lineNumber":2,"author":{"gitId":"cloudy3"},"content":""},{"lineNumber":3,"author":{"gitId":"cloudy3"},"content":"public abstract class Task {"},{"lineNumber":4,"author":{"gitId":"cloudy3"},"content":"    protected String description;"},{"lineNumber":5,"author":{"gitId":"cloudy3"},"content":"    protected boolean isDone;"},{"lineNumber":6,"author":{"gitId":"cloudy3"},"content":""},{"lineNumber":7,"author":{"gitId":"cloudy3"},"content":"    public Task(String description) {"},{"lineNumber":8,"author":{"gitId":"cloudy3"},"content":"        this.description \u003d description;"},{"lineNumber":9,"author":{"gitId":"cloudy3"},"content":"        this.isDone \u003d false;"},{"lineNumber":10,"author":{"gitId":"cloudy3"},"content":"    }"},{"lineNumber":11,"author":{"gitId":"cloudy3"},"content":""},{"lineNumber":12,"author":{"gitId":"cloudy3"},"content":"    public Task(String description, boolean isDone) {"},{"lineNumber":13,"author":{"gitId":"cloudy3"},"content":"        this.description \u003d description;"},{"lineNumber":14,"author":{"gitId":"cloudy3"},"content":"        this.isDone \u003d isDone;"},{"lineNumber":15,"author":{"gitId":"cloudy3"},"content":"    }"},{"lineNumber":16,"author":{"gitId":"cloudy3"},"content":""},{"lineNumber":17,"author":{"gitId":"cloudy3"},"content":"    /**"},{"lineNumber":18,"author":{"gitId":"cloudy3"},"content":"     * @return String with the description of the Task"},{"lineNumber":19,"author":{"gitId":"cloudy3"},"content":"     */"},{"lineNumber":20,"author":{"gitId":"cloudy3"},"content":"    public String getDescription() {"},{"lineNumber":21,"author":{"gitId":"cloudy3"},"content":"        return this.description;"},{"lineNumber":22,"author":{"gitId":"cloudy3"},"content":"    }"},{"lineNumber":23,"author":{"gitId":"cloudy3"},"content":""},{"lineNumber":24,"author":{"gitId":"cloudy3"},"content":"    /**"},{"lineNumber":25,"author":{"gitId":"cloudy3"},"content":"     * Mark a Task as Done"},{"lineNumber":26,"author":{"gitId":"cloudy3"},"content":"     */"},{"lineNumber":27,"author":{"gitId":"cloudy3"},"content":"    public void markAsDone() {"},{"lineNumber":28,"author":{"gitId":"cloudy3"},"content":"        this.isDone \u003d true;"},{"lineNumber":29,"author":{"gitId":"cloudy3"},"content":"    }"},{"lineNumber":30,"author":{"gitId":"cloudy3"},"content":""},{"lineNumber":31,"author":{"gitId":"cloudy3"},"content":"    /**"},{"lineNumber":32,"author":{"gitId":"cloudy3"},"content":"     * @return String with a tick symbol if the Task is done, else no tick"},{"lineNumber":33,"author":{"gitId":"cloudy3"},"content":"     */"},{"lineNumber":34,"author":{"gitId":"cloudy3"},"content":"    public String getStatusIcon() {"},{"lineNumber":35,"author":{"gitId":"cloudy3"},"content":"        return (isDone ? \"\\u2713\" : \" \");  // return tick symbol if done"},{"lineNumber":36,"author":{"gitId":"cloudy3"},"content":"    }"},{"lineNumber":37,"author":{"gitId":"cloudy3"},"content":""},{"lineNumber":38,"author":{"gitId":"cloudy3"},"content":"    /**"},{"lineNumber":39,"author":{"gitId":"cloudy3"},"content":"     * @return String of formatted data to be writted onto the text file"},{"lineNumber":40,"author":{"gitId":"cloudy3"},"content":"     */"},{"lineNumber":41,"author":{"gitId":"cloudy3"},"content":"    abstract public String formatData();"},{"lineNumber":42,"author":{"gitId":"cloudy3"},"content":""},{"lineNumber":43,"author":{"gitId":"cloudy3"},"content":"    /**"},{"lineNumber":44,"author":{"gitId":"cloudy3"},"content":"     * @return String containing the Task description"},{"lineNumber":45,"author":{"gitId":"cloudy3"},"content":"     */"},{"lineNumber":46,"author":{"gitId":"cloudy3"},"content":"    @Override"},{"lineNumber":47,"author":{"gitId":"cloudy3"},"content":"    public String toString() {"},{"lineNumber":48,"author":{"gitId":"cloudy3"},"content":"        return (\"[\" + getStatusIcon() + \"] \" + getDescription());"},{"lineNumber":49,"author":{"gitId":"cloudy3"},"content":"    }"},{"lineNumber":50,"author":{"gitId":"cloudy3"},"content":""},{"lineNumber":51,"author":{"gitId":"cloudy3"},"content":"}"}],"authorContributionMap":{"cloudy3":51}},{"path":"src/main/java/models/TaskList.java","fileType":"java","lines":[{"lineNumber":1,"author":{"gitId":"cloudy3"},"content":"package models;"},{"lineNumber":2,"author":{"gitId":"cloudy3"},"content":""},{"lineNumber":3,"author":{"gitId":"cloudy3"},"content":"import java.util.ArrayList;"},{"lineNumber":4,"author":{"gitId":"cloudy3"},"content":""},{"lineNumber":5,"author":{"gitId":"cloudy3"},"content":"public class TaskList {"},{"lineNumber":6,"author":{"gitId":"cloudy3"},"content":"    private ArrayList\u003cTask\u003e taskList;"},{"lineNumber":7,"author":{"gitId":"cloudy3"},"content":""},{"lineNumber":8,"author":{"gitId":"cloudy3"},"content":"    public TaskList(ArrayList\u003cTask\u003e taskList) {"},{"lineNumber":9,"author":{"gitId":"cloudy3"},"content":"        this.taskList \u003d taskList;"},{"lineNumber":10,"author":{"gitId":"cloudy3"},"content":"    }"},{"lineNumber":11,"author":{"gitId":"cloudy3"},"content":""},{"lineNumber":12,"author":{"gitId":"cloudy3"},"content":"    /**"},{"lineNumber":13,"author":{"gitId":"cloudy3"},"content":"     * Removes a Task from the TaskList"},{"lineNumber":14,"author":{"gitId":"cloudy3"},"content":"     *"},{"lineNumber":15,"author":{"gitId":"cloudy3"},"content":"     * @param index Index of the Task to be removed"},{"lineNumber":16,"author":{"gitId":"cloudy3"},"content":"     * @return TaskList after removing the Task"},{"lineNumber":17,"author":{"gitId":"cloudy3"},"content":"     */"},{"lineNumber":18,"author":{"gitId":"cloudy3"},"content":"    public Task remove(int index) {"},{"lineNumber":19,"author":{"gitId":"cloudy3"},"content":"        return taskList.remove(index);"},{"lineNumber":20,"author":{"gitId":"cloudy3"},"content":"    }"},{"lineNumber":21,"author":{"gitId":"cloudy3"},"content":""},{"lineNumber":22,"author":{"gitId":"cloudy3"},"content":"    /**"},{"lineNumber":23,"author":{"gitId":"cloudy3"},"content":"     * Adds a Task to the TaskList"},{"lineNumber":24,"author":{"gitId":"cloudy3"},"content":"     *"},{"lineNumber":25,"author":{"gitId":"cloudy3"},"content":"     * @param task Task to be added"},{"lineNumber":26,"author":{"gitId":"cloudy3"},"content":"     */"},{"lineNumber":27,"author":{"gitId":"cloudy3"},"content":"    public void add(Task task) {"},{"lineNumber":28,"author":{"gitId":"cloudy3"},"content":"        taskList.add(task);"},{"lineNumber":29,"author":{"gitId":"cloudy3"},"content":"    }"},{"lineNumber":30,"author":{"gitId":"cloudy3"},"content":""},{"lineNumber":31,"author":{"gitId":"cloudy3"},"content":"    /**"},{"lineNumber":32,"author":{"gitId":"cloudy3"},"content":"     * @return Size of the TaskList"},{"lineNumber":33,"author":{"gitId":"cloudy3"},"content":"     */"},{"lineNumber":34,"author":{"gitId":"cloudy3"},"content":"    public int getSize() {"},{"lineNumber":35,"author":{"gitId":"cloudy3"},"content":"        return taskList.size();"},{"lineNumber":36,"author":{"gitId":"cloudy3"},"content":"    }"},{"lineNumber":37,"author":{"gitId":"cloudy3"},"content":""},{"lineNumber":38,"author":{"gitId":"cloudy3"},"content":"    /**"},{"lineNumber":39,"author":{"gitId":"cloudy3"},"content":"     * Gets the specified Task using its Index"},{"lineNumber":40,"author":{"gitId":"cloudy3"},"content":"     *"},{"lineNumber":41,"author":{"gitId":"cloudy3"},"content":"     * @param index Index of the Task to be queried"},{"lineNumber":42,"author":{"gitId":"cloudy3"},"content":"     * @return Task of the indexed location in the TaskList"},{"lineNumber":43,"author":{"gitId":"cloudy3"},"content":"     */"},{"lineNumber":44,"author":{"gitId":"cloudy3"},"content":"    public Task get(int index) {"},{"lineNumber":45,"author":{"gitId":"cloudy3"},"content":"        return taskList.get(index);"},{"lineNumber":46,"author":{"gitId":"cloudy3"},"content":"    }"},{"lineNumber":47,"author":{"gitId":"cloudy3"},"content":""},{"lineNumber":48,"author":{"gitId":"cloudy3"},"content":"    /**"},{"lineNumber":49,"author":{"gitId":"cloudy3"},"content":"     * Returns the ArrayList of Tasks"},{"lineNumber":50,"author":{"gitId":"cloudy3"},"content":"     *"},{"lineNumber":51,"author":{"gitId":"cloudy3"},"content":"     * @return taskList"},{"lineNumber":52,"author":{"gitId":"cloudy3"},"content":"     */"},{"lineNumber":53,"author":{"gitId":"cloudy3"},"content":"    public ArrayList\u003cTask\u003e getTaskList() {"},{"lineNumber":54,"author":{"gitId":"cloudy3"},"content":"        return taskList;"},{"lineNumber":55,"author":{"gitId":"cloudy3"},"content":"    }"},{"lineNumber":56,"author":{"gitId":"cloudy3"},"content":""},{"lineNumber":57,"author":{"gitId":"cloudy3"},"content":"    /**"},{"lineNumber":58,"author":{"gitId":"cloudy3"},"content":"     * Sets the current ArrayList of Tasks to the specified new ArrayList of Tasks"},{"lineNumber":59,"author":{"gitId":"cloudy3"},"content":"     *"},{"lineNumber":60,"author":{"gitId":"cloudy3"},"content":"     * @param taskList ArrayList of Tasks to be set"},{"lineNumber":61,"author":{"gitId":"cloudy3"},"content":"     */"},{"lineNumber":62,"author":{"gitId":"cloudy3"},"content":"    public void setTaskList(ArrayList\u003cTask\u003e taskList) {"},{"lineNumber":63,"author":{"gitId":"cloudy3"},"content":"        this.taskList \u003d taskList;"},{"lineNumber":64,"author":{"gitId":"cloudy3"},"content":"    }"},{"lineNumber":65,"author":{"gitId":"cloudy3"},"content":"}"}],"authorContributionMap":{"cloudy3":65}},{"path":"src/main/java/models/Todo.java","fileType":"java","lines":[{"lineNumber":1,"author":{"gitId":"cloudy3"},"content":"package models;"},{"lineNumber":2,"author":{"gitId":"cloudy3"},"content":""},{"lineNumber":3,"author":{"gitId":"cloudy3"},"content":"public class Todo extends Task {"},{"lineNumber":4,"author":{"gitId":"cloudy3"},"content":""},{"lineNumber":5,"author":{"gitId":"cloudy3"},"content":"    public Todo(String description) {"},{"lineNumber":6,"author":{"gitId":"cloudy3"},"content":"        super(description);"},{"lineNumber":7,"author":{"gitId":"cloudy3"},"content":"    }"},{"lineNumber":8,"author":{"gitId":"cloudy3"},"content":""},{"lineNumber":9,"author":{"gitId":"cloudy3"},"content":"    public Todo(String description, boolean isDone) {"},{"lineNumber":10,"author":{"gitId":"cloudy3"},"content":"        super(description, isDone);"},{"lineNumber":11,"author":{"gitId":"cloudy3"},"content":"    }"},{"lineNumber":12,"author":{"gitId":"cloudy3"},"content":""},{"lineNumber":13,"author":{"gitId":"cloudy3"},"content":"    /**"},{"lineNumber":14,"author":{"gitId":"cloudy3"},"content":"     * @return String describing the Todo Task"},{"lineNumber":15,"author":{"gitId":"cloudy3"},"content":"     */"},{"lineNumber":16,"author":{"gitId":"cloudy3"},"content":"    @Override"},{"lineNumber":17,"author":{"gitId":"cloudy3"},"content":"    public String toString() {"},{"lineNumber":18,"author":{"gitId":"cloudy3"},"content":"        return \"[T]\" + super.toString();"},{"lineNumber":19,"author":{"gitId":"cloudy3"},"content":"    }"},{"lineNumber":20,"author":{"gitId":"cloudy3"},"content":""},{"lineNumber":21,"author":{"gitId":"cloudy3"},"content":"    /**"},{"lineNumber":22,"author":{"gitId":"cloudy3"},"content":"     * @return String with formatted Data to be written onto Text file"},{"lineNumber":23,"author":{"gitId":"cloudy3"},"content":"     */"},{"lineNumber":24,"author":{"gitId":"cloudy3"},"content":"    @Override"},{"lineNumber":25,"author":{"gitId":"cloudy3"},"content":"    public String formatData() {"},{"lineNumber":26,"author":{"gitId":"cloudy3"},"content":"        int done;"},{"lineNumber":27,"author":{"gitId":"cloudy3"},"content":"        if (isDone) {"},{"lineNumber":28,"author":{"gitId":"cloudy3"},"content":"            done \u003d 1;"},{"lineNumber":29,"author":{"gitId":"cloudy3"},"content":"        } else {"},{"lineNumber":30,"author":{"gitId":"cloudy3"},"content":"            done \u003d 0;"},{"lineNumber":31,"author":{"gitId":"cloudy3"},"content":"        }"},{"lineNumber":32,"author":{"gitId":"cloudy3"},"content":"        return \"T\" + \"#\" + done + \"#\" + description + \"\\n\";"},{"lineNumber":33,"author":{"gitId":"cloudy3"},"content":"    }"},{"lineNumber":34,"author":{"gitId":"cloudy3"},"content":"}"}],"authorContributionMap":{"cloudy3":34}},{"path":"src/main/java/parser/CommandParser.java","fileType":"java","lines":[{"lineNumber":1,"author":{"gitId":"cloudy3"},"content":"package parser;"},{"lineNumber":2,"author":{"gitId":"cloudy3"},"content":""},{"lineNumber":3,"author":{"gitId":"cloudy3"},"content":"import commands.AddDeadlineCommand;"},{"lineNumber":4,"author":{"gitId":"cloudy3"},"content":"import commands.AddEventCommand;"},{"lineNumber":5,"author":{"gitId":"cloudy3"},"content":"import commands.AddToDoCommand;"},{"lineNumber":6,"author":{"gitId":"cloudy3"},"content":"import commands.Command;"},{"lineNumber":7,"author":{"gitId":"cloudy3"},"content":"import commands.DeleteCommand;"},{"lineNumber":8,"author":{"gitId":"cloudy3"},"content":"import commands.DoneCommand;"},{"lineNumber":9,"author":{"gitId":"cloudy3"},"content":"import commands.ExitCommand;"},{"lineNumber":10,"author":{"gitId":"cloudy3"},"content":"import commands.FindCommand;"},{"lineNumber":11,"author":{"gitId":"cloudy3"},"content":"import commands.ListCommand;"},{"lineNumber":12,"author":{"gitId":"cloudy3"},"content":"import exceptions.MissingInfoException;"},{"lineNumber":13,"author":{"gitId":"cloudy3"},"content":"import exceptions.UnknownCommandException;"},{"lineNumber":14,"author":{"gitId":"cloudy3"},"content":"import io.DukePrint;"},{"lineNumber":15,"author":{"gitId":"cloudy3"},"content":"import models.TaskList;"},{"lineNumber":16,"author":{"gitId":"cloudy3"},"content":""},{"lineNumber":17,"author":{"gitId":"cloudy3"},"content":"import java.text.ParseException;"},{"lineNumber":18,"author":{"gitId":"cloudy3"},"content":""},{"lineNumber":19,"author":{"gitId":"cloudy3"},"content":"public class CommandParser {"},{"lineNumber":20,"author":{"gitId":"cloudy3"},"content":""},{"lineNumber":21,"author":{"gitId":"cloudy3"},"content":"    private final CommandVerifier verifier;"},{"lineNumber":22,"author":{"gitId":"cloudy3"},"content":"    private final TaskList taskList;"},{"lineNumber":23,"author":{"gitId":"cloudy3"},"content":"    private final DukePrint dukePrint;"},{"lineNumber":24,"author":{"gitId":"cloudy3"},"content":""},{"lineNumber":25,"author":{"gitId":"cloudy3"},"content":"    public CommandParser(TaskList taskList, DukePrint dukePrint) {"},{"lineNumber":26,"author":{"gitId":"cloudy3"},"content":"        verifier \u003d new CommandVerifier();"},{"lineNumber":27,"author":{"gitId":"cloudy3"},"content":"        this.taskList \u003d taskList;"},{"lineNumber":28,"author":{"gitId":"cloudy3"},"content":"        this.dukePrint \u003d dukePrint;"},{"lineNumber":29,"author":{"gitId":"cloudy3"},"content":"    }"},{"lineNumber":30,"author":{"gitId":"cloudy3"},"content":""},{"lineNumber":31,"author":{"gitId":"cloudy3"},"content":"    /**"},{"lineNumber":32,"author":{"gitId":"cloudy3"},"content":"     * Parses the Command after verifying it"},{"lineNumber":33,"author":{"gitId":"cloudy3"},"content":"     *"},{"lineNumber":34,"author":{"gitId":"cloudy3"},"content":"     * @param command String command to be parsed"},{"lineNumber":35,"author":{"gitId":"cloudy3"},"content":"     * @return Command to be executed"},{"lineNumber":36,"author":{"gitId":"cloudy3"},"content":"     * @throws UnknownCommandException"},{"lineNumber":37,"author":{"gitId":"cloudy3"},"content":"     * @throws MissingInfoException"},{"lineNumber":38,"author":{"gitId":"cloudy3"},"content":"     * @throws ParseException"},{"lineNumber":39,"author":{"gitId":"cloudy3"},"content":"     */"},{"lineNumber":40,"author":{"gitId":"cloudy3"},"content":"    public Command parse(String command) throws UnknownCommandException, MissingInfoException, ParseException {"},{"lineNumber":41,"author":{"gitId":"cloudy3"},"content":"        verifier.verify(command);"},{"lineNumber":42,"author":{"gitId":"cloudy3"},"content":"        return parseValidCommandString(command);"},{"lineNumber":43,"author":{"gitId":"cloudy3"},"content":"    }"},{"lineNumber":44,"author":{"gitId":"cloudy3"},"content":""},{"lineNumber":45,"author":{"gitId":"cloudy3"},"content":"    /**"},{"lineNumber":46,"author":{"gitId":"cloudy3"},"content":"     * @param command String Command to be parsed"},{"lineNumber":47,"author":{"gitId":"cloudy3"},"content":"     * @return Command object to be returned"},{"lineNumber":48,"author":{"gitId":"cloudy3"},"content":"     * @throws ParseException"},{"lineNumber":49,"author":{"gitId":"cloudy3"},"content":"     */"},{"lineNumber":50,"author":{"gitId":"cloudy3"},"content":"    private Command parseValidCommandString(String command) throws ParseException {"},{"lineNumber":51,"author":{"gitId":"cloudy3"},"content":"        Command result \u003d null;"},{"lineNumber":52,"author":{"gitId":"cloudy3"},"content":"        String[] subStrings \u003d command.split(\" \");"},{"lineNumber":53,"author":{"gitId":"cloudy3"},"content":""},{"lineNumber":54,"author":{"gitId":"cloudy3"},"content":"        switch (subStrings[0]) {"},{"lineNumber":55,"author":{"gitId":"cloudy3"},"content":"        case \"bye\":"},{"lineNumber":56,"author":{"gitId":"cloudy3"},"content":"            result \u003d new ExitCommand(dukePrint);"},{"lineNumber":57,"author":{"gitId":"cloudy3"},"content":"            break;"},{"lineNumber":58,"author":{"gitId":"cloudy3"},"content":"        case \"list\":"},{"lineNumber":59,"author":{"gitId":"cloudy3"},"content":"            result \u003d new ListCommand(taskList, dukePrint);"},{"lineNumber":60,"author":{"gitId":"cloudy3"},"content":"            break;"},{"lineNumber":61,"author":{"gitId":"cloudy3"},"content":"        case \"done\":"},{"lineNumber":62,"author":{"gitId":"cloudy3"},"content":"            result \u003d new DoneCommand(taskList, Integer.parseInt(subStrings[1]), dukePrint);"},{"lineNumber":63,"author":{"gitId":"cloudy3"},"content":"            break;"},{"lineNumber":64,"author":{"gitId":"cloudy3"},"content":"        case \"todo\":"},{"lineNumber":65,"author":{"gitId":"cloudy3"},"content":"            result \u003d new AddToDoCommand(taskList, dukePrint, command.substring(4).trim());"},{"lineNumber":66,"author":{"gitId":"cloudy3"},"content":"            break;"},{"lineNumber":67,"author":{"gitId":"cloudy3"},"content":"        case \"deadline\":"},{"lineNumber":68,"author":{"gitId":"cloudy3"},"content":"            String[] splitByKeyword \u003d command.split(\"/by\");"},{"lineNumber":69,"author":{"gitId":"cloudy3"},"content":"            result \u003d new AddDeadlineCommand(taskList, dukePrint,"},{"lineNumber":70,"author":{"gitId":"cloudy3"},"content":"                    splitByKeyword[0].substring(9).trim(), splitByKeyword[1].trim());"},{"lineNumber":71,"author":{"gitId":"cloudy3"},"content":"            break;"},{"lineNumber":72,"author":{"gitId":"cloudy3"},"content":"        case \"event\":"},{"lineNumber":73,"author":{"gitId":"cloudy3"},"content":"            splitByKeyword \u003d command.split(\"/at\");"},{"lineNumber":74,"author":{"gitId":"cloudy3"},"content":"            result \u003d new AddEventCommand(taskList, dukePrint,"},{"lineNumber":75,"author":{"gitId":"cloudy3"},"content":"                    splitByKeyword[0].substring(6).trim(), splitByKeyword[1].trim());"},{"lineNumber":76,"author":{"gitId":"cloudy3"},"content":"            break;"},{"lineNumber":77,"author":{"gitId":"cloudy3"},"content":"        case \"delete\":"},{"lineNumber":78,"author":{"gitId":"cloudy3"},"content":"            result \u003d new DeleteCommand(taskList, Integer.parseInt(subStrings[1]), dukePrint);"},{"lineNumber":79,"author":{"gitId":"cloudy3"},"content":"            break;"},{"lineNumber":80,"author":{"gitId":"cloudy3"},"content":"        case \"find\":"},{"lineNumber":81,"author":{"gitId":"cloudy3"},"content":"            result \u003d new FindCommand(command.substring(5), taskList, dukePrint);"},{"lineNumber":82,"author":{"gitId":"cloudy3"},"content":"            break;"},{"lineNumber":83,"author":{"gitId":"cloudy3"},"content":"        default:"},{"lineNumber":84,"author":{"gitId":"cloudy3"},"content":"            break;"},{"lineNumber":85,"author":{"gitId":"cloudy3"},"content":"        }"},{"lineNumber":86,"author":{"gitId":"cloudy3"},"content":"        return result;"},{"lineNumber":87,"author":{"gitId":"cloudy3"},"content":"    }"},{"lineNumber":88,"author":{"gitId":"cloudy3"},"content":"}"}],"authorContributionMap":{"cloudy3":88}},{"path":"src/main/java/parser/CommandVerifier.java","fileType":"java","lines":[{"lineNumber":1,"author":{"gitId":"cloudy3"},"content":"package parser;"},{"lineNumber":2,"author":{"gitId":"cloudy3"},"content":""},{"lineNumber":3,"author":{"gitId":"cloudy3"},"content":"import exceptions.MissingInfoException;"},{"lineNumber":4,"author":{"gitId":"cloudy3"},"content":"import exceptions.UnknownCommandException;"},{"lineNumber":5,"author":{"gitId":"cloudy3"},"content":"import exceptions.UnknownFormatException;"},{"lineNumber":6,"author":{"gitId":"cloudy3"},"content":""},{"lineNumber":7,"author":{"gitId":"cloudy3"},"content":"import java.text.DateFormat;"},{"lineNumber":8,"author":{"gitId":"cloudy3"},"content":"import java.text.ParseException;"},{"lineNumber":9,"author":{"gitId":"cloudy3"},"content":"import java.text.SimpleDateFormat;"},{"lineNumber":10,"author":{"gitId":"cloudy3"},"content":""},{"lineNumber":11,"author":{"gitId":"cloudy3"},"content":"public class CommandVerifier {"},{"lineNumber":12,"author":{"gitId":"cloudy3"},"content":""},{"lineNumber":13,"author":{"gitId":"cloudy3"},"content":"    private static final String MISSING_INFO_MESSAGE \u003d"},{"lineNumber":14,"author":{"gitId":"cloudy3"},"content":"            \"\\uD83D\\uDE2D %s of the %s is missing.\";"},{"lineNumber":15,"author":{"gitId":"cloudy3"},"content":"    private static final String UNKNOWN_COMMAND_MESSAGE \u003d"},{"lineNumber":16,"author":{"gitId":"cloudy3"},"content":"            \"\\uD83D\\uDE2D Sorry mate I do not understand your request. Please specify task\";"},{"lineNumber":17,"author":{"gitId":"cloudy3"},"content":"    private static final String UNKNOWN_FORMAT_MESSAGE \u003d"},{"lineNumber":18,"author":{"gitId":"cloudy3"},"content":"            \"\\uD83D\\uDE2D Format for %s is invalid! (Date format: dd/MM/yyyy HHmm)\";"},{"lineNumber":19,"author":{"gitId":"cloudy3"},"content":"    private final DateFormat dateFormat \u003d new SimpleDateFormat(\"dd/MM/yyyy HHmm\");"},{"lineNumber":20,"author":{"gitId":"cloudy3"},"content":"    private String[] subStrings;"},{"lineNumber":21,"author":{"gitId":"cloudy3"},"content":"    private String command;"},{"lineNumber":22,"author":{"gitId":"cloudy3"},"content":""},{"lineNumber":23,"author":{"gitId":"cloudy3"},"content":"    /**"},{"lineNumber":24,"author":{"gitId":"cloudy3"},"content":"     * Verifies if the command is legal"},{"lineNumber":25,"author":{"gitId":"cloudy3"},"content":"     *"},{"lineNumber":26,"author":{"gitId":"cloudy3"},"content":"     * @param command String Command to be verified"},{"lineNumber":27,"author":{"gitId":"cloudy3"},"content":"     * @throws UnknownCommandException"},{"lineNumber":28,"author":{"gitId":"cloudy3"},"content":"     * @throws MissingInfoException"},{"lineNumber":29,"author":{"gitId":"cloudy3"},"content":"     */"},{"lineNumber":30,"author":{"gitId":"cloudy3"},"content":"    public void verify(String command) throws UnknownCommandException, MissingInfoException {"},{"lineNumber":31,"author":{"gitId":"cloudy3"},"content":""},{"lineNumber":32,"author":{"gitId":"cloudy3"},"content":"        this.command \u003d command;"},{"lineNumber":33,"author":{"gitId":"cloudy3"},"content":"        subStrings \u003d command.split(\" \");"},{"lineNumber":34,"author":{"gitId":"cloudy3"},"content":"        if (!validCommand(subStrings[0])) {"},{"lineNumber":35,"author":{"gitId":"cloudy3"},"content":"            throw new UnknownCommandException(UNKNOWN_COMMAND_MESSAGE);"},{"lineNumber":36,"author":{"gitId":"cloudy3"},"content":"        }"},{"lineNumber":37,"author":{"gitId":"cloudy3"},"content":""},{"lineNumber":38,"author":{"gitId":"cloudy3"},"content":"        switch (subStrings[0]) {"},{"lineNumber":39,"author":{"gitId":"cloudy3"},"content":"        case \"todo\":"},{"lineNumber":40,"author":{"gitId":"cloudy3"},"content":"            checkTodo();"},{"lineNumber":41,"author":{"gitId":"cloudy3"},"content":"            break;"},{"lineNumber":42,"author":{"gitId":"cloudy3"},"content":"        case \"deadline\":"},{"lineNumber":43,"author":{"gitId":"cloudy3"},"content":"            checkDeadline();"},{"lineNumber":44,"author":{"gitId":"cloudy3"},"content":"            break;"},{"lineNumber":45,"author":{"gitId":"cloudy3"},"content":"        case \"event\":"},{"lineNumber":46,"author":{"gitId":"cloudy3"},"content":"            checkEvent();"},{"lineNumber":47,"author":{"gitId":"cloudy3"},"content":"            break;"},{"lineNumber":48,"author":{"gitId":"cloudy3"},"content":"        case \"done\":"},{"lineNumber":49,"author":{"gitId":"cloudy3"},"content":"            checkDone();"},{"lineNumber":50,"author":{"gitId":"cloudy3"},"content":"            break;"},{"lineNumber":51,"author":{"gitId":"cloudy3"},"content":"        case \"delete\":"},{"lineNumber":52,"author":{"gitId":"cloudy3"},"content":"            checkDelete();"},{"lineNumber":53,"author":{"gitId":"cloudy3"},"content":"            break;"},{"lineNumber":54,"author":{"gitId":"cloudy3"},"content":"        case \"find\":"},{"lineNumber":55,"author":{"gitId":"cloudy3"},"content":"            checkFind();"},{"lineNumber":56,"author":{"gitId":"cloudy3"},"content":"        default:"},{"lineNumber":57,"author":{"gitId":"cloudy3"},"content":"            break;"},{"lineNumber":58,"author":{"gitId":"cloudy3"},"content":"        }"},{"lineNumber":59,"author":{"gitId":"cloudy3"},"content":"    }"},{"lineNumber":60,"author":{"gitId":"cloudy3"},"content":""},{"lineNumber":61,"author":{"gitId":"cloudy3"},"content":"    /**"},{"lineNumber":62,"author":{"gitId":"cloudy3"},"content":"     * Checks if the command is a valid command"},{"lineNumber":63,"author":{"gitId":"cloudy3"},"content":"     *"},{"lineNumber":64,"author":{"gitId":"cloudy3"},"content":"     * @param firstWord First Word of the Command"},{"lineNumber":65,"author":{"gitId":"cloudy3"},"content":"     * @return boolean whether the command is valid"},{"lineNumber":66,"author":{"gitId":"cloudy3"},"content":"     */"},{"lineNumber":67,"author":{"gitId":"cloudy3"},"content":"    private boolean validCommand(String firstWord) {"},{"lineNumber":68,"author":{"gitId":"cloudy3"},"content":"        return firstWord.equals(\"todo\")"},{"lineNumber":69,"author":{"gitId":"cloudy3"},"content":"                || firstWord.equals(\"list\")"},{"lineNumber":70,"author":{"gitId":"cloudy3"},"content":"                || firstWord.equals(\"deadline\")"},{"lineNumber":71,"author":{"gitId":"cloudy3"},"content":"                || firstWord.equals(\"event\")"},{"lineNumber":72,"author":{"gitId":"cloudy3"},"content":"                || firstWord.equals(\"done\")"},{"lineNumber":73,"author":{"gitId":"cloudy3"},"content":"                || firstWord.equals(\"bye\")"},{"lineNumber":74,"author":{"gitId":"cloudy3"},"content":"                || firstWord.equals(\"delete\")"},{"lineNumber":75,"author":{"gitId":"cloudy3"},"content":"                || firstWord.equals(\"find\");"},{"lineNumber":76,"author":{"gitId":"cloudy3"},"content":"    }"},{"lineNumber":77,"author":{"gitId":"cloudy3"},"content":""},{"lineNumber":78,"author":{"gitId":"cloudy3"},"content":"    /**"},{"lineNumber":79,"author":{"gitId":"cloudy3"},"content":"     * Checks if the Todo description is missing"},{"lineNumber":80,"author":{"gitId":"cloudy3"},"content":"     */"},{"lineNumber":81,"author":{"gitId":"cloudy3"},"content":"    private void checkTodo() {"},{"lineNumber":82,"author":{"gitId":"cloudy3"},"content":"        if (subStrings.length \u003c 2) {"},{"lineNumber":83,"author":{"gitId":"cloudy3"},"content":"            throw new MissingInfoException("},{"lineNumber":84,"author":{"gitId":"cloudy3"},"content":"                    String.format(MISSING_INFO_MESSAGE, \"description\", subStrings[0]));"},{"lineNumber":85,"author":{"gitId":"cloudy3"},"content":"        }"},{"lineNumber":86,"author":{"gitId":"cloudy3"},"content":"    }"},{"lineNumber":87,"author":{"gitId":"cloudy3"},"content":""},{"lineNumber":88,"author":{"gitId":"cloudy3"},"content":"    /**"},{"lineNumber":89,"author":{"gitId":"cloudy3"},"content":"     * Checks if the index specified in the Delete command is out of range"},{"lineNumber":90,"author":{"gitId":"cloudy3"},"content":"     */"},{"lineNumber":91,"author":{"gitId":"cloudy3"},"content":"    private void checkDelete() {"},{"lineNumber":92,"author":{"gitId":"cloudy3"},"content":"        checkValidRange();"},{"lineNumber":93,"author":{"gitId":"cloudy3"},"content":"    }"},{"lineNumber":94,"author":{"gitId":"cloudy3"},"content":""},{"lineNumber":95,"author":{"gitId":"cloudy3"},"content":"    /**"},{"lineNumber":96,"author":{"gitId":"cloudy3"},"content":"     * Checks if the index specified in the Done command is out of range"},{"lineNumber":97,"author":{"gitId":"cloudy3"},"content":"     */"},{"lineNumber":98,"author":{"gitId":"cloudy3"},"content":"    private void checkDone() {"},{"lineNumber":99,"author":{"gitId":"cloudy3"},"content":"        checkValidRange();"},{"lineNumber":100,"author":{"gitId":"cloudy3"},"content":"    }"},{"lineNumber":101,"author":{"gitId":"cloudy3"},"content":""},{"lineNumber":102,"author":{"gitId":"cloudy3"},"content":"    /**"},{"lineNumber":103,"author":{"gitId":"cloudy3"},"content":"     * Checks if the description or the keyword is missing from the Deadline command"},{"lineNumber":104,"author":{"gitId":"cloudy3"},"content":"     */"},{"lineNumber":105,"author":{"gitId":"cloudy3"},"content":"    private void checkDeadline() {"},{"lineNumber":106,"author":{"gitId":"cloudy3"},"content":"        checkKeywordExists(\"The keyword \u0027/by\u0027\", \"/by\");"},{"lineNumber":107,"author":{"gitId":"cloudy3"},"content":"        String[] subStringsByKeyword \u003d command.split(\"/by\");"},{"lineNumber":108,"author":{"gitId":"cloudy3"},"content":""},{"lineNumber":109,"author":{"gitId":"cloudy3"},"content":"        if (subStringsByKeyword[0].substring(8).trim().equals(\"\")) {"},{"lineNumber":110,"author":{"gitId":"cloudy3"},"content":"            throw new MissingInfoException("},{"lineNumber":111,"author":{"gitId":"cloudy3"},"content":"                    String.format(MISSING_INFO_MESSAGE, \"The description\", subStrings[0]));"},{"lineNumber":112,"author":{"gitId":"cloudy3"},"content":"        }"},{"lineNumber":113,"author":{"gitId":"cloudy3"},"content":""},{"lineNumber":114,"author":{"gitId":"cloudy3"},"content":"        try {"},{"lineNumber":115,"author":{"gitId":"cloudy3"},"content":"            dateFormat.parse(subStringsByKeyword[1].trim());"},{"lineNumber":116,"author":{"gitId":"cloudy3"},"content":"        } catch (ParseException e) {"},{"lineNumber":117,"author":{"gitId":"cloudy3"},"content":"            throw new UnknownFormatException("},{"lineNumber":118,"author":{"gitId":"cloudy3"},"content":"                    String.format(UNKNOWN_FORMAT_MESSAGE, \"date\"));"},{"lineNumber":119,"author":{"gitId":"cloudy3"},"content":"        }"},{"lineNumber":120,"author":{"gitId":"cloudy3"},"content":"    }"},{"lineNumber":121,"author":{"gitId":"cloudy3"},"content":""},{"lineNumber":122,"author":{"gitId":"cloudy3"},"content":"    /**"},{"lineNumber":123,"author":{"gitId":"cloudy3"},"content":"     * Checks if the description or the keyword is missing from the Event command"},{"lineNumber":124,"author":{"gitId":"cloudy3"},"content":"     */"},{"lineNumber":125,"author":{"gitId":"cloudy3"},"content":"    private void checkEvent() {"},{"lineNumber":126,"author":{"gitId":"cloudy3"},"content":"        checkKeywordExists(\"The keyword \u0027/at\u0027\", \"/at\");"},{"lineNumber":127,"author":{"gitId":"cloudy3"},"content":"        String[] subStringsByKeyword \u003d command.split(\"/at\");"},{"lineNumber":128,"author":{"gitId":"cloudy3"},"content":""},{"lineNumber":129,"author":{"gitId":"cloudy3"},"content":"        if (subStringsByKeyword[0].substring(5).trim().equals(\"\")) {"},{"lineNumber":130,"author":{"gitId":"cloudy3"},"content":"            throw new MissingInfoException("},{"lineNumber":131,"author":{"gitId":"cloudy3"},"content":"                    String.format(MISSING_INFO_MESSAGE, \"description\", subStrings[0]));"},{"lineNumber":132,"author":{"gitId":"cloudy3"},"content":"        }"},{"lineNumber":133,"author":{"gitId":"cloudy3"},"content":"        try {"},{"lineNumber":134,"author":{"gitId":"cloudy3"},"content":"            dateFormat.parse(subStringsByKeyword[1].trim());"},{"lineNumber":135,"author":{"gitId":"cloudy3"},"content":"        } catch (ParseException e) {"},{"lineNumber":136,"author":{"gitId":"cloudy3"},"content":"            throw new UnknownFormatException("},{"lineNumber":137,"author":{"gitId":"cloudy3"},"content":"                    String.format(UNKNOWN_FORMAT_MESSAGE, \"date\"));"},{"lineNumber":138,"author":{"gitId":"cloudy3"},"content":"        }"},{"lineNumber":139,"author":{"gitId":"cloudy3"},"content":"    }"},{"lineNumber":140,"author":{"gitId":"cloudy3"},"content":""},{"lineNumber":141,"author":{"gitId":"cloudy3"},"content":"    /**"},{"lineNumber":142,"author":{"gitId":"cloudy3"},"content":"     * Checks if the keyword exists"},{"lineNumber":143,"author":{"gitId":"cloudy3"},"content":"     *"},{"lineNumber":144,"author":{"gitId":"cloudy3"},"content":"     * @param missing String of the missing keyword"},{"lineNumber":145,"author":{"gitId":"cloudy3"},"content":"     * @param keyword String of they keyword to check"},{"lineNumber":146,"author":{"gitId":"cloudy3"},"content":"     */"},{"lineNumber":147,"author":{"gitId":"cloudy3"},"content":"    private void checkKeywordExists(String missing, String keyword) {"},{"lineNumber":148,"author":{"gitId":"cloudy3"},"content":"        if (!command.contains(keyword)) {"},{"lineNumber":149,"author":{"gitId":"cloudy3"},"content":"            throw new MissingInfoException("},{"lineNumber":150,"author":{"gitId":"cloudy3"},"content":"                    String.format(MISSING_INFO_MESSAGE, missing, subStrings[0]));"},{"lineNumber":151,"author":{"gitId":"cloudy3"},"content":"        }"},{"lineNumber":152,"author":{"gitId":"cloudy3"},"content":"    }"},{"lineNumber":153,"author":{"gitId":"cloudy3"},"content":""},{"lineNumber":154,"author":{"gitId":"cloudy3"},"content":"    /**"},{"lineNumber":155,"author":{"gitId":"cloudy3"},"content":"     * Checks whether index is out of range"},{"lineNumber":156,"author":{"gitId":"cloudy3"},"content":"     */"},{"lineNumber":157,"author":{"gitId":"cloudy3"},"content":"    private void checkValidRange() {"},{"lineNumber":158,"author":{"gitId":"cloudy3"},"content":"        if (subStrings.length \u003c 2) {"},{"lineNumber":159,"author":{"gitId":"cloudy3"},"content":"            throw new MissingInfoException("},{"lineNumber":160,"author":{"gitId":"cloudy3"},"content":"                    String.format(MISSING_INFO_MESSAGE, \"Index\", subStrings[0]));"},{"lineNumber":161,"author":{"gitId":"cloudy3"},"content":"        }"},{"lineNumber":162,"author":{"gitId":"cloudy3"},"content":"        checkValidNumber();"},{"lineNumber":163,"author":{"gitId":"cloudy3"},"content":"    }"},{"lineNumber":164,"author":{"gitId":"cloudy3"},"content":""},{"lineNumber":165,"author":{"gitId":"cloudy3"},"content":"    /**"},{"lineNumber":166,"author":{"gitId":"cloudy3"},"content":"     * Checks whether the input is a valid number"},{"lineNumber":167,"author":{"gitId":"cloudy3"},"content":"     */"},{"lineNumber":168,"author":{"gitId":"cloudy3"},"content":"    private void checkValidNumber() {"},{"lineNumber":169,"author":{"gitId":"cloudy3"},"content":"        try {"},{"lineNumber":170,"author":{"gitId":"cloudy3"},"content":"            Integer.parseInt(subStrings[1]);"},{"lineNumber":171,"author":{"gitId":"cloudy3"},"content":"        } catch (NumberFormatException e) {"},{"lineNumber":172,"author":{"gitId":"cloudy3"},"content":"            throw new UnknownFormatException("},{"lineNumber":173,"author":{"gitId":"cloudy3"},"content":"                    String.format(UNKNOWN_FORMAT_MESSAGE, \"index: \" + subStrings[0]));"},{"lineNumber":174,"author":{"gitId":"cloudy3"},"content":"        }"},{"lineNumber":175,"author":{"gitId":"cloudy3"},"content":"    }"},{"lineNumber":176,"author":{"gitId":"cloudy3"},"content":""},{"lineNumber":177,"author":{"gitId":"cloudy3"},"content":"    /**"},{"lineNumber":178,"author":{"gitId":"cloudy3"},"content":"     * Checks whether the description is missing from the Find Command"},{"lineNumber":179,"author":{"gitId":"cloudy3"},"content":"     */"},{"lineNumber":180,"author":{"gitId":"cloudy3"},"content":"    private void checkFind() {"},{"lineNumber":181,"author":{"gitId":"cloudy3"},"content":"        if (subStrings.length \u003c 2) {"},{"lineNumber":182,"author":{"gitId":"cloudy3"},"content":"            throw new MissingInfoException("},{"lineNumber":183,"author":{"gitId":"cloudy3"},"content":"                    String.format(MISSING_INFO_MESSAGE, \"The search keyword\", subStrings[0] + \" command\"));"},{"lineNumber":184,"author":{"gitId":"cloudy3"},"content":"        }"},{"lineNumber":185,"author":{"gitId":"cloudy3"},"content":"    }"},{"lineNumber":186,"author":{"gitId":"cloudy3"},"content":"}"}],"authorContributionMap":{"cloudy3":186}},{"path":"src/main/java/parser/DataParser.java","fileType":"java","lines":[{"lineNumber":1,"author":{"gitId":"cloudy3"},"content":"package parser;"},{"lineNumber":2,"author":{"gitId":"cloudy3"},"content":""},{"lineNumber":3,"author":{"gitId":"cloudy3"},"content":"import models.Dates;"},{"lineNumber":4,"author":{"gitId":"cloudy3"},"content":"import models.Deadline;"},{"lineNumber":5,"author":{"gitId":"cloudy3"},"content":"import models.Event;"},{"lineNumber":6,"author":{"gitId":"cloudy3"},"content":"import models.Task;"},{"lineNumber":7,"author":{"gitId":"cloudy3"},"content":"import models.Todo;"},{"lineNumber":8,"author":{"gitId":"cloudy3"},"content":""},{"lineNumber":9,"author":{"gitId":"cloudy3"},"content":"import java.text.DateFormat;"},{"lineNumber":10,"author":{"gitId":"cloudy3"},"content":"import java.text.ParseException;"},{"lineNumber":11,"author":{"gitId":"cloudy3"},"content":""},{"lineNumber":12,"author":{"gitId":"cloudy3"},"content":"public class DataParser {"},{"lineNumber":13,"author":{"gitId":"cloudy3"},"content":""},{"lineNumber":14,"author":{"gitId":"cloudy3"},"content":"    private final DateFormat inputFormat \u003d Dates.inputFormat;"},{"lineNumber":15,"author":{"gitId":"cloudy3"},"content":""},{"lineNumber":16,"author":{"gitId":"cloudy3"},"content":"    /**"},{"lineNumber":17,"author":{"gitId":"cloudy3"},"content":"     * Parses the saved Tasks to be converted from text data to Task objects"},{"lineNumber":18,"author":{"gitId":"cloudy3"},"content":"     *"},{"lineNumber":19,"author":{"gitId":"cloudy3"},"content":"     * @param line String of saved data from the Text file"},{"lineNumber":20,"author":{"gitId":"cloudy3"},"content":"     * @return parsedTask Task object after parsing"},{"lineNumber":21,"author":{"gitId":"cloudy3"},"content":"     * @throws ParseException"},{"lineNumber":22,"author":{"gitId":"cloudy3"},"content":"     */"},{"lineNumber":23,"author":{"gitId":"cloudy3"},"content":"    public Task parseData(String line) throws ParseException {"},{"lineNumber":24,"author":{"gitId":"cloudy3"},"content":"        String[] tokens \u003d line.split(\"#\");"},{"lineNumber":25,"author":{"gitId":"cloudy3"},"content":"        Task parsedTask \u003d null;"},{"lineNumber":26,"author":{"gitId":"cloudy3"},"content":""},{"lineNumber":27,"author":{"gitId":"cloudy3"},"content":"        switch (tokens[0]) {"},{"lineNumber":28,"author":{"gitId":"cloudy3"},"content":"        case \"T\":"},{"lineNumber":29,"author":{"gitId":"cloudy3"},"content":"            boolean isDone \u003d Integer.parseInt(tokens[1]) \u003d\u003d 1;"},{"lineNumber":30,"author":{"gitId":"cloudy3"},"content":"            parsedTask \u003d new Todo(tokens[2], isDone);"},{"lineNumber":31,"author":{"gitId":"cloudy3"},"content":"            break;"},{"lineNumber":32,"author":{"gitId":"cloudy3"},"content":"        case \"D\":"},{"lineNumber":33,"author":{"gitId":"cloudy3"},"content":"            isDone \u003d Integer.parseInt(tokens[1]) \u003d\u003d 1;"},{"lineNumber":34,"author":{"gitId":"cloudy3"},"content":"            parsedTask \u003d new Deadline(tokens[2], inputFormat.parse(tokens[3]), isDone);"},{"lineNumber":35,"author":{"gitId":"cloudy3"},"content":"            break;"},{"lineNumber":36,"author":{"gitId":"cloudy3"},"content":"        case \"E\":"},{"lineNumber":37,"author":{"gitId":"cloudy3"},"content":"            isDone \u003d Integer.parseInt(tokens[1]) \u003d\u003d 1;"},{"lineNumber":38,"author":{"gitId":"cloudy3"},"content":"            parsedTask \u003d new Event(tokens[2], inputFormat.parse(tokens[3]), isDone);"},{"lineNumber":39,"author":{"gitId":"cloudy3"},"content":"        default:"},{"lineNumber":40,"author":{"gitId":"cloudy3"},"content":"            break;"},{"lineNumber":41,"author":{"gitId":"cloudy3"},"content":"        }"},{"lineNumber":42,"author":{"gitId":"cloudy3"},"content":"        return parsedTask;"},{"lineNumber":43,"author":{"gitId":"cloudy3"},"content":"    }"},{"lineNumber":44,"author":{"gitId":"cloudy3"},"content":"}"}],"authorContributionMap":{"cloudy3":44}},{"path":"text-ui-test/input.txt","fileType":"txt","lines":[{"lineNumber":1,"author":{"gitId":"cloudy3"},"content":"todo borrow book"},{"lineNumber":2,"author":{"gitId":"cloudy3"},"content":"deadline return book /by June 6th"},{"lineNumber":3,"author":{"gitId":"cloudy3"},"content":"todo join sports club"},{"lineNumber":4,"author":{"gitId":"cloudy3"},"content":"event project meeting /at Aug 6th 2-4pm"},{"lineNumber":5,"author":{"gitId":"cloudy3"},"content":"list"},{"lineNumber":6,"author":{"gitId":"cloudy3"},"content":"delete 3"},{"lineNumber":7,"author":{"gitId":"cloudy3"},"content":"list"}],"authorContributionMap":{"cloudy3":7}}]
