[{"path":"src/main/java/Duke.java","fileType":"java","lines":[{"lineNumber":1,"author":{"gitId":"cloudy3"},"content":"import models.Deadline;"},{"lineNumber":2,"author":{"gitId":"cloudy3"},"content":"import models.Event;"},{"lineNumber":3,"author":{"gitId":"cloudy3"},"content":"import models.Task;"},{"lineNumber":4,"author":{"gitId":"cloudy3"},"content":"import models.Todo;"},{"lineNumber":5,"author":{"gitId":"cloudy3"},"content":"import io.DukePrint;"},{"lineNumber":6,"author":{"gitId":"cloudy3"},"content":""},{"lineNumber":7,"author":{"gitId":"cloudy3"},"content":"import java.util.ArrayList;"},{"lineNumber":8,"author":{"gitId":"cloudy3"},"content":"import java.util.Scanner;"},{"lineNumber":9,"author":{"gitId":"cloudy3"},"content":"import java.io.File;"},{"lineNumber":10,"author":{"gitId":"cloudy3"},"content":"import java.io.FileNotFoundException;"},{"lineNumber":11,"author":{"gitId":"cloudy3"},"content":"import java.io.FileWriter;"},{"lineNumber":12,"author":{"gitId":"cloudy3"},"content":"import java.io.IOException;"},{"lineNumber":13,"author":{"gitId":"cloudy3"},"content":""},{"lineNumber":14,"author":{"gitId":"-"},"content":"public class Duke {"},{"lineNumber":15,"author":{"gitId":"cloudy3"},"content":""},{"lineNumber":16,"author":{"gitId":"cloudy3"},"content":"    private static final ArrayList\u003cTask\u003e tasks \u003d new ArrayList\u003c\u003e();"},{"lineNumber":17,"author":{"gitId":"cloudy3"},"content":"    private static int taskCount \u003d 0;"},{"lineNumber":18,"author":{"gitId":"cloudy3"},"content":""},{"lineNumber":19,"author":{"gitId":"-"},"content":"    public static void main(String[] args) {"},{"lineNumber":20,"author":{"gitId":"cloudy3"},"content":"        DukePrint.printLogo();"},{"lineNumber":21,"author":{"gitId":"cloudy3"},"content":""},{"lineNumber":22,"author":{"gitId":"cloudy3"},"content":"        Scanner sc \u003d new Scanner(System.in);"},{"lineNumber":23,"author":{"gitId":"cloudy3"},"content":"        String phrase;"},{"lineNumber":24,"author":{"gitId":"cloudy3"},"content":""},{"lineNumber":25,"author":{"gitId":"cloudy3"},"content":"        try {"},{"lineNumber":26,"author":{"gitId":"cloudy3"},"content":"            loadFile();"},{"lineNumber":27,"author":{"gitId":"cloudy3"},"content":"            System.out.println(\"Save data loaded!\");"},{"lineNumber":28,"author":{"gitId":"cloudy3"},"content":"        } catch (Exception e) {"},{"lineNumber":29,"author":{"gitId":"cloudy3"},"content":"            System.out.println(\"No save files found.\");"},{"lineNumber":30,"author":{"gitId":"cloudy3"},"content":"        }"},{"lineNumber":31,"author":{"gitId":"cloudy3"},"content":""},{"lineNumber":32,"author":{"gitId":"cloudy3"},"content":"        DukePrint.printDivider();"},{"lineNumber":33,"author":{"gitId":"cloudy3"},"content":"        System.out.println(\"What\u0027s up! I\u0027m Duke\");"},{"lineNumber":34,"author":{"gitId":"cloudy3"},"content":"        System.out.println(\"What can I do for you?\");"},{"lineNumber":35,"author":{"gitId":"cloudy3"},"content":"        DukePrint.printEndDivider();"},{"lineNumber":36,"author":{"gitId":"cloudy3"},"content":""},{"lineNumber":37,"author":{"gitId":"cloudy3"},"content":"        do {"},{"lineNumber":38,"author":{"gitId":"cloudy3"},"content":"            phrase \u003d sc.nextLine();"},{"lineNumber":39,"author":{"gitId":"cloudy3"},"content":"            DukePrint.printDivider();"},{"lineNumber":40,"author":{"gitId":"cloudy3"},"content":"            inputCommand(phrase, tasks);"},{"lineNumber":41,"author":{"gitId":"cloudy3"},"content":"            DukePrint.printEndDivider();"},{"lineNumber":42,"author":{"gitId":"cloudy3"},"content":"        } while (!phrase.equals(\"bye\"));"},{"lineNumber":43,"author":{"gitId":"cloudy3"},"content":"    }"},{"lineNumber":44,"author":{"gitId":"cloudy3"},"content":""},{"lineNumber":45,"author":{"gitId":"cloudy3"},"content":"    public static void inputCommand(String phrase, ArrayList\u003cTask\u003e tasks) {"},{"lineNumber":46,"author":{"gitId":"cloudy3"},"content":"        String[] subStrings \u003d phrase.split(\" \");"},{"lineNumber":47,"author":{"gitId":"cloudy3"},"content":"        int dividerPosition \u003d phrase.indexOf(\"/\");"},{"lineNumber":48,"author":{"gitId":"cloudy3"},"content":""},{"lineNumber":49,"author":{"gitId":"cloudy3"},"content":"        switch (subStrings[0]) {"},{"lineNumber":50,"author":{"gitId":"cloudy3"},"content":"        case (\"bye\"):"},{"lineNumber":51,"author":{"gitId":"cloudy3"},"content":"            // Exits program"},{"lineNumber":52,"author":{"gitId":"cloudy3"},"content":"            System.out.println(\"Alright cheers mate!\");"},{"lineNumber":53,"author":{"gitId":"cloudy3"},"content":"            // Saves task list"},{"lineNumber":54,"author":{"gitId":"cloudy3"},"content":"            try {"},{"lineNumber":55,"author":{"gitId":"cloudy3"},"content":"                saveFile();"},{"lineNumber":56,"author":{"gitId":"cloudy3"},"content":"            } catch (Exception e) {"},{"lineNumber":57,"author":{"gitId":"cloudy3"},"content":"                System.out.println(\"Failed to save file!\");"},{"lineNumber":58,"author":{"gitId":"cloudy3"},"content":"            }"},{"lineNumber":59,"author":{"gitId":"cloudy3"},"content":"            break;"},{"lineNumber":60,"author":{"gitId":"cloudy3"},"content":"        case (\"list\"):"},{"lineNumber":61,"author":{"gitId":"cloudy3"},"content":"            // List all tasks"},{"lineNumber":62,"author":{"gitId":"cloudy3"},"content":"            System.out.println(\"Here are the tasks in your list:\");"},{"lineNumber":63,"author":{"gitId":"cloudy3"},"content":"            int i \u003d 0;"},{"lineNumber":64,"author":{"gitId":"cloudy3"},"content":"            for (Task task : tasks) {"},{"lineNumber":65,"author":{"gitId":"cloudy3"},"content":"                System.out.println(++i + \". \" + task.toString());"},{"lineNumber":66,"author":{"gitId":"cloudy3"},"content":"            }"},{"lineNumber":67,"author":{"gitId":"cloudy3"},"content":"            break;"},{"lineNumber":68,"author":{"gitId":"cloudy3"},"content":"        case (\"done\"):"},{"lineNumber":69,"author":{"gitId":"cloudy3"},"content":"            // Set a task as done"},{"lineNumber":70,"author":{"gitId":"cloudy3"},"content":"            try {"},{"lineNumber":71,"author":{"gitId":"cloudy3"},"content":"                int taskIndex \u003d phrase.charAt(phrase.length() - 1) - \u00270\u0027;"},{"lineNumber":72,"author":{"gitId":"cloudy3"},"content":""},{"lineNumber":73,"author":{"gitId":"cloudy3"},"content":"                Task task \u003d tasks.get(taskIndex - 1);"},{"lineNumber":74,"author":{"gitId":"cloudy3"},"content":"                task.markAsDone();"},{"lineNumber":75,"author":{"gitId":"cloudy3"},"content":"                System.out.println(\"Nice! I\u0027ve marked this task as done:\");"},{"lineNumber":76,"author":{"gitId":"cloudy3"},"content":"                System.out.println(\"[\" + task.getStatusIcon() + \"] \" + task.getDescription());"},{"lineNumber":77,"author":{"gitId":"cloudy3"},"content":"            } catch (NumberFormatException e) {"},{"lineNumber":78,"author":{"gitId":"cloudy3"},"content":"                System.out.println(\"\\uD83D\\uDE2D Please input a valid number!\");"},{"lineNumber":79,"author":{"gitId":"cloudy3"},"content":"            } catch (IndexOutOfBoundsException e) {"},{"lineNumber":80,"author":{"gitId":"cloudy3"},"content":"                System.out.println(\"\\uD83D\\uDE2D Sorry task index is out of range!\");"},{"lineNumber":81,"author":{"gitId":"cloudy3"},"content":"            }"},{"lineNumber":82,"author":{"gitId":"cloudy3"},"content":"            break;"},{"lineNumber":83,"author":{"gitId":"cloudy3"},"content":"        case (\"todo\"):"},{"lineNumber":84,"author":{"gitId":"cloudy3"},"content":"            // Add a To-Do"},{"lineNumber":85,"author":{"gitId":"cloudy3"},"content":"            try {"},{"lineNumber":86,"author":{"gitId":"cloudy3"},"content":"                phrase \u003d phrase.substring(5);"},{"lineNumber":87,"author":{"gitId":"cloudy3"},"content":"                Todo todo \u003d new Todo(phrase);"},{"lineNumber":88,"author":{"gitId":"cloudy3"},"content":"                System.out.println(\"Got it! I\u0027ve added this task:\");"},{"lineNumber":89,"author":{"gitId":"cloudy3"},"content":"                tasks.add(todo);"},{"lineNumber":90,"author":{"gitId":"cloudy3"},"content":"                System.out.println(todo);"},{"lineNumber":91,"author":{"gitId":"cloudy3"},"content":"                taskCount++;"},{"lineNumber":92,"author":{"gitId":"cloudy3"},"content":"            } catch (StringIndexOutOfBoundsException e) {"},{"lineNumber":93,"author":{"gitId":"cloudy3"},"content":"                System.out.println(\"\\uD83D\\uDE2D Description of To-Do cannot be empty!\");"},{"lineNumber":94,"author":{"gitId":"cloudy3"},"content":"            }"},{"lineNumber":95,"author":{"gitId":"cloudy3"},"content":"            break;"},{"lineNumber":96,"author":{"gitId":"cloudy3"},"content":"        case (\"deadline\"):"},{"lineNumber":97,"author":{"gitId":"cloudy3"},"content":"            try {"},{"lineNumber":98,"author":{"gitId":"cloudy3"},"content":"                // Add a models.Deadline"},{"lineNumber":99,"author":{"gitId":"cloudy3"},"content":"                String by \u003d phrase.substring(dividerPosition + 4);"},{"lineNumber":100,"author":{"gitId":"cloudy3"},"content":"                phrase \u003d phrase.substring(9, dividerPosition);"},{"lineNumber":101,"author":{"gitId":"cloudy3"},"content":"                Deadline deadline \u003d new Deadline(phrase, by);"},{"lineNumber":102,"author":{"gitId":"cloudy3"},"content":"                System.out.println(\"Got it! I\u0027ve added this task:\");"},{"lineNumber":103,"author":{"gitId":"cloudy3"},"content":"                tasks.add(deadline);"},{"lineNumber":104,"author":{"gitId":"cloudy3"},"content":"                System.out.println(deadline);"},{"lineNumber":105,"author":{"gitId":"cloudy3"},"content":"                DukePrint.printTaskSize(tasks);"},{"lineNumber":106,"author":{"gitId":"cloudy3"},"content":"                taskCount++;"},{"lineNumber":107,"author":{"gitId":"cloudy3"},"content":"            } catch (StringIndexOutOfBoundsException e) {"},{"lineNumber":108,"author":{"gitId":"cloudy3"},"content":"                System.out.println(\"\\uD83D\\uDE2D Please enter deadline in the format: \u0027deadline \u003cname\u003e /by \u003cday\u003e \u003ctime\u003e\u0027\");"},{"lineNumber":109,"author":{"gitId":"cloudy3"},"content":"            }"},{"lineNumber":110,"author":{"gitId":"cloudy3"},"content":"            break;"},{"lineNumber":111,"author":{"gitId":"cloudy3"},"content":"        case (\"event\"):"},{"lineNumber":112,"author":{"gitId":"cloudy3"},"content":"            // Add an models.Event"},{"lineNumber":113,"author":{"gitId":"cloudy3"},"content":"            try {"},{"lineNumber":114,"author":{"gitId":"cloudy3"},"content":"                String eventTime \u003d phrase.substring(dividerPosition + 4);"},{"lineNumber":115,"author":{"gitId":"cloudy3"},"content":"                phrase \u003d phrase.substring(6, dividerPosition);"},{"lineNumber":116,"author":{"gitId":"cloudy3"},"content":"                Event event \u003d new Event(phrase, eventTime);"},{"lineNumber":117,"author":{"gitId":"cloudy3"},"content":"                System.out.println(\"Got it! I\u0027ve added this task:\");"},{"lineNumber":118,"author":{"gitId":"cloudy3"},"content":"                tasks.add(event);"},{"lineNumber":119,"author":{"gitId":"cloudy3"},"content":"                System.out.println(event);"},{"lineNumber":120,"author":{"gitId":"cloudy3"},"content":"                DukePrint.printTaskSize(tasks);"},{"lineNumber":121,"author":{"gitId":"cloudy3"},"content":"                taskCount++;"},{"lineNumber":122,"author":{"gitId":"cloudy3"},"content":"            } catch (StringIndexOutOfBoundsException e) {"},{"lineNumber":123,"author":{"gitId":"cloudy3"},"content":"                System.out.println(\"\\uD83D\\uDE2D Please enter event in the format: \u0027event \u003cname\u003e /at \u003cday\u003e \u003ctime\u003e\u0027\");"},{"lineNumber":124,"author":{"gitId":"cloudy3"},"content":"            }"},{"lineNumber":125,"author":{"gitId":"cloudy3"},"content":"            break;"},{"lineNumber":126,"author":{"gitId":"cloudy3"},"content":"        case (\"delete\"):"},{"lineNumber":127,"author":{"gitId":"cloudy3"},"content":"            // Deletes a task"},{"lineNumber":128,"author":{"gitId":"cloudy3"},"content":"            int toDelete \u003d Integer.parseInt(subStrings[1]) - 1;"},{"lineNumber":129,"author":{"gitId":"cloudy3"},"content":"            System.out.println(\"Noted. I\u0027ve removed this task:\");"},{"lineNumber":130,"author":{"gitId":"cloudy3"},"content":"            System.out.println(tasks.get(toDelete).toString());"},{"lineNumber":131,"author":{"gitId":"cloudy3"},"content":"            tasks.remove(toDelete);"},{"lineNumber":132,"author":{"gitId":"cloudy3"},"content":"            DukePrint.printTaskSize(tasks);"},{"lineNumber":133,"author":{"gitId":"cloudy3"},"content":"            break;"},{"lineNumber":134,"author":{"gitId":"cloudy3"},"content":"        default:"},{"lineNumber":135,"author":{"gitId":"cloudy3"},"content":"            // Invalid models.Task"},{"lineNumber":136,"author":{"gitId":"cloudy3"},"content":"            System.out.println(\"\\uD83D\\uDE2D Sorry mate I do not understand your request. Please specify task\");"},{"lineNumber":137,"author":{"gitId":"cloudy3"},"content":"            break;"},{"lineNumber":138,"author":{"gitId":"cloudy3"},"content":"        }"},{"lineNumber":139,"author":{"gitId":"cloudy3"},"content":"    }"},{"lineNumber":140,"author":{"gitId":"cloudy3"},"content":""},{"lineNumber":141,"author":{"gitId":"cloudy3"},"content":"    public static void parseData(String line) {"},{"lineNumber":142,"author":{"gitId":"cloudy3"},"content":"        String[] tokens \u003d line.split(\"#\");"},{"lineNumber":143,"author":{"gitId":"cloudy3"},"content":""},{"lineNumber":144,"author":{"gitId":"cloudy3"},"content":"        switch (tokens[0]) {"},{"lineNumber":145,"author":{"gitId":"cloudy3"},"content":"        case \"T\":"},{"lineNumber":146,"author":{"gitId":"cloudy3"},"content":"            try {"},{"lineNumber":147,"author":{"gitId":"cloudy3"},"content":"                boolean isDone \u003d Integer.parseInt(tokens[1]) \u003d\u003d 1;"},{"lineNumber":148,"author":{"gitId":"cloudy3"},"content":"                Todo todo \u003d new Todo(tokens[2], isDone);"},{"lineNumber":149,"author":{"gitId":"cloudy3"},"content":"                tasks.add(todo);"},{"lineNumber":150,"author":{"gitId":"cloudy3"},"content":"                taskCount++;"},{"lineNumber":151,"author":{"gitId":"cloudy3"},"content":"            } catch (NumberFormatException e) {"},{"lineNumber":152,"author":{"gitId":"cloudy3"},"content":"                return;"},{"lineNumber":153,"author":{"gitId":"cloudy3"},"content":"            }"},{"lineNumber":154,"author":{"gitId":"cloudy3"},"content":"            break;"},{"lineNumber":155,"author":{"gitId":"cloudy3"},"content":"        case \"D\":"},{"lineNumber":156,"author":{"gitId":"cloudy3"},"content":"            try {"},{"lineNumber":157,"author":{"gitId":"cloudy3"},"content":"                boolean isDone \u003d Integer.parseInt(tokens[1]) \u003d\u003d 1;"},{"lineNumber":158,"author":{"gitId":"cloudy3"},"content":"                Deadline deadline \u003d new Deadline(tokens[2], tokens[3], isDone);"},{"lineNumber":159,"author":{"gitId":"cloudy3"},"content":"                tasks.add(deadline);"},{"lineNumber":160,"author":{"gitId":"cloudy3"},"content":"                taskCount++;"},{"lineNumber":161,"author":{"gitId":"cloudy3"},"content":"            } catch (NumberFormatException e) {"},{"lineNumber":162,"author":{"gitId":"cloudy3"},"content":"                return;"},{"lineNumber":163,"author":{"gitId":"cloudy3"},"content":"            }"},{"lineNumber":164,"author":{"gitId":"cloudy3"},"content":"            break;"},{"lineNumber":165,"author":{"gitId":"cloudy3"},"content":"        case \"E\":"},{"lineNumber":166,"author":{"gitId":"cloudy3"},"content":"            try {"},{"lineNumber":167,"author":{"gitId":"cloudy3"},"content":"                boolean isDone \u003d Integer.parseInt(tokens[1]) \u003d\u003d 1;"},{"lineNumber":168,"author":{"gitId":"cloudy3"},"content":"                Event event \u003d new Event(tokens[2], tokens[3], isDone);"},{"lineNumber":169,"author":{"gitId":"cloudy3"},"content":"                tasks.add(event);"},{"lineNumber":170,"author":{"gitId":"cloudy3"},"content":"                taskCount++;"},{"lineNumber":171,"author":{"gitId":"cloudy3"},"content":"            } catch (NumberFormatException e) {"},{"lineNumber":172,"author":{"gitId":"cloudy3"},"content":"                return;"},{"lineNumber":173,"author":{"gitId":"cloudy3"},"content":"            }"},{"lineNumber":174,"author":{"gitId":"cloudy3"},"content":"            break;"},{"lineNumber":175,"author":{"gitId":"cloudy3"},"content":"        default:"},{"lineNumber":176,"author":{"gitId":"cloudy3"},"content":"            System.out.println(\"Invalid data!\");"},{"lineNumber":177,"author":{"gitId":"cloudy3"},"content":"            break;"},{"lineNumber":178,"author":{"gitId":"cloudy3"},"content":"        }"},{"lineNumber":179,"author":{"gitId":"cloudy3"},"content":"    }"},{"lineNumber":180,"author":{"gitId":"cloudy3"},"content":""},{"lineNumber":181,"author":{"gitId":"cloudy3"},"content":"    public static void saveFile() throws IOException {"},{"lineNumber":182,"author":{"gitId":"cloudy3"},"content":"        File path \u003d new File(\"tasks.txt\");"},{"lineNumber":183,"author":{"gitId":"cloudy3"},"content":"        if (!path.exists()) {"},{"lineNumber":184,"author":{"gitId":"cloudy3"},"content":"            if (!path.createNewFile()) {"},{"lineNumber":185,"author":{"gitId":"cloudy3"},"content":"                throw new IOException();"},{"lineNumber":186,"author":{"gitId":"cloudy3"},"content":"            }"},{"lineNumber":187,"author":{"gitId":"cloudy3"},"content":"        }"},{"lineNumber":188,"author":{"gitId":"cloudy3"},"content":"        FileWriter fileWriter \u003d new FileWriter(path);"},{"lineNumber":189,"author":{"gitId":"cloudy3"},"content":"        for (int i \u003d 0; i \u003c taskCount; i++) {"},{"lineNumber":190,"author":{"gitId":"cloudy3"},"content":"            fileWriter.write(tasks.get(i).formatData());"},{"lineNumber":191,"author":{"gitId":"cloudy3"},"content":"        }"},{"lineNumber":192,"author":{"gitId":"cloudy3"},"content":"        fileWriter.flush();"},{"lineNumber":193,"author":{"gitId":"cloudy3"},"content":"        fileWriter.close();"},{"lineNumber":194,"author":{"gitId":"cloudy3"},"content":"    }"},{"lineNumber":195,"author":{"gitId":"cloudy3"},"content":""},{"lineNumber":196,"author":{"gitId":"cloudy3"},"content":"    public static void loadFile() throws FileNotFoundException {"},{"lineNumber":197,"author":{"gitId":"cloudy3"},"content":"        File path \u003d new File(\"tasks.txt\");"},{"lineNumber":198,"author":{"gitId":"cloudy3"},"content":"        if (!path.exists()) {"},{"lineNumber":199,"author":{"gitId":"cloudy3"},"content":"            throw new FileNotFoundException();"},{"lineNumber":200,"author":{"gitId":"cloudy3"},"content":"        }"},{"lineNumber":201,"author":{"gitId":"cloudy3"},"content":"        Scanner scanner \u003d new Scanner(path);"},{"lineNumber":202,"author":{"gitId":"cloudy3"},"content":"        try {"},{"lineNumber":203,"author":{"gitId":"cloudy3"},"content":"            while (scanner.hasNext()) {"},{"lineNumber":204,"author":{"gitId":"cloudy3"},"content":"                String line \u003d scanner.nextLine();"},{"lineNumber":205,"author":{"gitId":"cloudy3"},"content":"                parseData(line);"},{"lineNumber":206,"author":{"gitId":"cloudy3"},"content":"            }"},{"lineNumber":207,"author":{"gitId":"cloudy3"},"content":"        } catch (Exception e) {"},{"lineNumber":208,"author":{"gitId":"cloudy3"},"content":"            System.out.println(\"Failed to load!\");"},{"lineNumber":209,"author":{"gitId":"cloudy3"},"content":"            taskCount \u003d 0;"},{"lineNumber":210,"author":{"gitId":"cloudy3"},"content":"            tasks.clear();"},{"lineNumber":211,"author":{"gitId":"cloudy3"},"content":"        }"},{"lineNumber":212,"author":{"gitId":"cloudy3"},"content":""},{"lineNumber":213,"author":{"gitId":"-"},"content":"    }"},{"lineNumber":214,"author":{"gitId":"-"},"content":"}"}],"authorContributionMap":{"cloudy3":210,"-":4}},{"path":"src/main/java/io/DukePrint.java","fileType":"java","lines":[{"lineNumber":1,"author":{"gitId":"cloudy3"},"content":"package io;"},{"lineNumber":2,"author":{"gitId":"cloudy3"},"content":""},{"lineNumber":3,"author":{"gitId":"cloudy3"},"content":"import models.Task;"},{"lineNumber":4,"author":{"gitId":"cloudy3"},"content":""},{"lineNumber":5,"author":{"gitId":"cloudy3"},"content":"import java.util.ArrayList;"},{"lineNumber":6,"author":{"gitId":"cloudy3"},"content":""},{"lineNumber":7,"author":{"gitId":"cloudy3"},"content":"public class DukePrint {"},{"lineNumber":8,"author":{"gitId":"cloudy3"},"content":"    public static void printLogo() {"},{"lineNumber":9,"author":{"gitId":"cloudy3"},"content":"        String logo \u003d \" ____        _        \\n\""},{"lineNumber":10,"author":{"gitId":"cloudy3"},"content":"                + \"|  _ \\\\ _   _| | _____ \\n\""},{"lineNumber":11,"author":{"gitId":"cloudy3"},"content":"                + \"| | | | | | | |/ / _ \\\\\\n\""},{"lineNumber":12,"author":{"gitId":"cloudy3"},"content":"                + \"| |_| | |_| |   \u003c  __/\\n\""},{"lineNumber":13,"author":{"gitId":"cloudy3"},"content":"                + \"|____/ \\\\__,_|_|\\\\_\\\\___|\\n\";"},{"lineNumber":14,"author":{"gitId":"cloudy3"},"content":"        System.out.println(\"Hello from\\n\" + logo);"},{"lineNumber":15,"author":{"gitId":"cloudy3"},"content":"    }"},{"lineNumber":16,"author":{"gitId":"cloudy3"},"content":""},{"lineNumber":17,"author":{"gitId":"cloudy3"},"content":"    public static void printDivider() {"},{"lineNumber":18,"author":{"gitId":"cloudy3"},"content":"        System.out.println(\"~____________________________________________________________~\");"},{"lineNumber":19,"author":{"gitId":"cloudy3"},"content":"    }"},{"lineNumber":20,"author":{"gitId":"cloudy3"},"content":""},{"lineNumber":21,"author":{"gitId":"cloudy3"},"content":"    public static void printEndDivider() {"},{"lineNumber":22,"author":{"gitId":"cloudy3"},"content":"        System.out.println(\"~____________________________________________________________~\\n\");"},{"lineNumber":23,"author":{"gitId":"cloudy3"},"content":"    }"},{"lineNumber":24,"author":{"gitId":"cloudy3"},"content":""},{"lineNumber":25,"author":{"gitId":"cloudy3"},"content":"    public static void printTaskSize(ArrayList\u003cTask\u003e tasks) {"},{"lineNumber":26,"author":{"gitId":"cloudy3"},"content":"        System.out.println(\"Now you have \" + tasks.size() + \" tasks in the list.\");"},{"lineNumber":27,"author":{"gitId":"cloudy3"},"content":"    }"},{"lineNumber":28,"author":{"gitId":"cloudy3"},"content":"}"}],"authorContributionMap":{"cloudy3":28}},{"path":"src/main/java/models/Deadline.java","fileType":"java","lines":[{"lineNumber":1,"author":{"gitId":"cloudy3"},"content":"package models;"},{"lineNumber":2,"author":{"gitId":"cloudy3"},"content":""},{"lineNumber":3,"author":{"gitId":"cloudy3"},"content":"public class Deadline extends Task {"},{"lineNumber":4,"author":{"gitId":"cloudy3"},"content":""},{"lineNumber":5,"author":{"gitId":"cloudy3"},"content":"    protected String by;"},{"lineNumber":6,"author":{"gitId":"cloudy3"},"content":""},{"lineNumber":7,"author":{"gitId":"cloudy3"},"content":"    public Deadline(String description, String by) {"},{"lineNumber":8,"author":{"gitId":"cloudy3"},"content":"        super(description);"},{"lineNumber":9,"author":{"gitId":"cloudy3"},"content":"        this.by \u003d by;"},{"lineNumber":10,"author":{"gitId":"cloudy3"},"content":"    }"},{"lineNumber":11,"author":{"gitId":"cloudy3"},"content":""},{"lineNumber":12,"author":{"gitId":"cloudy3"},"content":"    public Deadline(String description, String by, boolean isDone) {"},{"lineNumber":13,"author":{"gitId":"cloudy3"},"content":"        super(description, isDone);"},{"lineNumber":14,"author":{"gitId":"cloudy3"},"content":"        this.by \u003d by;"},{"lineNumber":15,"author":{"gitId":"cloudy3"},"content":"    }"},{"lineNumber":16,"author":{"gitId":"cloudy3"},"content":""},{"lineNumber":17,"author":{"gitId":"cloudy3"},"content":"    @Override"},{"lineNumber":18,"author":{"gitId":"cloudy3"},"content":"    public String toString() {"},{"lineNumber":19,"author":{"gitId":"cloudy3"},"content":"        return \"[D]\" + super.toString() + \" (by: \" + this.by + \")\";"},{"lineNumber":20,"author":{"gitId":"cloudy3"},"content":"    }"},{"lineNumber":21,"author":{"gitId":"cloudy3"},"content":""},{"lineNumber":22,"author":{"gitId":"cloudy3"},"content":"    @Override"},{"lineNumber":23,"author":{"gitId":"cloudy3"},"content":"    public String formatData() {"},{"lineNumber":24,"author":{"gitId":"cloudy3"},"content":"        int done;"},{"lineNumber":25,"author":{"gitId":"cloudy3"},"content":"        if (isDone) {"},{"lineNumber":26,"author":{"gitId":"cloudy3"},"content":"            done \u003d 1;"},{"lineNumber":27,"author":{"gitId":"cloudy3"},"content":"        } else {"},{"lineNumber":28,"author":{"gitId":"cloudy3"},"content":"            done \u003d 0;"},{"lineNumber":29,"author":{"gitId":"cloudy3"},"content":"        }"},{"lineNumber":30,"author":{"gitId":"cloudy3"},"content":"        return \"D\" + \"#\" + done + \"#\" + description + \"#\" + by + \"\\n\";"},{"lineNumber":31,"author":{"gitId":"cloudy3"},"content":"    }"},{"lineNumber":32,"author":{"gitId":"cloudy3"},"content":"}"}],"authorContributionMap":{"cloudy3":32}},{"path":"src/main/java/models/Event.java","fileType":"java","lines":[{"lineNumber":1,"author":{"gitId":"cloudy3"},"content":"package models;"},{"lineNumber":2,"author":{"gitId":"cloudy3"},"content":""},{"lineNumber":3,"author":{"gitId":"cloudy3"},"content":"public class Event extends Task {"},{"lineNumber":4,"author":{"gitId":"cloudy3"},"content":""},{"lineNumber":5,"author":{"gitId":"cloudy3"},"content":"    protected String eventTime;"},{"lineNumber":6,"author":{"gitId":"cloudy3"},"content":""},{"lineNumber":7,"author":{"gitId":"cloudy3"},"content":"    public Event(String description, String eventTime) {"},{"lineNumber":8,"author":{"gitId":"cloudy3"},"content":"        super(description);"},{"lineNumber":9,"author":{"gitId":"cloudy3"},"content":"        this.eventTime \u003d eventTime;"},{"lineNumber":10,"author":{"gitId":"cloudy3"},"content":"    }"},{"lineNumber":11,"author":{"gitId":"cloudy3"},"content":""},{"lineNumber":12,"author":{"gitId":"cloudy3"},"content":"    public Event(String description, String eventTime, boolean isDone) {"},{"lineNumber":13,"author":{"gitId":"cloudy3"},"content":"        super(description, isDone);"},{"lineNumber":14,"author":{"gitId":"cloudy3"},"content":"        this.eventTime \u003d eventTime;"},{"lineNumber":15,"author":{"gitId":"cloudy3"},"content":"    }"},{"lineNumber":16,"author":{"gitId":"cloudy3"},"content":""},{"lineNumber":17,"author":{"gitId":"cloudy3"},"content":"    @Override"},{"lineNumber":18,"author":{"gitId":"cloudy3"},"content":"    public String toString() {"},{"lineNumber":19,"author":{"gitId":"cloudy3"},"content":"        return \"[E]\" + super.toString() + \" (at: \" + this.eventTime + \")\";"},{"lineNumber":20,"author":{"gitId":"cloudy3"},"content":"    }"},{"lineNumber":21,"author":{"gitId":"cloudy3"},"content":""},{"lineNumber":22,"author":{"gitId":"cloudy3"},"content":"    @Override"},{"lineNumber":23,"author":{"gitId":"cloudy3"},"content":"    public String formatData() {"},{"lineNumber":24,"author":{"gitId":"cloudy3"},"content":"        int done;"},{"lineNumber":25,"author":{"gitId":"cloudy3"},"content":"        if (isDone) {"},{"lineNumber":26,"author":{"gitId":"cloudy3"},"content":"            done \u003d 1;"},{"lineNumber":27,"author":{"gitId":"cloudy3"},"content":"        } else {"},{"lineNumber":28,"author":{"gitId":"cloudy3"},"content":"            done \u003d 0;"},{"lineNumber":29,"author":{"gitId":"cloudy3"},"content":"        }"},{"lineNumber":30,"author":{"gitId":"cloudy3"},"content":"        return \"E\" + \"#\" + done + \"#\" + description + \"#\" + eventTime + \"\\n\";"},{"lineNumber":31,"author":{"gitId":"cloudy3"},"content":"    }"},{"lineNumber":32,"author":{"gitId":"cloudy3"},"content":"}"}],"authorContributionMap":{"cloudy3":32}},{"path":"src/main/java/models/Task.java","fileType":"java","lines":[{"lineNumber":1,"author":{"gitId":"cloudy3"},"content":"package models;"},{"lineNumber":2,"author":{"gitId":"cloudy3"},"content":""},{"lineNumber":3,"author":{"gitId":"cloudy3"},"content":"public abstract class Task {"},{"lineNumber":4,"author":{"gitId":"cloudy3"},"content":"    protected String description;"},{"lineNumber":5,"author":{"gitId":"cloudy3"},"content":"    protected boolean isDone;"},{"lineNumber":6,"author":{"gitId":"cloudy3"},"content":""},{"lineNumber":7,"author":{"gitId":"cloudy3"},"content":"    public Task(String description) {"},{"lineNumber":8,"author":{"gitId":"cloudy3"},"content":"        this.description \u003d description;"},{"lineNumber":9,"author":{"gitId":"cloudy3"},"content":"        this.isDone \u003d false;"},{"lineNumber":10,"author":{"gitId":"cloudy3"},"content":"    }"},{"lineNumber":11,"author":{"gitId":"cloudy3"},"content":""},{"lineNumber":12,"author":{"gitId":"cloudy3"},"content":"    public Task(String description, boolean isDone) {"},{"lineNumber":13,"author":{"gitId":"cloudy3"},"content":"        this.description \u003d description;"},{"lineNumber":14,"author":{"gitId":"cloudy3"},"content":"        this.isDone \u003d isDone;"},{"lineNumber":15,"author":{"gitId":"cloudy3"},"content":"    }"},{"lineNumber":16,"author":{"gitId":"cloudy3"},"content":""},{"lineNumber":17,"author":{"gitId":"cloudy3"},"content":"    public String getDescription() {"},{"lineNumber":18,"author":{"gitId":"cloudy3"},"content":"        return this.description;"},{"lineNumber":19,"author":{"gitId":"cloudy3"},"content":"    }"},{"lineNumber":20,"author":{"gitId":"cloudy3"},"content":""},{"lineNumber":21,"author":{"gitId":"cloudy3"},"content":"    public void markAsDone() {"},{"lineNumber":22,"author":{"gitId":"cloudy3"},"content":"        this.isDone \u003d true;"},{"lineNumber":23,"author":{"gitId":"cloudy3"},"content":"    }"},{"lineNumber":24,"author":{"gitId":"cloudy3"},"content":""},{"lineNumber":25,"author":{"gitId":"cloudy3"},"content":"    public String getStatusIcon() {"},{"lineNumber":26,"author":{"gitId":"cloudy3"},"content":"        return (isDone ? \"\\u2713\" : \" \");  // return tick symbol if done"},{"lineNumber":27,"author":{"gitId":"cloudy3"},"content":"    }"},{"lineNumber":28,"author":{"gitId":"cloudy3"},"content":""},{"lineNumber":29,"author":{"gitId":"cloudy3"},"content":"    abstract public String formatData();"},{"lineNumber":30,"author":{"gitId":"cloudy3"},"content":""},{"lineNumber":31,"author":{"gitId":"cloudy3"},"content":"    @Override"},{"lineNumber":32,"author":{"gitId":"cloudy3"},"content":"    public String toString() {"},{"lineNumber":33,"author":{"gitId":"cloudy3"},"content":"        return (\"[\" + getStatusIcon() + \"] \" + getDescription());"},{"lineNumber":34,"author":{"gitId":"cloudy3"},"content":"    }"},{"lineNumber":35,"author":{"gitId":"cloudy3"},"content":""},{"lineNumber":36,"author":{"gitId":"cloudy3"},"content":"}"}],"authorContributionMap":{"cloudy3":36}},{"path":"src/main/java/models/Todo.java","fileType":"java","lines":[{"lineNumber":1,"author":{"gitId":"cloudy3"},"content":"package models;"},{"lineNumber":2,"author":{"gitId":"cloudy3"},"content":""},{"lineNumber":3,"author":{"gitId":"cloudy3"},"content":"public class Todo extends Task {"},{"lineNumber":4,"author":{"gitId":"cloudy3"},"content":""},{"lineNumber":5,"author":{"gitId":"cloudy3"},"content":"    public Todo(String description) {"},{"lineNumber":6,"author":{"gitId":"cloudy3"},"content":"        super(description);"},{"lineNumber":7,"author":{"gitId":"cloudy3"},"content":"    }"},{"lineNumber":8,"author":{"gitId":"cloudy3"},"content":""},{"lineNumber":9,"author":{"gitId":"cloudy3"},"content":"    public Todo(String description, boolean isDone) {"},{"lineNumber":10,"author":{"gitId":"cloudy3"},"content":"        super(description, isDone);"},{"lineNumber":11,"author":{"gitId":"cloudy3"},"content":"    }"},{"lineNumber":12,"author":{"gitId":"cloudy3"},"content":""},{"lineNumber":13,"author":{"gitId":"cloudy3"},"content":"    @Override"},{"lineNumber":14,"author":{"gitId":"cloudy3"},"content":"    public String toString() {"},{"lineNumber":15,"author":{"gitId":"cloudy3"},"content":"        return \"[T]\" + super.toString();"},{"lineNumber":16,"author":{"gitId":"cloudy3"},"content":"    }"},{"lineNumber":17,"author":{"gitId":"cloudy3"},"content":""},{"lineNumber":18,"author":{"gitId":"cloudy3"},"content":"    @Override"},{"lineNumber":19,"author":{"gitId":"cloudy3"},"content":"    public String formatData() {"},{"lineNumber":20,"author":{"gitId":"cloudy3"},"content":"        int done;"},{"lineNumber":21,"author":{"gitId":"cloudy3"},"content":"        if (isDone) {"},{"lineNumber":22,"author":{"gitId":"cloudy3"},"content":"            done \u003d 1;"},{"lineNumber":23,"author":{"gitId":"cloudy3"},"content":"        } else {"},{"lineNumber":24,"author":{"gitId":"cloudy3"},"content":"            done \u003d 0;"},{"lineNumber":25,"author":{"gitId":"cloudy3"},"content":"        }"},{"lineNumber":26,"author":{"gitId":"cloudy3"},"content":"        return \"T\" + \"#\" + done + \"#\" + description + \"\\n\";"},{"lineNumber":27,"author":{"gitId":"cloudy3"},"content":"    }"},{"lineNumber":28,"author":{"gitId":"cloudy3"},"content":"}"}],"authorContributionMap":{"cloudy3":28}},{"path":"text-ui-test/input.txt","fileType":"txt","lines":[{"lineNumber":1,"author":{"gitId":"cloudy3"},"content":"todo borrow book"},{"lineNumber":2,"author":{"gitId":"cloudy3"},"content":"deadline return book /by June 6th"},{"lineNumber":3,"author":{"gitId":"cloudy3"},"content":"todo join sports club"},{"lineNumber":4,"author":{"gitId":"cloudy3"},"content":"event project meeting /at Aug 6th 2-4pm"},{"lineNumber":5,"author":{"gitId":"cloudy3"},"content":"list"},{"lineNumber":6,"author":{"gitId":"cloudy3"},"content":"delete 3"},{"lineNumber":7,"author":{"gitId":"cloudy3"},"content":"list"}],"authorContributionMap":{"cloudy3":7}}]
