{"authorDailyContributionsMap":{"cloudy3":[{"date":"2021-01-18","commitResults":[{"hash":"c380181ff9c7396d21406a765b8aa71285075ed4","messageTitle":"Update readme to reflect new IntelliJ version","messageBody":"","fileTypesAndContributionMap":{"md":{"insertions":10,"deletions":10}}},{"hash":"8cf74a9bf270a216eeedae558b9ebe1681ed3386","messageTitle":"Update README.md","messageBody":"","tags":["Level-0"],"fileTypesAndContributionMap":{"md":{"insertions":2,"deletions":2}}}]},{"date":"2021-01-23","commitResults":[{"hash":"f77a30e6e599674b6b9781321c33710279965282","messageTitle":"Added Level 0. Greet.","messageBody":"","tags":["Level-1"],"fileTypesAndContributionMap":{"java":{"insertions":7,"deletions":0}}},{"hash":"f1eeaf4a99fab034c5e6991e3a2b6faf58a6aca3","messageTitle":"Add Greet, Echo, Exit","messageBody":"","tags":["Level-2"],"fileTypesAndContributionMap":{"java":{"insertions":22,"deletions":5}}},{"hash":"b36c7f2bca67f35a12e16f847caf74ce346e09cb","messageTitle":"Allow user to add and list tasks","messageBody":"","tags":["Level-3"],"fileTypesAndContributionMap":{"java":{"insertions":12,"deletions":2}}},{"hash":"ec8c064e55a35e2ac6f827b533bd9d9d0e86f9ae","messageTitle":"Add Mark As Done","messageBody":"","tags":["A-CodingStandard"],"fileTypesAndContributionMap":{"java":{"insertions":41,"deletions":4}}},{"hash":"2bb389e5fbca19e7f99c2b98f4d71365e53b9948","messageTitle":"Tweak to comply coding standard","messageBody":"","fileTypesAndContributionMap":{"java":{"insertions":2,"deletions":2}}}]}]},"authorFileTypeContributionMap":{"cloudy3":{"java":71,"md":9,"fxml":0,"sh":0,"bat":0,"gradle":0,"txt":0}},"authorContributionVariance":{"cloudy3":681.4437},"authorDisplayNameMap":{"cloudy3":"CHEA..FENG"}}
