[{"path":"src/main/java/duke/DeadlineException.java","fileType":"java","lines":[{"lineNumber":1,"author":{"gitId":"warmwhalefy"},"content":"package duke;"},{"lineNumber":2,"author":{"gitId":"warmwhalefy"},"content":""},{"lineNumber":3,"author":{"gitId":"warmwhalefy"},"content":"public class DeadlineException extends Exception {"},{"lineNumber":4,"author":{"gitId":"warmwhalefy"},"content":"}"}],"authorContributionMap":{"warmwhalefy":4}},{"path":"src/main/java/duke/Duke.java","fileType":"java","lines":[{"lineNumber":1,"author":{"gitId":"warmwhalefy"},"content":"package duke;"},{"lineNumber":2,"author":{"gitId":"warmwhalefy"},"content":""},{"lineNumber":3,"author":{"gitId":"warmwhalefy"},"content":"import duke.command.*;"},{"lineNumber":4,"author":{"gitId":"warmwhalefy"},"content":"import java.nio.file.Path;"},{"lineNumber":5,"author":{"gitId":"warmwhalefy"},"content":""},{"lineNumber":6,"author":{"gitId":"-"},"content":"public class Duke {"},{"lineNumber":7,"author":{"gitId":"warmwhalefy"},"content":""},{"lineNumber":8,"author":{"gitId":"warmwhalefy"},"content":"    public static final String SECTION_DIVIDER \u003d \"____________________________________________________________\";"},{"lineNumber":9,"author":{"gitId":"warmwhalefy"},"content":"    private final Storage storage;"},{"lineNumber":10,"author":{"gitId":"warmwhalefy"},"content":"    private final Ui ui;"},{"lineNumber":11,"author":{"gitId":"warmwhalefy"},"content":"    private TaskList tasks;"},{"lineNumber":12,"author":{"gitId":"warmwhalefy"},"content":""},{"lineNumber":13,"author":{"gitId":"warmwhalefy"},"content":"    public Duke(String filePath) {"},{"lineNumber":14,"author":{"gitId":"warmwhalefy"},"content":"        ui \u003d new Ui();"},{"lineNumber":15,"author":{"gitId":"warmwhalefy"},"content":"        ui.greetUser();"},{"lineNumber":16,"author":{"gitId":"warmwhalefy"},"content":"        storage \u003d new Storage(filePath);"},{"lineNumber":17,"author":{"gitId":"warmwhalefy"},"content":"        try {"},{"lineNumber":18,"author":{"gitId":"warmwhalefy"},"content":"            tasks \u003d new TaskList(storage.load());"},{"lineNumber":19,"author":{"gitId":"warmwhalefy"},"content":"            tasks.viewTasks();"},{"lineNumber":20,"author":{"gitId":"warmwhalefy"},"content":"        } catch (DukeException e) {"},{"lineNumber":21,"author":{"gitId":"warmwhalefy"},"content":"            ui.showLoadingError(e.getMessage());"},{"lineNumber":22,"author":{"gitId":"warmwhalefy"},"content":"            tasks \u003d new TaskList();"},{"lineNumber":23,"author":{"gitId":"warmwhalefy"},"content":"        }"},{"lineNumber":24,"author":{"gitId":"warmwhalefy"},"content":"    }"},{"lineNumber":25,"author":{"gitId":"warmwhalefy"},"content":""},{"lineNumber":26,"author":{"gitId":"warmwhalefy"},"content":"    public void run() {"},{"lineNumber":27,"author":{"gitId":"warmwhalefy"},"content":"        boolean isBye \u003d false;"},{"lineNumber":28,"author":{"gitId":"warmwhalefy"},"content":"        while (!isBye) {"},{"lineNumber":29,"author":{"gitId":"warmwhalefy"},"content":"            try {"},{"lineNumber":30,"author":{"gitId":"warmwhalefy"},"content":"                String userInput \u003d Ui.getUserInput();"},{"lineNumber":31,"author":{"gitId":"warmwhalefy"},"content":"                Command command \u003d Parser.parseCommand(userInput);"},{"lineNumber":32,"author":{"gitId":"warmwhalefy"},"content":"                command.executeCommand(userInput, tasks, Path.of(Storage.fileName));"},{"lineNumber":33,"author":{"gitId":"warmwhalefy"},"content":"                isBye \u003d ui.sayBye(userInput);"},{"lineNumber":34,"author":{"gitId":"warmwhalefy"},"content":"            } catch (DukeException e) {"},{"lineNumber":35,"author":{"gitId":"warmwhalefy"},"content":"                ui.showErrorMessage(e.getMessage());"},{"lineNumber":36,"author":{"gitId":"warmwhalefy"},"content":"            }"},{"lineNumber":37,"author":{"gitId":"warmwhalefy"},"content":"        }"},{"lineNumber":38,"author":{"gitId":"warmwhalefy"},"content":"    }"},{"lineNumber":39,"author":{"gitId":"warmwhalefy"},"content":""},{"lineNumber":40,"author":{"gitId":"warmwhalefy"},"content":"    public static void main(String[] args) {"},{"lineNumber":41,"author":{"gitId":"warmwhalefy"},"content":""},{"lineNumber":42,"author":{"gitId":"warmwhalefy"},"content":"        new Duke(\"duke.txt\").run();"},{"lineNumber":43,"author":{"gitId":"warmwhalefy"},"content":""},{"lineNumber":44,"author":{"gitId":"warmwhalefy"},"content":"    }"},{"lineNumber":45,"author":{"gitId":"-"},"content":"}"}],"authorContributionMap":{"warmwhalefy":43,"-":2}},{"path":"src/main/java/duke/EventException.java","fileType":"java","lines":[{"lineNumber":1,"author":{"gitId":"warmwhalefy"},"content":"package duke;"},{"lineNumber":2,"author":{"gitId":"warmwhalefy"},"content":""},{"lineNumber":3,"author":{"gitId":"warmwhalefy"},"content":"public class EventException extends Exception{"},{"lineNumber":4,"author":{"gitId":"warmwhalefy"},"content":"}"}],"authorContributionMap":{"warmwhalefy":4}},{"path":"src/main/java/duke/TaskException.java","fileType":"java","lines":[{"lineNumber":1,"author":{"gitId":"warmwhalefy"},"content":"package duke;"},{"lineNumber":2,"author":{"gitId":"warmwhalefy"},"content":""},{"lineNumber":3,"author":{"gitId":"warmwhalefy"},"content":"public class TaskException extends Exception {"},{"lineNumber":4,"author":{"gitId":"warmwhalefy"},"content":"}"}],"authorContributionMap":{"warmwhalefy":4}},{"path":"src/main/java/duke/command/AddCommand.java","fileType":"java","lines":[{"lineNumber":1,"author":{"gitId":"warmwhalefy"},"content":"package duke.command;"},{"lineNumber":2,"author":{"gitId":"warmwhalefy"},"content":""},{"lineNumber":3,"author":{"gitId":"warmwhalefy"},"content":"import duke.task.Task;"},{"lineNumber":4,"author":{"gitId":"warmwhalefy"},"content":""},{"lineNumber":5,"author":{"gitId":"warmwhalefy"},"content":"import java.nio.file.Path;"},{"lineNumber":6,"author":{"gitId":"warmwhalefy"},"content":""},{"lineNumber":7,"author":{"gitId":"warmwhalefy"},"content":"public class AddCommand extends Command {"},{"lineNumber":8,"author":{"gitId":"warmwhalefy"},"content":""},{"lineNumber":9,"author":{"gitId":"warmwhalefy"},"content":"    @Override"},{"lineNumber":10,"author":{"gitId":"warmwhalefy"},"content":"    public void executeCommand(String userInput, TaskList tasks, Path filePath) throws DukeException {"},{"lineNumber":11,"author":{"gitId":"warmwhalefy"},"content":"        Task taskToAdd \u003d Parser.getTask(userInput);"},{"lineNumber":12,"author":{"gitId":"warmwhalefy"},"content":"        tasks.addTask(taskToAdd);"},{"lineNumber":13,"author":{"gitId":"warmwhalefy"},"content":"        Storage.updateFile(tasks, Path.of(Storage.fileName));"},{"lineNumber":14,"author":{"gitId":"warmwhalefy"},"content":"    }"},{"lineNumber":15,"author":{"gitId":"warmwhalefy"},"content":"}"}],"authorContributionMap":{"warmwhalefy":15}},{"path":"src/main/java/duke/command/ByeCommand.java","fileType":"java","lines":[{"lineNumber":1,"author":{"gitId":"warmwhalefy"},"content":"package duke.command;"},{"lineNumber":2,"author":{"gitId":"warmwhalefy"},"content":""},{"lineNumber":3,"author":{"gitId":"warmwhalefy"},"content":"import java.nio.file.Path;"},{"lineNumber":4,"author":{"gitId":"warmwhalefy"},"content":""},{"lineNumber":5,"author":{"gitId":"warmwhalefy"},"content":"public class ByeCommand extends  Command {"},{"lineNumber":6,"author":{"gitId":"warmwhalefy"},"content":"    @Override"},{"lineNumber":7,"author":{"gitId":"warmwhalefy"},"content":"    public void executeCommand(String userInput, TaskList tasks, Path filePath) throws DukeException {"},{"lineNumber":8,"author":{"gitId":"warmwhalefy"},"content":""},{"lineNumber":9,"author":{"gitId":"warmwhalefy"},"content":"    }"},{"lineNumber":10,"author":{"gitId":"warmwhalefy"},"content":"}"}],"authorContributionMap":{"warmwhalefy":10}},{"path":"src/main/java/duke/command/Command.java","fileType":"java","lines":[{"lineNumber":1,"author":{"gitId":"warmwhalefy"},"content":"package duke.command;"},{"lineNumber":2,"author":{"gitId":"warmwhalefy"},"content":""},{"lineNumber":3,"author":{"gitId":"warmwhalefy"},"content":"import java.nio.file.Path;"},{"lineNumber":4,"author":{"gitId":"warmwhalefy"},"content":""},{"lineNumber":5,"author":{"gitId":"warmwhalefy"},"content":"import static duke.command.Parser.*;"},{"lineNumber":6,"author":{"gitId":"warmwhalefy"},"content":"import static duke.command.Parser.KEYWORD_BYE;"},{"lineNumber":7,"author":{"gitId":"warmwhalefy"},"content":""},{"lineNumber":8,"author":{"gitId":"warmwhalefy"},"content":"public abstract class Command {"},{"lineNumber":9,"author":{"gitId":"warmwhalefy"},"content":""},{"lineNumber":10,"author":{"gitId":"warmwhalefy"},"content":"    public abstract void executeCommand(String userInput, TaskList tasks, Path filePath) throws DukeException;"},{"lineNumber":11,"author":{"gitId":"warmwhalefy"},"content":""},{"lineNumber":12,"author":{"gitId":"warmwhalefy"},"content":"}"}],"authorContributionMap":{"warmwhalefy":12}},{"path":"src/main/java/duke/command/DeleteCommand.java","fileType":"java","lines":[{"lineNumber":1,"author":{"gitId":"warmwhalefy"},"content":"package duke.command;"},{"lineNumber":2,"author":{"gitId":"warmwhalefy"},"content":""},{"lineNumber":3,"author":{"gitId":"warmwhalefy"},"content":"import java.nio.file.Path;"},{"lineNumber":4,"author":{"gitId":"warmwhalefy"},"content":""},{"lineNumber":5,"author":{"gitId":"warmwhalefy"},"content":"public class DeleteCommand extends Command {"},{"lineNumber":6,"author":{"gitId":"warmwhalefy"},"content":""},{"lineNumber":7,"author":{"gitId":"warmwhalefy"},"content":"    @Override"},{"lineNumber":8,"author":{"gitId":"warmwhalefy"},"content":"    public void executeCommand(String userInput, TaskList tasks, Path filePath) throws DukeException {"},{"lineNumber":9,"author":{"gitId":"warmwhalefy"},"content":"        int taskNo \u003d Parser.getTaskNo(userInput);"},{"lineNumber":10,"author":{"gitId":"warmwhalefy"},"content":"        tasks.deleteTask(taskNo);"},{"lineNumber":11,"author":{"gitId":"warmwhalefy"},"content":"        Storage.updateFile(tasks, Path.of(Storage.fileName));"},{"lineNumber":12,"author":{"gitId":"warmwhalefy"},"content":"    }"},{"lineNumber":13,"author":{"gitId":"warmwhalefy"},"content":"}"}],"authorContributionMap":{"warmwhalefy":13}},{"path":"src/main/java/duke/command/DoneCommand.java","fileType":"java","lines":[{"lineNumber":1,"author":{"gitId":"warmwhalefy"},"content":"package duke.command;"},{"lineNumber":2,"author":{"gitId":"warmwhalefy"},"content":""},{"lineNumber":3,"author":{"gitId":"warmwhalefy"},"content":"import java.nio.file.Path;"},{"lineNumber":4,"author":{"gitId":"warmwhalefy"},"content":""},{"lineNumber":5,"author":{"gitId":"warmwhalefy"},"content":"public class DoneCommand extends Command {"},{"lineNumber":6,"author":{"gitId":"warmwhalefy"},"content":""},{"lineNumber":7,"author":{"gitId":"warmwhalefy"},"content":"    @Override"},{"lineNumber":8,"author":{"gitId":"warmwhalefy"},"content":"    public void executeCommand(String userInput, TaskList tasks, Path filePath) throws DukeException {"},{"lineNumber":9,"author":{"gitId":"warmwhalefy"},"content":"        int taskNo \u003d Parser.getTaskNo(userInput);"},{"lineNumber":10,"author":{"gitId":"warmwhalefy"},"content":"        tasks.markTaskAsDone(taskNo);"},{"lineNumber":11,"author":{"gitId":"warmwhalefy"},"content":"        Storage.updateFile(tasks, Path.of(Storage.fileName));"},{"lineNumber":12,"author":{"gitId":"warmwhalefy"},"content":"    }"},{"lineNumber":13,"author":{"gitId":"warmwhalefy"},"content":"}"}],"authorContributionMap":{"warmwhalefy":13}},{"path":"src/main/java/duke/command/DukeException.java","fileType":"java","lines":[{"lineNumber":1,"author":{"gitId":"warmwhalefy"},"content":"package duke.command;"},{"lineNumber":2,"author":{"gitId":"warmwhalefy"},"content":""},{"lineNumber":3,"author":{"gitId":"warmwhalefy"},"content":"public class DukeException extends Exception {"},{"lineNumber":4,"author":{"gitId":"warmwhalefy"},"content":""},{"lineNumber":5,"author":{"gitId":"warmwhalefy"},"content":"    public DukeException(String errorMessage) {"},{"lineNumber":6,"author":{"gitId":"warmwhalefy"},"content":"        System.out.println(errorMessage);"},{"lineNumber":7,"author":{"gitId":"warmwhalefy"},"content":"    }"},{"lineNumber":8,"author":{"gitId":"warmwhalefy"},"content":"}"}],"authorContributionMap":{"warmwhalefy":8}},{"path":"src/main/java/duke/command/ListCommand.java","fileType":"java","lines":[{"lineNumber":1,"author":{"gitId":"warmwhalefy"},"content":"package duke.command;"},{"lineNumber":2,"author":{"gitId":"warmwhalefy"},"content":""},{"lineNumber":3,"author":{"gitId":"warmwhalefy"},"content":"import java.nio.file.Path;"},{"lineNumber":4,"author":{"gitId":"warmwhalefy"},"content":""},{"lineNumber":5,"author":{"gitId":"warmwhalefy"},"content":"public class ListCommand extends Command {"},{"lineNumber":6,"author":{"gitId":"warmwhalefy"},"content":""},{"lineNumber":7,"author":{"gitId":"warmwhalefy"},"content":"    @Override"},{"lineNumber":8,"author":{"gitId":"warmwhalefy"},"content":"    public void executeCommand(String userInput, TaskList tasks, Path filePath) throws DukeException {"},{"lineNumber":9,"author":{"gitId":"warmwhalefy"},"content":"        tasks.viewTasks();"},{"lineNumber":10,"author":{"gitId":"warmwhalefy"},"content":"        Storage.updateFile(tasks, Path.of(Storage.fileName));"},{"lineNumber":11,"author":{"gitId":"warmwhalefy"},"content":"    }"},{"lineNumber":12,"author":{"gitId":"warmwhalefy"},"content":"}"}],"authorContributionMap":{"warmwhalefy":12}},{"path":"src/main/java/duke/command/Parser.java","fileType":"java","lines":[{"lineNumber":1,"author":{"gitId":"warmwhalefy"},"content":"package duke.command;"},{"lineNumber":2,"author":{"gitId":"warmwhalefy"},"content":""},{"lineNumber":3,"author":{"gitId":"warmwhalefy"},"content":"import duke.task.Deadline;"},{"lineNumber":4,"author":{"gitId":"warmwhalefy"},"content":"import duke.task.Event;"},{"lineNumber":5,"author":{"gitId":"warmwhalefy"},"content":"import duke.task.Task;"},{"lineNumber":6,"author":{"gitId":"warmwhalefy"},"content":"import duke.task.Todo;"},{"lineNumber":7,"author":{"gitId":"warmwhalefy"},"content":""},{"lineNumber":8,"author":{"gitId":"warmwhalefy"},"content":"import static duke.Duke.SECTION_DIVIDER;"},{"lineNumber":9,"author":{"gitId":"warmwhalefy"},"content":""},{"lineNumber":10,"author":{"gitId":"warmwhalefy"},"content":"public class Parser {"},{"lineNumber":11,"author":{"gitId":"warmwhalefy"},"content":""},{"lineNumber":12,"author":{"gitId":"warmwhalefy"},"content":"    private static final String TODO_ERROR \u003d \"☹ OOPS!!! The description of a todo cannot be empty.\";"},{"lineNumber":13,"author":{"gitId":"warmwhalefy"},"content":"    private static final String EVENT_ERROR \u003d \"☹ OOPS!!! The description of an event cannot be empty or is incomplete (/at).\";"},{"lineNumber":14,"author":{"gitId":"warmwhalefy"},"content":"    private static final String DEADLINE_ERROR \u003d \"☹ OOPS!!! The description of a deadline cannot be empty or is incomplete (/by).\";"},{"lineNumber":15,"author":{"gitId":"warmwhalefy"},"content":"    public static final String KEYWORD_TODO \u003d \"todo\";"},{"lineNumber":16,"author":{"gitId":"warmwhalefy"},"content":"    public static final String KEYWORD_EVENT \u003d \"event\";"},{"lineNumber":17,"author":{"gitId":"warmwhalefy"},"content":"    public static final String KEYWORD_DEADLINE \u003d \"deadline\";"},{"lineNumber":18,"author":{"gitId":"warmwhalefy"},"content":"    public static final String KEYWORD_BYE \u003d \"bye\";"},{"lineNumber":19,"author":{"gitId":"warmwhalefy"},"content":"    public static final String KEYWORD_LIST \u003d \"list\";"},{"lineNumber":20,"author":{"gitId":"warmwhalefy"},"content":"    public static final String KEYWORD_DONE \u003d \"done\";"},{"lineNumber":21,"author":{"gitId":"warmwhalefy"},"content":"    public static final String KEYWORD_DELETE \u003d \"delete\";"},{"lineNumber":22,"author":{"gitId":"warmwhalefy"},"content":"    public static final int ADD_INDEX_TO_TODO \u003d 5;"},{"lineNumber":23,"author":{"gitId":"warmwhalefy"},"content":"    public static final int ADD_INDEX_TO_EVENT \u003d 6;"},{"lineNumber":24,"author":{"gitId":"warmwhalefy"},"content":"    public static final int ADD_INDEX_TO_DEADLINE \u003d 9;"},{"lineNumber":25,"author":{"gitId":"warmwhalefy"},"content":"    public static boolean isInvalidInput \u003d false;"},{"lineNumber":26,"author":{"gitId":"warmwhalefy"},"content":""},{"lineNumber":27,"author":{"gitId":"warmwhalefy"},"content":"    public static void handleErrorUserInputs(String userInput) throws DukeException {"},{"lineNumber":28,"author":{"gitId":"warmwhalefy"},"content":"        userInput \u003d userInput.toLowerCase().trim();"},{"lineNumber":29,"author":{"gitId":"warmwhalefy"},"content":""},{"lineNumber":30,"author":{"gitId":"warmwhalefy"},"content":"        if (userInput.contains(KEYWORD_TODO) \u0026\u0026 !(userInput.contains(KEYWORD_EVENT)) \u0026\u0026 !(userInput.contains(KEYWORD_DEADLINE))) {"},{"lineNumber":31,"author":{"gitId":"warmwhalefy"},"content":"            validateTodo(userInput);"},{"lineNumber":32,"author":{"gitId":"warmwhalefy"},"content":"        } else if (userInput.contains(KEYWORD_EVENT) \u0026\u0026 !(userInput.contains(KEYWORD_TODO)) \u0026\u0026 !(userInput.contains(KEYWORD_DEADLINE))) {"},{"lineNumber":33,"author":{"gitId":"warmwhalefy"},"content":"            validateEvent(userInput);"},{"lineNumber":34,"author":{"gitId":"warmwhalefy"},"content":"        } else if (userInput.contains(KEYWORD_DEADLINE) \u0026\u0026 !(userInput.contains(KEYWORD_TODO)) \u0026\u0026 !(userInput.contains(KEYWORD_EVENT))) {"},{"lineNumber":35,"author":{"gitId":"warmwhalefy"},"content":"            validateDeadline(userInput);"},{"lineNumber":36,"author":{"gitId":"warmwhalefy"},"content":"        } else if (userInput.contains(KEYWORD_LIST)"},{"lineNumber":37,"author":{"gitId":"warmwhalefy"},"content":"                || userInput.contains(KEYWORD_BYE)"},{"lineNumber":38,"author":{"gitId":"warmwhalefy"},"content":"                || userInput.contains(KEYWORD_DONE)"},{"lineNumber":39,"author":{"gitId":"warmwhalefy"},"content":"                || userInput.contains(KEYWORD_DELETE)) {"},{"lineNumber":40,"author":{"gitId":"warmwhalefy"},"content":"            isInvalidInput \u003d false;"},{"lineNumber":41,"author":{"gitId":"warmwhalefy"},"content":"        } else {"},{"lineNumber":42,"author":{"gitId":"warmwhalefy"},"content":"            isInvalidInput \u003d true;"},{"lineNumber":43,"author":{"gitId":"warmwhalefy"},"content":"            System.out.println(\"☹ OOPS!!! I\u0027m sorry, but I don\u0027t know what that means :-(\");"},{"lineNumber":44,"author":{"gitId":"warmwhalefy"},"content":"            System.out.println(SECTION_DIVIDER);"},{"lineNumber":45,"author":{"gitId":"warmwhalefy"},"content":"        }"},{"lineNumber":46,"author":{"gitId":"warmwhalefy"},"content":"    }"},{"lineNumber":47,"author":{"gitId":"warmwhalefy"},"content":""},{"lineNumber":48,"author":{"gitId":"warmwhalefy"},"content":"    private static void validateDeadline(String userInput) throws DukeException {"},{"lineNumber":49,"author":{"gitId":"warmwhalefy"},"content":"        if (userInput.substring(ADD_INDEX_TO_DEADLINE - 1).trim().isEmpty()"},{"lineNumber":50,"author":{"gitId":"warmwhalefy"},"content":"                || !(userInput.contains(\"/by\"))"},{"lineNumber":51,"author":{"gitId":"warmwhalefy"},"content":"                || userInput.substring(userInput.indexOf(\"/by\") + 3).trim().isEmpty() ) {"},{"lineNumber":52,"author":{"gitId":"warmwhalefy"},"content":"            throw new DukeException(DEADLINE_ERROR);"},{"lineNumber":53,"author":{"gitId":"warmwhalefy"},"content":"        } else {"},{"lineNumber":54,"author":{"gitId":"warmwhalefy"},"content":"            isInvalidInput \u003d false;"},{"lineNumber":55,"author":{"gitId":"warmwhalefy"},"content":"        }"},{"lineNumber":56,"author":{"gitId":"warmwhalefy"},"content":"    }"},{"lineNumber":57,"author":{"gitId":"warmwhalefy"},"content":""},{"lineNumber":58,"author":{"gitId":"warmwhalefy"},"content":"    private static void validateEvent(String userInput) throws DukeException {"},{"lineNumber":59,"author":{"gitId":"warmwhalefy"},"content":"        if (userInput.substring(ADD_INDEX_TO_EVENT - 1).trim().isEmpty()"},{"lineNumber":60,"author":{"gitId":"warmwhalefy"},"content":"                || !(userInput.contains(\"/at\"))"},{"lineNumber":61,"author":{"gitId":"warmwhalefy"},"content":"                || userInput.substring(userInput.indexOf(\"/at\") + 3).trim().isEmpty()) {"},{"lineNumber":62,"author":{"gitId":"warmwhalefy"},"content":"            throw new DukeException(EVENT_ERROR);"},{"lineNumber":63,"author":{"gitId":"warmwhalefy"},"content":"        } else {"},{"lineNumber":64,"author":{"gitId":"warmwhalefy"},"content":"            isInvalidInput \u003d false;"},{"lineNumber":65,"author":{"gitId":"warmwhalefy"},"content":"        }"},{"lineNumber":66,"author":{"gitId":"warmwhalefy"},"content":"    }"},{"lineNumber":67,"author":{"gitId":"warmwhalefy"},"content":""},{"lineNumber":68,"author":{"gitId":"warmwhalefy"},"content":"    private static void validateTodo(String userInput) throws DukeException {"},{"lineNumber":69,"author":{"gitId":"warmwhalefy"},"content":"        if (userInput.substring(ADD_INDEX_TO_TODO - 1).trim().isEmpty()) {"},{"lineNumber":70,"author":{"gitId":"warmwhalefy"},"content":"            throw new DukeException(TODO_ERROR);"},{"lineNumber":71,"author":{"gitId":"warmwhalefy"},"content":"        } else {"},{"lineNumber":72,"author":{"gitId":"warmwhalefy"},"content":"            isInvalidInput \u003d false;"},{"lineNumber":73,"author":{"gitId":"warmwhalefy"},"content":"        }"},{"lineNumber":74,"author":{"gitId":"warmwhalefy"},"content":"    }"},{"lineNumber":75,"author":{"gitId":"warmwhalefy"},"content":""},{"lineNumber":76,"author":{"gitId":"warmwhalefy"},"content":"    public static Command parseCommand(String userInput) throws DukeException {"},{"lineNumber":77,"author":{"gitId":"warmwhalefy"},"content":"        if (userInput.contains(KEYWORD_LIST)) {"},{"lineNumber":78,"author":{"gitId":"warmwhalefy"},"content":"            return new ListCommand();"},{"lineNumber":79,"author":{"gitId":"warmwhalefy"},"content":"        } else if (userInput.contains(KEYWORD_DONE)) {"},{"lineNumber":80,"author":{"gitId":"warmwhalefy"},"content":"            return new DoneCommand();"},{"lineNumber":81,"author":{"gitId":"warmwhalefy"},"content":"        } else if (userInput.contains(KEYWORD_DELETE)) {"},{"lineNumber":82,"author":{"gitId":"warmwhalefy"},"content":"            return new DeleteCommand();"},{"lineNumber":83,"author":{"gitId":"warmwhalefy"},"content":"        } else if (userInput.contains(KEYWORD_BYE)) {"},{"lineNumber":84,"author":{"gitId":"warmwhalefy"},"content":"            return new ByeCommand();"},{"lineNumber":85,"author":{"gitId":"warmwhalefy"},"content":"        } else if (!userInput.contains(KEYWORD_BYE)) {"},{"lineNumber":86,"author":{"gitId":"warmwhalefy"},"content":"            return new AddCommand();"},{"lineNumber":87,"author":{"gitId":"warmwhalefy"},"content":"        } else {"},{"lineNumber":88,"author":{"gitId":"warmwhalefy"},"content":"            throw new DukeException(\"Command Error!\");"},{"lineNumber":89,"author":{"gitId":"warmwhalefy"},"content":"        }"},{"lineNumber":90,"author":{"gitId":"warmwhalefy"},"content":"    }"},{"lineNumber":91,"author":{"gitId":"warmwhalefy"},"content":""},{"lineNumber":92,"author":{"gitId":"warmwhalefy"},"content":"    public static Task getTask(String userInput) {"},{"lineNumber":93,"author":{"gitId":"warmwhalefy"},"content":"        Task taskToAdd \u003d null;"},{"lineNumber":94,"author":{"gitId":"warmwhalefy"},"content":"        if (userInput.contains(KEYWORD_DEADLINE)) {"},{"lineNumber":95,"author":{"gitId":"warmwhalefy"},"content":"            taskToAdd \u003d getDeadline(userInput);"},{"lineNumber":96,"author":{"gitId":"warmwhalefy"},"content":"        } else if (userInput.contains(KEYWORD_EVENT)) {"},{"lineNumber":97,"author":{"gitId":"warmwhalefy"},"content":"            taskToAdd \u003d getEvent(userInput);"},{"lineNumber":98,"author":{"gitId":"warmwhalefy"},"content":"        } else if (userInput.contains(KEYWORD_TODO)){"},{"lineNumber":99,"author":{"gitId":"warmwhalefy"},"content":"            taskToAdd \u003d getTodo(userInput);"},{"lineNumber":100,"author":{"gitId":"warmwhalefy"},"content":"        }"},{"lineNumber":101,"author":{"gitId":"warmwhalefy"},"content":"        return taskToAdd;"},{"lineNumber":102,"author":{"gitId":"warmwhalefy"},"content":"    }"},{"lineNumber":103,"author":{"gitId":"warmwhalefy"},"content":""},{"lineNumber":104,"author":{"gitId":"warmwhalefy"},"content":"    private static Todo getTodo(String userInput) {"},{"lineNumber":105,"author":{"gitId":"warmwhalefy"},"content":"        int descriptionIndex \u003d userInput.indexOf(\"todo\") + ADD_INDEX_TO_TODO;"},{"lineNumber":106,"author":{"gitId":"warmwhalefy"},"content":"        return new Todo(userInput.substring(descriptionIndex));"},{"lineNumber":107,"author":{"gitId":"warmwhalefy"},"content":"    }"},{"lineNumber":108,"author":{"gitId":"warmwhalefy"},"content":""},{"lineNumber":109,"author":{"gitId":"warmwhalefy"},"content":"    private static Event getEvent(String userInput) {"},{"lineNumber":110,"author":{"gitId":"warmwhalefy"},"content":"        int descriptionIndex \u003d userInput.indexOf(\"event\") + ADD_INDEX_TO_EVENT;"},{"lineNumber":111,"author":{"gitId":"warmwhalefy"},"content":"        int byIndex \u003d userInput.indexOf(\"/at\");"},{"lineNumber":112,"author":{"gitId":"warmwhalefy"},"content":"        return new Event(userInput.substring(descriptionIndex, byIndex-1), userInput.substring(byIndex + 4));"},{"lineNumber":113,"author":{"gitId":"warmwhalefy"},"content":"    }"},{"lineNumber":114,"author":{"gitId":"warmwhalefy"},"content":""},{"lineNumber":115,"author":{"gitId":"warmwhalefy"},"content":"    private static Deadline getDeadline(String userInput) {"},{"lineNumber":116,"author":{"gitId":"warmwhalefy"},"content":"        int descriptionIndex \u003d userInput.indexOf(\"deadline\") + ADD_INDEX_TO_DEADLINE;"},{"lineNumber":117,"author":{"gitId":"warmwhalefy"},"content":"        int byIndex \u003d userInput.indexOf(\"/by\");"},{"lineNumber":118,"author":{"gitId":"warmwhalefy"},"content":"        return new Deadline(userInput.substring(descriptionIndex, byIndex-1), userInput.substring(byIndex + 4));"},{"lineNumber":119,"author":{"gitId":"warmwhalefy"},"content":"    }"},{"lineNumber":120,"author":{"gitId":"warmwhalefy"},"content":""},{"lineNumber":121,"author":{"gitId":"warmwhalefy"},"content":"    public static int getTaskNo(String userInput) throws DukeException {"},{"lineNumber":122,"author":{"gitId":"warmwhalefy"},"content":"        userInput \u003d userInput.replaceAll(\"[^0-9]\", \"\");"},{"lineNumber":123,"author":{"gitId":"warmwhalefy"},"content":"        int taskNo;"},{"lineNumber":124,"author":{"gitId":"warmwhalefy"},"content":"        try {"},{"lineNumber":125,"author":{"gitId":"warmwhalefy"},"content":"            taskNo \u003d Integer.parseInt(userInput);"},{"lineNumber":126,"author":{"gitId":"warmwhalefy"},"content":"            if (taskNo \u003d\u003d 0) {"},{"lineNumber":127,"author":{"gitId":"warmwhalefy"},"content":"                throw new DukeException(\"Invalid Input! Integer cannot be 0!\");"},{"lineNumber":128,"author":{"gitId":"warmwhalefy"},"content":"            }"},{"lineNumber":129,"author":{"gitId":"warmwhalefy"},"content":"        } catch (NumberFormatException e) {"},{"lineNumber":130,"author":{"gitId":"warmwhalefy"},"content":"            throw new DukeException(\"Invalid Input! Input format should have an integer!\");"},{"lineNumber":131,"author":{"gitId":"warmwhalefy"},"content":"        }"},{"lineNumber":132,"author":{"gitId":"warmwhalefy"},"content":"        return taskNo;"},{"lineNumber":133,"author":{"gitId":"warmwhalefy"},"content":"    }"},{"lineNumber":134,"author":{"gitId":"warmwhalefy"},"content":"}"}],"authorContributionMap":{"warmwhalefy":134}},{"path":"src/main/java/duke/command/Storage.java","fileType":"java","lines":[{"lineNumber":1,"author":{"gitId":"warmwhalefy"},"content":"package duke.command;"},{"lineNumber":2,"author":{"gitId":"warmwhalefy"},"content":""},{"lineNumber":3,"author":{"gitId":"warmwhalefy"},"content":"import duke.task.Deadline;"},{"lineNumber":4,"author":{"gitId":"warmwhalefy"},"content":"import duke.task.Event;"},{"lineNumber":5,"author":{"gitId":"warmwhalefy"},"content":"import duke.task.Task;"},{"lineNumber":6,"author":{"gitId":"warmwhalefy"},"content":"import duke.task.Todo;"},{"lineNumber":7,"author":{"gitId":"warmwhalefy"},"content":""},{"lineNumber":8,"author":{"gitId":"warmwhalefy"},"content":"import java.io.FileWriter;"},{"lineNumber":9,"author":{"gitId":"warmwhalefy"},"content":"import java.io.IOException;"},{"lineNumber":10,"author":{"gitId":"warmwhalefy"},"content":"import java.nio.file.NoSuchFileException;"},{"lineNumber":11,"author":{"gitId":"warmwhalefy"},"content":"import java.nio.file.Path;"},{"lineNumber":12,"author":{"gitId":"warmwhalefy"},"content":"import java.util.ArrayList;"},{"lineNumber":13,"author":{"gitId":"warmwhalefy"},"content":"import java.util.Scanner;"},{"lineNumber":14,"author":{"gitId":"warmwhalefy"},"content":""},{"lineNumber":15,"author":{"gitId":"warmwhalefy"},"content":"public class Storage {"},{"lineNumber":16,"author":{"gitId":"warmwhalefy"},"content":""},{"lineNumber":17,"author":{"gitId":"warmwhalefy"},"content":"    private static final String UPDATE_FILE_ERROR \u003d \"Something went wrong when updating file.\";"},{"lineNumber":18,"author":{"gitId":"warmwhalefy"},"content":"    private static final String LOAD_FILE_ERROR \u003d \"Something went wrong when loading file.\";"},{"lineNumber":19,"author":{"gitId":"warmwhalefy"},"content":"    private static final String NO_FILE_ERROR \u003d \"File not found, new duke.txt file will be created.\";"},{"lineNumber":20,"author":{"gitId":"warmwhalefy"},"content":"    public static String fileName;"},{"lineNumber":21,"author":{"gitId":"warmwhalefy"},"content":""},{"lineNumber":22,"author":{"gitId":"warmwhalefy"},"content":"    public Storage(String filePath) {"},{"lineNumber":23,"author":{"gitId":"warmwhalefy"},"content":"        fileName \u003d filePath;"},{"lineNumber":24,"author":{"gitId":"warmwhalefy"},"content":"    }"},{"lineNumber":25,"author":{"gitId":"warmwhalefy"},"content":""},{"lineNumber":26,"author":{"gitId":"warmwhalefy"},"content":"    public ArrayList\u003cTask\u003e load() throws DukeException {"},{"lineNumber":27,"author":{"gitId":"warmwhalefy"},"content":""},{"lineNumber":28,"author":{"gitId":"warmwhalefy"},"content":"        ArrayList\u003cTask\u003e arrayOfTasks \u003d new ArrayList\u003c\u003e();"},{"lineNumber":29,"author":{"gitId":"warmwhalefy"},"content":""},{"lineNumber":30,"author":{"gitId":"warmwhalefy"},"content":"        Scanner s;"},{"lineNumber":31,"author":{"gitId":"warmwhalefy"},"content":"        try {"},{"lineNumber":32,"author":{"gitId":"warmwhalefy"},"content":"            s \u003d new Scanner(Path.of(fileName));"},{"lineNumber":33,"author":{"gitId":"warmwhalefy"},"content":"        } catch (NoSuchFileException e) {"},{"lineNumber":34,"author":{"gitId":"warmwhalefy"},"content":"            throw new DukeException(NO_FILE_ERROR);"},{"lineNumber":35,"author":{"gitId":"warmwhalefy"},"content":"        } catch (IOException e) {"},{"lineNumber":36,"author":{"gitId":"warmwhalefy"},"content":"            throw new DukeException(LOAD_FILE_ERROR);"},{"lineNumber":37,"author":{"gitId":"warmwhalefy"},"content":"        }"},{"lineNumber":38,"author":{"gitId":"warmwhalefy"},"content":"        while (s.hasNext()) {"},{"lineNumber":39,"author":{"gitId":"warmwhalefy"},"content":"            String fileInput \u003d s.nextLine();"},{"lineNumber":40,"author":{"gitId":"warmwhalefy"},"content":"            String taskIcon \u003d fileInput.substring(0, 3);"},{"lineNumber":41,"author":{"gitId":"warmwhalefy"},"content":"            addTaskFromFile(fileInput, taskIcon, arrayOfTasks);"},{"lineNumber":42,"author":{"gitId":"warmwhalefy"},"content":"        }"},{"lineNumber":43,"author":{"gitId":"warmwhalefy"},"content":""},{"lineNumber":44,"author":{"gitId":"warmwhalefy"},"content":"        return arrayOfTasks;"},{"lineNumber":45,"author":{"gitId":"warmwhalefy"},"content":"    }"},{"lineNumber":46,"author":{"gitId":"warmwhalefy"},"content":""},{"lineNumber":47,"author":{"gitId":"warmwhalefy"},"content":"    // Update file according to changes to list of tasks"},{"lineNumber":48,"author":{"gitId":"warmwhalefy"},"content":"    public static void updateFile(TaskList tasks, Path filePath) throws DukeException {"},{"lineNumber":49,"author":{"gitId":"warmwhalefy"},"content":"        try {"},{"lineNumber":50,"author":{"gitId":"warmwhalefy"},"content":"            FileWriter fw \u003d new FileWriter(String.valueOf(filePath));"},{"lineNumber":51,"author":{"gitId":"warmwhalefy"},"content":"            for (Task t : tasks.getArrayOfTasks()) {"},{"lineNumber":52,"author":{"gitId":"warmwhalefy"},"content":"                fw.write(t.toString() + System.lineSeparator());"},{"lineNumber":53,"author":{"gitId":"warmwhalefy"},"content":"            }"},{"lineNumber":54,"author":{"gitId":"warmwhalefy"},"content":"            fw.write(\"There are a total of \" + tasks.getNoOfTasks() + \" tasks in the list.\");"},{"lineNumber":55,"author":{"gitId":"warmwhalefy"},"content":"            fw.close();"},{"lineNumber":56,"author":{"gitId":"warmwhalefy"},"content":"        } catch (IOException e) {"},{"lineNumber":57,"author":{"gitId":"warmwhalefy"},"content":"            throw new DukeException(UPDATE_FILE_ERROR);"},{"lineNumber":58,"author":{"gitId":"warmwhalefy"},"content":"        }"},{"lineNumber":59,"author":{"gitId":"warmwhalefy"},"content":"    }"},{"lineNumber":60,"author":{"gitId":"warmwhalefy"},"content":""},{"lineNumber":61,"author":{"gitId":"warmwhalefy"},"content":"    public static void addTaskFromFile(String fileInput, String taskIcon, ArrayList\u003cTask\u003e arrayOfTasks) {"},{"lineNumber":62,"author":{"gitId":"warmwhalefy"},"content":"        switch (taskIcon) {"},{"lineNumber":63,"author":{"gitId":"warmwhalefy"},"content":"        case \"[T]\":"},{"lineNumber":64,"author":{"gitId":"warmwhalefy"},"content":"            addTodoFromFile(fileInput, arrayOfTasks);"},{"lineNumber":65,"author":{"gitId":"warmwhalefy"},"content":"            break;"},{"lineNumber":66,"author":{"gitId":"warmwhalefy"},"content":"        case \"[E]\":"},{"lineNumber":67,"author":{"gitId":"warmwhalefy"},"content":"            addEventFromFile(fileInput, arrayOfTasks);"},{"lineNumber":68,"author":{"gitId":"warmwhalefy"},"content":"            break;"},{"lineNumber":69,"author":{"gitId":"warmwhalefy"},"content":"        case \"[D]\":"},{"lineNumber":70,"author":{"gitId":"warmwhalefy"},"content":"            addDeadlineFromFile(fileInput, arrayOfTasks);"},{"lineNumber":71,"author":{"gitId":"warmwhalefy"},"content":"            break;"},{"lineNumber":72,"author":{"gitId":"warmwhalefy"},"content":"        default:"},{"lineNumber":73,"author":{"gitId":"warmwhalefy"},"content":"            break;"},{"lineNumber":74,"author":{"gitId":"warmwhalefy"},"content":"        }"},{"lineNumber":75,"author":{"gitId":"warmwhalefy"},"content":"    }"},{"lineNumber":76,"author":{"gitId":"warmwhalefy"},"content":""},{"lineNumber":77,"author":{"gitId":"warmwhalefy"},"content":"    private static void addDeadlineFromFile(String fileInput, ArrayList\u003cTask\u003e arrayOfTasks) {"},{"lineNumber":78,"author":{"gitId":"warmwhalefy"},"content":"        int byIndex \u003d fileInput.indexOf(\"(by:\");"},{"lineNumber":79,"author":{"gitId":"warmwhalefy"},"content":"        Deadline deadlineAdded \u003d new Deadline(fileInput.substring(7, byIndex), fileInput.substring(byIndex + 5, fileInput.indexOf(\")\")));"},{"lineNumber":80,"author":{"gitId":"warmwhalefy"},"content":"        arrayOfTasks.add(deadlineAdded);"},{"lineNumber":81,"author":{"gitId":"warmwhalefy"},"content":"        if (fileInput.contains(\"X\")) {"},{"lineNumber":82,"author":{"gitId":"warmwhalefy"},"content":"            arrayOfTasks.get(arrayOfTasks.size() - 1).markAsDone();"},{"lineNumber":83,"author":{"gitId":"warmwhalefy"},"content":"        }"},{"lineNumber":84,"author":{"gitId":"warmwhalefy"},"content":"    }"},{"lineNumber":85,"author":{"gitId":"warmwhalefy"},"content":""},{"lineNumber":86,"author":{"gitId":"warmwhalefy"},"content":"    private static void addEventFromFile(String fileInput, ArrayList\u003cTask\u003e arrayOfTasks) {"},{"lineNumber":87,"author":{"gitId":"warmwhalefy"},"content":"        int byIndex \u003d fileInput.indexOf(\"(at:\");"},{"lineNumber":88,"author":{"gitId":"warmwhalefy"},"content":"        Event eventAdded \u003d new Event(fileInput.substring(7, byIndex), fileInput.substring(byIndex + 5, fileInput.indexOf(\")\")));"},{"lineNumber":89,"author":{"gitId":"warmwhalefy"},"content":"        arrayOfTasks.add(eventAdded);"},{"lineNumber":90,"author":{"gitId":"warmwhalefy"},"content":"        if (fileInput.contains(\"X\")) {"},{"lineNumber":91,"author":{"gitId":"warmwhalefy"},"content":"            arrayOfTasks.get(arrayOfTasks.size() - 1).markAsDone();"},{"lineNumber":92,"author":{"gitId":"warmwhalefy"},"content":"        }"},{"lineNumber":93,"author":{"gitId":"warmwhalefy"},"content":"    }"},{"lineNumber":94,"author":{"gitId":"warmwhalefy"},"content":""},{"lineNumber":95,"author":{"gitId":"warmwhalefy"},"content":"    private static void addTodoFromFile(String fileInput, ArrayList\u003cTask\u003e arrayOfTasks) {"},{"lineNumber":96,"author":{"gitId":"warmwhalefy"},"content":"        Todo todoAdded \u003d new Todo(fileInput.substring(7));"},{"lineNumber":97,"author":{"gitId":"warmwhalefy"},"content":"        arrayOfTasks.add(todoAdded);"},{"lineNumber":98,"author":{"gitId":"warmwhalefy"},"content":"        if (fileInput.contains(\"X\")) {"},{"lineNumber":99,"author":{"gitId":"warmwhalefy"},"content":"            arrayOfTasks.get(arrayOfTasks.size() - 1).markAsDone();"},{"lineNumber":100,"author":{"gitId":"warmwhalefy"},"content":"        }"},{"lineNumber":101,"author":{"gitId":"warmwhalefy"},"content":"    }"},{"lineNumber":102,"author":{"gitId":"warmwhalefy"},"content":""},{"lineNumber":103,"author":{"gitId":"warmwhalefy"},"content":"}"}],"authorContributionMap":{"warmwhalefy":103}},{"path":"src/main/java/duke/command/TaskList.java","fileType":"java","lines":[{"lineNumber":1,"author":{"gitId":"warmwhalefy"},"content":"package duke.command;"},{"lineNumber":2,"author":{"gitId":"warmwhalefy"},"content":""},{"lineNumber":3,"author":{"gitId":"warmwhalefy"},"content":"import duke.task.Task;"},{"lineNumber":4,"author":{"gitId":"warmwhalefy"},"content":""},{"lineNumber":5,"author":{"gitId":"warmwhalefy"},"content":"import java.util.ArrayList;"},{"lineNumber":6,"author":{"gitId":"warmwhalefy"},"content":""},{"lineNumber":7,"author":{"gitId":"warmwhalefy"},"content":"import static duke.Duke.SECTION_DIVIDER;"},{"lineNumber":8,"author":{"gitId":"warmwhalefy"},"content":""},{"lineNumber":9,"author":{"gitId":"warmwhalefy"},"content":"public class TaskList {"},{"lineNumber":10,"author":{"gitId":"warmwhalefy"},"content":""},{"lineNumber":11,"author":{"gitId":"warmwhalefy"},"content":"    private final ArrayList\u003cTask\u003e arrayOfTasks;"},{"lineNumber":12,"author":{"gitId":"warmwhalefy"},"content":""},{"lineNumber":13,"author":{"gitId":"warmwhalefy"},"content":"    public TaskList() {"},{"lineNumber":14,"author":{"gitId":"warmwhalefy"},"content":"        arrayOfTasks \u003d new ArrayList\u003c\u003e();"},{"lineNumber":15,"author":{"gitId":"warmwhalefy"},"content":"    }"},{"lineNumber":16,"author":{"gitId":"warmwhalefy"},"content":""},{"lineNumber":17,"author":{"gitId":"warmwhalefy"},"content":"    public TaskList(ArrayList\u003cTask\u003e arrayOfTasks) {"},{"lineNumber":18,"author":{"gitId":"warmwhalefy"},"content":"        this.arrayOfTasks \u003d arrayOfTasks;"},{"lineNumber":19,"author":{"gitId":"warmwhalefy"},"content":"    }"},{"lineNumber":20,"author":{"gitId":"warmwhalefy"},"content":""},{"lineNumber":21,"author":{"gitId":"warmwhalefy"},"content":"    public ArrayList\u003cTask\u003e getArrayOfTasks() {"},{"lineNumber":22,"author":{"gitId":"warmwhalefy"},"content":"        return arrayOfTasks;"},{"lineNumber":23,"author":{"gitId":"warmwhalefy"},"content":"    }"},{"lineNumber":24,"author":{"gitId":"warmwhalefy"},"content":""},{"lineNumber":25,"author":{"gitId":"warmwhalefy"},"content":"    public int getNoOfTasks() {"},{"lineNumber":26,"author":{"gitId":"warmwhalefy"},"content":"        return arrayOfTasks.size();"},{"lineNumber":27,"author":{"gitId":"warmwhalefy"},"content":"    }"},{"lineNumber":28,"author":{"gitId":"warmwhalefy"},"content":""},{"lineNumber":29,"author":{"gitId":"warmwhalefy"},"content":"    public void addTask(Task task) {"},{"lineNumber":30,"author":{"gitId":"warmwhalefy"},"content":"        arrayOfTasks.add(task);"},{"lineNumber":31,"author":{"gitId":"warmwhalefy"},"content":"        printTaskAdded(task);"},{"lineNumber":32,"author":{"gitId":"warmwhalefy"},"content":"    }"},{"lineNumber":33,"author":{"gitId":"warmwhalefy"},"content":""},{"lineNumber":34,"author":{"gitId":"warmwhalefy"},"content":"    public Task getTaskFromIndex(int index) {"},{"lineNumber":35,"author":{"gitId":"warmwhalefy"},"content":"        return arrayOfTasks.get(index);"},{"lineNumber":36,"author":{"gitId":"warmwhalefy"},"content":"    }"},{"lineNumber":37,"author":{"gitId":"warmwhalefy"},"content":""},{"lineNumber":38,"author":{"gitId":"warmwhalefy"},"content":"    private void printTaskAdded(Task taskAdded) {"},{"lineNumber":39,"author":{"gitId":"warmwhalefy"},"content":"        System.out.println(\"Got it. I\u0027ve added this task:\" + System.lineSeparator() + taskAdded);"},{"lineNumber":40,"author":{"gitId":"warmwhalefy"},"content":"        System.out.println(\"Now you have \" + getNoOfTasks() + \" tasks in the list.\");"},{"lineNumber":41,"author":{"gitId":"warmwhalefy"},"content":"        System.out.println(SECTION_DIVIDER);"},{"lineNumber":42,"author":{"gitId":"warmwhalefy"},"content":"    }"},{"lineNumber":43,"author":{"gitId":"warmwhalefy"},"content":""},{"lineNumber":44,"author":{"gitId":"warmwhalefy"},"content":"    // prints items on current arrayOfTasks"},{"lineNumber":45,"author":{"gitId":"warmwhalefy"},"content":"    public void viewTasks() {"},{"lineNumber":46,"author":{"gitId":"warmwhalefy"},"content":"        // handle error case where no tasks in array"},{"lineNumber":47,"author":{"gitId":"warmwhalefy"},"content":"        if (getNoOfTasks() \u003d\u003d 0) {"},{"lineNumber":48,"author":{"gitId":"warmwhalefy"},"content":"            System.out.println(\"There are no tasks in your list.\");"},{"lineNumber":49,"author":{"gitId":"warmwhalefy"},"content":"        } else {"},{"lineNumber":50,"author":{"gitId":"warmwhalefy"},"content":"            System.out.println(\"Here are the tasks in your list:\");"},{"lineNumber":51,"author":{"gitId":"warmwhalefy"},"content":"            for (int i \u003d 1; i \u003c\u003d getNoOfTasks(); i++) {"},{"lineNumber":52,"author":{"gitId":"warmwhalefy"},"content":"                System.out.println(i + \". \" + getArrayOfTasks().get(i - 1));"},{"lineNumber":53,"author":{"gitId":"warmwhalefy"},"content":"            }"},{"lineNumber":54,"author":{"gitId":"warmwhalefy"},"content":"        }"},{"lineNumber":55,"author":{"gitId":"warmwhalefy"},"content":"        System.out.println(SECTION_DIVIDER);"},{"lineNumber":56,"author":{"gitId":"warmwhalefy"},"content":"    }"},{"lineNumber":57,"author":{"gitId":"warmwhalefy"},"content":""},{"lineNumber":58,"author":{"gitId":"warmwhalefy"},"content":"    // marks tasks as done"},{"lineNumber":59,"author":{"gitId":"warmwhalefy"},"content":"    public void markTaskAsDone(int taskNo) {"},{"lineNumber":60,"author":{"gitId":"warmwhalefy"},"content":"        if (taskNo \u003e getNoOfTasks()) {"},{"lineNumber":61,"author":{"gitId":"warmwhalefy"},"content":"            System.out.println(\"You only have \" + getNoOfTasks() + \" task(s)!\");"},{"lineNumber":62,"author":{"gitId":"warmwhalefy"},"content":"            System.out.println(SECTION_DIVIDER);"},{"lineNumber":63,"author":{"gitId":"warmwhalefy"},"content":"        } else {"},{"lineNumber":64,"author":{"gitId":"warmwhalefy"},"content":"            getTaskFromIndex(taskNo - 1).markAsDone();"},{"lineNumber":65,"author":{"gitId":"warmwhalefy"},"content":"            printTaskDone(taskNo);"},{"lineNumber":66,"author":{"gitId":"warmwhalefy"},"content":"        }"},{"lineNumber":67,"author":{"gitId":"warmwhalefy"},"content":"    }"},{"lineNumber":68,"author":{"gitId":"warmwhalefy"},"content":""},{"lineNumber":69,"author":{"gitId":"warmwhalefy"},"content":"    public void printTaskDone(int taskNo) {"},{"lineNumber":70,"author":{"gitId":"warmwhalefy"},"content":"        System.out.println(\"Nice! I have marked this task as done:\" + getTaskFromIndex(taskNo - 1));"},{"lineNumber":71,"author":{"gitId":"warmwhalefy"},"content":"        System.out.println(SECTION_DIVIDER);"},{"lineNumber":72,"author":{"gitId":"warmwhalefy"},"content":"    }"},{"lineNumber":73,"author":{"gitId":"warmwhalefy"},"content":""},{"lineNumber":74,"author":{"gitId":"warmwhalefy"},"content":"    // Delete tasks"},{"lineNumber":75,"author":{"gitId":"warmwhalefy"},"content":"    public void deleteTask(int taskNo) {"},{"lineNumber":76,"author":{"gitId":"warmwhalefy"},"content":"        if (taskNo \u003e arrayOfTasks.size()) {"},{"lineNumber":77,"author":{"gitId":"warmwhalefy"},"content":"            System.out.println(\"You only have \" + arrayOfTasks.size() + \" task(s)!\");"},{"lineNumber":78,"author":{"gitId":"warmwhalefy"},"content":"            System.out.println(SECTION_DIVIDER);"},{"lineNumber":79,"author":{"gitId":"warmwhalefy"},"content":"        } else {"},{"lineNumber":80,"author":{"gitId":"warmwhalefy"},"content":"            printTaskDeleted(taskNo);"},{"lineNumber":81,"author":{"gitId":"warmwhalefy"},"content":"            arrayOfTasks.remove(taskNo - 1);"},{"lineNumber":82,"author":{"gitId":"warmwhalefy"},"content":"        }"},{"lineNumber":83,"author":{"gitId":"warmwhalefy"},"content":"    }"},{"lineNumber":84,"author":{"gitId":"warmwhalefy"},"content":""},{"lineNumber":85,"author":{"gitId":"warmwhalefy"},"content":"    public void printTaskDeleted(int taskNo) {"},{"lineNumber":86,"author":{"gitId":"warmwhalefy"},"content":"        System.out.println(\"Noted. I\u0027ve removed this task: \" + System.lineSeparator() + getTaskFromIndex(taskNo - 1));"},{"lineNumber":87,"author":{"gitId":"warmwhalefy"},"content":"        System.out.println(\"Now you have \" + arrayOfTasks.size() + \" tasks in the list.\");"},{"lineNumber":88,"author":{"gitId":"warmwhalefy"},"content":"        System.out.println(SECTION_DIVIDER);"},{"lineNumber":89,"author":{"gitId":"warmwhalefy"},"content":"    }"},{"lineNumber":90,"author":{"gitId":"warmwhalefy"},"content":""},{"lineNumber":91,"author":{"gitId":"warmwhalefy"},"content":"}"}],"authorContributionMap":{"warmwhalefy":91}},{"path":"src/main/java/duke/command/Ui.java","fileType":"java","lines":[{"lineNumber":1,"author":{"gitId":"warmwhalefy"},"content":"package duke.command;"},{"lineNumber":2,"author":{"gitId":"warmwhalefy"},"content":""},{"lineNumber":3,"author":{"gitId":"warmwhalefy"},"content":"import java.util.Scanner;"},{"lineNumber":4,"author":{"gitId":"warmwhalefy"},"content":"import static duke.Duke.SECTION_DIVIDER;"},{"lineNumber":5,"author":{"gitId":"warmwhalefy"},"content":"import static duke.command.Parser.KEYWORD_BYE;"},{"lineNumber":6,"author":{"gitId":"warmwhalefy"},"content":""},{"lineNumber":7,"author":{"gitId":"warmwhalefy"},"content":"public class Ui {"},{"lineNumber":8,"author":{"gitId":"warmwhalefy"},"content":"    private static final String logo \u003d \" ____        _        \\n\""},{"lineNumber":9,"author":{"gitId":"warmwhalefy"},"content":"            + \"|  _ \\\\ _   _| | _____ \\n\""},{"lineNumber":10,"author":{"gitId":"warmwhalefy"},"content":"            + \"| | | | | | | |/ / _ \\\\\\n\""},{"lineNumber":11,"author":{"gitId":"warmwhalefy"},"content":"            + \"| |_| | |_| |   \u003c  __/\\n\""},{"lineNumber":12,"author":{"gitId":"warmwhalefy"},"content":"            + \"|____/ \\\\__,_|_|\\\\_\\\\___|\\n\";"},{"lineNumber":13,"author":{"gitId":"warmwhalefy"},"content":""},{"lineNumber":14,"author":{"gitId":"warmwhalefy"},"content":"    public void greetUser(){"},{"lineNumber":15,"author":{"gitId":"warmwhalefy"},"content":"        System.out.println(\"Hello from\\n\" + logo);"},{"lineNumber":16,"author":{"gitId":"warmwhalefy"},"content":"        System.out.println(SECTION_DIVIDER);"},{"lineNumber":17,"author":{"gitId":"warmwhalefy"},"content":"        System.out.println(\"Hello! I\u0027m Duke.\");"},{"lineNumber":18,"author":{"gitId":"warmwhalefy"},"content":"        System.out.println(\"What can I do for you?\");"},{"lineNumber":19,"author":{"gitId":"warmwhalefy"},"content":"        System.out.println(SECTION_DIVIDER);"},{"lineNumber":20,"author":{"gitId":"warmwhalefy"},"content":"    }"},{"lineNumber":21,"author":{"gitId":"warmwhalefy"},"content":""},{"lineNumber":22,"author":{"gitId":"warmwhalefy"},"content":"    public boolean sayBye(String byeInput) {"},{"lineNumber":23,"author":{"gitId":"warmwhalefy"},"content":"        if (byeInput.toLowerCase().contains(KEYWORD_BYE)) {"},{"lineNumber":24,"author":{"gitId":"warmwhalefy"},"content":"            System.out.println(\"Bye. Hope to see you again soon!\");"},{"lineNumber":25,"author":{"gitId":"warmwhalefy"},"content":"            System.out.println(SECTION_DIVIDER);"},{"lineNumber":26,"author":{"gitId":"warmwhalefy"},"content":"            return true;"},{"lineNumber":27,"author":{"gitId":"warmwhalefy"},"content":"        } else {"},{"lineNumber":28,"author":{"gitId":"warmwhalefy"},"content":"            return false;"},{"lineNumber":29,"author":{"gitId":"warmwhalefy"},"content":"        }"},{"lineNumber":30,"author":{"gitId":"warmwhalefy"},"content":"    }"},{"lineNumber":31,"author":{"gitId":"warmwhalefy"},"content":""},{"lineNumber":32,"author":{"gitId":"warmwhalefy"},"content":"    public static String getUserInput() throws DukeException {"},{"lineNumber":33,"author":{"gitId":"warmwhalefy"},"content":"        Scanner scan \u003d new Scanner(System.in);"},{"lineNumber":34,"author":{"gitId":"warmwhalefy"},"content":"        String userInput \u003d scan.nextLine();"},{"lineNumber":35,"author":{"gitId":"warmwhalefy"},"content":"        Parser.handleErrorUserInputs(userInput);"},{"lineNumber":36,"author":{"gitId":"warmwhalefy"},"content":"        while (Parser.isInvalidInput) {"},{"lineNumber":37,"author":{"gitId":"warmwhalefy"},"content":"            userInput \u003d scan.nextLine();"},{"lineNumber":38,"author":{"gitId":"warmwhalefy"},"content":"            try {"},{"lineNumber":39,"author":{"gitId":"warmwhalefy"},"content":"                Parser.handleErrorUserInputs(userInput);"},{"lineNumber":40,"author":{"gitId":"warmwhalefy"},"content":"            } catch (DukeException e) {"},{"lineNumber":41,"author":{"gitId":"warmwhalefy"},"content":"                Parser.isInvalidInput \u003d true;"},{"lineNumber":42,"author":{"gitId":"warmwhalefy"},"content":"            }"},{"lineNumber":43,"author":{"gitId":"warmwhalefy"},"content":"        }"},{"lineNumber":44,"author":{"gitId":"warmwhalefy"},"content":"        return userInput;"},{"lineNumber":45,"author":{"gitId":"warmwhalefy"},"content":"    }"},{"lineNumber":46,"author":{"gitId":"warmwhalefy"},"content":""},{"lineNumber":47,"author":{"gitId":"warmwhalefy"},"content":"    public Ui() {"},{"lineNumber":48,"author":{"gitId":"warmwhalefy"},"content":"    }"},{"lineNumber":49,"author":{"gitId":"warmwhalefy"},"content":""},{"lineNumber":50,"author":{"gitId":"warmwhalefy"},"content":"    public void showLoadingError(String message) {"},{"lineNumber":51,"author":{"gitId":"warmwhalefy"},"content":"        System.out.println(message);"},{"lineNumber":52,"author":{"gitId":"warmwhalefy"},"content":"        System.out.println(SECTION_DIVIDER);"},{"lineNumber":53,"author":{"gitId":"warmwhalefy"},"content":"    }"},{"lineNumber":54,"author":{"gitId":"warmwhalefy"},"content":""},{"lineNumber":55,"author":{"gitId":"warmwhalefy"},"content":"    public void showErrorMessage(String message) {"},{"lineNumber":56,"author":{"gitId":"warmwhalefy"},"content":"        System.out.println(message);"},{"lineNumber":57,"author":{"gitId":"warmwhalefy"},"content":"        System.out.println(SECTION_DIVIDER);"},{"lineNumber":58,"author":{"gitId":"warmwhalefy"},"content":"    }"},{"lineNumber":59,"author":{"gitId":"warmwhalefy"},"content":"}"}],"authorContributionMap":{"warmwhalefy":59}},{"path":"src/main/java/duke/task/Deadline.java","fileType":"java","lines":[{"lineNumber":1,"author":{"gitId":"warmwhalefy"},"content":"package duke.task;"},{"lineNumber":2,"author":{"gitId":"warmwhalefy"},"content":""},{"lineNumber":3,"author":{"gitId":"warmwhalefy"},"content":"public class Deadline extends Task {"},{"lineNumber":4,"author":{"gitId":"warmwhalefy"},"content":"    protected String by;"},{"lineNumber":5,"author":{"gitId":"warmwhalefy"},"content":""},{"lineNumber":6,"author":{"gitId":"warmwhalefy"},"content":"    public Deadline(String description, String by) {"},{"lineNumber":7,"author":{"gitId":"warmwhalefy"},"content":"        super(description);"},{"lineNumber":8,"author":{"gitId":"warmwhalefy"},"content":"        this.by \u003d by;"},{"lineNumber":9,"author":{"gitId":"warmwhalefy"},"content":"    }"},{"lineNumber":10,"author":{"gitId":"warmwhalefy"},"content":""},{"lineNumber":11,"author":{"gitId":"warmwhalefy"},"content":"    @Override"},{"lineNumber":12,"author":{"gitId":"warmwhalefy"},"content":"    public String toString() {"},{"lineNumber":13,"author":{"gitId":"warmwhalefy"},"content":"        return \"[D]\" + super.toString() + \" (by: \" + by + \")\";"},{"lineNumber":14,"author":{"gitId":"warmwhalefy"},"content":"    }"},{"lineNumber":15,"author":{"gitId":"warmwhalefy"},"content":"}"}],"authorContributionMap":{"warmwhalefy":15}},{"path":"src/main/java/duke/task/Event.java","fileType":"java","lines":[{"lineNumber":1,"author":{"gitId":"warmwhalefy"},"content":"package duke.task;"},{"lineNumber":2,"author":{"gitId":"warmwhalefy"},"content":""},{"lineNumber":3,"author":{"gitId":"warmwhalefy"},"content":"public class Event extends Task{"},{"lineNumber":4,"author":{"gitId":"warmwhalefy"},"content":"    protected String at;"},{"lineNumber":5,"author":{"gitId":"warmwhalefy"},"content":""},{"lineNumber":6,"author":{"gitId":"warmwhalefy"},"content":"    public Event(String description, String at) {"},{"lineNumber":7,"author":{"gitId":"warmwhalefy"},"content":"        super(description);"},{"lineNumber":8,"author":{"gitId":"warmwhalefy"},"content":"        this.at \u003d at;"},{"lineNumber":9,"author":{"gitId":"warmwhalefy"},"content":"    }"},{"lineNumber":10,"author":{"gitId":"warmwhalefy"},"content":""},{"lineNumber":11,"author":{"gitId":"warmwhalefy"},"content":"    @Override"},{"lineNumber":12,"author":{"gitId":"warmwhalefy"},"content":"    public String toString() {"},{"lineNumber":13,"author":{"gitId":"warmwhalefy"},"content":"        return \"[E]\" + super.toString() + \" (at: \" + at + \")\";"},{"lineNumber":14,"author":{"gitId":"warmwhalefy"},"content":"    }"},{"lineNumber":15,"author":{"gitId":"warmwhalefy"},"content":"}"}],"authorContributionMap":{"warmwhalefy":15}},{"path":"src/main/java/duke/task/Task.java","fileType":"java","lines":[{"lineNumber":1,"author":{"gitId":"warmwhalefy"},"content":"package duke.task;"},{"lineNumber":2,"author":{"gitId":"warmwhalefy"},"content":""},{"lineNumber":3,"author":{"gitId":"warmwhalefy"},"content":"public class Task {"},{"lineNumber":4,"author":{"gitId":"warmwhalefy"},"content":"    protected String description;"},{"lineNumber":5,"author":{"gitId":"warmwhalefy"},"content":"    protected boolean isDone;"},{"lineNumber":6,"author":{"gitId":"warmwhalefy"},"content":""},{"lineNumber":7,"author":{"gitId":"warmwhalefy"},"content":"    public Task(String description) {"},{"lineNumber":8,"author":{"gitId":"warmwhalefy"},"content":"        this.description \u003d description;"},{"lineNumber":9,"author":{"gitId":"warmwhalefy"},"content":"        this.isDone \u003d false;"},{"lineNumber":10,"author":{"gitId":"warmwhalefy"},"content":"    }"},{"lineNumber":11,"author":{"gitId":"warmwhalefy"},"content":""},{"lineNumber":12,"author":{"gitId":"warmwhalefy"},"content":"    public String getDescription() {"},{"lineNumber":13,"author":{"gitId":"warmwhalefy"},"content":"        return (this.description);"},{"lineNumber":14,"author":{"gitId":"warmwhalefy"},"content":"    }"},{"lineNumber":15,"author":{"gitId":"warmwhalefy"},"content":""},{"lineNumber":16,"author":{"gitId":"warmwhalefy"},"content":"    public String getStatusIcon() {"},{"lineNumber":17,"author":{"gitId":"warmwhalefy"},"content":"        return (isDone ? \"X\" : \" \"); // mark done task with X"},{"lineNumber":18,"author":{"gitId":"warmwhalefy"},"content":"    }"},{"lineNumber":19,"author":{"gitId":"warmwhalefy"},"content":""},{"lineNumber":20,"author":{"gitId":"warmwhalefy"},"content":"    public void markAsDone(){"},{"lineNumber":21,"author":{"gitId":"warmwhalefy"},"content":"        this.isDone \u003d true;"},{"lineNumber":22,"author":{"gitId":"warmwhalefy"},"content":"    }"},{"lineNumber":23,"author":{"gitId":"warmwhalefy"},"content":""},{"lineNumber":24,"author":{"gitId":"warmwhalefy"},"content":"    public String toString(){"},{"lineNumber":25,"author":{"gitId":"warmwhalefy"},"content":"        return \"[\" + getStatusIcon() + \"] \" + this.description;"},{"lineNumber":26,"author":{"gitId":"warmwhalefy"},"content":"    }"},{"lineNumber":27,"author":{"gitId":"warmwhalefy"},"content":""},{"lineNumber":28,"author":{"gitId":"warmwhalefy"},"content":"}"}],"authorContributionMap":{"warmwhalefy":28}},{"path":"src/main/java/duke/task/Todo.java","fileType":"java","lines":[{"lineNumber":1,"author":{"gitId":"warmwhalefy"},"content":"package duke.task;"},{"lineNumber":2,"author":{"gitId":"warmwhalefy"},"content":""},{"lineNumber":3,"author":{"gitId":"warmwhalefy"},"content":"public class Todo extends Task{"},{"lineNumber":4,"author":{"gitId":"warmwhalefy"},"content":"     public Todo(String description) {"},{"lineNumber":5,"author":{"gitId":"warmwhalefy"},"content":"         super(description);"},{"lineNumber":6,"author":{"gitId":"warmwhalefy"},"content":"    }"},{"lineNumber":7,"author":{"gitId":"warmwhalefy"},"content":""},{"lineNumber":8,"author":{"gitId":"warmwhalefy"},"content":"    @Override"},{"lineNumber":9,"author":{"gitId":"warmwhalefy"},"content":"    public String toString() {"},{"lineNumber":10,"author":{"gitId":"warmwhalefy"},"content":"        return \"[T]\" + super.toString();"},{"lineNumber":11,"author":{"gitId":"warmwhalefy"},"content":"    }"},{"lineNumber":12,"author":{"gitId":"warmwhalefy"},"content":"    public boolean isDescriptionEmpty(String s){"},{"lineNumber":13,"author":{"gitId":"warmwhalefy"},"content":"        if (s.isEmpty()){"},{"lineNumber":14,"author":{"gitId":"warmwhalefy"},"content":"            System.out.println(\"OOPS!!! The description of a todo cannot be empty.\");"},{"lineNumber":15,"author":{"gitId":"warmwhalefy"},"content":"            return true;"},{"lineNumber":16,"author":{"gitId":"warmwhalefy"},"content":"        }"},{"lineNumber":17,"author":{"gitId":"warmwhalefy"},"content":"        return false;"},{"lineNumber":18,"author":{"gitId":"warmwhalefy"},"content":"    }"},{"lineNumber":19,"author":{"gitId":"warmwhalefy"},"content":"}"}],"authorContributionMap":{"warmwhalefy":19}},{"path":"text-ui-test/input.txt","fileType":"txt","lines":[{"lineNumber":1,"author":{"gitId":"warmwhalefy"},"content":"todo laundry"},{"lineNumber":2,"author":{"gitId":"warmwhalefy"},"content":"todo borrow book"},{"lineNumber":3,"author":{"gitId":"warmwhalefy"},"content":"deadline return book /by Sunday"},{"lineNumber":4,"author":{"gitId":"warmwhalefy"},"content":"event project meeting /at Mon 2-4pm"},{"lineNumber":5,"author":{"gitId":"warmwhalefy"},"content":"deadline do homework /by no idea :-p"},{"lineNumber":6,"author":{"gitId":"warmwhalefy"},"content":"list"},{"lineNumber":7,"author":{"gitId":"warmwhalefy"},"content":"done 2"},{"lineNumber":8,"author":{"gitId":"warmwhalefy"},"content":"done 1"},{"lineNumber":9,"author":{"gitId":"warmwhalefy"},"content":"list"},{"lineNumber":10,"author":{"gitId":"warmwhalefy"},"content":"bye"}],"authorContributionMap":{"warmwhalefy":10}}]
