{"authorDailyContributionsMap":{"Krithigha24":[{"date":"2021-01-29","commitResults":[{"hash":"339138ebc0750efff721f5d78ec8db02200a577a","messageTitle":"Level-1","messageBody":"","tags":["Level-1"],"fileTypesAndContributionMap":{"java":{"insertions":29,"deletions":0}}},{"hash":"2da70be1d5f20082e17d3d49ac528584b00148a7","messageTitle":"Level-2 Add list","messageBody":"","tags":["Level-2"],"fileTypesAndContributionMap":{"java":{"insertions":13,"deletions":1}}},{"hash":"c47d04697aa9c929bff25a44e51bd564d065d15f","messageTitle":"Task class to represent tasks","messageBody":"","tags":["Level-3","A-CodingStandard"],"fileTypesAndContributionMap":{"java":{"insertions":40,"deletions":8}}}]},{"date":"2021-01-31","commitResults":[{"hash":"3310ae1fa7393216016368dbddf0ad34f9488126","messageTitle":"Level 4. ToDos, Events, Deadlines","messageBody":"Add support for tracking three types of tasks:\n","tags":["Level-4"],"fileTypesAndContributionMap":{"java":{"insertions":93,"deletions":15}}}]},{"date":"2021-02-06","commitResults":[{"hash":"b64b91cf439a013f2cf53fbb6d9d767ae8ae448f","messageTitle":"improved code quality","messageBody":"","tags":["A-CodeQuality"],"fileTypesAndContributionMap":{"java":{"insertions":57,"deletions":42}}}]},{"date":"2021-02-07","commitResults":[{"hash":"ef6cdefc5c6adad4faf94713a617f0fb4676830b","messageTitle":"Code quality improved","messageBody":"","fileTypesAndContributionMap":{"java":{"insertions":23,"deletions":47}}}]},{"date":"2021-02-12","commitResults":[{"hash":"34e92ba8950dd2869796eb302d235bff26fd4ef4","messageTitle":"deal with errors such as incorrect inputs entered by the use","messageBody":"","fileTypesAndContributionMap":{"java":{"insertions":142,"deletions":67}}}]},{"date":"2021-02-16","commitResults":[{"hash":"f2163d7045bb4902ee592b023131fc466361f9b9","messageTitle":"added Delete feature (Week 6)","messageBody":"","fileTypesAndContributionMap":{"java":{"insertions":24,"deletions":11}}}]},{"date":"2021-02-18","commitResults":[{"hash":"06035f5320e4e18d9ef1fc0c7ce82026de3099cb","messageTitle":"Save the tasks and Load the data when duke starts up","messageBody":"","fileTypesAndContributionMap":{"java":{"insertions":139,"deletions":0}}},{"hash":"89533eb7d150f0f4f5c24684c77881a02010f508","messageTitle":"bug fixes with Save","messageBody":"","tags":["A-Jar"],"fileTypesAndContributionMap":{"java":{"insertions":18,"deletions":17}}}]},{"date":"2021-03-02","commitResults":[{"hash":"c334f340dd4963db5fe7147a48c7eb9dcfcd07dc","messageTitle":"Refactored the code to extract out closely related code as classes.","messageBody":"","tags":["A-moreOOP"],"fileTypesAndContributionMap":{"java":{"insertions":249,"deletions":209}}},{"hash":"ef93483a9f6a40993de58c6e0490f88c00da569c","messageTitle":"Teach Duke how to understand dates and times","messageBody":"","fileTypesAndContributionMap":{"java":{"insertions":44,"deletions":24}}},{"hash":"901e3754ef9ba329af7ba17446867416a5dac078","messageTitle":"Find command for users to find a task by searching for a keyword","messageBody":"","fileTypesAndContributionMap":{"java":{"insertions":59,"deletions":28}}}]},{"date":"2021-03-03","commitResults":[{"hash":"ba302e63a55e66380564d2657bfa9d05b27c4f24","messageTitle":"Added JavaDoc comments to the code.","messageBody":"","fileTypesAndContributionMap":{"java":{"insertions":178,"deletions":0}}}]},{"date":"2021-03-05","commitResults":[{"hash":"08f84c1787804c89efa29dcd868aad504f318856","messageTitle":"Final changes and user guide added","messageBody":"","tags":["v0.2","A-UserGuide"],"fileTypesAndContributionMap":{"java":{"insertions":28,"deletions":31},"md":{"insertions":546,"deletions":30}}}]}]},"authorFileTypeContributionMap":{"Krithigha24":{"java":640,"md":538,"fxml":0,"sh":0,"bat":0,"gradle":0,"txt":0}},"authorContributionVariance":{"Krithigha24":15368.443},"authorDisplayNameMap":{"Krithigha24":"CS2113T-F08-3 KRIT..NEER"}}
