{"authorDailyContributionsMap":{"brynagoh":[{"date":"2021-01-21","commitResults":[{"hash":"e46195a0c5ebf110481d98fede8780614dd89c85","messageTitle":"Add Duke\u0027s greet and exit","messageBody":"","fileTypesAndContributionMap":{"java":{"insertions":6,"deletions":1}}}]},{"date":"2021-01-27","commitResults":[{"hash":"1b46012c10f4566935c1a062466aac14f794b688","messageTitle":"Add user input echoing","messageBody":"","tags":["Level-1"],"fileTypesAndContributionMap":{"java":{"insertions":10,"deletions":0}}},{"hash":"c2a6b3ec4a608901299ceb6b52f7c065c7b44c4b","messageTitle":"Add task storage","messageBody":"","tags":["Level-2"],"fileTypesAndContributionMap":{"java":{"insertions":21,"deletions":2}}},{"hash":"b69a223b2f29fc8310a61083a16c67d02e87e2b7","messageTitle":"Add task status (done/not done)","messageBody":"","tags":["Level-3","A-CodingStandard","A-Classes"],"fileTypesAndContributionMap":{"java":{"insertions":53,"deletions":9}}}]},{"date":"2021-02-03","commitResults":[{"hash":"ab3f87e85e76c805df5dd965bf278ff1b5ea9a62","messageTitle":"Refactor code","messageBody":"moves logic out of main method\n","tags":["A-CodeQuality"],"fileTypesAndContributionMap":{"java":{"insertions":41,"deletions":31}}},{"hash":"9953af7507f5beadc73971bb076b120596d0a119","messageTitle":"Add Task subclasses","messageBody":"","tags":["Level-4","A-Inheritance"],"fileTypesAndContributionMap":{"java":{"insertions":88,"deletions":4}}}]},{"date":"2021-02-05","commitResults":[{"hash":"1f6f27c9125e66cc7e865e3e3939f2b089be800b","messageTitle":"Add testing for adding, listing, and marking tasks as done","messageBody":"","tags":["A-TextUiTesting"],"fileTypesAndContributionMap":{"txt":{"insertions":10,"deletions":0},"java":{"insertions":3,"deletions":3}}}]},{"date":"2021-02-10","commitResults":[{"hash":"0ab818fa5f74c07d24fbe862578d88b7c7224ad5","messageTitle":"Add DukeException class and TaskType enum","messageBody":"","fileTypesAndContributionMap":{"java":{"insertions":16,"deletions":0}}},{"hash":"2b16c2fb0a651f38c64c9c6903f1af3eedd159b9","messageTitle":"Add exception handling for adding task","messageBody":"","fileTypesAndContributionMap":{"java":{"insertions":36,"deletions":5}}},{"hash":"ae2f72cbf2cbee2b8bab3127bb95898804c7c1d6","messageTitle":"Add exception package","messageBody":"","fileTypesAndContributionMap":{"java":{"insertions":3,"deletions":1}}},{"hash":"e9d432fe48acbc2fa972e82cd9bef29744ab77c8","messageTitle":"Add task package","messageBody":"","fileTypesAndContributionMap":{"java":{"insertions":17,"deletions":2}}}]},{"date":"2021-02-17","commitResults":[{"hash":"9b8ff27b8cf2b406dc06143c75e76272bb6597a0","messageTitle":"Add ArrayList for tasks to replace array","messageBody":"","tags":["A-Collections"],"fileTypesAndContributionMap":{"java":{"insertions":9,"deletions":8}}},{"hash":"5914409b6969fc4538b85a5443e8ff4d36a08d13","messageTitle":"Add functionality to delete task from tasklist","messageBody":"","tags":["Level-6"],"fileTypesAndContributionMap":{"java":{"insertions":38,"deletions":5}}},{"hash":"fc8feba3a165041a10c96993c2e2326b4defd487","messageTitle":"Add tests for delete functionality","messageBody":"","fileTypesAndContributionMap":{"txt":{"insertions":3,"deletions":0}}},{"hash":"21f984e22872d3de18ffed9f90fe2a4e4817172b","messageTitle":"Add method to write tasklist to .txt file","messageBody":"","tags":["Level-7"],"fileTypesAndContributionMap":{"java":{"insertions":28,"deletions":0}}}]},{"date":"2021-02-18","commitResults":[{"hash":"346deab00c945e62c32e6fc97677b4f2e48395ff","messageTitle":"Add load Tasklist from file, bug fixes for deleting","messageBody":"","tags":["v0.1"],"fileTypesAndContributionMap":{"java":{"insertions":35,"deletions":1}}}]},{"date":"2021-03-03","commitResults":[{"hash":"3b876fca155c7bc61236515789b527389b12ff75","messageTitle":"Add fix for dangerous code","messageBody":"To deal with test cases with duplicate keywords,\n- command only valid if input starts with keyword\n- processes input by getting substring of input rather than splitting by keyword\n","fileTypesAndContributionMap":{"java":{"insertions":6,"deletions":6}}},{"hash":"4cca76e17926829ec2aa6dabc5702b26026b46a9","messageTitle":"Add fix for multiple task deletion","messageBody":"","fileTypesAndContributionMap":{"java":{"insertions":3,"deletions":0}}},{"hash":"f78aa78e77ea43081ada0807412307ab6e80553f","messageTitle":"Rename variables for clarity","messageBody":"","fileTypesAndContributionMap":{"java":{"insertions":25,"deletions":25}}},{"hash":"bcbd2a880be0c35d044a937ef072119f0c5587b2","messageTitle":"Add default case for switch statement","messageBody":"","fileTypesAndContributionMap":{"java":{"insertions":2,"deletions":0}}}]}]},"authorFileTypeContributionMap":{"brynagoh":{"java":337,"md":0,"fxml":0,"sh":0,"bat":0,"gradle":0,"txt":13}},"authorContributionVariance":{"brynagoh":975.90466},"authorDisplayNameMap":{"brynagoh":"CS2113-T10-4 GOH ..RYNA"}}
