[{"path":"README.md","fileType":"md","lines":[{"lineNumber":1,"author":{"gitId":"-"},"content":"# Duke project template"},{"lineNumber":2,"author":{"gitId":"-"},"content":""},{"lineNumber":3,"author":{"gitId":"-"},"content":"This is a project template for a greenfield Java project. It\u0027s named after the Java mascot _Duke_. Given below are instructions on how to use it."},{"lineNumber":4,"author":{"gitId":"-"},"content":""},{"lineNumber":5,"author":{"gitId":"-"},"content":"## Setting up in Intellij"},{"lineNumber":6,"author":{"gitId":"-"},"content":""},{"lineNumber":7,"author":{"gitId":"EmilyTJX"},"content":"Prerequisites: JDK 11, update IntelliJ to the most recent version."},{"lineNumber":8,"author":{"gitId":"-"},"content":""},{"lineNumber":9,"author":{"gitId":"EmilyTJX"},"content":"### On IntelliJ version 2020.3.1 (latest) and beyond"},{"lineNumber":10,"author":{"gitId":"EmilyTJX"},"content":""},{"lineNumber":11,"author":{"gitId":"EmilyTJX"},"content":"1. Open IntelliJ (if you are not in the welcome screen, click `File` \u003e `Close Project` to close the existing project first)"},{"lineNumber":12,"author":{"gitId":"EmilyTJX"},"content":"1. Import the project into IntelliJ as follows:"},{"lineNumber":13,"author":{"gitId":"EmilyTJX"},"content":"   1. Click `Open`"},{"lineNumber":14,"author":{"gitId":"-"},"content":"   1. Select the project directory, and click `OK`"},{"lineNumber":15,"author":{"gitId":"-"},"content":"   1. If there are any further prompts, accept the defaults."},{"lineNumber":16,"author":{"gitId":"EmilyTJX"},"content":"1. Configure the project to use **JDK 11** (not other versions) as explained in [here](https://www.jetbrains.com/help/idea/sdk.html#set-up-jdk)."},{"lineNumber":17,"author":{"gitId":"EmilyTJX"},"content":"1. After that, locate the `src/main/java/Duke.java` file, right-click it, and choose `Run Duke.main()`. If the setup is correct, you should see something like the output below."},{"lineNumber":18,"author":{"gitId":"EmilyTJX"},"content":""},{"lineNumber":19,"author":{"gitId":"-"},"content":"   ```"},{"lineNumber":20,"author":{"gitId":"-"},"content":"   Hello from"},{"lineNumber":21,"author":{"gitId":"-"},"content":"    ____        _        "},{"lineNumber":22,"author":{"gitId":"-"},"content":"   |  _ \\ _   _| | _____ "},{"lineNumber":23,"author":{"gitId":"-"},"content":"   | | | | | | | |/ / _ \\"},{"lineNumber":24,"author":{"gitId":"-"},"content":"   | |_| | |_| |   \u003c  __/"},{"lineNumber":25,"author":{"gitId":"-"},"content":"   |____/ \\__,_|_|\\_\\___|"},{"lineNumber":26,"author":{"gitId":"-"},"content":"   ```"}],"authorContributionMap":{"EmilyTJX":9,"-":17}},{"path":"src/main/java/Deadline.java","fileType":"java","lines":[{"lineNumber":1,"author":{"gitId":"EmilyTJX"},"content":"public class Deadline extends Task{"},{"lineNumber":2,"author":{"gitId":"EmilyTJX"},"content":"    protected String deadline;"},{"lineNumber":3,"author":{"gitId":"EmilyTJX"},"content":""},{"lineNumber":4,"author":{"gitId":"EmilyTJX"},"content":"    public Deadline(String description, String deadline) {"},{"lineNumber":5,"author":{"gitId":"EmilyTJX"},"content":"        super(description);"},{"lineNumber":6,"author":{"gitId":"EmilyTJX"},"content":"        this.deadline \u003d deadline;"},{"lineNumber":7,"author":{"gitId":"EmilyTJX"},"content":"    }"},{"lineNumber":8,"author":{"gitId":"EmilyTJX"},"content":""},{"lineNumber":9,"author":{"gitId":"EmilyTJX"},"content":"    @Override"},{"lineNumber":10,"author":{"gitId":"EmilyTJX"},"content":"    public String toString(){"},{"lineNumber":11,"author":{"gitId":"EmilyTJX"},"content":"        return \"[D]\" + super.toString() + \"(by: \" + deadline + \")\";"},{"lineNumber":12,"author":{"gitId":"EmilyTJX"},"content":"    }"},{"lineNumber":13,"author":{"gitId":"EmilyTJX"},"content":"}"}],"authorContributionMap":{"EmilyTJX":13}},{"path":"src/main/java/Duke.java","fileType":"java","lines":[{"lineNumber":1,"author":{"gitId":"EmilyTJX"},"content":"import java.util.ArrayList;"},{"lineNumber":2,"author":{"gitId":"EmilyTJX"},"content":"import java.util.Scanner;"},{"lineNumber":3,"author":{"gitId":"EmilyTJX"},"content":""},{"lineNumber":4,"author":{"gitId":"EmilyTJX"},"content":""},{"lineNumber":5,"author":{"gitId":"EmilyTJX"},"content":""},{"lineNumber":6,"author":{"gitId":"-"},"content":"public class Duke {"},{"lineNumber":7,"author":{"gitId":"EmilyTJX"},"content":"    private static final String divider \u003d \"_______________________________\\n\";"},{"lineNumber":8,"author":{"gitId":"EmilyTJX"},"content":"    private static final ArrayList\u003cTask\u003e tasks \u003d new ArrayList\u003c\u003e();"},{"lineNumber":9,"author":{"gitId":"EmilyTJX"},"content":""},{"lineNumber":10,"author":{"gitId":"EmilyTJX"},"content":"    private static void addTask(String taskName){"},{"lineNumber":11,"author":{"gitId":"EmilyTJX"},"content":"        Task currentTask \u003d new Task(taskName);"},{"lineNumber":12,"author":{"gitId":"EmilyTJX"},"content":"        tasks.add(currentTask);"},{"lineNumber":13,"author":{"gitId":"EmilyTJX"},"content":"        System.out.println(divider + \"added \" + currentTask.description + \"\\n\" + divider);"},{"lineNumber":14,"author":{"gitId":"EmilyTJX"},"content":"    }"},{"lineNumber":15,"author":{"gitId":"EmilyTJX"},"content":""},{"lineNumber":16,"author":{"gitId":"EmilyTJX"},"content":"    private static void listTask(){"},{"lineNumber":17,"author":{"gitId":"EmilyTJX"},"content":"        System.out.println(divider);"},{"lineNumber":18,"author":{"gitId":"EmilyTJX"},"content":"        System.out.println(\"Here are the tasks in your list:\");"},{"lineNumber":19,"author":{"gitId":"EmilyTJX"},"content":"        for(int i\u003d0; i\u003ctasks.size(); ++i){"},{"lineNumber":20,"author":{"gitId":"EmilyTJX"},"content":"            System.out.println((i+1) + \".\" +"},{"lineNumber":21,"author":{"gitId":"EmilyTJX"},"content":"                    tasks.get(i).toString()+ \"\\n\");"},{"lineNumber":22,"author":{"gitId":"EmilyTJX"},"content":"        }"},{"lineNumber":23,"author":{"gitId":"EmilyTJX"},"content":"        System.out.println(divider);"},{"lineNumber":24,"author":{"gitId":"EmilyTJX"},"content":"    }"},{"lineNumber":25,"author":{"gitId":"EmilyTJX"},"content":""},{"lineNumber":26,"author":{"gitId":"EmilyTJX"},"content":"    private static void markTaskDone(int index){"},{"lineNumber":27,"author":{"gitId":"EmilyTJX"},"content":"        Task currentTask \u003d tasks.get(index-1);"},{"lineNumber":28,"author":{"gitId":"EmilyTJX"},"content":"        currentTask.markAsDone();"},{"lineNumber":29,"author":{"gitId":"EmilyTJX"},"content":"        System.out.println(divider + \"Nice! I\u0027ve marked this task as done:\"+"},{"lineNumber":30,"author":{"gitId":"EmilyTJX"},"content":"                \"\\n[\"+ currentTask.getStatusIcon()+ \"]\" + currentTask.description +"},{"lineNumber":31,"author":{"gitId":"EmilyTJX"},"content":"                \"\\n\" + divider);"},{"lineNumber":32,"author":{"gitId":"EmilyTJX"},"content":"    }"},{"lineNumber":33,"author":{"gitId":"EmilyTJX"},"content":""},{"lineNumber":34,"author":{"gitId":"EmilyTJX"},"content":"    public static void addToDo(String input){"},{"lineNumber":35,"author":{"gitId":"EmilyTJX"},"content":"        String taskName \u003d input.substring(5);"},{"lineNumber":36,"author":{"gitId":"EmilyTJX"},"content":"        Task currentTask \u003d new ToDo(taskName);"},{"lineNumber":37,"author":{"gitId":"EmilyTJX"},"content":"        tasks.add(currentTask);"},{"lineNumber":38,"author":{"gitId":"EmilyTJX"},"content":"        System.out.println(divider + \"Got it. I\u0027ve added this task:\\n\" +"},{"lineNumber":39,"author":{"gitId":"EmilyTJX"},"content":"                currentTask.toString() + \"\\n\");"},{"lineNumber":40,"author":{"gitId":"EmilyTJX"},"content":"        System.out.println(\"Now you have \"+tasks.size()+\" tasks in your list.\\n\" + divider);"},{"lineNumber":41,"author":{"gitId":"EmilyTJX"},"content":"    }"},{"lineNumber":42,"author":{"gitId":"EmilyTJX"},"content":""},{"lineNumber":43,"author":{"gitId":"EmilyTJX"},"content":"    public static void addDeadline(String input){"},{"lineNumber":44,"author":{"gitId":"EmilyTJX"},"content":"        int deadlineIndex \u003d input.indexOf(\"/\");"},{"lineNumber":45,"author":{"gitId":"EmilyTJX"},"content":"        String description \u003d input.substring(9, deadlineIndex);"},{"lineNumber":46,"author":{"gitId":"EmilyTJX"},"content":"        String deadline \u003d input.substring(deadlineIndex+4);"},{"lineNumber":47,"author":{"gitId":"EmilyTJX"},"content":"        Task currentTask \u003d new Deadline(description, deadline);"},{"lineNumber":48,"author":{"gitId":"EmilyTJX"},"content":"        tasks.add(currentTask);"},{"lineNumber":49,"author":{"gitId":"EmilyTJX"},"content":"        System.out.println(divider + \"Got it. I\u0027ve added this task:\\n\" +"},{"lineNumber":50,"author":{"gitId":"EmilyTJX"},"content":"                currentTask.toString() + \"\\n\");"},{"lineNumber":51,"author":{"gitId":"EmilyTJX"},"content":"        System.out.println(\"Now you have \"+tasks.size()+\" tasks in your list.\\n\");"},{"lineNumber":52,"author":{"gitId":"EmilyTJX"},"content":"    }"},{"lineNumber":53,"author":{"gitId":"EmilyTJX"},"content":""},{"lineNumber":54,"author":{"gitId":"EmilyTJX"},"content":"    public static void addEvent(String input){"},{"lineNumber":55,"author":{"gitId":"EmilyTJX"},"content":"        int timeIndex \u003d input.indexOf(\"/\");"},{"lineNumber":56,"author":{"gitId":"EmilyTJX"},"content":"        String description \u003d input.substring(6, timeIndex);"},{"lineNumber":57,"author":{"gitId":"EmilyTJX"},"content":"        String timeDetails \u003d input.substring(timeIndex + 4);"},{"lineNumber":58,"author":{"gitId":"EmilyTJX"},"content":"        Task currentTask \u003d new Event(description, timeDetails);"},{"lineNumber":59,"author":{"gitId":"EmilyTJX"},"content":"        tasks.add(currentTask);"},{"lineNumber":60,"author":{"gitId":"EmilyTJX"},"content":"        System.out.println(divider + \"Got it. I\u0027ve added this task:\\n\" +"},{"lineNumber":61,"author":{"gitId":"EmilyTJX"},"content":"                currentTask.toString() + \"\\n\");"},{"lineNumber":62,"author":{"gitId":"EmilyTJX"},"content":"        System.out.println(\"Now you have \" + tasks.size() + \" tasks in your list.\\n\" + divider);"},{"lineNumber":63,"author":{"gitId":"EmilyTJX"},"content":""},{"lineNumber":64,"author":{"gitId":"EmilyTJX"},"content":"    }"},{"lineNumber":65,"author":{"gitId":"EmilyTJX"},"content":""},{"lineNumber":66,"author":{"gitId":"EmilyTJX"},"content":"    private static void exitDuke(){"},{"lineNumber":67,"author":{"gitId":"EmilyTJX"},"content":"        System.out.println(\"Bye. Hope to see you again soon!\");"},{"lineNumber":68,"author":{"gitId":"EmilyTJX"},"content":"    }"},{"lineNumber":69,"author":{"gitId":"EmilyTJX"},"content":""},{"lineNumber":70,"author":{"gitId":"EmilyTJX"},"content":""},{"lineNumber":71,"author":{"gitId":"-"},"content":"    public static void main(String[] args) {"},{"lineNumber":72,"author":{"gitId":"-"},"content":"        String logo \u003d \" ____        _        \\n\""},{"lineNumber":73,"author":{"gitId":"-"},"content":"                + \"|  _ \\\\ _   _| | _____ \\n\""},{"lineNumber":74,"author":{"gitId":"-"},"content":"                + \"| | | | | | | |/ / _ \\\\\\n\""},{"lineNumber":75,"author":{"gitId":"-"},"content":"                + \"| |_| | |_| |   \u003c  __/\\n\""},{"lineNumber":76,"author":{"gitId":"-"},"content":"                + \"|____/ \\\\__,_|_|\\\\_\\\\___|\\n\";"},{"lineNumber":77,"author":{"gitId":"-"},"content":"        System.out.println(\"Hello from\\n\" + logo);"},{"lineNumber":78,"author":{"gitId":"EmilyTJX"},"content":""},{"lineNumber":79,"author":{"gitId":"EmilyTJX"},"content":"        System.out.println(\"Hello! I\u0027m Duke\\nWhat can I do for you?\\n\");"},{"lineNumber":80,"author":{"gitId":"EmilyTJX"},"content":"        Scanner in \u003d new Scanner(System.in);"},{"lineNumber":81,"author":{"gitId":"EmilyTJX"},"content":"        String input;"},{"lineNumber":82,"author":{"gitId":"EmilyTJX"},"content":""},{"lineNumber":83,"author":{"gitId":"EmilyTJX"},"content":"        while (in.hasNext()) {"},{"lineNumber":84,"author":{"gitId":"EmilyTJX"},"content":"            input \u003d in.nextLine();"},{"lineNumber":85,"author":{"gitId":"EmilyTJX"},"content":"            if (input.equals(\"list\")) {"},{"lineNumber":86,"author":{"gitId":"EmilyTJX"},"content":"                listTask();"},{"lineNumber":87,"author":{"gitId":"EmilyTJX"},"content":"            }else if(input.contains(\"done\")) {"},{"lineNumber":88,"author":{"gitId":"EmilyTJX"},"content":"                int index \u003d Integer.parseInt(input.substring(5));"},{"lineNumber":89,"author":{"gitId":"EmilyTJX"},"content":"                markTaskDone(index);"},{"lineNumber":90,"author":{"gitId":"EmilyTJX"},"content":"            }else if(input.contains(\"todo\")){"},{"lineNumber":91,"author":{"gitId":"EmilyTJX"},"content":"                addToDo(input);"},{"lineNumber":92,"author":{"gitId":"EmilyTJX"},"content":"            }else if(input.contains(\"deadline\")){"},{"lineNumber":93,"author":{"gitId":"EmilyTJX"},"content":"                addDeadline(input);"},{"lineNumber":94,"author":{"gitId":"EmilyTJX"},"content":"            }else if(input.contains(\"event\")){"},{"lineNumber":95,"author":{"gitId":"EmilyTJX"},"content":"                addEvent(input);"},{"lineNumber":96,"author":{"gitId":"EmilyTJX"},"content":"            }else if(input.equals(\"bye\")){"},{"lineNumber":97,"author":{"gitId":"EmilyTJX"},"content":"                exitDuke();"},{"lineNumber":98,"author":{"gitId":"EmilyTJX"},"content":"                break;"},{"lineNumber":99,"author":{"gitId":"EmilyTJX"},"content":"            }else{"},{"lineNumber":100,"author":{"gitId":"EmilyTJX"},"content":"                addTask(input);"},{"lineNumber":101,"author":{"gitId":"EmilyTJX"},"content":"            }"},{"lineNumber":102,"author":{"gitId":"EmilyTJX"},"content":"        }"},{"lineNumber":103,"author":{"gitId":"EmilyTJX"},"content":"        in.close();"},{"lineNumber":104,"author":{"gitId":"EmilyTJX"},"content":""},{"lineNumber":105,"author":{"gitId":"-"},"content":"    }"},{"lineNumber":106,"author":{"gitId":"-"},"content":"}"}],"authorContributionMap":{"EmilyTJX":96,"-":10}},{"path":"src/main/java/Event.java","fileType":"java","lines":[{"lineNumber":1,"author":{"gitId":"EmilyTJX"},"content":"public class Event extends Task {"},{"lineNumber":2,"author":{"gitId":"EmilyTJX"},"content":"    protected String eventTime;"},{"lineNumber":3,"author":{"gitId":"EmilyTJX"},"content":""},{"lineNumber":4,"author":{"gitId":"EmilyTJX"},"content":"    public Event(String description, String eventTime) {"},{"lineNumber":5,"author":{"gitId":"EmilyTJX"},"content":"        super(description);"},{"lineNumber":6,"author":{"gitId":"EmilyTJX"},"content":"        this.eventTime \u003d eventTime;"},{"lineNumber":7,"author":{"gitId":"EmilyTJX"},"content":"    }"},{"lineNumber":8,"author":{"gitId":"EmilyTJX"},"content":""},{"lineNumber":9,"author":{"gitId":"EmilyTJX"},"content":"    @Override"},{"lineNumber":10,"author":{"gitId":"EmilyTJX"},"content":"    public String toString(){"},{"lineNumber":11,"author":{"gitId":"EmilyTJX"},"content":"        return \"[E]\" + super.toString() + \"(at: \" + eventTime + \")\";"},{"lineNumber":12,"author":{"gitId":"EmilyTJX"},"content":"    }"},{"lineNumber":13,"author":{"gitId":"EmilyTJX"},"content":"}"}],"authorContributionMap":{"EmilyTJX":13}},{"path":"src/main/java/Task.java","fileType":"java","lines":[{"lineNumber":1,"author":{"gitId":"EmilyTJX"},"content":"public class Task {"},{"lineNumber":2,"author":{"gitId":"EmilyTJX"},"content":"    protected String description;"},{"lineNumber":3,"author":{"gitId":"EmilyTJX"},"content":"    protected boolean isDone;"},{"lineNumber":4,"author":{"gitId":"EmilyTJX"},"content":""},{"lineNumber":5,"author":{"gitId":"EmilyTJX"},"content":"    public Task(String description) {"},{"lineNumber":6,"author":{"gitId":"EmilyTJX"},"content":"        this.description \u003d description;"},{"lineNumber":7,"author":{"gitId":"EmilyTJX"},"content":"        this.isDone \u003d false;"},{"lineNumber":8,"author":{"gitId":"EmilyTJX"},"content":""},{"lineNumber":9,"author":{"gitId":"EmilyTJX"},"content":"    }"},{"lineNumber":10,"author":{"gitId":"EmilyTJX"},"content":""},{"lineNumber":11,"author":{"gitId":"EmilyTJX"},"content":"    public String getStatusIcon() {"},{"lineNumber":12,"author":{"gitId":"EmilyTJX"},"content":"        return (isDone ? \"\\u2718\" : \" \"); //if done return X"},{"lineNumber":13,"author":{"gitId":"EmilyTJX"},"content":"    }"},{"lineNumber":14,"author":{"gitId":"EmilyTJX"},"content":"    public void markAsDone(){"},{"lineNumber":15,"author":{"gitId":"EmilyTJX"},"content":"        this.isDone \u003d true;"},{"lineNumber":16,"author":{"gitId":"EmilyTJX"},"content":"    }"},{"lineNumber":17,"author":{"gitId":"EmilyTJX"},"content":"    public String toString() {"},{"lineNumber":18,"author":{"gitId":"EmilyTJX"},"content":"        return \"[\" + this.getStatusIcon() + \"] \" + this.description;"},{"lineNumber":19,"author":{"gitId":"EmilyTJX"},"content":"    }"},{"lineNumber":20,"author":{"gitId":"EmilyTJX"},"content":"}"}],"authorContributionMap":{"EmilyTJX":20}},{"path":"src/main/java/ToDo.java","fileType":"java","lines":[{"lineNumber":1,"author":{"gitId":"EmilyTJX"},"content":"public class ToDo extends Task{"},{"lineNumber":2,"author":{"gitId":"EmilyTJX"},"content":""},{"lineNumber":3,"author":{"gitId":"EmilyTJX"},"content":"    public ToDo(String description) {"},{"lineNumber":4,"author":{"gitId":"EmilyTJX"},"content":"        super(description);"},{"lineNumber":5,"author":{"gitId":"EmilyTJX"},"content":"    }"},{"lineNumber":6,"author":{"gitId":"EmilyTJX"},"content":""},{"lineNumber":7,"author":{"gitId":"EmilyTJX"},"content":"    @Override"},{"lineNumber":8,"author":{"gitId":"EmilyTJX"},"content":"    public String toString(){"},{"lineNumber":9,"author":{"gitId":"EmilyTJX"},"content":"        return \"[T]\" + super.toString();"},{"lineNumber":10,"author":{"gitId":"EmilyTJX"},"content":"    }"},{"lineNumber":11,"author":{"gitId":"EmilyTJX"},"content":"}"}],"authorContributionMap":{"EmilyTJX":11}}]
