[{"path":"README.md","fileType":"md","lines":[{"lineNumber":1,"author":{"gitId":"-"},"content":"# Duke project template"},{"lineNumber":2,"author":{"gitId":"-"},"content":""},{"lineNumber":3,"author":{"gitId":"-"},"content":"This is a project template for a greenfield Java project. It\u0027s named after the Java mascot _Duke_. Given below are instructions on how to use it."},{"lineNumber":4,"author":{"gitId":"-"},"content":""},{"lineNumber":5,"author":{"gitId":"-"},"content":"## Setting up in Intellij"},{"lineNumber":6,"author":{"gitId":"-"},"content":""},{"lineNumber":7,"author":{"gitId":"EmilyTJX"},"content":"Prerequisites: JDK 11, update IntelliJ to the most recent version."},{"lineNumber":8,"author":{"gitId":"-"},"content":""},{"lineNumber":9,"author":{"gitId":"EmilyTJX"},"content":"### On IntelliJ version 2020.3.1 (latest) and beyond"},{"lineNumber":10,"author":{"gitId":"EmilyTJX"},"content":""},{"lineNumber":11,"author":{"gitId":"EmilyTJX"},"content":"1. Open IntelliJ (if you are not in the welcome screen, click `File` \u003e `Close Project` to close the existing project first)"},{"lineNumber":12,"author":{"gitId":"EmilyTJX"},"content":"1. Import the project into IntelliJ as follows:"},{"lineNumber":13,"author":{"gitId":"EmilyTJX"},"content":"   1. Click `Open`"},{"lineNumber":14,"author":{"gitId":"-"},"content":"   1. Select the project directory, and click `OK`"},{"lineNumber":15,"author":{"gitId":"-"},"content":"   1. If there are any further prompts, accept the defaults."},{"lineNumber":16,"author":{"gitId":"EmilyTJX"},"content":"1. Configure the project to use **JDK 11** (not other versions) as explained in [here](https://www.jetbrains.com/help/idea/sdk.html#set-up-jdk)."},{"lineNumber":17,"author":{"gitId":"EmilyTJX"},"content":"1. After that, locate the `src/main/java/Duke.java` file, right-click it, and choose `Run Duke.main()`. If the setup is correct, you should see something like the output below."},{"lineNumber":18,"author":{"gitId":"EmilyTJX"},"content":""},{"lineNumber":19,"author":{"gitId":"-"},"content":"   ```"},{"lineNumber":20,"author":{"gitId":"-"},"content":"   Hello from"},{"lineNumber":21,"author":{"gitId":"-"},"content":"    ____        _        "},{"lineNumber":22,"author":{"gitId":"-"},"content":"   |  _ \\ _   _| | _____ "},{"lineNumber":23,"author":{"gitId":"-"},"content":"   | | | | | | | |/ / _ \\"},{"lineNumber":24,"author":{"gitId":"-"},"content":"   | |_| | |_| |   \u003c  __/"},{"lineNumber":25,"author":{"gitId":"-"},"content":"   |____/ \\__,_|_|\\_\\___|"},{"lineNumber":26,"author":{"gitId":"-"},"content":"   ```"}],"authorContributionMap":{"EmilyTJX":9,"-":17}},{"path":"src/main/java/Duke.java","fileType":"java","lines":[{"lineNumber":1,"author":{"gitId":"EmilyTJX"},"content":"import java.util.Scanner;"},{"lineNumber":2,"author":{"gitId":"EmilyTJX"},"content":""},{"lineNumber":3,"author":{"gitId":"-"},"content":"public class Duke {"},{"lineNumber":4,"author":{"gitId":"-"},"content":"    public static void main(String[] args) {"},{"lineNumber":5,"author":{"gitId":"-"},"content":"        String logo \u003d \" ____        _        \\n\""},{"lineNumber":6,"author":{"gitId":"-"},"content":"                + \"|  _ \\\\ _   _| | _____ \\n\""},{"lineNumber":7,"author":{"gitId":"-"},"content":"                + \"| | | | | | | |/ / _ \\\\\\n\""},{"lineNumber":8,"author":{"gitId":"-"},"content":"                + \"| |_| | |_| |   \u003c  __/\\n\""},{"lineNumber":9,"author":{"gitId":"-"},"content":"                + \"|____/ \\\\__,_|_|\\\\_\\\\___|\\n\";"},{"lineNumber":10,"author":{"gitId":"-"},"content":"        System.out.println(\"Hello from\\n\" + logo);"},{"lineNumber":11,"author":{"gitId":"EmilyTJX"},"content":""},{"lineNumber":12,"author":{"gitId":"EmilyTJX"},"content":"        System.out.println(\"Hello! I\u0027m Duke\\nWhat can I do for you?\\n\" );"},{"lineNumber":13,"author":{"gitId":"EmilyTJX"},"content":"        Scanner in \u003d new Scanner(System.in);"},{"lineNumber":14,"author":{"gitId":"EmilyTJX"},"content":"        String input;"},{"lineNumber":15,"author":{"gitId":"EmilyTJX"},"content":"        String[] data \u003d new String[100];"},{"lineNumber":16,"author":{"gitId":"EmilyTJX"},"content":"        int a\u003d0;"},{"lineNumber":17,"author":{"gitId":"EmilyTJX"},"content":"        input \u003d in.nextLine();"},{"lineNumber":18,"author":{"gitId":"EmilyTJX"},"content":"        while(!input.contains(\"bye\")){"},{"lineNumber":19,"author":{"gitId":"EmilyTJX"},"content":"            data[a++] \u003d input;"},{"lineNumber":20,"author":{"gitId":"EmilyTJX"},"content":"            System.out.println(\"added: \"+ input);"},{"lineNumber":21,"author":{"gitId":"EmilyTJX"},"content":"            input \u003d in.nextLine();"},{"lineNumber":22,"author":{"gitId":"EmilyTJX"},"content":"            if(input.contains(\"list\")){"},{"lineNumber":23,"author":{"gitId":"EmilyTJX"},"content":"                for(int i\u003d0; i\u003ca; i++) {"},{"lineNumber":24,"author":{"gitId":"EmilyTJX"},"content":"                    System.out.println(i + \".\" + \" \" + data[i]);"},{"lineNumber":25,"author":{"gitId":"EmilyTJX"},"content":"                }"},{"lineNumber":26,"author":{"gitId":"EmilyTJX"},"content":"            }"},{"lineNumber":27,"author":{"gitId":"EmilyTJX"},"content":"        }"},{"lineNumber":28,"author":{"gitId":"EmilyTJX"},"content":"        System.out.println(\"Bye. Hope to see you again soon!\");"},{"lineNumber":29,"author":{"gitId":"EmilyTJX"},"content":""},{"lineNumber":30,"author":{"gitId":"-"},"content":"    }"},{"lineNumber":31,"author":{"gitId":"-"},"content":"}"}],"authorContributionMap":{"EmilyTJX":21,"-":10}}]
