[{"path":"docs/README.md","fileType":"md","lines":[{"lineNumber":1,"author":{"gitId":"EmilyTJX"},"content":"# User Guide to Duke"},{"lineNumber":2,"author":{"gitId":"-"},"content":""},{"lineNumber":3,"author":{"gitId":"EmilyTJX"},"content":"## 1. Introduction"},{"lineNumber":4,"author":{"gitId":"-"},"content":""},{"lineNumber":5,"author":{"gitId":"EmilyTJX"},"content":"This is a CS2113T project for a greenfield Java project. It\u0027s named after the Java mascot Duke. Given below are"},{"lineNumber":6,"author":{"gitId":"EmilyTJX"},"content":"instructions on how to use it."},{"lineNumber":7,"author":{"gitId":"-"},"content":""},{"lineNumber":8,"author":{"gitId":"EmilyTJX"},"content":"## 2. Setting up in Intellij"},{"lineNumber":9,"author":{"gitId":"-"},"content":""},{"lineNumber":10,"author":{"gitId":"EmilyTJX"},"content":"Prerequisites: JDK 11, update IntelliJ to the most recent version."},{"lineNumber":11,"author":{"gitId":"-"},"content":""},{"lineNumber":12,"author":{"gitId":"EmilyTJX"},"content":"### On IntelliJ version 2020.3.1 (latest) and beyond"},{"lineNumber":13,"author":{"gitId":"-"},"content":""},{"lineNumber":14,"author":{"gitId":"EmilyTJX"},"content":"Open IntelliJ (if you are not in the welcome screen, click File \u003e Close Project to close the existing project first)"},{"lineNumber":15,"author":{"gitId":"-"},"content":""},{"lineNumber":16,"author":{"gitId":"EmilyTJX"},"content":"Import the project into IntelliJ as follows:"},{"lineNumber":17,"author":{"gitId":"-"},"content":""},{"lineNumber":18,"author":{"gitId":"EmilyTJX"},"content":"Click Open Select the project directory, and click OK If there are any further prompts, accept the defaults. Configure"},{"lineNumber":19,"author":{"gitId":"EmilyTJX"},"content":"the project to use JDK 11 (not other versions) as explained in here."},{"lineNumber":20,"author":{"gitId":"-"},"content":""},{"lineNumber":21,"author":{"gitId":"EmilyTJX"},"content":"After that, locate the src/main/java/Duke.java file, right-click it, and choose Run Duke.main(). If the setup is"},{"lineNumber":22,"author":{"gitId":"EmilyTJX"},"content":"correct, you should see something like the output below."},{"lineNumber":23,"author":{"gitId":"EmilyTJX"},"content":""},{"lineNumber":24,"author":{"gitId":"EmilyTJX"},"content":"![Duke Greeting Image](/docs/img.png)"},{"lineNumber":25,"author":{"gitId":"EmilyTJX"},"content":""},{"lineNumber":26,"author":{"gitId":"EmilyTJX"},"content":"## 3. Task Management Features"},{"lineNumber":27,"author":{"gitId":"EmilyTJX"},"content":""},{"lineNumber":28,"author":{"gitId":"EmilyTJX"},"content":"Using Duke, you can easily and effectively manage your tasks, deadlines and personal events. This section aims to"},{"lineNumber":29,"author":{"gitId":"EmilyTJX"},"content":"introduce the various important features of Duke. However, before we do that there are some command formats that will be"},{"lineNumber":30,"author":{"gitId":"EmilyTJX"},"content":"used from here on out. They are:"},{"lineNumber":31,"author":{"gitId":"EmilyTJX"},"content":""},{"lineNumber":32,"author":{"gitId":"EmilyTJX"},"content":"### Command Formats"},{"lineNumber":33,"author":{"gitId":"EmilyTJX"},"content":""},{"lineNumber":34,"author":{"gitId":"EmilyTJX"},"content":"|`/add` | A grey highlight refers to a command keyword that will be taken from the command line, at textbox at the bottom of the GUI. |"},{"lineNumber":35,"author":{"gitId":"EmilyTJX"},"content":":---:|---"},{"lineNumber":36,"author":{"gitId":"EmilyTJX"},"content":""},{"lineNumber":37,"author":{"gitId":"EmilyTJX"},"content":""},{"lineNumber":38,"author":{"gitId":"EmilyTJX"},"content":"|\\\u003ctask description\u003e| Texts enclosed by angular brackets are fields that have to be replaced with the user input. For example, \u003ctask description\u003e can be “read a book”, while \u003ctime\u003e can be “12:00”.|"},{"lineNumber":39,"author":{"gitId":"EmilyTJX"},"content":":---:|---"},{"lineNumber":40,"author":{"gitId":"EmilyTJX"},"content":"### 3.1 Adding tasks to Duke"},{"lineNumber":41,"author":{"gitId":"EmilyTJX"},"content":""},{"lineNumber":42,"author":{"gitId":"EmilyTJX"},"content":"Since Duke is task list checker, the first thing you would want to do is to add your tasks for the next few days. Duke"},{"lineNumber":43,"author":{"gitId":"EmilyTJX"},"content":"is able to set up the following 3 types of Tasks, To-do, Event and Deadline."},{"lineNumber":44,"author":{"gitId":"EmilyTJX"},"content":""},{"lineNumber":45,"author":{"gitId":"EmilyTJX"},"content":"### 3.1.1 Adding a To-Do task: `todo`"},{"lineNumber":46,"author":{"gitId":"EmilyTJX"},"content":""},{"lineNumber":47,"author":{"gitId":"EmilyTJX"},"content":"Duke can add in specific commands to add in a todo task. In order to do so, you must issue commands in the command line"},{"lineNumber":48,"author":{"gitId":"EmilyTJX"},"content":"at the bottom."},{"lineNumber":49,"author":{"gitId":"EmilyTJX"},"content":""},{"lineNumber":50,"author":{"gitId":"EmilyTJX"},"content":"The syntax for adding a todo task to the list is as follows:"},{"lineNumber":51,"author":{"gitId":"EmilyTJX"},"content":""},{"lineNumber":52,"author":{"gitId":"EmilyTJX"},"content":"    todo \u003ctask description\u003e"},{"lineNumber":53,"author":{"gitId":"EmilyTJX"},"content":""},{"lineNumber":54,"author":{"gitId":"EmilyTJX"},"content":"On issuing this command in the command-lie text box at the bottom, a task will be added to the list."},{"lineNumber":55,"author":{"gitId":"EmilyTJX"},"content":""},{"lineNumber":56,"author":{"gitId":"EmilyTJX"},"content":"### 3.1.2 Adding a Event task: `event`"},{"lineNumber":57,"author":{"gitId":"EmilyTJX"},"content":""},{"lineNumber":58,"author":{"gitId":"EmilyTJX"},"content":"Duke can add in specific commands to add in an event. In order to do so, you must issue commands in the command line at"},{"lineNumber":59,"author":{"gitId":"EmilyTJX"},"content":"the bottom."},{"lineNumber":60,"author":{"gitId":"EmilyTJX"},"content":""},{"lineNumber":61,"author":{"gitId":"EmilyTJX"},"content":"The syntax for adding a todo task to the list is as follows:"},{"lineNumber":62,"author":{"gitId":"EmilyTJX"},"content":""},{"lineNumber":63,"author":{"gitId":"EmilyTJX"},"content":"    event \u003ctask description\u003e /at \u003cdate\u003e \u003ctime\u003e"},{"lineNumber":64,"author":{"gitId":"EmilyTJX"},"content":""},{"lineNumber":65,"author":{"gitId":"EmilyTJX"},"content":"On issuing this command in the command-lie text box at the bottom, a task will be added to the list."},{"lineNumber":66,"author":{"gitId":"EmilyTJX"},"content":""},{"lineNumber":67,"author":{"gitId":"EmilyTJX"},"content":"Elaboration: Date format is YYYY-MM-DD and time format is HH:mm. Where D stands for day, M stands for month, Y stands"},{"lineNumber":68,"author":{"gitId":"EmilyTJX"},"content":"for year, H stands for hour in 24-hour format and m stands for minutes. Uses the /at keyword."},{"lineNumber":69,"author":{"gitId":"EmilyTJX"},"content":""},{"lineNumber":70,"author":{"gitId":"EmilyTJX"},"content":"### 3.1.3 Adding a Deadline task: `deadline`"},{"lineNumber":71,"author":{"gitId":"EmilyTJX"},"content":""},{"lineNumber":72,"author":{"gitId":"EmilyTJX"},"content":"Duke can add in specific commands to add in a task with a deadline. In order to do so, you must issue commands in the"},{"lineNumber":73,"author":{"gitId":"EmilyTJX"},"content":"command line at the bottom."},{"lineNumber":74,"author":{"gitId":"EmilyTJX"},"content":""},{"lineNumber":75,"author":{"gitId":"EmilyTJX"},"content":"The syntax for adding a todo task to the list is as follows:"},{"lineNumber":76,"author":{"gitId":"EmilyTJX"},"content":""},{"lineNumber":77,"author":{"gitId":"EmilyTJX"},"content":"    deadline \u003ctask description\u003e /by \u003cdate\u003e \u003ctime\u003e"},{"lineNumber":78,"author":{"gitId":"EmilyTJX"},"content":""},{"lineNumber":79,"author":{"gitId":"EmilyTJX"},"content":"On issuing this command in the command-lie text box at the bottom, a task will be added to the list."},{"lineNumber":80,"author":{"gitId":"EmilyTJX"},"content":""},{"lineNumber":81,"author":{"gitId":"EmilyTJX"},"content":"Elaboration: Date format is YYYY-MM-DD and time format is HH:mm. Where D stands for day, M stands for month, Y stands"},{"lineNumber":82,"author":{"gitId":"EmilyTJX"},"content":"for year, H stands for hour in 24-hour format and m stands for minutes. Uses the /by keyword."},{"lineNumber":83,"author":{"gitId":"EmilyTJX"},"content":""},{"lineNumber":84,"author":{"gitId":"EmilyTJX"},"content":"Some trivial examples can be seen below:"},{"lineNumber":85,"author":{"gitId":"EmilyTJX"},"content":""},{"lineNumber":86,"author":{"gitId":"EmilyTJX"},"content":"* todo read book (ToDo)"},{"lineNumber":87,"author":{"gitId":"EmilyTJX"},"content":""},{"lineNumber":88,"author":{"gitId":"EmilyTJX"},"content":"* event Team meeting /at 2021-1-3 15:00 (Event)"},{"lineNumber":89,"author":{"gitId":"EmilyTJX"},"content":""},{"lineNumber":90,"author":{"gitId":"EmilyTJX"},"content":"* deadline Homework /by 2021-12-12 23:59 (Deadline)"},{"lineNumber":91,"author":{"gitId":"EmilyTJX"},"content":""},{"lineNumber":92,"author":{"gitId":"EmilyTJX"},"content":"### 3.2 Delete a task: `delete`"},{"lineNumber":93,"author":{"gitId":"EmilyTJX"},"content":""},{"lineNumber":94,"author":{"gitId":"EmilyTJX"},"content":"Sometimes you might want to delete a task because you no longer have to perform it. In order to do so, a `delete`"},{"lineNumber":95,"author":{"gitId":"EmilyTJX"},"content":"command can be issued in the command line."},{"lineNumber":96,"author":{"gitId":"EmilyTJX"},"content":""},{"lineNumber":97,"author":{"gitId":"EmilyTJX"},"content":"The syntax for adding a task to the list is as follows:"},{"lineNumber":98,"author":{"gitId":"EmilyTJX"},"content":""},{"lineNumber":99,"author":{"gitId":"EmilyTJX"},"content":"    delete \u003cindex of task\u003e"},{"lineNumber":100,"author":{"gitId":"EmilyTJX"},"content":""},{"lineNumber":101,"author":{"gitId":"EmilyTJX"},"content":"Executing a `delete` command:"},{"lineNumber":102,"author":{"gitId":"EmilyTJX"},"content":""},{"lineNumber":103,"author":{"gitId":"EmilyTJX"},"content":"    1. Look at the index of the task you want to delete."},{"lineNumber":104,"author":{"gitId":"EmilyTJX"},"content":"    2. Type in the above command."},{"lineNumber":105,"author":{"gitId":"EmilyTJX"},"content":"    3. Press Enter"},{"lineNumber":106,"author":{"gitId":"EmilyTJX"},"content":""},{"lineNumber":107,"author":{"gitId":"EmilyTJX"},"content":"The command will disappear from the list and the index gets readjusted."},{"lineNumber":108,"author":{"gitId":"EmilyTJX"},"content":""},{"lineNumber":109,"author":{"gitId":"EmilyTJX"},"content":"### 3.3 Marking tasks as done: `done`"},{"lineNumber":110,"author":{"gitId":"EmilyTJX"},"content":""},{"lineNumber":111,"author":{"gitId":"EmilyTJX"},"content":"If you ended up completing the task, you might want to mark the task as done. Issue the `done` command to do so."},{"lineNumber":112,"author":{"gitId":"EmilyTJX"},"content":""},{"lineNumber":113,"author":{"gitId":"EmilyTJX"},"content":"The syntax of the command is as follows:"},{"lineNumber":114,"author":{"gitId":"EmilyTJX"},"content":""},{"lineNumber":115,"author":{"gitId":"EmilyTJX"},"content":"    done \u003cindex of task\u003e"},{"lineNumber":116,"author":{"gitId":"EmilyTJX"},"content":""},{"lineNumber":117,"author":{"gitId":"EmilyTJX"},"content":"Executing a `done` command:"},{"lineNumber":118,"author":{"gitId":"EmilyTJX"},"content":""},{"lineNumber":119,"author":{"gitId":"EmilyTJX"},"content":"    1.\tLook at the index of the task you want to mark."},{"lineNumber":120,"author":{"gitId":"EmilyTJX"},"content":"    2.\tType in the above command."},{"lineNumber":121,"author":{"gitId":"EmilyTJX"},"content":"    3.\tPress Enter."},{"lineNumber":122,"author":{"gitId":"EmilyTJX"},"content":""},{"lineNumber":123,"author":{"gitId":"EmilyTJX"},"content":"### 3.4 Finding tasks: `find`"},{"lineNumber":124,"author":{"gitId":"EmilyTJX"},"content":""},{"lineNumber":125,"author":{"gitId":"EmilyTJX"},"content":"When dealing with multiple tasks, it is hard to find older ones even if you sort it in a particular way. To find tasks,"},{"lineNumber":126,"author":{"gitId":"EmilyTJX"},"content":"you can use the `find` command:"},{"lineNumber":127,"author":{"gitId":"EmilyTJX"},"content":""},{"lineNumber":128,"author":{"gitId":"EmilyTJX"},"content":"The syntax of the command is as follows:"},{"lineNumber":129,"author":{"gitId":"EmilyTJX"},"content":""},{"lineNumber":130,"author":{"gitId":"EmilyTJX"},"content":"    find \u003ckeyword\u003e"},{"lineNumber":131,"author":{"gitId":"EmilyTJX"},"content":""},{"lineNumber":132,"author":{"gitId":"EmilyTJX"},"content":"The command takes in your input \u003ckeyword\u003e which is present in the task you want to find. Currently, this feature is able"},{"lineNumber":133,"author":{"gitId":"EmilyTJX"},"content":"to find tagged words, dates, time and words in the task description."},{"lineNumber":134,"author":{"gitId":"EmilyTJX"},"content":""},{"lineNumber":135,"author":{"gitId":"EmilyTJX"},"content":"Executing the `find` command:"},{"lineNumber":136,"author":{"gitId":"EmilyTJX"},"content":""},{"lineNumber":137,"author":{"gitId":"EmilyTJX"},"content":"    1.\tType find \u003ckeyword\u003e. For example, we type find Dec and press Enter."},{"lineNumber":138,"author":{"gitId":"EmilyTJX"},"content":"    2.\tThe list of tasks that contains \u0027Dec\u0027 will be shown on the screen."},{"lineNumber":139,"author":{"gitId":"EmilyTJX"},"content":""},{"lineNumber":140,"author":{"gitId":"EmilyTJX"},"content":"### 3.4 Listing all the tasks: `list`"},{"lineNumber":141,"author":{"gitId":"EmilyTJX"},"content":""},{"lineNumber":142,"author":{"gitId":"EmilyTJX"},"content":"When dealing many tasks, you would want to see all of your tasks in a list. To see your task list, you can use"},{"lineNumber":143,"author":{"gitId":"EmilyTJX"},"content":"the `list` command:"},{"lineNumber":144,"author":{"gitId":"EmilyTJX"},"content":""},{"lineNumber":145,"author":{"gitId":"EmilyTJX"},"content":"Executing the `list` command:"},{"lineNumber":146,"author":{"gitId":"EmilyTJX"},"content":""},{"lineNumber":147,"author":{"gitId":"EmilyTJX"},"content":"    1.\tType list."},{"lineNumber":148,"author":{"gitId":"EmilyTJX"},"content":"    2.\tAll tasks in list should be printed with respective task headers."},{"lineNumber":149,"author":{"gitId":"EmilyTJX"},"content":""},{"lineNumber":150,"author":{"gitId":"EmilyTJX"},"content":"### 3.5 Exiting Duke: `bye`"},{"lineNumber":151,"author":{"gitId":"EmilyTJX"},"content":""},{"lineNumber":152,"author":{"gitId":"EmilyTJX"},"content":"This command would cause Duke programme to exit and end."},{"lineNumber":153,"author":{"gitId":"EmilyTJX"},"content":""},{"lineNumber":154,"author":{"gitId":"EmilyTJX"},"content":"## 4. FAQ"},{"lineNumber":155,"author":{"gitId":"EmilyTJX"},"content":""},{"lineNumber":156,"author":{"gitId":"EmilyTJX"},"content":"Q: Where can I install Java 11 from?"},{"lineNumber":157,"author":{"gitId":"EmilyTJX"},"content":""},{"lineNumber":158,"author":{"gitId":"EmilyTJX"},"content":"A: Java 11 can be downloaded from the oracle"},{"lineNumber":159,"author":{"gitId":"EmilyTJX"},"content":"website. https://www.oracle.com/technetwork/java/javase/downloads/index.html"},{"lineNumber":160,"author":{"gitId":"EmilyTJX"},"content":""},{"lineNumber":161,"author":{"gitId":"EmilyTJX"},"content":"## 5. Command Summary"},{"lineNumber":162,"author":{"gitId":"EmilyTJX"},"content":""},{"lineNumber":163,"author":{"gitId":"EmilyTJX"},"content":"Adding tasks:"},{"lineNumber":164,"author":{"gitId":"EmilyTJX"},"content":""},{"lineNumber":165,"author":{"gitId":"EmilyTJX"},"content":"* todo \u003ctask description\u003e (ToDo)"},{"lineNumber":166,"author":{"gitId":"EmilyTJX"},"content":"    * Example: todo add task 1"},{"lineNumber":167,"author":{"gitId":"EmilyTJX"},"content":""},{"lineNumber":168,"author":{"gitId":"EmilyTJX"},"content":"* event \u003ctask description\u003e /at \u003cdate\u003e \u003ctime\u003e (Event)"},{"lineNumber":169,"author":{"gitId":"EmilyTJX"},"content":"    * Example: event planning for task 2 /at 2021-12-12 18:00"},{"lineNumber":170,"author":{"gitId":"EmilyTJX"},"content":""},{"lineNumber":171,"author":{"gitId":"EmilyTJX"},"content":"* deadline \u003ctask description\u003e /by \u003cdate\u003e \u003ctime\u003e (Deadline)"},{"lineNumber":172,"author":{"gitId":"EmilyTJX"},"content":"    * Example: deadline complete task 3 /by 2021-12-12 18:00"},{"lineNumber":173,"author":{"gitId":"EmilyTJX"},"content":""},{"lineNumber":174,"author":{"gitId":"EmilyTJX"},"content":"Deleting tasks:"},{"lineNumber":175,"author":{"gitId":"EmilyTJX"},"content":""},{"lineNumber":176,"author":{"gitId":"EmilyTJX"},"content":"* delete \u003cindex of task\u003e"},{"lineNumber":177,"author":{"gitId":"EmilyTJX"},"content":"    * Example: delete 3"},{"lineNumber":178,"author":{"gitId":"EmilyTJX"},"content":""},{"lineNumber":179,"author":{"gitId":"EmilyTJX"},"content":"Finding tasks:"},{"lineNumber":180,"author":{"gitId":"EmilyTJX"},"content":""},{"lineNumber":181,"author":{"gitId":"EmilyTJX"},"content":"* find \u003cindex of task\u003e (queries the task list for any task containing the given word; can be in the task description,"},{"lineNumber":182,"author":{"gitId":"EmilyTJX"},"content":"  tags, time or date)"},{"lineNumber":183,"author":{"gitId":"EmilyTJX"},"content":"    * Example: find 3"},{"lineNumber":184,"author":{"gitId":"EmilyTJX"},"content":""},{"lineNumber":185,"author":{"gitId":"EmilyTJX"},"content":"Completing tasks:"},{"lineNumber":186,"author":{"gitId":"EmilyTJX"},"content":""},{"lineNumber":187,"author":{"gitId":"EmilyTJX"},"content":"* done \u003cindex of task\u003e  (marks task as done in the given index)"},{"lineNumber":188,"author":{"gitId":"EmilyTJX"},"content":""},{"lineNumber":189,"author":{"gitId":"EmilyTJX"},"content":"    * Example: done 3"},{"lineNumber":190,"author":{"gitId":"EmilyTJX"},"content":""},{"lineNumber":191,"author":{"gitId":"EmilyTJX"},"content":"List:"},{"lineNumber":192,"author":{"gitId":"EmilyTJX"},"content":""},{"lineNumber":193,"author":{"gitId":"EmilyTJX"},"content":"* list  (shows a list of all the tasks in the task list)"}],"authorContributionMap":{"EmilyTJX":184,"-":9}},{"path":"src/main/java/Duke.java","fileType":"java","lines":[{"lineNumber":1,"author":{"gitId":"EmilyTJX"},"content":"import duke.exception.DukeException;"},{"lineNumber":2,"author":{"gitId":"EmilyTJX"},"content":""},{"lineNumber":3,"author":{"gitId":"EmilyTJX"},"content":"import duke.parser.Parser;"},{"lineNumber":4,"author":{"gitId":"EmilyTJX"},"content":"import duke.storage.Storage;"},{"lineNumber":5,"author":{"gitId":"EmilyTJX"},"content":""},{"lineNumber":6,"author":{"gitId":"EmilyTJX"},"content":"import duke.task.TaskList;"},{"lineNumber":7,"author":{"gitId":"EmilyTJX"},"content":"import duke.ui.Ui;"},{"lineNumber":8,"author":{"gitId":"EmilyTJX"},"content":""},{"lineNumber":9,"author":{"gitId":"EmilyTJX"},"content":"import java.util.Scanner;"},{"lineNumber":10,"author":{"gitId":"EmilyTJX"},"content":""},{"lineNumber":11,"author":{"gitId":"-"},"content":"public class Duke {"},{"lineNumber":12,"author":{"gitId":"EmilyTJX"},"content":"    /**"},{"lineNumber":13,"author":{"gitId":"EmilyTJX"},"content":"     * Storage created for user."},{"lineNumber":14,"author":{"gitId":"EmilyTJX"},"content":"     */"},{"lineNumber":15,"author":{"gitId":"EmilyTJX"},"content":"    private final Storage storage \u003d new Storage();"},{"lineNumber":16,"author":{"gitId":"EmilyTJX"},"content":"    /**"},{"lineNumber":17,"author":{"gitId":"EmilyTJX"},"content":"     * Task list created for user."},{"lineNumber":18,"author":{"gitId":"EmilyTJX"},"content":"     */"},{"lineNumber":19,"author":{"gitId":"EmilyTJX"},"content":"    private TaskList tasks \u003d new TaskList();"},{"lineNumber":20,"author":{"gitId":"EmilyTJX"},"content":"    /**"},{"lineNumber":21,"author":{"gitId":"EmilyTJX"},"content":"     * UI created to interact with user"},{"lineNumber":22,"author":{"gitId":"EmilyTJX"},"content":"     */"},{"lineNumber":23,"author":{"gitId":"EmilyTJX"},"content":"    private static final Ui ui \u003d new Ui();"},{"lineNumber":24,"author":{"gitId":"EmilyTJX"},"content":""},{"lineNumber":25,"author":{"gitId":"EmilyTJX"},"content":"    /**"},{"lineNumber":26,"author":{"gitId":"EmilyTJX"},"content":"     * Sets up required files for Duke to start."},{"lineNumber":27,"author":{"gitId":"EmilyTJX"},"content":"     *"},{"lineNumber":28,"author":{"gitId":"EmilyTJX"},"content":"     * @throws Exception If Duke unable to load or create new data."},{"lineNumber":29,"author":{"gitId":"EmilyTJX"},"content":"     */"},{"lineNumber":30,"author":{"gitId":"EmilyTJX"},"content":"    public Duke() throws Exception {"},{"lineNumber":31,"author":{"gitId":"EmilyTJX"},"content":""},{"lineNumber":32,"author":{"gitId":"EmilyTJX"},"content":"        Storage.createFolder();"},{"lineNumber":33,"author":{"gitId":"EmilyTJX"},"content":""},{"lineNumber":34,"author":{"gitId":"EmilyTJX"},"content":"        if (storage.retrieveTextFile()) {"},{"lineNumber":35,"author":{"gitId":"EmilyTJX"},"content":"            tasks \u003d new TaskList(storage.loadData());"},{"lineNumber":36,"author":{"gitId":"EmilyTJX"},"content":"        }"},{"lineNumber":37,"author":{"gitId":"EmilyTJX"},"content":""},{"lineNumber":38,"author":{"gitId":"-"},"content":"    }"},{"lineNumber":39,"author":{"gitId":"EmilyTJX"},"content":""},{"lineNumber":40,"author":{"gitId":"EmilyTJX"},"content":"    public void run() {"},{"lineNumber":41,"author":{"gitId":"EmilyTJX"},"content":"        ui.printGreeting();"},{"lineNumber":42,"author":{"gitId":"EmilyTJX"},"content":"        Scanner in \u003d new Scanner(System.in);"},{"lineNumber":43,"author":{"gitId":"EmilyTJX"},"content":"        String input;"},{"lineNumber":44,"author":{"gitId":"EmilyTJX"},"content":"        boolean isExit \u003d false;"},{"lineNumber":45,"author":{"gitId":"EmilyTJX"},"content":""},{"lineNumber":46,"author":{"gitId":"EmilyTJX"},"content":"        while (in.hasNext()) {"},{"lineNumber":47,"author":{"gitId":"EmilyTJX"},"content":"            input \u003d in.nextLine().toLowerCase().trim();"},{"lineNumber":48,"author":{"gitId":"EmilyTJX"},"content":"            try {"},{"lineNumber":49,"author":{"gitId":"EmilyTJX"},"content":"                isExit \u003d Parser.determineCommand(input);"},{"lineNumber":50,"author":{"gitId":"EmilyTJX"},"content":"            } catch (DukeException ignored) {"},{"lineNumber":51,"author":{"gitId":"EmilyTJX"},"content":"            }"},{"lineNumber":52,"author":{"gitId":"EmilyTJX"},"content":"            if (isExit) {"},{"lineNumber":53,"author":{"gitId":"EmilyTJX"},"content":"                break;"},{"lineNumber":54,"author":{"gitId":"EmilyTJX"},"content":"            }"},{"lineNumber":55,"author":{"gitId":"EmilyTJX"},"content":""},{"lineNumber":56,"author":{"gitId":"EmilyTJX"},"content":"        }"},{"lineNumber":57,"author":{"gitId":"EmilyTJX"},"content":"        ui.printExitMessage();"},{"lineNumber":58,"author":{"gitId":"EmilyTJX"},"content":"        in.close();"},{"lineNumber":59,"author":{"gitId":"-"},"content":"    }"},{"lineNumber":60,"author":{"gitId":"EmilyTJX"},"content":""},{"lineNumber":61,"author":{"gitId":"EmilyTJX"},"content":"    public static void main(String[] args) throws Exception {"},{"lineNumber":62,"author":{"gitId":"EmilyTJX"},"content":"        new Duke().run();"},{"lineNumber":63,"author":{"gitId":"EmilyTJX"},"content":"    }"},{"lineNumber":64,"author":{"gitId":"EmilyTJX"},"content":""},{"lineNumber":65,"author":{"gitId":"-"},"content":"}"}],"authorContributionMap":{"EmilyTJX":61,"-":4}},{"path":"src/main/java/duke/exception/DukeException.java","fileType":"java","lines":[{"lineNumber":1,"author":{"gitId":"EmilyTJX"},"content":"package duke.exception;"},{"lineNumber":2,"author":{"gitId":"EmilyTJX"},"content":""},{"lineNumber":3,"author":{"gitId":"EmilyTJX"},"content":"/**"},{"lineNumber":4,"author":{"gitId":"EmilyTJX"},"content":" * Represents the exceptions for Duke, allows extensions for other exceptions"},{"lineNumber":5,"author":{"gitId":"EmilyTJX"},"content":" */"},{"lineNumber":6,"author":{"gitId":"EmilyTJX"},"content":""},{"lineNumber":7,"author":{"gitId":"EmilyTJX"},"content":"public class DukeException extends Throwable {"},{"lineNumber":8,"author":{"gitId":"EmilyTJX"},"content":"    private static String WARNING_DIVIDER \u003d \"\\txxxxxxxxxxxxxxxxxxxxxxxxxxxxxxx\\n\";"},{"lineNumber":9,"author":{"gitId":"EmilyTJX"},"content":"    /**"},{"lineNumber":10,"author":{"gitId":"EmilyTJX"},"content":"     * Creates DukeExceptions for methods to throw."},{"lineNumber":11,"author":{"gitId":"EmilyTJX"},"content":"     * @param errorMessage Error message."},{"lineNumber":12,"author":{"gitId":"EmilyTJX"},"content":"     */"},{"lineNumber":13,"author":{"gitId":"EmilyTJX"},"content":""},{"lineNumber":14,"author":{"gitId":"EmilyTJX"},"content":"    public DukeException(String errorMessage){"},{"lineNumber":15,"author":{"gitId":"EmilyTJX"},"content":"        System.out.print(WARNING_DIVIDER + \"\\tERROR: \" + errorMessage + WARNING_DIVIDER);"},{"lineNumber":16,"author":{"gitId":"EmilyTJX"},"content":"    }"},{"lineNumber":17,"author":{"gitId":"EmilyTJX"},"content":"}"}],"authorContributionMap":{"EmilyTJX":17}},{"path":"src/main/java/duke/exception/InvalidTaskCommandException.java","fileType":"java","lines":[{"lineNumber":1,"author":{"gitId":"EmilyTJX"},"content":"package duke.exception;"},{"lineNumber":2,"author":{"gitId":"EmilyTJX"},"content":""},{"lineNumber":3,"author":{"gitId":"EmilyTJX"},"content":"/**"},{"lineNumber":4,"author":{"gitId":"EmilyTJX"},"content":" * Exception for invalid user inputs when creating Tasks."},{"lineNumber":5,"author":{"gitId":"EmilyTJX"},"content":" */"},{"lineNumber":6,"author":{"gitId":"EmilyTJX"},"content":"public class InvalidTaskCommandException extends DukeException {"},{"lineNumber":7,"author":{"gitId":"EmilyTJX"},"content":"    /**"},{"lineNumber":8,"author":{"gitId":"EmilyTJX"},"content":"     * Creates DukeExceptions for methods to throw."},{"lineNumber":9,"author":{"gitId":"EmilyTJX"},"content":"     */"},{"lineNumber":10,"author":{"gitId":"EmilyTJX"},"content":"    public InvalidTaskCommandException() {"},{"lineNumber":11,"author":{"gitId":"EmilyTJX"},"content":"        super(\"Please enter a valid command!\\n\""},{"lineNumber":12,"author":{"gitId":"EmilyTJX"},"content":"                + \"\\tTo view an example, type \u0027help\u0027!\\n\");"},{"lineNumber":13,"author":{"gitId":"EmilyTJX"},"content":"    }"},{"lineNumber":14,"author":{"gitId":"EmilyTJX"},"content":"}"}],"authorContributionMap":{"EmilyTJX":14}},{"path":"src/main/java/duke/exception/InvalidTaskDateTimeException.java","fileType":"java","lines":[{"lineNumber":1,"author":{"gitId":"EmilyTJX"},"content":"package duke.exception;"},{"lineNumber":2,"author":{"gitId":"EmilyTJX"},"content":""},{"lineNumber":3,"author":{"gitId":"EmilyTJX"},"content":"public class InvalidTaskDateTimeException extends DukeException {"},{"lineNumber":4,"author":{"gitId":"EmilyTJX"},"content":"    /**"},{"lineNumber":5,"author":{"gitId":"EmilyTJX"},"content":"     * Creates DukeExceptions for methods to throw."},{"lineNumber":6,"author":{"gitId":"EmilyTJX"},"content":"     */"},{"lineNumber":7,"author":{"gitId":"EmilyTJX"},"content":"    public InvalidTaskDateTimeException() {"},{"lineNumber":8,"author":{"gitId":"EmilyTJX"},"content":"        super(\"Please input the correct date and/or time format!\\n\""},{"lineNumber":9,"author":{"gitId":"EmilyTJX"},"content":"                + \"\\tTo view an example, type \u0027help\u0027!\\n\");"},{"lineNumber":10,"author":{"gitId":"EmilyTJX"},"content":"    }"},{"lineNumber":11,"author":{"gitId":"EmilyTJX"},"content":"}"}],"authorContributionMap":{"EmilyTJX":11}},{"path":"src/main/java/duke/exception/InvalidTaskDescriptionException.java","fileType":"java","lines":[{"lineNumber":1,"author":{"gitId":"EmilyTJX"},"content":"package duke.exception;"},{"lineNumber":2,"author":{"gitId":"EmilyTJX"},"content":""},{"lineNumber":3,"author":{"gitId":"EmilyTJX"},"content":"public class InvalidTaskDescriptionException extends DukeException {"},{"lineNumber":4,"author":{"gitId":"EmilyTJX"},"content":"    /**"},{"lineNumber":5,"author":{"gitId":"EmilyTJX"},"content":"     * Creates DukeExceptions for methods to throw."},{"lineNumber":6,"author":{"gitId":"EmilyTJX"},"content":"     */"},{"lineNumber":7,"author":{"gitId":"EmilyTJX"},"content":"    public InvalidTaskDescriptionException() {"},{"lineNumber":8,"author":{"gitId":"EmilyTJX"},"content":"        super(\"Please input valid description!\\n\""},{"lineNumber":9,"author":{"gitId":"EmilyTJX"},"content":"                + \"\\tTo view an example, type \u0027help\u0027!\\n\");"},{"lineNumber":10,"author":{"gitId":"EmilyTJX"},"content":"    }"},{"lineNumber":11,"author":{"gitId":"EmilyTJX"},"content":"}"}],"authorContributionMap":{"EmilyTJX":11}},{"path":"src/main/java/duke/exception/InvalidTaskKeywordException.java","fileType":"java","lines":[{"lineNumber":1,"author":{"gitId":"EmilyTJX"},"content":"package duke.exception;"},{"lineNumber":2,"author":{"gitId":"EmilyTJX"},"content":""},{"lineNumber":3,"author":{"gitId":"EmilyTJX"},"content":"public class InvalidTaskKeywordException extends DukeException{"},{"lineNumber":4,"author":{"gitId":"EmilyTJX"},"content":"    /**"},{"lineNumber":5,"author":{"gitId":"EmilyTJX"},"content":"     * Creates DukeExceptions for methods to throw."},{"lineNumber":6,"author":{"gitId":"EmilyTJX"},"content":"     */"},{"lineNumber":7,"author":{"gitId":"EmilyTJX"},"content":"    public InvalidTaskKeywordException() {"},{"lineNumber":8,"author":{"gitId":"EmilyTJX"},"content":"        super(\"Please input a keyword to find!\\n\");"},{"lineNumber":9,"author":{"gitId":"EmilyTJX"},"content":"    }"},{"lineNumber":10,"author":{"gitId":"EmilyTJX"},"content":"}"}],"authorContributionMap":{"EmilyTJX":10}},{"path":"src/main/java/duke/exception/InvalidTaskNumberException.java","fileType":"java","lines":[{"lineNumber":1,"author":{"gitId":"EmilyTJX"},"content":"package duke.exception;"},{"lineNumber":2,"author":{"gitId":"EmilyTJX"},"content":""},{"lineNumber":3,"author":{"gitId":"EmilyTJX"},"content":"public class InvalidTaskNumberException extends DukeException{"},{"lineNumber":4,"author":{"gitId":"EmilyTJX"},"content":"    /**"},{"lineNumber":5,"author":{"gitId":"EmilyTJX"},"content":"     * Creates DukeExceptions for methods to throw."},{"lineNumber":6,"author":{"gitId":"EmilyTJX"},"content":"     */"},{"lineNumber":7,"author":{"gitId":"EmilyTJX"},"content":"    public InvalidTaskNumberException() {"},{"lineNumber":8,"author":{"gitId":"EmilyTJX"},"content":"        super(\"Please input a valid task number!\\n\""},{"lineNumber":9,"author":{"gitId":"EmilyTJX"},"content":"                + \"\\tTo view your list, type \u0027list\u0027!\\n\");"},{"lineNumber":10,"author":{"gitId":"EmilyTJX"},"content":"    }"},{"lineNumber":11,"author":{"gitId":"EmilyTJX"},"content":"}"}],"authorContributionMap":{"EmilyTJX":11}},{"path":"src/main/java/duke/exception/MultipleTimeFieldException.java","fileType":"java","lines":[{"lineNumber":1,"author":{"gitId":"EmilyTJX"},"content":"package duke.exception;"},{"lineNumber":2,"author":{"gitId":"EmilyTJX"},"content":""},{"lineNumber":3,"author":{"gitId":"EmilyTJX"},"content":"public class MultipleTimeFieldException extends DukeException {"},{"lineNumber":4,"author":{"gitId":"EmilyTJX"},"content":"    /**"},{"lineNumber":5,"author":{"gitId":"EmilyTJX"},"content":"     * Creates DukeExceptions for methods to throw."},{"lineNumber":6,"author":{"gitId":"EmilyTJX"},"content":"     */"},{"lineNumber":7,"author":{"gitId":"EmilyTJX"},"content":"    public MultipleTimeFieldException() {"},{"lineNumber":8,"author":{"gitId":"EmilyTJX"},"content":"        super(\"Too many time fields detected!\\n\\tPlease input valid description!\\n\""},{"lineNumber":9,"author":{"gitId":"EmilyTJX"},"content":"                + \"\\tTo view an example, type \u0027help\u0027!\\n\");"},{"lineNumber":10,"author":{"gitId":"EmilyTJX"},"content":"    }"},{"lineNumber":11,"author":{"gitId":"EmilyTJX"},"content":"}"}],"authorContributionMap":{"EmilyTJX":11}},{"path":"src/main/java/duke/exception/NoTaskException.java","fileType":"java","lines":[{"lineNumber":1,"author":{"gitId":"EmilyTJX"},"content":"package duke.exception;"},{"lineNumber":2,"author":{"gitId":"EmilyTJX"},"content":""},{"lineNumber":3,"author":{"gitId":"EmilyTJX"},"content":"public class NoTaskException extends DukeException {"},{"lineNumber":4,"author":{"gitId":"EmilyTJX"},"content":"    /**"},{"lineNumber":5,"author":{"gitId":"EmilyTJX"},"content":"     * Creates DukeExceptions for methods to throw."},{"lineNumber":6,"author":{"gitId":"EmilyTJX"},"content":"     */"},{"lineNumber":7,"author":{"gitId":"EmilyTJX"},"content":"    public NoTaskException() {"},{"lineNumber":8,"author":{"gitId":"EmilyTJX"},"content":"        super(\"There are currently no tasks in your list!\\n\""},{"lineNumber":9,"author":{"gitId":"EmilyTJX"},"content":"                + \"\\tStart adding to your list!\\n\");"},{"lineNumber":10,"author":{"gitId":"EmilyTJX"},"content":"    }"},{"lineNumber":11,"author":{"gitId":"EmilyTJX"},"content":"}"}],"authorContributionMap":{"EmilyTJX":11}},{"path":"src/main/java/duke/parser/Parser.java","fileType":"java","lines":[{"lineNumber":1,"author":{"gitId":"EmilyTJX"},"content":"package duke.parser;"},{"lineNumber":2,"author":{"gitId":"EmilyTJX"},"content":""},{"lineNumber":3,"author":{"gitId":"EmilyTJX"},"content":"import duke.exception.DukeException;"},{"lineNumber":4,"author":{"gitId":"EmilyTJX"},"content":"import duke.exception.InvalidTaskCommandException;"},{"lineNumber":5,"author":{"gitId":"EmilyTJX"},"content":"import duke.task.TaskList;"},{"lineNumber":6,"author":{"gitId":"EmilyTJX"},"content":"import duke.ui.Ui;"},{"lineNumber":7,"author":{"gitId":"EmilyTJX"},"content":""},{"lineNumber":8,"author":{"gitId":"EmilyTJX"},"content":"/**"},{"lineNumber":9,"author":{"gitId":"EmilyTJX"},"content":" * Handles Duke\u0027s commands."},{"lineNumber":10,"author":{"gitId":"EmilyTJX"},"content":" */"},{"lineNumber":11,"author":{"gitId":"EmilyTJX"},"content":"public class Parser {"},{"lineNumber":12,"author":{"gitId":"EmilyTJX"},"content":""},{"lineNumber":13,"author":{"gitId":"EmilyTJX"},"content":"    /**"},{"lineNumber":14,"author":{"gitId":"EmilyTJX"},"content":"     * @param input User input for commands"},{"lineNumber":15,"author":{"gitId":"EmilyTJX"},"content":"     * @return Output of commands that user entered."},{"lineNumber":16,"author":{"gitId":"EmilyTJX"},"content":"     * @throws InvalidTaskCommandException Prints Error message if user input fails any exceptions."},{"lineNumber":17,"author":{"gitId":"EmilyTJX"},"content":"     */"},{"lineNumber":18,"author":{"gitId":"EmilyTJX"},"content":"    public static boolean determineCommand(String input) throws DukeException {"},{"lineNumber":19,"author":{"gitId":"EmilyTJX"},"content":""},{"lineNumber":20,"author":{"gitId":"EmilyTJX"},"content":"        if (input.equals(\"list\")) {"},{"lineNumber":21,"author":{"gitId":"EmilyTJX"},"content":"            TaskList.listTask();"},{"lineNumber":22,"author":{"gitId":"EmilyTJX"},"content":"        } else if (input.startsWith(\"done\")) {"},{"lineNumber":23,"author":{"gitId":"EmilyTJX"},"content":"            TaskList.markTaskDone(input);"},{"lineNumber":24,"author":{"gitId":"EmilyTJX"},"content":"        } else if (input.startsWith(\"delete\")) {"},{"lineNumber":25,"author":{"gitId":"EmilyTJX"},"content":"            TaskList.deleteTask(input);"},{"lineNumber":26,"author":{"gitId":"EmilyTJX"},"content":"        } else if (input.startsWith(\"todo\")) {"},{"lineNumber":27,"author":{"gitId":"EmilyTJX"},"content":"            TaskList.addToDo(input);"},{"lineNumber":28,"author":{"gitId":"EmilyTJX"},"content":"        } else if (input.startsWith(\"deadline\")) {"},{"lineNumber":29,"author":{"gitId":"EmilyTJX"},"content":"            TaskList.addDeadline(input);"},{"lineNumber":30,"author":{"gitId":"EmilyTJX"},"content":"        } else if (input.startsWith(\"event\")) {"},{"lineNumber":31,"author":{"gitId":"EmilyTJX"},"content":"            TaskList.addEvent(input);"},{"lineNumber":32,"author":{"gitId":"EmilyTJX"},"content":"        } else if (input.startsWith(\"find\")) {"},{"lineNumber":33,"author":{"gitId":"EmilyTJX"},"content":"            TaskList.findTask(input);"},{"lineNumber":34,"author":{"gitId":"EmilyTJX"},"content":"        } else if (input.startsWith(\"help\")) {"},{"lineNumber":35,"author":{"gitId":"EmilyTJX"},"content":"            Ui.printDivider();"},{"lineNumber":36,"author":{"gitId":"EmilyTJX"},"content":"            Ui.printHelpCommandList();"},{"lineNumber":37,"author":{"gitId":"EmilyTJX"},"content":"            Ui.printDivider();"},{"lineNumber":38,"author":{"gitId":"EmilyTJX"},"content":"        } else if (input.equals(\"bye\")) {"},{"lineNumber":39,"author":{"gitId":"EmilyTJX"},"content":"            return true;"},{"lineNumber":40,"author":{"gitId":"EmilyTJX"},"content":"        } else {"},{"lineNumber":41,"author":{"gitId":"EmilyTJX"},"content":"            throw new InvalidTaskCommandException();"},{"lineNumber":42,"author":{"gitId":"EmilyTJX"},"content":"        }"},{"lineNumber":43,"author":{"gitId":"EmilyTJX"},"content":""},{"lineNumber":44,"author":{"gitId":"EmilyTJX"},"content":"        return false;"},{"lineNumber":45,"author":{"gitId":"EmilyTJX"},"content":"    }"},{"lineNumber":46,"author":{"gitId":"EmilyTJX"},"content":"}"}],"authorContributionMap":{"EmilyTJX":46}},{"path":"src/main/java/duke/storage/Storage.java","fileType":"java","lines":[{"lineNumber":1,"author":{"gitId":"EmilyTJX"},"content":"package duke.storage;"},{"lineNumber":2,"author":{"gitId":"EmilyTJX"},"content":""},{"lineNumber":3,"author":{"gitId":"EmilyTJX"},"content":"import duke.task.Task;"},{"lineNumber":4,"author":{"gitId":"EmilyTJX"},"content":"import duke.ui.Ui;"},{"lineNumber":5,"author":{"gitId":"EmilyTJX"},"content":""},{"lineNumber":6,"author":{"gitId":"EmilyTJX"},"content":"import java.io.File;"},{"lineNumber":7,"author":{"gitId":"EmilyTJX"},"content":"import java.io.FileNotFoundException;"},{"lineNumber":8,"author":{"gitId":"EmilyTJX"},"content":"import java.io.FileWriter;"},{"lineNumber":9,"author":{"gitId":"EmilyTJX"},"content":"import java.io.IOException;"},{"lineNumber":10,"author":{"gitId":"EmilyTJX"},"content":"import java.util.ArrayList;"},{"lineNumber":11,"author":{"gitId":"EmilyTJX"},"content":"import java.util.Scanner;"},{"lineNumber":12,"author":{"gitId":"EmilyTJX"},"content":""},{"lineNumber":13,"author":{"gitId":"EmilyTJX"},"content":"/**"},{"lineNumber":14,"author":{"gitId":"EmilyTJX"},"content":" * Loads tasks from duke.txt or"},{"lineNumber":15,"author":{"gitId":"EmilyTJX"},"content":" * creates and saves new tasks to duke.txt"},{"lineNumber":16,"author":{"gitId":"EmilyTJX"},"content":" */"},{"lineNumber":17,"author":{"gitId":"EmilyTJX"},"content":""},{"lineNumber":18,"author":{"gitId":"EmilyTJX"},"content":"public class Storage {"},{"lineNumber":19,"author":{"gitId":"EmilyTJX"},"content":"    private static String path;"},{"lineNumber":20,"author":{"gitId":"EmilyTJX"},"content":""},{"lineNumber":21,"author":{"gitId":"EmilyTJX"},"content":"    public Storage() {"},{"lineNumber":22,"author":{"gitId":"EmilyTJX"},"content":"        path \u003d System.getProperty(\"user.dir\") + \"/data/duke.txt\";"},{"lineNumber":23,"author":{"gitId":"EmilyTJX"},"content":"    }"},{"lineNumber":24,"author":{"gitId":"EmilyTJX"},"content":""},{"lineNumber":25,"author":{"gitId":"EmilyTJX"},"content":"    /**"},{"lineNumber":26,"author":{"gitId":"EmilyTJX"},"content":"     * Creates data folder if it does not exist"},{"lineNumber":27,"author":{"gitId":"EmilyTJX"},"content":"     */"},{"lineNumber":28,"author":{"gitId":"EmilyTJX"},"content":"    public static void createFolder() {"},{"lineNumber":29,"author":{"gitId":"EmilyTJX"},"content":"        Ui.printPresentDirectory();"},{"lineNumber":30,"author":{"gitId":"EmilyTJX"},"content":"        String folderPath \u003d System.getProperty(\"user.dir\") + \"/data\";"},{"lineNumber":31,"author":{"gitId":"EmilyTJX"},"content":"        File folder \u003d new File(folderPath);"},{"lineNumber":32,"author":{"gitId":"EmilyTJX"},"content":"        boolean isSuccessful \u003d folder.mkdir();"},{"lineNumber":33,"author":{"gitId":"EmilyTJX"},"content":"        if (isSuccessful) {"},{"lineNumber":34,"author":{"gitId":"EmilyTJX"},"content":"            Ui.printSuccessfulCreateFolderMessage();"},{"lineNumber":35,"author":{"gitId":"EmilyTJX"},"content":""},{"lineNumber":36,"author":{"gitId":"EmilyTJX"},"content":"        } else {"},{"lineNumber":37,"author":{"gitId":"EmilyTJX"},"content":"            Ui.printFolderExistsMessage();"},{"lineNumber":38,"author":{"gitId":"EmilyTJX"},"content":"        }"},{"lineNumber":39,"author":{"gitId":"EmilyTJX"},"content":"    }"},{"lineNumber":40,"author":{"gitId":"EmilyTJX"},"content":""},{"lineNumber":41,"author":{"gitId":"EmilyTJX"},"content":"    /**"},{"lineNumber":42,"author":{"gitId":"EmilyTJX"},"content":"     * Checks if textfile exists, else create new file."},{"lineNumber":43,"author":{"gitId":"EmilyTJX"},"content":"     *"},{"lineNumber":44,"author":{"gitId":"EmilyTJX"},"content":"     * @return True if file exists or text file is created."},{"lineNumber":45,"author":{"gitId":"EmilyTJX"},"content":"     */"},{"lineNumber":46,"author":{"gitId":"EmilyTJX"},"content":"    public boolean retrieveTextFile() {"},{"lineNumber":47,"author":{"gitId":"EmilyTJX"},"content":"        boolean hasTextFile \u003d false;"},{"lineNumber":48,"author":{"gitId":"EmilyTJX"},"content":"        try {"},{"lineNumber":49,"author":{"gitId":"EmilyTJX"},"content":"            File data \u003d new File(path);"},{"lineNumber":50,"author":{"gitId":"EmilyTJX"},"content":"            if (data.createNewFile()) {"},{"lineNumber":51,"author":{"gitId":"EmilyTJX"},"content":"                System.out.println(\"Text file created: \" + data.getName());"},{"lineNumber":52,"author":{"gitId":"EmilyTJX"},"content":"            } else {"},{"lineNumber":53,"author":{"gitId":"EmilyTJX"},"content":"                hasTextFile \u003d true;"},{"lineNumber":54,"author":{"gitId":"EmilyTJX"},"content":"                Ui.printFileExistsMessage();"},{"lineNumber":55,"author":{"gitId":"EmilyTJX"},"content":"            }"},{"lineNumber":56,"author":{"gitId":"EmilyTJX"},"content":"        } catch (IOException e) { //creating or retrieving data has errors"},{"lineNumber":57,"author":{"gitId":"EmilyTJX"},"content":"            Ui.printErrorMessage(e);"},{"lineNumber":58,"author":{"gitId":"EmilyTJX"},"content":"        }"},{"lineNumber":59,"author":{"gitId":"EmilyTJX"},"content":"        return hasTextFile;"},{"lineNumber":60,"author":{"gitId":"EmilyTJX"},"content":"    }"},{"lineNumber":61,"author":{"gitId":"EmilyTJX"},"content":""},{"lineNumber":62,"author":{"gitId":"EmilyTJX"},"content":"    /**"},{"lineNumber":63,"author":{"gitId":"EmilyTJX"},"content":"     * Loads information from data.txt into Duke\u0027s list without change."},{"lineNumber":64,"author":{"gitId":"EmilyTJX"},"content":"     *"},{"lineNumber":65,"author":{"gitId":"EmilyTJX"},"content":"     * @return Loaded tasks into Duke\u0027s list unformatted."},{"lineNumber":66,"author":{"gitId":"EmilyTJX"},"content":"     */"},{"lineNumber":67,"author":{"gitId":"EmilyTJX"},"content":"    public ArrayList\u003cString\u003e loadData() {"},{"lineNumber":68,"author":{"gitId":"EmilyTJX"},"content":"        ArrayList\u003cString\u003e tasks \u003d new ArrayList\u003c\u003e();"},{"lineNumber":69,"author":{"gitId":"EmilyTJX"},"content":"        try {"},{"lineNumber":70,"author":{"gitId":"EmilyTJX"},"content":"            File data \u003d new File(path);"},{"lineNumber":71,"author":{"gitId":"EmilyTJX"},"content":"            Scanner sc \u003d new Scanner(data);"},{"lineNumber":72,"author":{"gitId":"EmilyTJX"},"content":"            String taskToLoad;"},{"lineNumber":73,"author":{"gitId":"EmilyTJX"},"content":"            while (sc.hasNextLine()) {"},{"lineNumber":74,"author":{"gitId":"EmilyTJX"},"content":"                taskToLoad \u003d sc.nextLine();"},{"lineNumber":75,"author":{"gitId":"EmilyTJX"},"content":"                tasks.add(taskToLoad);"},{"lineNumber":76,"author":{"gitId":"EmilyTJX"},"content":"            }"},{"lineNumber":77,"author":{"gitId":"EmilyTJX"},"content":"            sc.close();"},{"lineNumber":78,"author":{"gitId":"EmilyTJX"},"content":"        } catch (FileNotFoundException e) {"},{"lineNumber":79,"author":{"gitId":"EmilyTJX"},"content":"            Ui.printErrorMessage(e);"},{"lineNumber":80,"author":{"gitId":"EmilyTJX"},"content":"        }"},{"lineNumber":81,"author":{"gitId":"EmilyTJX"},"content":"        return tasks;"},{"lineNumber":82,"author":{"gitId":"EmilyTJX"},"content":"    }"},{"lineNumber":83,"author":{"gitId":"EmilyTJX"},"content":""},{"lineNumber":84,"author":{"gitId":"EmilyTJX"},"content":"    /**"},{"lineNumber":85,"author":{"gitId":"EmilyTJX"},"content":"     * Updates and saves new tasks to duke.txt."},{"lineNumber":86,"author":{"gitId":"EmilyTJX"},"content":"     *"},{"lineNumber":87,"author":{"gitId":"EmilyTJX"},"content":"     * @param tasks Task list to be updated."},{"lineNumber":88,"author":{"gitId":"EmilyTJX"},"content":"     */"},{"lineNumber":89,"author":{"gitId":"EmilyTJX"},"content":"    public static void saveData(ArrayList\u003cTask\u003e tasks) {"},{"lineNumber":90,"author":{"gitId":"EmilyTJX"},"content":"        try {"},{"lineNumber":91,"author":{"gitId":"EmilyTJX"},"content":"            FileWriter fileWriter \u003d new FileWriter(path);"},{"lineNumber":92,"author":{"gitId":"EmilyTJX"},"content":"            for (Task task : tasks) {"},{"lineNumber":93,"author":{"gitId":"EmilyTJX"},"content":"                String taskToWrite \u003d task.taskToText() + \"\\n\";"},{"lineNumber":94,"author":{"gitId":"EmilyTJX"},"content":"                fileWriter.write(taskToWrite);"},{"lineNumber":95,"author":{"gitId":"EmilyTJX"},"content":"            }"},{"lineNumber":96,"author":{"gitId":"EmilyTJX"},"content":"            fileWriter.close();"},{"lineNumber":97,"author":{"gitId":"EmilyTJX"},"content":"        } catch (IOException e) {"},{"lineNumber":98,"author":{"gitId":"EmilyTJX"},"content":"            Ui.printErrorMessage(e);"},{"lineNumber":99,"author":{"gitId":"EmilyTJX"},"content":"        }"},{"lineNumber":100,"author":{"gitId":"EmilyTJX"},"content":"    }"},{"lineNumber":101,"author":{"gitId":"EmilyTJX"},"content":""},{"lineNumber":102,"author":{"gitId":"EmilyTJX"},"content":""},{"lineNumber":103,"author":{"gitId":"EmilyTJX"},"content":"}"}],"authorContributionMap":{"EmilyTJX":103}},{"path":"src/main/java/duke/task/Deadline.java","fileType":"java","lines":[{"lineNumber":1,"author":{"gitId":"EmilyTJX"},"content":"package duke.task;"},{"lineNumber":2,"author":{"gitId":"EmilyTJX"},"content":""},{"lineNumber":3,"author":{"gitId":"EmilyTJX"},"content":"public class Deadline extends Task {"},{"lineNumber":4,"author":{"gitId":"EmilyTJX"},"content":"    protected String deadlineDateAndTime;"},{"lineNumber":5,"author":{"gitId":"EmilyTJX"},"content":""},{"lineNumber":6,"author":{"gitId":"EmilyTJX"},"content":"    public Deadline(String taskDescription, String formattedDateAndTime) {"},{"lineNumber":7,"author":{"gitId":"EmilyTJX"},"content":"        super(taskDescription);"},{"lineNumber":8,"author":{"gitId":"EmilyTJX"},"content":"        this.deadlineDateAndTime \u003d formattedDateAndTime;"},{"lineNumber":9,"author":{"gitId":"EmilyTJX"},"content":"        this.taskType \u003d \"[D]\";"},{"lineNumber":10,"author":{"gitId":"EmilyTJX"},"content":"    }"},{"lineNumber":11,"author":{"gitId":"EmilyTJX"},"content":""},{"lineNumber":12,"author":{"gitId":"EmilyTJX"},"content":"    /**"},{"lineNumber":13,"author":{"gitId":"EmilyTJX"},"content":"     * Prints task to user."},{"lineNumber":14,"author":{"gitId":"EmilyTJX"},"content":"     */"},{"lineNumber":15,"author":{"gitId":"EmilyTJX"},"content":"    @Override"},{"lineNumber":16,"author":{"gitId":"EmilyTJX"},"content":"    public String toString() {"},{"lineNumber":17,"author":{"gitId":"EmilyTJX"},"content":"        return super.toString() + \"(by: \" + deadlineDateAndTime + \")\";"},{"lineNumber":18,"author":{"gitId":"EmilyTJX"},"content":"    }"},{"lineNumber":19,"author":{"gitId":"EmilyTJX"},"content":""},{"lineNumber":20,"author":{"gitId":"EmilyTJX"},"content":"    /**"},{"lineNumber":21,"author":{"gitId":"EmilyTJX"},"content":"     * Translates data into text format."},{"lineNumber":22,"author":{"gitId":"EmilyTJX"},"content":"     */"},{"lineNumber":23,"author":{"gitId":"EmilyTJX"},"content":"    @Override"},{"lineNumber":24,"author":{"gitId":"EmilyTJX"},"content":"    public String taskToText() {"},{"lineNumber":25,"author":{"gitId":"EmilyTJX"},"content":"        return \"D|\" + super.completed + \"|\" + super.taskDescription + \"|\" + deadlineDateAndTime;"},{"lineNumber":26,"author":{"gitId":"EmilyTJX"},"content":"    }"},{"lineNumber":27,"author":{"gitId":"EmilyTJX"},"content":"}"}],"authorContributionMap":{"EmilyTJX":27}},{"path":"src/main/java/duke/task/Event.java","fileType":"java","lines":[{"lineNumber":1,"author":{"gitId":"EmilyTJX"},"content":"package duke.task;"},{"lineNumber":2,"author":{"gitId":"EmilyTJX"},"content":""},{"lineNumber":3,"author":{"gitId":"EmilyTJX"},"content":"public class Event extends Task {"},{"lineNumber":4,"author":{"gitId":"EmilyTJX"},"content":"    protected String eventDateAndTime;"},{"lineNumber":5,"author":{"gitId":"EmilyTJX"},"content":""},{"lineNumber":6,"author":{"gitId":"EmilyTJX"},"content":"    public Event(String taskDescription, String formattedDateAndTime) {"},{"lineNumber":7,"author":{"gitId":"EmilyTJX"},"content":"        super(taskDescription);"},{"lineNumber":8,"author":{"gitId":"EmilyTJX"},"content":"        this.eventDateAndTime \u003d formattedDateAndTime;"},{"lineNumber":9,"author":{"gitId":"EmilyTJX"},"content":"        this.taskType \u003d \"[E]\";"},{"lineNumber":10,"author":{"gitId":"EmilyTJX"},"content":"    }"},{"lineNumber":11,"author":{"gitId":"EmilyTJX"},"content":""},{"lineNumber":12,"author":{"gitId":"EmilyTJX"},"content":"    /**"},{"lineNumber":13,"author":{"gitId":"EmilyTJX"},"content":"     * Prints task to user."},{"lineNumber":14,"author":{"gitId":"EmilyTJX"},"content":"     */"},{"lineNumber":15,"author":{"gitId":"EmilyTJX"},"content":"    @Override"},{"lineNumber":16,"author":{"gitId":"EmilyTJX"},"content":"    public String toString() {"},{"lineNumber":17,"author":{"gitId":"EmilyTJX"},"content":"        return super.toString() + \"(at: \" + eventDateAndTime + \")\";"},{"lineNumber":18,"author":{"gitId":"EmilyTJX"},"content":"    }"},{"lineNumber":19,"author":{"gitId":"EmilyTJX"},"content":""},{"lineNumber":20,"author":{"gitId":"EmilyTJX"},"content":"    /**"},{"lineNumber":21,"author":{"gitId":"EmilyTJX"},"content":"     * Translates data into text format."},{"lineNumber":22,"author":{"gitId":"EmilyTJX"},"content":"     */"},{"lineNumber":23,"author":{"gitId":"EmilyTJX"},"content":"    @Override"},{"lineNumber":24,"author":{"gitId":"EmilyTJX"},"content":"    public String taskToText() {"},{"lineNumber":25,"author":{"gitId":"EmilyTJX"},"content":"        return \"E|\" + super.completed + \"|\" + super.taskDescription + \"|\" + eventDateAndTime;"},{"lineNumber":26,"author":{"gitId":"EmilyTJX"},"content":"    }"},{"lineNumber":27,"author":{"gitId":"EmilyTJX"},"content":"}"}],"authorContributionMap":{"EmilyTJX":27}},{"path":"src/main/java/duke/task/Task.java","fileType":"java","lines":[{"lineNumber":1,"author":{"gitId":"EmilyTJX"},"content":"package duke.task;"},{"lineNumber":2,"author":{"gitId":"EmilyTJX"},"content":""},{"lineNumber":3,"author":{"gitId":"EmilyTJX"},"content":"public class Task {"},{"lineNumber":4,"author":{"gitId":"EmilyTJX"},"content":"    protected String taskDescription;"},{"lineNumber":5,"author":{"gitId":"EmilyTJX"},"content":"    protected boolean isDone;"},{"lineNumber":6,"author":{"gitId":"EmilyTJX"},"content":"    protected String taskType;"},{"lineNumber":7,"author":{"gitId":"EmilyTJX"},"content":"    protected String completed;"},{"lineNumber":8,"author":{"gitId":"EmilyTJX"},"content":""},{"lineNumber":9,"author":{"gitId":"EmilyTJX"},"content":"    public Task(String inputTask) {"},{"lineNumber":10,"author":{"gitId":"EmilyTJX"},"content":"        this.taskDescription \u003d inputTask;"},{"lineNumber":11,"author":{"gitId":"EmilyTJX"},"content":"        this.isDone \u003d false;"},{"lineNumber":12,"author":{"gitId":"EmilyTJX"},"content":"        this.taskType \u003d \"[ ]\";"},{"lineNumber":13,"author":{"gitId":"EmilyTJX"},"content":"        this.completed \u003d \"0\";"},{"lineNumber":14,"author":{"gitId":"EmilyTJX"},"content":""},{"lineNumber":15,"author":{"gitId":"EmilyTJX"},"content":"    }"},{"lineNumber":16,"author":{"gitId":"EmilyTJX"},"content":""},{"lineNumber":17,"author":{"gitId":"EmilyTJX"},"content":"    public String getStatusIcon() {"},{"lineNumber":18,"author":{"gitId":"EmilyTJX"},"content":"        //if task is done, mark with X"},{"lineNumber":19,"author":{"gitId":"EmilyTJX"},"content":"        return (isDone ? \"[X]\" : \"[ ]\");"},{"lineNumber":20,"author":{"gitId":"EmilyTJX"},"content":"    }"},{"lineNumber":21,"author":{"gitId":"EmilyTJX"},"content":""},{"lineNumber":22,"author":{"gitId":"EmilyTJX"},"content":"    public void markAsDone() {"},{"lineNumber":23,"author":{"gitId":"EmilyTJX"},"content":"        this.isDone \u003d true;"},{"lineNumber":24,"author":{"gitId":"EmilyTJX"},"content":"        this.completed \u003d \"1\";"},{"lineNumber":25,"author":{"gitId":"EmilyTJX"},"content":"    }"},{"lineNumber":26,"author":{"gitId":"EmilyTJX"},"content":""},{"lineNumber":27,"author":{"gitId":"EmilyTJX"},"content":"    public String toString() {"},{"lineNumber":28,"author":{"gitId":"EmilyTJX"},"content":"        return taskType + this.getStatusIcon() + this.taskDescription;"},{"lineNumber":29,"author":{"gitId":"EmilyTJX"},"content":"    }"},{"lineNumber":30,"author":{"gitId":"EmilyTJX"},"content":""},{"lineNumber":31,"author":{"gitId":"EmilyTJX"},"content":"    /**"},{"lineNumber":32,"author":{"gitId":"EmilyTJX"},"content":"     * Formats input from duke.txt into task format"},{"lineNumber":33,"author":{"gitId":"EmilyTJX"},"content":"     */"},{"lineNumber":34,"author":{"gitId":"EmilyTJX"},"content":"    public static Task textToTask(String text) {"},{"lineNumber":35,"author":{"gitId":"EmilyTJX"},"content":"        String[] task \u003d text.split(\"\\\\|\");"},{"lineNumber":36,"author":{"gitId":"EmilyTJX"},"content":"        Task existingTask;"},{"lineNumber":37,"author":{"gitId":"EmilyTJX"},"content":""},{"lineNumber":38,"author":{"gitId":"EmilyTJX"},"content":"        switch (task[0]) {"},{"lineNumber":39,"author":{"gitId":"EmilyTJX"},"content":"        case \"T\":"},{"lineNumber":40,"author":{"gitId":"EmilyTJX"},"content":"            existingTask \u003d new ToDo(task[2]);"},{"lineNumber":41,"author":{"gitId":"EmilyTJX"},"content":"            break;"},{"lineNumber":42,"author":{"gitId":"EmilyTJX"},"content":"        case \"D\":"},{"lineNumber":43,"author":{"gitId":"EmilyTJX"},"content":"            existingTask \u003d new Deadline(task[2], task[3]);"},{"lineNumber":44,"author":{"gitId":"EmilyTJX"},"content":"            break;"},{"lineNumber":45,"author":{"gitId":"EmilyTJX"},"content":"        case \"E\":"},{"lineNumber":46,"author":{"gitId":"EmilyTJX"},"content":"            existingTask \u003d new Event(task[2], task[3]);"},{"lineNumber":47,"author":{"gitId":"EmilyTJX"},"content":"            break;"},{"lineNumber":48,"author":{"gitId":"EmilyTJX"},"content":"        default:    //case \"A\""},{"lineNumber":49,"author":{"gitId":"EmilyTJX"},"content":"            existingTask \u003d new Task(task[2]);"},{"lineNumber":50,"author":{"gitId":"EmilyTJX"},"content":"        }"},{"lineNumber":51,"author":{"gitId":"EmilyTJX"},"content":"        if (task[1].equals(\"1\")) {"},{"lineNumber":52,"author":{"gitId":"EmilyTJX"},"content":"            existingTask.markAsDone();"},{"lineNumber":53,"author":{"gitId":"EmilyTJX"},"content":"        }"},{"lineNumber":54,"author":{"gitId":"EmilyTJX"},"content":"        return existingTask;"},{"lineNumber":55,"author":{"gitId":"EmilyTJX"},"content":"    }"},{"lineNumber":56,"author":{"gitId":"EmilyTJX"},"content":""},{"lineNumber":57,"author":{"gitId":"EmilyTJX"},"content":"    /**"},{"lineNumber":58,"author":{"gitId":"EmilyTJX"},"content":"     * Formats list of tasks into duke.txt format"},{"lineNumber":59,"author":{"gitId":"EmilyTJX"},"content":"     */"},{"lineNumber":60,"author":{"gitId":"EmilyTJX"},"content":"    public String taskToText() {"},{"lineNumber":61,"author":{"gitId":"EmilyTJX"},"content":"        return \"A|\" + completed + \"|\" + taskDescription;"},{"lineNumber":62,"author":{"gitId":"EmilyTJX"},"content":"    }"},{"lineNumber":63,"author":{"gitId":"EmilyTJX"},"content":""},{"lineNumber":64,"author":{"gitId":"EmilyTJX"},"content":"}"}],"authorContributionMap":{"EmilyTJX":64}},{"path":"src/main/java/duke/task/TaskList.java","fileType":"java","lines":[{"lineNumber":1,"author":{"gitId":"EmilyTJX"},"content":"package duke.task;"},{"lineNumber":2,"author":{"gitId":"EmilyTJX"},"content":""},{"lineNumber":3,"author":{"gitId":"EmilyTJX"},"content":"import duke.exception.*;"},{"lineNumber":4,"author":{"gitId":"EmilyTJX"},"content":"import duke.storage.Storage;"},{"lineNumber":5,"author":{"gitId":"EmilyTJX"},"content":"import duke.ui.Ui;"},{"lineNumber":6,"author":{"gitId":"EmilyTJX"},"content":""},{"lineNumber":7,"author":{"gitId":"EmilyTJX"},"content":"import java.time.LocalDate;"},{"lineNumber":8,"author":{"gitId":"EmilyTJX"},"content":"import java.time.LocalTime;"},{"lineNumber":9,"author":{"gitId":"EmilyTJX"},"content":"import java.time.format.DateTimeFormatter;"},{"lineNumber":10,"author":{"gitId":"EmilyTJX"},"content":"import java.time.format.DateTimeParseException;"},{"lineNumber":11,"author":{"gitId":"EmilyTJX"},"content":"import java.util.ArrayList;"},{"lineNumber":12,"author":{"gitId":"EmilyTJX"},"content":""},{"lineNumber":13,"author":{"gitId":"EmilyTJX"},"content":"public class TaskList {"},{"lineNumber":14,"author":{"gitId":"EmilyTJX"},"content":""},{"lineNumber":15,"author":{"gitId":"EmilyTJX"},"content":"    public static ArrayList\u003cTask\u003e tasks \u003d new ArrayList\u003c\u003e();"},{"lineNumber":16,"author":{"gitId":"EmilyTJX"},"content":""},{"lineNumber":17,"author":{"gitId":"EmilyTJX"},"content":"    /**"},{"lineNumber":18,"author":{"gitId":"EmilyTJX"},"content":"     * Creates tasks according to user data from files."},{"lineNumber":19,"author":{"gitId":"EmilyTJX"},"content":"     *"},{"lineNumber":20,"author":{"gitId":"EmilyTJX"},"content":"     * @param dataTasks List of tasks from user data.txt file."},{"lineNumber":21,"author":{"gitId":"EmilyTJX"},"content":"     * @return Data.txt tasks converted to tasks in Duke."},{"lineNumber":22,"author":{"gitId":"EmilyTJX"},"content":"     */"},{"lineNumber":23,"author":{"gitId":"EmilyTJX"},"content":"    public TaskList(ArrayList\u003cString\u003e dataTasks) {"},{"lineNumber":24,"author":{"gitId":"EmilyTJX"},"content":"        for (String task : dataTasks) {"},{"lineNumber":25,"author":{"gitId":"EmilyTJX"},"content":"            tasks.add(Task.textToTask(task));"},{"lineNumber":26,"author":{"gitId":"EmilyTJX"},"content":"        }"},{"lineNumber":27,"author":{"gitId":"EmilyTJX"},"content":"    }"},{"lineNumber":28,"author":{"gitId":"EmilyTJX"},"content":""},{"lineNumber":29,"author":{"gitId":"EmilyTJX"},"content":"    /**"},{"lineNumber":30,"author":{"gitId":"EmilyTJX"},"content":"     * Creates new tasks if no existing data in files."},{"lineNumber":31,"author":{"gitId":"EmilyTJX"},"content":"     *"},{"lineNumber":32,"author":{"gitId":"EmilyTJX"},"content":"     * @return Empty task list created for Duke."},{"lineNumber":33,"author":{"gitId":"EmilyTJX"},"content":"     */"},{"lineNumber":34,"author":{"gitId":"EmilyTJX"},"content":"    public TaskList() {"},{"lineNumber":35,"author":{"gitId":"EmilyTJX"},"content":"        tasks \u003d new ArrayList\u003c\u003e();"},{"lineNumber":36,"author":{"gitId":"EmilyTJX"},"content":"    }"},{"lineNumber":37,"author":{"gitId":"EmilyTJX"},"content":""},{"lineNumber":38,"author":{"gitId":"EmilyTJX"},"content":""},{"lineNumber":39,"author":{"gitId":"EmilyTJX"},"content":"    /**"},{"lineNumber":40,"author":{"gitId":"EmilyTJX"},"content":"     * Prints out all tasks in TaskList"},{"lineNumber":41,"author":{"gitId":"EmilyTJX"},"content":"     *"},{"lineNumber":42,"author":{"gitId":"EmilyTJX"},"content":"     * @return Prints the list of Tasks in Duke."},{"lineNumber":43,"author":{"gitId":"EmilyTJX"},"content":"     * @throws NoTaskException If list is empty."},{"lineNumber":44,"author":{"gitId":"EmilyTJX"},"content":"     */"},{"lineNumber":45,"author":{"gitId":"EmilyTJX"},"content":"    public static void listTask() throws DukeException {"},{"lineNumber":46,"author":{"gitId":"EmilyTJX"},"content":"        if (tasks.isEmpty()) {"},{"lineNumber":47,"author":{"gitId":"EmilyTJX"},"content":"            throw new NoTaskException();"},{"lineNumber":48,"author":{"gitId":"EmilyTJX"},"content":"        } else {"},{"lineNumber":49,"author":{"gitId":"EmilyTJX"},"content":""},{"lineNumber":50,"author":{"gitId":"EmilyTJX"},"content":"            Ui.printDivider();"},{"lineNumber":51,"author":{"gitId":"EmilyTJX"},"content":"            System.out.println(\"\\tHere are the tasks in your list:\");"},{"lineNumber":52,"author":{"gitId":"EmilyTJX"},"content":"            for (int i \u003d 0; i \u003c tasks.size(); ++i) {"},{"lineNumber":53,"author":{"gitId":"EmilyTJX"},"content":"                Ui.printTask(tasks, i);"},{"lineNumber":54,"author":{"gitId":"EmilyTJX"},"content":"            }"},{"lineNumber":55,"author":{"gitId":"EmilyTJX"},"content":"            Ui.printDivider();"},{"lineNumber":56,"author":{"gitId":"EmilyTJX"},"content":"        }"},{"lineNumber":57,"author":{"gitId":"EmilyTJX"},"content":"    }"},{"lineNumber":58,"author":{"gitId":"EmilyTJX"},"content":""},{"lineNumber":59,"author":{"gitId":"EmilyTJX"},"content":""},{"lineNumber":60,"author":{"gitId":"EmilyTJX"},"content":"    /**"},{"lineNumber":61,"author":{"gitId":"EmilyTJX"},"content":"     * Prints message when task is marked as done."},{"lineNumber":62,"author":{"gitId":"EmilyTJX"},"content":"     *"},{"lineNumber":63,"author":{"gitId":"EmilyTJX"},"content":"     * @param input Task selected to be marked as done."},{"lineNumber":64,"author":{"gitId":"EmilyTJX"},"content":"     * @throws InvalidTaskNumberException If task number input is out of range."},{"lineNumber":65,"author":{"gitId":"EmilyTJX"},"content":"     */"},{"lineNumber":66,"author":{"gitId":"EmilyTJX"},"content":"    public static void markTaskDone(String input) throws DukeException {"},{"lineNumber":67,"author":{"gitId":"EmilyTJX"},"content":"        String taskNumberString;"},{"lineNumber":68,"author":{"gitId":"EmilyTJX"},"content":"        try {"},{"lineNumber":69,"author":{"gitId":"EmilyTJX"},"content":"            taskNumberString \u003d input.split(\" \")[1];"},{"lineNumber":70,"author":{"gitId":"EmilyTJX"},"content":"            int taskNumber \u003d Integer.parseInt(taskNumberString);"},{"lineNumber":71,"author":{"gitId":"EmilyTJX"},"content":"            boolean taskNumberIsLessThanOne \u003d (taskNumber \u003c 1);"},{"lineNumber":72,"author":{"gitId":"EmilyTJX"},"content":"            boolean taskNumberIsMoreThanListSize \u003d (taskNumber \u003e tasks.size());"},{"lineNumber":73,"author":{"gitId":"EmilyTJX"},"content":"            if (taskNumberIsLessThanOne || taskNumberIsMoreThanListSize) throw new InvalidTaskNumberException();"},{"lineNumber":74,"author":{"gitId":"EmilyTJX"},"content":"            Task currentTask \u003d tasks.get(taskNumber - 1);"},{"lineNumber":75,"author":{"gitId":"EmilyTJX"},"content":"            currentTask.markAsDone();"},{"lineNumber":76,"author":{"gitId":"EmilyTJX"},"content":"            Storage.saveData(tasks);"},{"lineNumber":77,"author":{"gitId":"EmilyTJX"},"content":""},{"lineNumber":78,"author":{"gitId":"EmilyTJX"},"content":"            Ui.printDivider();"},{"lineNumber":79,"author":{"gitId":"EmilyTJX"},"content":"            Ui.printMarkedTaskMessage(currentTask);"},{"lineNumber":80,"author":{"gitId":"EmilyTJX"},"content":"            Ui.printDivider();"},{"lineNumber":81,"author":{"gitId":"EmilyTJX"},"content":"        } catch (ArrayIndexOutOfBoundsException | NumberFormatException e) {"},{"lineNumber":82,"author":{"gitId":"EmilyTJX"},"content":"            throw new InvalidTaskNumberException();"},{"lineNumber":83,"author":{"gitId":"EmilyTJX"},"content":"        }"},{"lineNumber":84,"author":{"gitId":"EmilyTJX"},"content":"    }"},{"lineNumber":85,"author":{"gitId":"EmilyTJX"},"content":""},{"lineNumber":86,"author":{"gitId":"EmilyTJX"},"content":""},{"lineNumber":87,"author":{"gitId":"EmilyTJX"},"content":"    /**"},{"lineNumber":88,"author":{"gitId":"EmilyTJX"},"content":"     * Adds a To-Do task to tasks"},{"lineNumber":89,"author":{"gitId":"EmilyTJX"},"content":"     *"},{"lineNumber":90,"author":{"gitId":"EmilyTJX"},"content":"     * @param input User input for To-Do task description, date and time."},{"lineNumber":91,"author":{"gitId":"EmilyTJX"},"content":"     * @throws InvalidTaskDescriptionException If any of the fields are empty."},{"lineNumber":92,"author":{"gitId":"EmilyTJX"},"content":"     */"},{"lineNumber":93,"author":{"gitId":"EmilyTJX"},"content":"    public static void addToDo(String input) throws DukeException {"},{"lineNumber":94,"author":{"gitId":"EmilyTJX"},"content":"        String taskInfo;"},{"lineNumber":95,"author":{"gitId":"EmilyTJX"},"content":"        try {"},{"lineNumber":96,"author":{"gitId":"EmilyTJX"},"content":"            taskInfo \u003d input.split(\"todo\")[1].trim();"},{"lineNumber":97,"author":{"gitId":"EmilyTJX"},"content":"        } catch (ArrayIndexOutOfBoundsException e) {"},{"lineNumber":98,"author":{"gitId":"EmilyTJX"},"content":"            throw new InvalidTaskDescriptionException();"},{"lineNumber":99,"author":{"gitId":"EmilyTJX"},"content":"        }"},{"lineNumber":100,"author":{"gitId":"EmilyTJX"},"content":""},{"lineNumber":101,"author":{"gitId":"EmilyTJX"},"content":"        Task currentTask \u003d new ToDo(taskInfo);"},{"lineNumber":102,"author":{"gitId":"EmilyTJX"},"content":"        tasks.add(currentTask);"},{"lineNumber":103,"author":{"gitId":"EmilyTJX"},"content":"        Storage.saveData(tasks);"},{"lineNumber":104,"author":{"gitId":"EmilyTJX"},"content":""},{"lineNumber":105,"author":{"gitId":"EmilyTJX"},"content":"        Ui.printDivider();"},{"lineNumber":106,"author":{"gitId":"EmilyTJX"},"content":"        Ui.printAddedTaskMessage(currentTask);"},{"lineNumber":107,"author":{"gitId":"EmilyTJX"},"content":"        Ui.printRemainingTaskMessage(tasks);"},{"lineNumber":108,"author":{"gitId":"EmilyTJX"},"content":"        Ui.printDivider();"},{"lineNumber":109,"author":{"gitId":"EmilyTJX"},"content":""},{"lineNumber":110,"author":{"gitId":"EmilyTJX"},"content":"    }"},{"lineNumber":111,"author":{"gitId":"EmilyTJX"},"content":""},{"lineNumber":112,"author":{"gitId":"EmilyTJX"},"content":"    /**"},{"lineNumber":113,"author":{"gitId":"EmilyTJX"},"content":"     * Adds a Deadline task to tasks"},{"lineNumber":114,"author":{"gitId":"EmilyTJX"},"content":"     *"},{"lineNumber":115,"author":{"gitId":"EmilyTJX"},"content":"     * @param input User input for Deadline task description and date."},{"lineNumber":116,"author":{"gitId":"EmilyTJX"},"content":"     * @throws InvalidTaskDescriptionException If any of the fields are empty."},{"lineNumber":117,"author":{"gitId":"EmilyTJX"},"content":"     * @throws MultipleTimeFieldException      If \"/by\" is detected more than once."},{"lineNumber":118,"author":{"gitId":"EmilyTJX"},"content":"     */"},{"lineNumber":119,"author":{"gitId":"EmilyTJX"},"content":"    public static void addDeadline(String input) throws DukeException {"},{"lineNumber":120,"author":{"gitId":"EmilyTJX"},"content":"        String taskInfo;"},{"lineNumber":121,"author":{"gitId":"EmilyTJX"},"content":"        try {"},{"lineNumber":122,"author":{"gitId":"EmilyTJX"},"content":"            taskInfo \u003d input.split(\"deadline\")[1].trim();"},{"lineNumber":123,"author":{"gitId":"EmilyTJX"},"content":"            String[] splitTaskInfo \u003d taskInfo.split(\"/by\", 2);"},{"lineNumber":124,"author":{"gitId":"EmilyTJX"},"content":"            checkTaskInfo(splitTaskInfo, \"/by\");"},{"lineNumber":125,"author":{"gitId":"EmilyTJX"},"content":"            String taskDescription \u003d splitTaskInfo[0].trim();"},{"lineNumber":126,"author":{"gitId":"EmilyTJX"},"content":"            String taskDateTime \u003d splitTaskInfo[1].trim();"},{"lineNumber":127,"author":{"gitId":"EmilyTJX"},"content":"            String formattedDateAndTime \u003d formatDateAndTime(taskDateTime);"},{"lineNumber":128,"author":{"gitId":"EmilyTJX"},"content":"            Task currentTask \u003d new Deadline(taskDescription, formattedDateAndTime);"},{"lineNumber":129,"author":{"gitId":"EmilyTJX"},"content":"            tasks.add(currentTask);"},{"lineNumber":130,"author":{"gitId":"EmilyTJX"},"content":"            Storage.saveData(tasks);"},{"lineNumber":131,"author":{"gitId":"EmilyTJX"},"content":""},{"lineNumber":132,"author":{"gitId":"EmilyTJX"},"content":"            Ui.printDivider();"},{"lineNumber":133,"author":{"gitId":"EmilyTJX"},"content":"            Ui.printAddedTaskMessage(currentTask);"},{"lineNumber":134,"author":{"gitId":"EmilyTJX"},"content":"            Ui.printRemainingTaskMessage(tasks);"},{"lineNumber":135,"author":{"gitId":"EmilyTJX"},"content":"            Ui.printDivider();"},{"lineNumber":136,"author":{"gitId":"EmilyTJX"},"content":"        } catch (ArrayIndexOutOfBoundsException e) {"},{"lineNumber":137,"author":{"gitId":"EmilyTJX"},"content":"            throw new InvalidTaskDescriptionException();"},{"lineNumber":138,"author":{"gitId":"EmilyTJX"},"content":"        }"},{"lineNumber":139,"author":{"gitId":"EmilyTJX"},"content":"    }"},{"lineNumber":140,"author":{"gitId":"EmilyTJX"},"content":""},{"lineNumber":141,"author":{"gitId":"EmilyTJX"},"content":"    /**"},{"lineNumber":142,"author":{"gitId":"EmilyTJX"},"content":"     * Adds an Event task to tasks."},{"lineNumber":143,"author":{"gitId":"EmilyTJX"},"content":"     *"},{"lineNumber":144,"author":{"gitId":"EmilyTJX"},"content":"     * @param input User input for Event task description and date."},{"lineNumber":145,"author":{"gitId":"EmilyTJX"},"content":"     * @throws InvalidTaskDescriptionException If any of the fields are empty."},{"lineNumber":146,"author":{"gitId":"EmilyTJX"},"content":"     * @throws MultipleTimeFieldException      If \"/at\" is detected more than once."},{"lineNumber":147,"author":{"gitId":"EmilyTJX"},"content":"     */"},{"lineNumber":148,"author":{"gitId":"EmilyTJX"},"content":"    public static void addEvent(String input) throws DukeException {"},{"lineNumber":149,"author":{"gitId":"EmilyTJX"},"content":"        String taskInfo;"},{"lineNumber":150,"author":{"gitId":"EmilyTJX"},"content":"        try {"},{"lineNumber":151,"author":{"gitId":"EmilyTJX"},"content":"            taskInfo \u003d input.split(\"event\")[1];"},{"lineNumber":152,"author":{"gitId":"EmilyTJX"},"content":"            String[] splitTaskInfo \u003d taskInfo.split(\"/at\", 2);"},{"lineNumber":153,"author":{"gitId":"EmilyTJX"},"content":"            checkTaskInfo(splitTaskInfo, \"/at\");"},{"lineNumber":154,"author":{"gitId":"EmilyTJX"},"content":"            String taskDescription \u003d splitTaskInfo[0].trim();"},{"lineNumber":155,"author":{"gitId":"EmilyTJX"},"content":"            String taskDateTime \u003d splitTaskInfo[1].trim();"},{"lineNumber":156,"author":{"gitId":"EmilyTJX"},"content":"            String formattedDateAndTime \u003d formatDateAndTime(taskDateTime);"},{"lineNumber":157,"author":{"gitId":"EmilyTJX"},"content":"            Task currentTask \u003d new Event(taskDescription, formattedDateAndTime);"},{"lineNumber":158,"author":{"gitId":"EmilyTJX"},"content":"            tasks.add(currentTask);"},{"lineNumber":159,"author":{"gitId":"EmilyTJX"},"content":"            Storage.saveData(tasks);"},{"lineNumber":160,"author":{"gitId":"EmilyTJX"},"content":""},{"lineNumber":161,"author":{"gitId":"EmilyTJX"},"content":"            Ui.printDivider();"},{"lineNumber":162,"author":{"gitId":"EmilyTJX"},"content":"            Ui.printAddedTaskMessage(currentTask);"},{"lineNumber":163,"author":{"gitId":"EmilyTJX"},"content":"            Ui.printRemainingTaskMessage(tasks);"},{"lineNumber":164,"author":{"gitId":"EmilyTJX"},"content":"            Ui.printDivider();"},{"lineNumber":165,"author":{"gitId":"EmilyTJX"},"content":"        } catch (ArrayIndexOutOfBoundsException e) {"},{"lineNumber":166,"author":{"gitId":"EmilyTJX"},"content":"            throw new InvalidTaskDescriptionException();"},{"lineNumber":167,"author":{"gitId":"EmilyTJX"},"content":"        }"},{"lineNumber":168,"author":{"gitId":"EmilyTJX"},"content":"    }"},{"lineNumber":169,"author":{"gitId":"EmilyTJX"},"content":""},{"lineNumber":170,"author":{"gitId":"EmilyTJX"},"content":"    /**"},{"lineNumber":171,"author":{"gitId":"EmilyTJX"},"content":"     * Deletes a task from Duke\u0027s list."},{"lineNumber":172,"author":{"gitId":"EmilyTJX"},"content":"     *"},{"lineNumber":173,"author":{"gitId":"EmilyTJX"},"content":"     * @param input User input for Index of task to be deleted."},{"lineNumber":174,"author":{"gitId":"EmilyTJX"},"content":"     * @throws InvalidTaskNumberException If user input index is out of range."},{"lineNumber":175,"author":{"gitId":"EmilyTJX"},"content":"     */"},{"lineNumber":176,"author":{"gitId":"EmilyTJX"},"content":""},{"lineNumber":177,"author":{"gitId":"EmilyTJX"},"content":"    public static void deleteTask(String input) throws DukeException {"},{"lineNumber":178,"author":{"gitId":"EmilyTJX"},"content":"        String taskNumberString;"},{"lineNumber":179,"author":{"gitId":"EmilyTJX"},"content":"        int taskNumber;"},{"lineNumber":180,"author":{"gitId":"EmilyTJX"},"content":"        try {"},{"lineNumber":181,"author":{"gitId":"EmilyTJX"},"content":"            taskNumberString \u003d input.split(\"delete\")[1].trim();"},{"lineNumber":182,"author":{"gitId":"EmilyTJX"},"content":"            taskNumber \u003d Integer.parseInt(taskNumberString);"},{"lineNumber":183,"author":{"gitId":"EmilyTJX"},"content":"        } catch (ArrayIndexOutOfBoundsException | NumberFormatException e) {"},{"lineNumber":184,"author":{"gitId":"EmilyTJX"},"content":"            throw new InvalidTaskNumberException();"},{"lineNumber":185,"author":{"gitId":"EmilyTJX"},"content":"        }"},{"lineNumber":186,"author":{"gitId":"EmilyTJX"},"content":""},{"lineNumber":187,"author":{"gitId":"EmilyTJX"},"content":"        boolean taskNumberIsLessThanOne \u003d (taskNumber \u003c 1);"},{"lineNumber":188,"author":{"gitId":"EmilyTJX"},"content":"        boolean taskNumberIsMoreThanListSize \u003d (taskNumber \u003e tasks.size());"},{"lineNumber":189,"author":{"gitId":"EmilyTJX"},"content":"        if (taskNumberIsLessThanOne || taskNumberIsMoreThanListSize) {"},{"lineNumber":190,"author":{"gitId":"EmilyTJX"},"content":"            throw new InvalidTaskNumberException();"},{"lineNumber":191,"author":{"gitId":"EmilyTJX"},"content":"        }"},{"lineNumber":192,"author":{"gitId":"EmilyTJX"},"content":""},{"lineNumber":193,"author":{"gitId":"EmilyTJX"},"content":"        Ui.printDivider();"},{"lineNumber":194,"author":{"gitId":"EmilyTJX"},"content":"        System.out.print(\"\\tRemoving task: \\n\");"},{"lineNumber":195,"author":{"gitId":"EmilyTJX"},"content":"        Ui.printTask(tasks, taskNumber - 1);"},{"lineNumber":196,"author":{"gitId":"EmilyTJX"},"content":"        tasks.remove(taskNumber - 1);"},{"lineNumber":197,"author":{"gitId":"EmilyTJX"},"content":"        Storage.saveData(tasks);"},{"lineNumber":198,"author":{"gitId":"EmilyTJX"},"content":""},{"lineNumber":199,"author":{"gitId":"EmilyTJX"},"content":"        System.out.print(\"\\tSuccessfully removed!\\n\");"},{"lineNumber":200,"author":{"gitId":"EmilyTJX"},"content":"        Ui.printRemainingTaskMessage(tasks);"},{"lineNumber":201,"author":{"gitId":"EmilyTJX"},"content":"        Ui.printDivider();"},{"lineNumber":202,"author":{"gitId":"EmilyTJX"},"content":""},{"lineNumber":203,"author":{"gitId":"EmilyTJX"},"content":"    }"},{"lineNumber":204,"author":{"gitId":"EmilyTJX"},"content":""},{"lineNumber":205,"author":{"gitId":"EmilyTJX"},"content":"    /**"},{"lineNumber":206,"author":{"gitId":"EmilyTJX"},"content":"     * Finds a task according to keywords."},{"lineNumber":207,"author":{"gitId":"EmilyTJX"},"content":"     *"},{"lineNumber":208,"author":{"gitId":"EmilyTJX"},"content":"     * @param input User input for Task task keywords"},{"lineNumber":209,"author":{"gitId":"EmilyTJX"},"content":"     * @throws InvalidTaskKeywordException When user does not enter any keyword"},{"lineNumber":210,"author":{"gitId":"EmilyTJX"},"content":"     */"},{"lineNumber":211,"author":{"gitId":"EmilyTJX"},"content":"    public static void findTask(String input) throws DukeException {"},{"lineNumber":212,"author":{"gitId":"EmilyTJX"},"content":"        String keyword;"},{"lineNumber":213,"author":{"gitId":"EmilyTJX"},"content":"        try {"},{"lineNumber":214,"author":{"gitId":"EmilyTJX"},"content":"            keyword \u003d input.split(\"find\")[1].trim();"},{"lineNumber":215,"author":{"gitId":"EmilyTJX"},"content":"        } catch (ArrayIndexOutOfBoundsException e) {"},{"lineNumber":216,"author":{"gitId":"EmilyTJX"},"content":"            throw new InvalidTaskKeywordException();"},{"lineNumber":217,"author":{"gitId":"EmilyTJX"},"content":"        }"},{"lineNumber":218,"author":{"gitId":"EmilyTJX"},"content":""},{"lineNumber":219,"author":{"gitId":"EmilyTJX"},"content":"        boolean hasTask \u003d false;"},{"lineNumber":220,"author":{"gitId":"EmilyTJX"},"content":"        Ui.printDivider();"},{"lineNumber":221,"author":{"gitId":"EmilyTJX"},"content":"        System.out.print(\"\\tHere are the matching tasks in your list: \\n\");"},{"lineNumber":222,"author":{"gitId":"EmilyTJX"},"content":"        for (int i \u003d 0; i \u003c tasks.size(); ++i) {"},{"lineNumber":223,"author":{"gitId":"EmilyTJX"},"content":"            if (tasks.get(i).taskDescription.contains(keyword)) {"},{"lineNumber":224,"author":{"gitId":"EmilyTJX"},"content":"                Ui.printTask(tasks, i);"},{"lineNumber":225,"author":{"gitId":"EmilyTJX"},"content":"                hasTask \u003d true;"},{"lineNumber":226,"author":{"gitId":"EmilyTJX"},"content":"            }"},{"lineNumber":227,"author":{"gitId":"EmilyTJX"},"content":"        }"},{"lineNumber":228,"author":{"gitId":"EmilyTJX"},"content":"        Ui.printDivider();"},{"lineNumber":229,"author":{"gitId":"EmilyTJX"},"content":""},{"lineNumber":230,"author":{"gitId":"EmilyTJX"},"content":"        if (!hasTask) {"},{"lineNumber":231,"author":{"gitId":"EmilyTJX"},"content":"            Ui.printSearchWordNotFoundMessage();"},{"lineNumber":232,"author":{"gitId":"EmilyTJX"},"content":"        }"},{"lineNumber":233,"author":{"gitId":"EmilyTJX"},"content":"    }"},{"lineNumber":234,"author":{"gitId":"EmilyTJX"},"content":""},{"lineNumber":235,"author":{"gitId":"EmilyTJX"},"content":"    /**"},{"lineNumber":236,"author":{"gitId":"EmilyTJX"},"content":"     * Reformats the date and time input by the user to be printed in task list."},{"lineNumber":237,"author":{"gitId":"EmilyTJX"},"content":"     *"},{"lineNumber":238,"author":{"gitId":"EmilyTJX"},"content":"     * @param taskDateTime User input for date and time."},{"lineNumber":239,"author":{"gitId":"EmilyTJX"},"content":"     * @return Formatted Date and Time to be printed to user."},{"lineNumber":240,"author":{"gitId":"EmilyTJX"},"content":"     * @throws InvalidTaskDateTimeException If date and time input by user do not meet required format."},{"lineNumber":241,"author":{"gitId":"EmilyTJX"},"content":"     */"},{"lineNumber":242,"author":{"gitId":"EmilyTJX"},"content":""},{"lineNumber":243,"author":{"gitId":"EmilyTJX"},"content":"    public static String formatDateAndTime(String taskDateTime) throws DukeException {"},{"lineNumber":244,"author":{"gitId":"EmilyTJX"},"content":"        String formattedDate;"},{"lineNumber":245,"author":{"gitId":"EmilyTJX"},"content":"        String formattedTime;"},{"lineNumber":246,"author":{"gitId":"EmilyTJX"},"content":"        try {"},{"lineNumber":247,"author":{"gitId":"EmilyTJX"},"content":"            String inputDate \u003d taskDateTime.split(\" \")[0].trim();"},{"lineNumber":248,"author":{"gitId":"EmilyTJX"},"content":"            String inputTime \u003d taskDateTime.split(\" \")[1].trim();"},{"lineNumber":249,"author":{"gitId":"EmilyTJX"},"content":"            LocalDate taskDate \u003d LocalDate.parse(inputDate);"},{"lineNumber":250,"author":{"gitId":"EmilyTJX"},"content":"            formattedDate \u003d taskDate.format(DateTimeFormatter.ofPattern(\"MMM dd yyyy\"));"},{"lineNumber":251,"author":{"gitId":"EmilyTJX"},"content":""},{"lineNumber":252,"author":{"gitId":"EmilyTJX"},"content":"            LocalTime taskTime \u003d LocalTime.parse(inputTime);"},{"lineNumber":253,"author":{"gitId":"EmilyTJX"},"content":"            formattedTime \u003d taskTime.format(DateTimeFormatter.ofPattern(\"hh:mma\"));"},{"lineNumber":254,"author":{"gitId":"EmilyTJX"},"content":"        } catch (DateTimeParseException | ArrayIndexOutOfBoundsException e) {"},{"lineNumber":255,"author":{"gitId":"EmilyTJX"},"content":"            throw new InvalidTaskDateTimeException();"},{"lineNumber":256,"author":{"gitId":"EmilyTJX"},"content":"        }"},{"lineNumber":257,"author":{"gitId":"EmilyTJX"},"content":""},{"lineNumber":258,"author":{"gitId":"EmilyTJX"},"content":"        return formattedDate + \", \" + formattedTime;"},{"lineNumber":259,"author":{"gitId":"EmilyTJX"},"content":"    }"},{"lineNumber":260,"author":{"gitId":"EmilyTJX"},"content":""},{"lineNumber":261,"author":{"gitId":"EmilyTJX"},"content":"    /**"},{"lineNumber":262,"author":{"gitId":"EmilyTJX"},"content":"     * @param splitTaskInfo Takes in the user input for date and time."},{"lineNumber":263,"author":{"gitId":"EmilyTJX"},"content":"     * @param identifier    Represents either \"/at\" or \"/by\" depending on type of task added."},{"lineNumber":264,"author":{"gitId":"EmilyTJX"},"content":"     * @throws DukeException If user input for description, date or time is invalid."},{"lineNumber":265,"author":{"gitId":"EmilyTJX"},"content":"     */"},{"lineNumber":266,"author":{"gitId":"EmilyTJX"},"content":""},{"lineNumber":267,"author":{"gitId":"EmilyTJX"},"content":"    public static void checkTaskInfo(String[] splitTaskInfo, String identifier) throws DukeException {"},{"lineNumber":268,"author":{"gitId":"EmilyTJX"},"content":"        if (splitTaskInfo[0].isBlank()) {"},{"lineNumber":269,"author":{"gitId":"EmilyTJX"},"content":"            throw new InvalidTaskDescriptionException();"},{"lineNumber":270,"author":{"gitId":"EmilyTJX"},"content":"        } else if (splitTaskInfo[1].contains(identifier)) {"},{"lineNumber":271,"author":{"gitId":"EmilyTJX"},"content":"            throw new MultipleTimeFieldException();"},{"lineNumber":272,"author":{"gitId":"EmilyTJX"},"content":"        } else if (splitTaskInfo[1].isBlank()) {"},{"lineNumber":273,"author":{"gitId":"EmilyTJX"},"content":"            throw new InvalidTaskDateTimeException();"},{"lineNumber":274,"author":{"gitId":"EmilyTJX"},"content":"        }"},{"lineNumber":275,"author":{"gitId":"EmilyTJX"},"content":"    }"},{"lineNumber":276,"author":{"gitId":"EmilyTJX"},"content":""},{"lineNumber":277,"author":{"gitId":"EmilyTJX"},"content":"}"}],"authorContributionMap":{"EmilyTJX":277}},{"path":"src/main/java/duke/task/ToDo.java","fileType":"java","lines":[{"lineNumber":1,"author":{"gitId":"EmilyTJX"},"content":"package duke.task;"},{"lineNumber":2,"author":{"gitId":"EmilyTJX"},"content":""},{"lineNumber":3,"author":{"gitId":"EmilyTJX"},"content":"public class ToDo extends Task {"},{"lineNumber":4,"author":{"gitId":"EmilyTJX"},"content":""},{"lineNumber":5,"author":{"gitId":"EmilyTJX"},"content":"    public ToDo(String taskDescription) {"},{"lineNumber":6,"author":{"gitId":"EmilyTJX"},"content":"        super(taskDescription);"},{"lineNumber":7,"author":{"gitId":"EmilyTJX"},"content":"        this.taskType \u003d \"[T]\";"},{"lineNumber":8,"author":{"gitId":"EmilyTJX"},"content":"    }"},{"lineNumber":9,"author":{"gitId":"EmilyTJX"},"content":""},{"lineNumber":10,"author":{"gitId":"EmilyTJX"},"content":"    @Override"},{"lineNumber":11,"author":{"gitId":"EmilyTJX"},"content":"    public String toString() {"},{"lineNumber":12,"author":{"gitId":"EmilyTJX"},"content":"        return super.toString();"},{"lineNumber":13,"author":{"gitId":"EmilyTJX"},"content":"    }"},{"lineNumber":14,"author":{"gitId":"EmilyTJX"},"content":""},{"lineNumber":15,"author":{"gitId":"EmilyTJX"},"content":"    @Override"},{"lineNumber":16,"author":{"gitId":"EmilyTJX"},"content":"    public String taskToText() {"},{"lineNumber":17,"author":{"gitId":"EmilyTJX"},"content":"        return \"T|\" + super.completed + \"|\" + super.taskDescription;"},{"lineNumber":18,"author":{"gitId":"EmilyTJX"},"content":"    }"},{"lineNumber":19,"author":{"gitId":"EmilyTJX"},"content":"}"}],"authorContributionMap":{"EmilyTJX":19}},{"path":"src/main/java/duke/ui/Ui.java","fileType":"java","lines":[{"lineNumber":1,"author":{"gitId":"EmilyTJX"},"content":"package duke.ui;"},{"lineNumber":2,"author":{"gitId":"EmilyTJX"},"content":""},{"lineNumber":3,"author":{"gitId":"EmilyTJX"},"content":"import duke.task.Task;"},{"lineNumber":4,"author":{"gitId":"EmilyTJX"},"content":""},{"lineNumber":5,"author":{"gitId":"EmilyTJX"},"content":"import java.io.IOException;"},{"lineNumber":6,"author":{"gitId":"EmilyTJX"},"content":"import java.util.ArrayList;"},{"lineNumber":7,"author":{"gitId":"EmilyTJX"},"content":""},{"lineNumber":8,"author":{"gitId":"EmilyTJX"},"content":"/**"},{"lineNumber":9,"author":{"gitId":"EmilyTJX"},"content":" * Prints relevant message to prompt user input"},{"lineNumber":10,"author":{"gitId":"EmilyTJX"},"content":" */"},{"lineNumber":11,"author":{"gitId":"EmilyTJX"},"content":"public class Ui {"},{"lineNumber":12,"author":{"gitId":"EmilyTJX"},"content":"    private static final String DIVIDER \u003d \"\\t_______________________________\\n\";"},{"lineNumber":13,"author":{"gitId":"EmilyTJX"},"content":"    private static String LOGO \u003d"},{"lineNumber":14,"author":{"gitId":"EmilyTJX"},"content":"            \"▒▒▒▒▒▒▒█▀▀▀▀▀▀▀▀▀▀▀▀▀▀▀▀▀▀█\\n\""},{"lineNumber":15,"author":{"gitId":"EmilyTJX"},"content":"                    + \"▒▒▒▒▒▒▒█░▒▒▒▒▒▒▒▓▒▒▓▒▒▒▒▒▒▒░█\\n\""},{"lineNumber":16,"author":{"gitId":"EmilyTJX"},"content":"                    + \"▒▒▒▒▒▒▒█░▒▒▓▒▒▒▒▒▒▒▒▒▄▄▒▓▒▒░█░▄▄\\n\""},{"lineNumber":17,"author":{"gitId":"EmilyTJX"},"content":"                    + \"▒▒▄▀▀▄▄█░▒▒▒▒▒▒▓▒▒▒▒█░░▀▄▄▄▄▄▀░░█\\n\""},{"lineNumber":18,"author":{"gitId":"EmilyTJX"},"content":"                    + \"▒▒█░░░░█░▒▒▒▒▒▒▒▒▒▒▒█░░░░░░░░░░░█\\n\""},{"lineNumber":19,"author":{"gitId":"EmilyTJX"},"content":"                    + \"▒▒▒▀▀▄▄█░▒▒▒▒▓▒▒▒▓▒█░░░█▒░░░░█▒░░█\\n\""},{"lineNumber":20,"author":{"gitId":"EmilyTJX"},"content":"                    + \"▒▒▒▒▒▒▒█░▒▓▒▒▒▒▓▒▒▒█░░░░░░░▀░░░░░█\\n\""},{"lineNumber":21,"author":{"gitId":"EmilyTJX"},"content":"                    + \"▒▒▒▒▒▄▄█░▒▒▒▓▒▒▒▒▒▒▒█░░█▄▄█▄▄█░░█\\n\""},{"lineNumber":22,"author":{"gitId":"EmilyTJX"},"content":"                    + \"▒▒▒▒█░░░█▄▄▄▄▄▄▄▄▄▄█░█▄▄▄▄▄▄▄▄▄█\\n\""},{"lineNumber":23,"author":{"gitId":"EmilyTJX"},"content":"                    + \"▒▒▒▒█▄▄█░░█▄▄█░░░░░░█▄▄█░░█▄▄█\\n\""},{"lineNumber":24,"author":{"gitId":"EmilyTJX"},"content":"                    + \" ____        _        \\n\""},{"lineNumber":25,"author":{"gitId":"EmilyTJX"},"content":"                    + \"|  _ \\\\ _   _| | _____ \\n\""},{"lineNumber":26,"author":{"gitId":"EmilyTJX"},"content":"                    + \"| | | | | | | |/ / _ \\\\\\n\""},{"lineNumber":27,"author":{"gitId":"EmilyTJX"},"content":"                    + \"| |_| | |_| |   \u003c  __/\\n\""},{"lineNumber":28,"author":{"gitId":"EmilyTJX"},"content":"                    + \"|____/ \\\\__,_|_|\\\\_\\\\___|\\n\";"},{"lineNumber":29,"author":{"gitId":"EmilyTJX"},"content":""},{"lineNumber":30,"author":{"gitId":"EmilyTJX"},"content":"    public static void printPresentDirectory() {"},{"lineNumber":31,"author":{"gitId":"EmilyTJX"},"content":"        System.out.println(\"Present project directory is: \" + System.getProperty(\"user.dir\"));"},{"lineNumber":32,"author":{"gitId":"EmilyTJX"},"content":"    }"},{"lineNumber":33,"author":{"gitId":"EmilyTJX"},"content":""},{"lineNumber":34,"author":{"gitId":"EmilyTJX"},"content":"    public static void printSuccessfulCreateFolderMessage() {"},{"lineNumber":35,"author":{"gitId":"EmilyTJX"},"content":"        System.out.println(\"Folder created successfully.\");"},{"lineNumber":36,"author":{"gitId":"EmilyTJX"},"content":"    }"},{"lineNumber":37,"author":{"gitId":"EmilyTJX"},"content":""},{"lineNumber":38,"author":{"gitId":"EmilyTJX"},"content":"    public static void printFolderExistsMessage() {"},{"lineNumber":39,"author":{"gitId":"EmilyTJX"},"content":"        System.out.println(\"Folder already exists.\");"},{"lineNumber":40,"author":{"gitId":"EmilyTJX"},"content":"    }"},{"lineNumber":41,"author":{"gitId":"EmilyTJX"},"content":""},{"lineNumber":42,"author":{"gitId":"EmilyTJX"},"content":"    public static void printErrorMessage(IOException e) {"},{"lineNumber":43,"author":{"gitId":"EmilyTJX"},"content":"        System.out.println(\"An error occurred.\");"},{"lineNumber":44,"author":{"gitId":"EmilyTJX"},"content":"        e.printStackTrace();"},{"lineNumber":45,"author":{"gitId":"EmilyTJX"},"content":"    }"},{"lineNumber":46,"author":{"gitId":"EmilyTJX"},"content":""},{"lineNumber":47,"author":{"gitId":"EmilyTJX"},"content":"    public static void printFileExistsMessage() {"},{"lineNumber":48,"author":{"gitId":"EmilyTJX"},"content":"        System.out.println(\"Text file already exists.\");"},{"lineNumber":49,"author":{"gitId":"EmilyTJX"},"content":"    }"},{"lineNumber":50,"author":{"gitId":"EmilyTJX"},"content":""},{"lineNumber":51,"author":{"gitId":"EmilyTJX"},"content":"    public static void printDivider() {"},{"lineNumber":52,"author":{"gitId":"EmilyTJX"},"content":"        System.out.println(DIVIDER);"},{"lineNumber":53,"author":{"gitId":"EmilyTJX"},"content":"    }"},{"lineNumber":54,"author":{"gitId":"EmilyTJX"},"content":""},{"lineNumber":55,"author":{"gitId":"EmilyTJX"},"content":"    /**"},{"lineNumber":56,"author":{"gitId":"EmilyTJX"},"content":"     * Lists out the commands that the user can use."},{"lineNumber":57,"author":{"gitId":"EmilyTJX"},"content":"     *"},{"lineNumber":58,"author":{"gitId":"EmilyTJX"},"content":"     * @return List of Commands."},{"lineNumber":59,"author":{"gitId":"EmilyTJX"},"content":"     */"},{"lineNumber":60,"author":{"gitId":"EmilyTJX"},"content":"    public static void printHelpCommandList() {"},{"lineNumber":61,"author":{"gitId":"EmilyTJX"},"content":"        System.out.println(\"\\tHere are the commands you can use:\\n\" +"},{"lineNumber":62,"author":{"gitId":"EmilyTJX"},"content":"                \"\\t\\t+ To add tasks:\\n\" +"},{"lineNumber":63,"author":{"gitId":"EmilyTJX"},"content":"                \"\\t\\t\\t\\\"todo \u003ctodo task name\u003e\\\"\\n\" +"},{"lineNumber":64,"author":{"gitId":"EmilyTJX"},"content":"                \"\\t\\t\\t\\\"deadline \u003cdeadline task name\u003e /by \u003cYYYY-MM-DD HH:mm\u003e\\\"\\n\" +"},{"lineNumber":65,"author":{"gitId":"EmilyTJX"},"content":"                \"\\t\\t\\t\\\"event \u003cevent task name\u003e /at \u003cYYYY-MM-DD HH:mm\u003e\\\"\\n\\n\" +"},{"lineNumber":66,"author":{"gitId":"EmilyTJX"},"content":"                \"\\t\\t- To delete tasks:\\n\" +"},{"lineNumber":67,"author":{"gitId":"EmilyTJX"},"content":"                \"\\t\\t\\t\\\"delete \u003cindex of task\u003e\\\"\\n\\n\" +"},{"lineNumber":68,"author":{"gitId":"EmilyTJX"},"content":"                \"\\t\\t✓ To mark tasks as done:\\n\" +"},{"lineNumber":69,"author":{"gitId":"EmilyTJX"},"content":"                \"\\t\\t\\t\\\"done \u003cindex of task\u003e\\\"\\n\\n\" +"},{"lineNumber":70,"author":{"gitId":"EmilyTJX"},"content":"                \"\\t\\t\u003d To list the tasks on your task list:\\n\" +"},{"lineNumber":71,"author":{"gitId":"EmilyTJX"},"content":"                \"\\t\\t\\t\\\"list\\\"\\n\\n\" +"},{"lineNumber":72,"author":{"gitId":"EmilyTJX"},"content":"                \"\\t\\tỎ To find tasks on your task list:\\n\" +"},{"lineNumber":73,"author":{"gitId":"EmilyTJX"},"content":"                \"\\t\\t\\t\\\"find \u003ckeyword\u003e\\\"\\n\\n\" +"},{"lineNumber":74,"author":{"gitId":"EmilyTJX"},"content":"                \"\\t\\t₿ To exit Duke:\\n\" +"},{"lineNumber":75,"author":{"gitId":"EmilyTJX"},"content":"                \"\\t\\t\\t\\\"bye\\\"\");"},{"lineNumber":76,"author":{"gitId":"EmilyTJX"},"content":"    }"},{"lineNumber":77,"author":{"gitId":"EmilyTJX"},"content":""},{"lineNumber":78,"author":{"gitId":"EmilyTJX"},"content":"    /**"},{"lineNumber":79,"author":{"gitId":"EmilyTJX"},"content":"     * Greets the user upon entering Duke."},{"lineNumber":80,"author":{"gitId":"EmilyTJX"},"content":"     *"},{"lineNumber":81,"author":{"gitId":"EmilyTJX"},"content":"     * @return Greetings."},{"lineNumber":82,"author":{"gitId":"EmilyTJX"},"content":"     */"},{"lineNumber":83,"author":{"gitId":"EmilyTJX"},"content":"    public void printGreeting() {"},{"lineNumber":84,"author":{"gitId":"EmilyTJX"},"content":"        System.out.print(LOGO);"},{"lineNumber":85,"author":{"gitId":"EmilyTJX"},"content":"        System.out.print(\"Hello! I\u0027m Duke\\nWhat can I do for you?\\n\");"},{"lineNumber":86,"author":{"gitId":"EmilyTJX"},"content":"    }"},{"lineNumber":87,"author":{"gitId":"EmilyTJX"},"content":""},{"lineNumber":88,"author":{"gitId":"EmilyTJX"},"content":"    public static void printSearchWordNotFoundMessage() {"},{"lineNumber":89,"author":{"gitId":"EmilyTJX"},"content":"        System.out.println(\"\\tNo matches found! Please try another keyword.\");"},{"lineNumber":90,"author":{"gitId":"EmilyTJX"},"content":"    }"},{"lineNumber":91,"author":{"gitId":"EmilyTJX"},"content":""},{"lineNumber":92,"author":{"gitId":"EmilyTJX"},"content":"    public static void printTask(ArrayList\u003cTask\u003e tasks, int taskNumber) {"},{"lineNumber":93,"author":{"gitId":"EmilyTJX"},"content":"        System.out.println(\"\\t\" + (taskNumber + 1) + \".\" +"},{"lineNumber":94,"author":{"gitId":"EmilyTJX"},"content":"                tasks.get(taskNumber).toString());"},{"lineNumber":95,"author":{"gitId":"EmilyTJX"},"content":"    }"},{"lineNumber":96,"author":{"gitId":"EmilyTJX"},"content":""},{"lineNumber":97,"author":{"gitId":"EmilyTJX"},"content":"    public static void printAddedTaskMessage(Task currentTask) {"},{"lineNumber":98,"author":{"gitId":"EmilyTJX"},"content":"        System.out.println(\"\\tGot it. I\u0027ve added this task:\\n\\t\\t\" +"},{"lineNumber":99,"author":{"gitId":"EmilyTJX"},"content":"                currentTask.toString());"},{"lineNumber":100,"author":{"gitId":"EmilyTJX"},"content":"    }"},{"lineNumber":101,"author":{"gitId":"EmilyTJX"},"content":""},{"lineNumber":102,"author":{"gitId":"EmilyTJX"},"content":"    /**"},{"lineNumber":103,"author":{"gitId":"EmilyTJX"},"content":"     * Checks number of tasks for printing fluency"},{"lineNumber":104,"author":{"gitId":"EmilyTJX"},"content":"     */"},{"lineNumber":105,"author":{"gitId":"EmilyTJX"},"content":"    protected static String checkSingular(ArrayList\u003cTask\u003e tasks) {"},{"lineNumber":106,"author":{"gitId":"EmilyTJX"},"content":"        if (tasks.size() \u003e 1) {"},{"lineNumber":107,"author":{"gitId":"EmilyTJX"},"content":"            return \" tasks \";"},{"lineNumber":108,"author":{"gitId":"EmilyTJX"},"content":"        }"},{"lineNumber":109,"author":{"gitId":"EmilyTJX"},"content":"        return \" task \";"},{"lineNumber":110,"author":{"gitId":"EmilyTJX"},"content":"    }"},{"lineNumber":111,"author":{"gitId":"EmilyTJX"},"content":""},{"lineNumber":112,"author":{"gitId":"EmilyTJX"},"content":"    public static void printRemainingTaskMessage(ArrayList\u003cTask\u003e tasks) {"},{"lineNumber":113,"author":{"gitId":"EmilyTJX"},"content":"        System.out.print(\"\\tNow you have \" + tasks.size() + checkSingular(tasks) + \"in your list.\\n\");"},{"lineNumber":114,"author":{"gitId":"EmilyTJX"},"content":"    }"},{"lineNumber":115,"author":{"gitId":"EmilyTJX"},"content":""},{"lineNumber":116,"author":{"gitId":"EmilyTJX"},"content":"    public static void printMarkedTaskMessage(Task currentTask) {"},{"lineNumber":117,"author":{"gitId":"EmilyTJX"},"content":"        System.out.print(\"\\tNice! I\u0027ve marked this task as done:\" +"},{"lineNumber":118,"author":{"gitId":"EmilyTJX"},"content":"                \"\\n\\t\" + currentTask.toString() + \"\\n\");"},{"lineNumber":119,"author":{"gitId":"EmilyTJX"},"content":"    }"},{"lineNumber":120,"author":{"gitId":"EmilyTJX"},"content":""},{"lineNumber":121,"author":{"gitId":"EmilyTJX"},"content":"    /**"},{"lineNumber":122,"author":{"gitId":"EmilyTJX"},"content":"     * Exits Duke."},{"lineNumber":123,"author":{"gitId":"EmilyTJX"},"content":"     *"},{"lineNumber":124,"author":{"gitId":"EmilyTJX"},"content":"     * @return Exit output."},{"lineNumber":125,"author":{"gitId":"EmilyTJX"},"content":"     */"},{"lineNumber":126,"author":{"gitId":"EmilyTJX"},"content":"    public void printExitMessage() {"},{"lineNumber":127,"author":{"gitId":"EmilyTJX"},"content":"        System.out.print(\"Bye. Hope to see you again soon!\\n\");"},{"lineNumber":128,"author":{"gitId":"EmilyTJX"},"content":"    }"},{"lineNumber":129,"author":{"gitId":"EmilyTJX"},"content":""},{"lineNumber":130,"author":{"gitId":"EmilyTJX"},"content":""},{"lineNumber":131,"author":{"gitId":"EmilyTJX"},"content":"}"}],"authorContributionMap":{"EmilyTJX":131}},{"path":"text-ui-test/input.txt","fileType":"txt","lines":[{"lineNumber":1,"author":{"gitId":"EmilyTJX"},"content":"add 1"},{"lineNumber":2,"author":{"gitId":"EmilyTJX"},"content":"add 2"},{"lineNumber":3,"author":{"gitId":"EmilyTJX"},"content":"add list"}],"authorContributionMap":{"EmilyTJX":3}}]
