{"authorDailyContributionsMap":{"EmilyTJX":[{"date":"2021-01-29","commitResults":[{"hash":"8a895d607968cda2a8f19a04385c273fa708a05f","messageTitle":"Level-1: Greet, Echo, Exit","messageBody":"","tags":["Level-1"],"fileTypesAndContributionMap":{"java":{"insertions":13,"deletions":0}}},{"hash":"4524562c08169724269ac1471daf6daa13a39753","messageTitle":"Level-2: Add, List","messageBody":"","tags":["Level-2"],"fileTypesAndContributionMap":{"java":{"insertions":13,"deletions":5}}}]},{"date":"2021-02-03","commitResults":[{"hash":"45d504a854bb820ada2ee5e23f3cd6da3d1907eb","messageTitle":"Update Level-0","messageBody":"","tags":["Level-0"],"fileTypesAndContributionMap":{"java":{"insertions":2,"deletions":0}}},{"hash":"4dbae55fff60f957ed54b510ee458d181e2935f4","messageTitle":"Level-0: Greet","messageBody":"","tags":["Level-0.0"],"fileTypesAndContributionMap":{"java":{"insertions":31,"deletions":18}}},{"hash":"e1906dda959c9a260314520153d4f69b94e96e18","messageTitle":"Update level 3 features","messageBody":"","tags":["Level-3","A-Collections"],"fileTypesAndContributionMap":{"java":{"insertions":74,"deletions":31}}}]},{"date":"2021-02-04","commitResults":[{"hash":"a61793308fe26b324d405e115f5e7e4958852173","messageTitle":"Update level 4 features","messageBody":"","tags":["Level-4"],"fileTypesAndContributionMap":{"java":{"insertions":80,"deletions":6}}}]},{"date":"2021-02-05","commitResults":[{"hash":"afeca1e28bafc37579ee01683749db20230cd8de","messageTitle":"Update level 4 code","messageBody":"","tags":["A-CodeQuality"],"fileTypesAndContributionMap":{"java":{"insertions":1,"deletions":1}}}]},{"date":"2021-02-07","commitResults":[{"hash":"50f4e886b1dd970817a8187c50d751a467684e0d","messageTitle":"Updated code after PR1","messageBody":"","tags":["Level-5","A-CodingStandard"],"fileTypesAndContributionMap":{"java":{"insertions":103,"deletions":73}}}]},{"date":"2021-02-18","commitResults":[{"hash":"fa8d84aad836ef2e5d247272d66cf2b034631dc1","messageTitle":"Update Handling of Errors","messageBody":"","tags":["Level-7","Level-6","A-Exceptions"],"fileTypesAndContributionMap":{"java":{"insertions":206,"deletions":107}}}]},{"date":"2021-02-19","commitResults":[{"hash":"1b558ea0c717f0f62b98c9dae0e30233cd21e1cf","messageTitle":"Delete and Save implementation","messageBody":"","tags":["v0.1","A-Jar"],"fileTypesAndContributionMap":{"java":{"insertions":173,"deletions":2}}}]},{"date":"2021-02-20","commitResults":[{"hash":"9bd07bade2a35fe42911dffe4a001f9ded4ca569","messageTitle":"Added jarfile","messageBody":"","fileTypesAndContributionMap":{"txt":{"insertions":3,"deletions":0},"java":{"insertions":7,"deletions":1}}}]}]},"authorFileTypeContributionMap":{"EmilyTJX":{"java":464,"md":0,"fxml":0,"sh":0,"bat":0,"gradle":0,"txt":3}},"authorContributionVariance":{"EmilyTJX":4155.5073},"authorDisplayNameMap":{"EmilyTJX":"CS2113T-F08-3 EMIL..AXIN"}}
